{"0TB": "Urinary System, Excision", "0TB00ZX": "Excision of Right Kidney, Open Approach, Diagnostic", "0TB00ZZ": "Excision of Right Kidney, Open Approach", "0TB03ZX": "Excision of Right Kidney, Percutaneous Approach, Diagnostic", "0TB03ZZ": "Excision of Right Kidney, Percutaneous Approach", "0TB04ZX": "Excision of Right Kidney, Percutaneous Endoscopic Approach, Diagnostic", "0TB04ZZ": "Excision of Right Kidney, Percutaneous Endoscopic Approach", "0TB07ZX": "Excision of Right Kidney, Via Natural or Artificial Opening, Diagnostic", "0TB07ZZ": "Excision of Right Kidney, Via Natural or Artificial Opening", "0TB08ZX": "Excision of Right Kidney, Via Natural or Artificial Opening Endoscopic, Diagnostic", "0TB08ZZ": "Excision of Right Kidney, Via Natural or Artificial Opening Endoscopic", "0TB10ZX": "Excision of Left Kidney, Open Approach, Diagnostic", "0TB10ZZ": "Excision of Left Kidney, Open Approach", "0TB13ZX": "Excision of Left Kidney, Percutaneous Approach, Diagnostic", "0TB13ZZ": "Excision of Left Kidney, Percutaneous Approach", "0TB14ZX": "Excision of Left Kidney, Percutaneous Endoscopic Approach, Diagnostic", "0TB14ZZ": "Excision of Left Kidney, Percutaneous Endoscopic Approach", "0TB17ZX": "Excision of Left Kidney, Via Natural or Artificial Opening, Diagnostic", "0TB17ZZ": "Excision of Left Kidney, Via Natural or Artificial Opening", "0TB18ZX": "Excision of Left Kidney, Via Natural or Artificial Opening Endoscopic, Diagnostic", "0TB18ZZ": "Excision of Left Kidney, Via Natural or Artificial Opening Endoscopic", "0TB30ZX": "Excision of Right Kidney Pelvis, Open Approach, Diagnostic", "0TB30ZZ": "Excision of Right Kidney Pelvis, Open Approach", "0TB33ZX": "Excision of Right Kidney Pelvis, Percutaneous Approach, Diagnostic", "0TB33ZZ": "Excision of Right Kidney Pelvis, Percutaneous Approach", "0TB34ZX": "Excision of Right Kidney Pelvis, Percutaneous Endoscopic Approach, Diagnostic", "0TB34ZZ": "Excision of Right Kidney Pelvis, Percutaneous Endoscopic Approach", "0TB37ZX": "Excision of Right Kidney Pelvis, Via Natural or Artificial Opening, Diagnostic", "0TB37ZZ": "Excision of Right Kidney Pelvis, Via Natural or Artificial Opening", "0TB38ZX": "Excision of Right Kidney Pelvis, Via Natural or Artificial Opening Endoscopic, Diagnostic", "0TB38ZZ": "Excision of Right Kidney Pelvis, Via Natural or Artificial Opening Endoscopic", "0TB40ZX": "Excision of Left Kidney Pelvis, Open Approach, Diagnostic", "0TB40ZZ": "Excision of Left Kidney Pelvis, Open Approach", "0TB43ZX": "Excision of Left Kidney Pelvis, Percutaneous Approach, Diagnostic", "0TB43ZZ": "Excision of Left Kidney Pelvis, Percutaneous Approach", "0TB44ZX": "Excision of Left Kidney Pelvis, Percutaneous Endoscopic Approach, Diagnostic", "0TB44ZZ": "Excision of Left Kidney Pelvis, Percutaneous Endoscopic Approach", "0TB47ZX": "Excision of Left Kidney Pelvis, Via Natural or Artificial Opening, Diagnostic", "0TB47ZZ": "Excision of Left Kidney Pelvis, Via Natural or Artificial Opening", "0TB48ZX": "Excision of Left Kidney Pelvis, Via Natural or Artificial Opening Endoscopic, Diagnostic", "0TB48ZZ": "Excision of Left Kidney Pelvis, Via Natural or Artificial Opening Endoscopic", "0TB60ZX": "Excision of Right Ureter, Open Approach, Diagnostic", "0TB60ZZ": "Excision of Right Ureter, Open Approach", "0TB63ZX": "Excision of Right Ureter, Percutaneous Approach, Diagnostic", "0TB63ZZ": "Excision of Right Ureter, Percutaneous Approach", "0TB64ZX": "Excision of Right Ureter, Percutaneous Endoscopic Approach, Diagnostic", "0TB64ZZ": "Excision of Right Ureter, Percutaneous Endoscopic Approach", "0TB67ZX": "Excision of Right Ureter, Via Natural or Artificial Opening, Diagnostic", "0TB67ZZ": "Excision of Right Ureter, Via Natural or Artificial Opening", "0TB68ZX": "Excision of Right Ureter, Via Natural or Artificial Opening Endoscopic, Diagnostic", "0TB68ZZ": "Excision of Right Ureter, Via Natural or Artificial Opening Endoscopic", "0TB70ZX": "Excision of Left Ureter, Open Approach, Diagnostic", "0TB70ZZ": "Excision of Left Ureter, Open Approach", "0TB73ZX": "Excision of Left Ureter, Percutaneous Approach, Diagnostic", "0TB73ZZ": "Excision of Left Ureter, Percutaneous Approach", "0TB74ZX": "Excision of Left Ureter, Percutaneous Endoscopic Approach, Diagnostic", "0TB74ZZ": "Excision of Left Ureter, Percutaneous Endoscopic Approach", "0TB77ZX": "Excision of Left Ureter, Via Natural or Artificial Opening, Diagnostic", "0TB77ZZ": "Excision of Left Ureter, Via Natural or Artificial Opening", "0TB78ZX": "Excision of Left Ureter, Via Natural or Artificial Opening Endoscopic, Diagnostic", "0TB78ZZ": "Excision of Left Ureter, Via Natural or Artificial Opening Endoscopic", "0TBB0ZX": "Excision of Bladder, Open Approach, Diagnostic", "0TBB0ZZ": "Excision of Bladder, Open Approach", "0TBB3ZX": "Excision of Bladder, Percutaneous Approach, Diagnostic", "0TBB3ZZ": "Excision of Bladder, Percutaneous Approach", "0TBB4ZX": "Excision of Bladder, Percutaneous Endoscopic Approach, Diagnostic", "0TBB4ZZ": "Excision of Bladder, Percutaneous Endoscopic Approach", "0TBB7ZX": "Excision of Bladder, Via Natural or Artificial Opening, Diagnostic", "0TBB7ZZ": "Excision of Bladder, Via Natural or Artificial Opening", "0TBB8ZX": "Excision of Bladder, Via Natural or Artificial Opening Endoscopic, Diagnostic", "0TBB8ZZ": "Excision of Bladder, Via Natural or Artificial Opening Endoscopic", "0TBC0ZX": "Excision of Bladder Neck, Open Approach, Diagnostic", "0TBC0ZZ": "Excision of Bladder Neck, Open Approach", "0TBC3ZX": "Excision of Bladder Neck, Percutaneous Approach, Diagnostic", "0TBC3ZZ": "Excision of Bladder Neck, Percutaneous Approach", "0TBC4ZX": "Excision of Bladder Neck, Percutaneous Endoscopic Approach, Diagnostic", "0TBC4ZZ": "Excision of Bladder Neck, Percutaneous Endoscopic Approach", "0TBC7ZX": "Excision of Bladder Neck, Via Natural or Artificial Opening, Diagnostic", "0TBC7ZZ": "Excision of Bladder Neck, Via Natural or Artificial Opening", "0TBC8ZX": "Excision of Bladder Neck, Via Natural or Artificial Opening Endoscopic, Diagnostic", "0TBC8ZZ": "Excision of Bladder Neck, Via Natural or Artificial Opening Endoscopic", "0TBD0ZX": "Excision of Urethra, Open Approach, Diagnostic", "0TBD0ZZ": "Excision of Urethra, Open Approach", "0TBD3ZX": "Excision of Urethra, Percutaneous Approach, Diagnostic", "0TBD3ZZ": "Excision of Urethra, Percutaneous Approach", "0TBD4ZX": "Excision of Urethra, Percutaneous Endoscopic Approach, Diagnostic", "0TBD4ZZ": "Excision of Urethra, Percutaneous Endoscopic Approach", "0TBD7ZX": "Excision of Urethra, Via Natural or Artificial Opening, Diagnostic", "0TBD7ZZ": "Excision of Urethra, Via Natural or Artificial Opening", "0TBD8ZX": "Excision of Urethra, Via Natural or Artificial Opening Endoscopic, Diagnostic", "0TBD8ZZ": "Excision of Urethra, Via Natural or Artificial Opening Endoscopic", "0TBDXZX": "Excision of Urethra, External Approach, Diagnostic", "0TBDXZZ": "Excision of Urethra, External Approach"}