{"0TC": "Urinary System, Extirpation", "0TC00ZZ": "Extirpation of Matter from Right Kidney, Open Approach", "0TC03ZZ": "Extirpation of Matter from Right Kidney, Percutaneous Approach", "0TC04ZZ": "Extirpation of Matter from Right Kidney, Percutaneous Endoscopic Approach", "0TC07ZZ": "Extirpation of Matter from Right Kidney, Via Natural or Artificial Opening", "0TC08ZZ": "Extirpation of Matter from Right Kidney, Via Natural or Artificial Opening Endoscopic", "0TC10ZZ": "Extirpation of Matter from Left Kidney, Open Approach", "0TC13ZZ": "Extirpation of Matter from Left Kidney, Percutaneous Approach", "0TC14ZZ": "Extirpation of Matter from Left Kidney, Percutaneous Endoscopic Approach", "0TC17ZZ": "Extirpation of Matter from Left Kidney, Via Natural or Artificial Opening", "0TC18ZZ": "Extirpation of Matter from Left Kidney, Via Natural or Artificial Opening Endoscopic", "0TC30ZZ": "Extirpation of Matter from Right Kidney Pelvis, Open Approach", "0TC33ZZ": "Extirpation of Matter from Right Kidney Pelvis, Percutaneous Approach", "0TC34ZZ": "Extirpation of Matter from Right Kidney Pelvis, Percutaneous Endoscopic Approach", "0TC37ZZ": "Extirpation of Matter from Right Kidney Pelvis, Via Natural or Artificial Opening", "0TC38ZZ": "Extirpation of Matter from Right Kidney Pelvis, Via Natural or Artificial Opening Endoscopic", "0TC40ZZ": "Extirpation of Matter from Left Kidney Pelvis, Open Approach", "0TC43ZZ": "Extirpation of Matter from Left Kidney Pelvis, Percutaneous Approach", "0TC44ZZ": "Extirpation of Matter from Left Kidney Pelvis, Percutaneous Endoscopic Approach", "0TC47ZZ": "Extirpation of Matter from Left Kidney Pelvis, Via Natural or Artificial Opening", "0TC48ZZ": "Extirpation of Matter from Left Kidney Pelvis, Via Natural or Artificial Opening Endoscopic", "0TC60ZZ": "Extirpation of Matter from Right Ureter, Open Approach", "0TC63ZZ": "Extirpation of Matter from Right Ureter, Percutaneous Approach", "0TC64ZZ": "Extirpation of Matter from Right Ureter, Percutaneous Endoscopic Approach", "0TC67ZZ": "Extirpation of Matter from Right Ureter, Via Natural or Artificial Opening", "0TC68ZZ": "Extirpation of Matter from Right Ureter, Via Natural or Artificial Opening Endoscopic", "0TC70ZZ": "Extirpation of Matter from Left Ureter, Open Approach", "0TC73ZZ": "Extirpation of Matter from Left Ureter, Percutaneous Approach", "0TC74ZZ": "Extirpation of Matter from Left Ureter, Percutaneous Endoscopic Approach", "0TC77ZZ": "Extirpation of Matter from Left Ureter, Via Natural or Artificial Opening", "0TC78ZZ": "Extirpation of Matter from Left Ureter, Via Natural or Artificial Opening Endoscopic", "0TCB0ZZ": "Extirpation of Matter from Bladder, Open Approach", "0TCB3ZZ": "Extirpation of Matter from Bladder, Percutaneous Approach", "0TCB4ZZ": "Extirpation of Matter from Bladder, Percutaneous Endoscopic Approach", "0TCB7ZZ": "Extirpation of Matter from Bladder, Via Natural or Artificial Opening", "0TCB8ZZ": "Extirpation of Matter from Bladder, Via Natural or Artificial Opening Endoscopic", "0TCC0ZZ": "Extirpation of Matter from Bladder Neck, Open Approach", "0TCC3ZZ": "Extirpation of Matter from Bladder Neck, Percutaneous Approach", "0TCC4ZZ": "Extirpation of Matter from Bladder Neck, Percutaneous Endoscopic Approach", "0TCC7ZZ": "Extirpation of Matter from Bladder Neck, Via Natural or Artificial Opening", "0TCC8ZZ": "Extirpation of Matter from Bladder Neck, Via Natural or Artificial Opening Endoscopic", "0TCD0ZZ": "Extirpation of Matter from Urethra, Open Approach", "0TCD3ZZ": "Extirpation of Matter from Urethra, Percutaneous Approach", "0TCD4ZZ": "Extirpation of Matter from Urethra, Percutaneous Endoscopic Approach", "0TCD7ZZ": "Extirpation of Matter from Urethra, Via Natural or Artificial Opening", "0TCD8ZZ": "Extirpation of Matter from Urethra, Via Natural or Artificial Opening Endoscopic", "0TCDXZZ": "Extirpation of Matter from Urethra, External Approach"}