{"0TF": "Urinary System, Fragmentation", "0TF30ZZ": "Fragmentation in Right Kidney Pelvis, Open Approach", "0TF33ZZ": "Fragmentation in Right Kidney Pelvis, Percutaneous Approach", "0TF34ZZ": "Fragmentation in Right Kidney Pelvis, Percutaneous Endoscopic Approach", "0TF37ZZ": "Fragmentation in Right Kidney Pelvis, Via Natural or Artificial Opening", "0TF38ZZ": "Fragmentation in Right Kidney Pelvis, Via Natural or Artificial Opening Endoscopic", "0TF3XZZ": "Fragmentation in Right Kidney Pelvis, External Approach", "0TF40ZZ": "Fragmentation in Left Kidney Pelvis, Open Approach", "0TF43ZZ": "Fragmentation in Left Kidney Pelvis, Percutaneous Approach", "0TF44ZZ": "Fragmentation in Left Kidney Pelvis, Percutaneous Endoscopic Approach", "0TF47ZZ": "Fragmentation in Left Kidney Pelvis, Via Natural or Artificial Opening", "0TF48ZZ": "Fragmentation in Left Kidney Pelvis, Via Natural or Artificial Opening Endoscopic", "0TF4XZZ": "Fragmentation in Left Kidney Pelvis, External Approach", "0TF60ZZ": "Fragmentation in Right Ureter, Open Approach", "0TF63ZZ": "Fragmentation in Right Ureter, Percutaneous Approach", "0TF64ZZ": "Fragmentation in Right Ureter, Percutaneous Endoscopic Approach", "0TF67ZZ": "Fragmentation in Right Ureter, Via Natural or Artificial Opening", "0TF68ZZ": "Fragmentation in Right Ureter, Via Natural or Artificial Opening Endoscopic", "0TF6XZZ": "Fragmentation in Right Ureter, External Approach", "0TF70ZZ": "Fragmentation in Left Ureter, Open Approach", "0TF73ZZ": "Fragmentation in Left Ureter, Percutaneous Approach", "0TF74ZZ": "Fragmentation in Left Ureter, Percutaneous Endoscopic Approach", "0TF77ZZ": "Fragmentation in Left Ureter, Via Natural or Artificial Opening", "0TF78ZZ": "Fragmentation in Left Ureter, Via Natural or Artificial Opening Endoscopic", "0TF7XZZ": "Fragmentation in Left Ureter, External Approach", "0TFB0ZZ": "Fragmentation in Bladder, Open Approach", "0TFB3ZZ": "Fragmentation in Bladder, Percutaneous Approach", "0TFB4ZZ": "Fragmentation in Bladder, Percutaneous Endoscopic Approach", "0TFB7ZZ": "Fragmentation in Bladder, Via Natural or Artificial Opening", "0TFB8ZZ": "Fragmentation in Bladder, Via Natural or Artificial Opening Endoscopic", "0TFBXZZ": "Fragmentation in Bladder, External Approach", "0TFC0ZZ": "Fragmentation in Bladder Neck, Open Approach", "0TFC3ZZ": "Fragmentation in Bladder Neck, Percutaneous Approach", "0TFC4ZZ": "Fragmentation in Bladder Neck, Percutaneous Endoscopic Approach", "0TFC7ZZ": "Fragmentation in Bladder Neck, Via Natural or Artificial Opening", "0TFC8ZZ": "Fragmentation in Bladder Neck, Via Natural or Artificial Opening Endoscopic", "0TFCXZZ": "Fragmentation in Bladder Neck, External Approach", "0TFD0ZZ": "Fragmentation in Urethra, Open Approach", "0TFD3ZZ": "Fragmentation in Urethra, Percutaneous Approach", "0TFD4ZZ": "Fragmentation in Urethra, Percutaneous Endoscopic Approach", "0TFD7ZZ": "Fragmentation in Urethra, Via Natural or Artificial Opening", "0TFD8ZZ": "Fragmentation in Urethra, Via Natural or Artificial Opening Endoscopic", "0TFDXZZ": "Fragmentation in Urethra, External Approach"}