{"0TM": "Urinary System, Reattachment", "0TM00ZZ": "Reattachment of Right Kidney, Open Approach", "0TM04ZZ": "Reattachment of Right Kidney, Percutaneous Endoscopic Approach", "0TM10ZZ": "Reattachment of Left Kidney, Open Approach", "0TM14ZZ": "Reattachment of Left Kidney, Percutaneous Endoscopic Approach", "0TM20ZZ": "Reattachment of Bilateral Kidneys, Open Approach", "0TM24ZZ": "Reattachment of Bilateral Kidneys, Percutaneous Endoscopic Approach", "0TM30ZZ": "Reattachment of Right Kidney Pelvis, Open Approach", "0TM34ZZ": "Reattachment of Right Kidney Pelvis, Percutaneous Endoscopic Approach", "0TM40ZZ": "Reattachment of Left Kidney Pelvis, Open Approach", "0TM44ZZ": "Reattachment of Left Kidney Pelvis, Percutaneous Endoscopic Approach", "0TM60ZZ": "Reattachment of Right Ureter, Open Approach", "0TM64ZZ": "Reattachment of Right Ureter, Percutaneous Endoscopic Approach", "0TM70ZZ": "Reattachment of Left Ureter, Open Approach", "0TM74ZZ": "Reattachment of Left Ureter, Percutaneous Endoscopic Approach", "0TM80ZZ": "Reattachment of Bilateral Ureters, Open Approach", "0TM84ZZ": "Reattachment of Bilateral Ureters, Percutaneous Endoscopic Approach", "0TMB0ZZ": "Reattachment of Bladder, Open Approach", "0TMB4ZZ": "Reattachment of Bladder, Percutaneous Endoscopic Approach", "0TMC0ZZ": "Reattachment of Bladder Neck, Open Approach", "0TMC4ZZ": "Reattachment of Bladder Neck, Percutaneous Endoscopic Approach", "0TMD0ZZ": "Reattachment of Urethra, Open Approach", "0TMD4ZZ": "Reattachment of Urethra, Percutaneous Endoscopic Approach"}