{"0TQ": "Urinary System, Repair", "0TQ00ZZ": "Repair Right Kidney, Open Approach", "0TQ03ZZ": "Repair Right Kidney, Percutaneous Approach", "0TQ04ZZ": "Repair Right Kidney, Percutaneous Endoscopic Approach", "0TQ07ZZ": "Repair Right Kidney, Via Natural or Artificial Opening", "0TQ08ZZ": "Repair Right Kidney, Via Natural or Artificial Opening Endoscopic", "0TQ10ZZ": "Repair Left Kidney, Open Approach", "0TQ13ZZ": "Repair Left Kidney, Percutaneous Approach", "0TQ14ZZ": "Repair Left Kidney, Percutaneous Endoscopic Approach", "0TQ17ZZ": "Repair Left Kidney, Via Natural or Artificial Opening", "0TQ18ZZ": "Repair Left Kidney, Via Natural or Artificial Opening Endoscopic", "0TQ30ZZ": "Repair Right Kidney Pelvis, Open Approach", "0TQ33ZZ": "Repair Right Kidney Pelvis, Percutaneous Approach", "0TQ34ZZ": "Repair Right Kidney Pelvis, Percutaneous Endoscopic Approach", "0TQ37ZZ": "Repair Right Kidney Pelvis, Via Natural or Artificial Opening", "0TQ38ZZ": "Repair Right Kidney Pelvis, Via Natural or Artificial Opening Endoscopic", "0TQ40ZZ": "Repair Left Kidney Pelvis, Open Approach", "0TQ43ZZ": "Repair Left Kidney Pelvis, Percutaneous Approach", "0TQ44ZZ": "Repair Left Kidney Pelvis, Percutaneous Endoscopic Approach", "0TQ47ZZ": "Repair Left Kidney Pelvis, Via Natural or Artificial Opening", "0TQ48ZZ": "Repair Left Kidney Pelvis, Via Natural or Artificial Opening Endoscopic", "0TQ60ZZ": "Repair Right Ureter, Open Approach", "0TQ63ZZ": "Repair Right Ureter, Percutaneous Approach", "0TQ64ZZ": "Repair Right Ureter, Percutaneous Endoscopic Approach", "0TQ67ZZ": "Repair Right Ureter, Via Natural or Artificial Opening", "0TQ68ZZ": "Repair Right Ureter, Via Natural or Artificial Opening Endoscopic", "0TQ70ZZ": "Repair Left Ureter, Open Approach", "0TQ73ZZ": "Repair Left Ureter, Percutaneous Approach", "0TQ74ZZ": "Repair Left Ureter, Percutaneous Endoscopic Approach", "0TQ77ZZ": "Repair Left Ureter, Via Natural or Artificial Opening", "0TQ78ZZ": "Repair Left Ureter, Via Natural or Artificial Opening Endoscopic", "0TQB0ZZ": "Repair Bladder, Open Approach", "0TQB3ZZ": "Repair Bladder, Percutaneous Approach", "0TQB4ZZ": "Repair Bladder, Percutaneous Endoscopic Approach", "0TQB7ZZ": "Repair Bladder, Via Natural or Artificial Opening", "0TQB8ZZ": "Repair Bladder, Via Natural or Artificial Opening Endoscopic", "0TQC0ZZ": "Repair Bladder Neck, Open Approach", "0TQC3ZZ": "Repair Bladder Neck, Percutaneous Approach", "0TQC4ZZ": "Repair Bladder Neck, Percutaneous Endoscopic Approach", "0TQC7ZZ": "Repair Bladder Neck, Via Natural or Artificial Opening", "0TQC8ZZ": "Repair Bladder Neck, Via Natural or Artificial Opening Endoscopic", "0TQD0ZZ": "Repair Urethra, Open Approach", "0TQD3ZZ": "Repair Urethra, Percutaneous Approach", "0TQD4ZZ": "Repair Urethra, Percutaneous Endoscopic Approach", "0TQD7ZZ": "Repair Urethra, Via Natural or Artificial Opening", "0TQD8ZZ": "Repair Urethra, Via Natural or Artificial Opening Endoscopic", "0TQDXZZ": "Repair Urethra, External Approach"}