{"0D8": "Gastrointestinal System, Division", "0D840ZZ": "Division of Esophagogastric Junction, Open Approach", "0D843ZZ": "Division of Esophagogastric Junction, Percutaneous Approach", "0D844ZZ": "Division of Esophagogastric Junction, Percutaneous Endoscopic Approach", "0D847ZZ": "Division of Esophagogastric Junction, Via Natural or Artificial Opening", "0D848ZZ": "Division of Esophagogastric Junction, Via Natural or Artificial Opening Endoscopic", "0D870ZZ": "Division of Stomach, Pylorus, Open Approach", "0D873ZZ": "Division of Stomach, Pylorus, Percutaneous Approach", "0D874ZZ": "Division of Stomach, Pylorus, Percutaneous Endoscopic Approach", "0D877ZZ": "Division of Stomach, Pylorus, Via Natural or Artificial Opening", "0D878ZZ": "Division of Stomach, Pylorus, Via Natural or Artificial Opening Endoscopic", "0D8R0ZZ": "Division of Anal Sphincter, Open Approach", "0D8R3ZZ": "Division of Anal Sphincter, Percutaneous Approach"}