{"0DC": "Gastrointestinal System, Extirpation", "0DC10ZZ": "Extirpation of Matter from Upper Esophagus, Open Approach", "0DC13ZZ": "Extirpation of Matter from Upper Esophagus, Percutaneous Approach", "0DC14ZZ": "Extirpation of Matter from Upper Esophagus, Percutaneous Endoscopic Approach", "0DC17ZZ": "Extirpation of Matter from Upper Esophagus, Via Natural or Artificial Opening", "0DC18ZZ": "Extirpation of Matter from Upper Esophagus, Via Natural or Artificial Opening Endoscopic", "0DC20ZZ": "Extirpation of Matter from Middle Esophagus, Open Approach", "0DC23ZZ": "Extirpation of Matter from Middle Esophagus, Percutaneous Approach", "0DC24ZZ": "Extirpation of Matter from Middle Esophagus, Percutaneous Endoscopic Approach", "0DC27ZZ": "Extirpation of Matter from Middle Esophagus, Via Natural or Artificial Opening", "0DC28ZZ": "Extirpation of Matter from Middle Esophagus, Via Natural or Artificial Opening Endoscopic", "0DC30ZZ": "Extirpation of Matter from Lower Esophagus, Open Approach", "0DC33ZZ": "Extirpation of Matter from Lower Esophagus, Percutaneous Approach", "0DC34ZZ": "Extirpation of Matter from Lower Esophagus, Percutaneous Endoscopic Approach", "0DC37ZZ": "Extirpation of Matter from Lower Esophagus, Via Natural or Artificial Opening", "0DC38ZZ": "Extirpation of Matter from Lower Esophagus, Via Natural or Artificial Opening Endoscopic", "0DC40ZZ": "Extirpation of Matter from Esophagogastric Junction, Open Approach", "0DC43ZZ": "Extirpation of Matter from Esophagogastric Junction, Percutaneous Approach", "0DC44ZZ": "Extirpation of Matter from Esophagogastric Junction, Percutaneous Endoscopic Approach", "0DC47ZZ": "Extirpation of Matter from Esophagogastric Junction, Via Natural or Artificial Opening", "0DC48ZZ": "Extirpation of Matter from Esophagogastric Junction, Via Natural or Artificial Opening Endoscopic", "0DC50ZZ": "Extirpation of Matter from Esophagus, Open Approach", "0DC53ZZ": "Extirpation of Matter from Esophagus, Percutaneous Approach", "0DC54ZZ": "Extirpation of Matter from Esophagus, Percutaneous Endoscopic Approach", "0DC57ZZ": "Extirpation of Matter from Esophagus, Via Natural or Artificial Opening", "0DC58ZZ": "Extirpation of Matter from Esophagus, Via Natural or Artificial Opening Endoscopic", "0DC60ZZ": "Extirpation of Matter from Stomach, Open Approach", "0DC63ZZ": "Extirpation of Matter from Stomach, Percutaneous Approach", "0DC64ZZ": "Extirpation of Matter from Stomach, Percutaneous Endoscopic Approach", "0DC67ZZ": "Extirpation of Matter from Stomach, Via Natural or Artificial Opening", "0DC68ZZ": "Extirpation of Matter from Stomach, Via Natural or Artificial Opening Endoscopic", "0DC70ZZ": "Extirpation of Matter from Stomach, Pylorus, Open Approach", "0DC73ZZ": "Extirpation of Matter from Stomach, Pylorus, Percutaneous Approach", "0DC74ZZ": "Extirpation of Matter from Stomach, Pylorus, Percutaneous Endoscopic Approach", "0DC77ZZ": "Extirpation of Matter from Stomach, Pylorus, Via Natural or Artificial Opening", "0DC78ZZ": "Extirpation of Matter from Stomach, Pylorus, Via Natural or Artificial Opening Endoscopic", "0DC80ZZ": "Extirpation of Matter from Small Intestine, Open Approach", "0DC83ZZ": "Extirpation of Matter from Small Intestine, Percutaneous Approach", "0DC84ZZ": "Extirpation of Matter from Small Intestine, Percutaneous Endoscopic Approach", "0DC87ZZ": "Extirpation of Matter from Small Intestine, Via Natural or Artificial Opening", "0DC88ZZ": "Extirpation of Matter from Small Intestine, Via Natural or Artificial Opening Endoscopic", "0DC90ZZ": "Extirpation of Matter from Duodenum, Open Approach", "0DC93ZZ": "Extirpation of Matter from Duodenum, Percutaneous Approach", "0DC94ZZ": "Extirpation of Matter from Duodenum, Percutaneous Endoscopic Approach", "0DC97ZZ": "Extirpation of Matter from Duodenum, Via Natural or Artificial Opening", "0DC98ZZ": "Extirpation of Matter from Duodenum, Via Natural or Artificial Opening Endoscopic", "0DCA0ZZ": "Extirpation of Matter from Jejunum, Open Approach", "0DCA3ZZ": "Extirpation of Matter from Jejunum, Percutaneous Approach", "0DCA4ZZ": "Extirpation of Matter from Jejunum, Percutaneous Endoscopic Approach", "0DCA7ZZ": "Extirpation of Matter from Jejunum, Via Natural or Artificial Opening", "0DCA8ZZ": "Extirpation of Matter from Jejunum, Via Natural or Artificial Opening Endoscopic", "0DCB0ZZ": "Extirpation of Matter from Ileum, Open Approach", "0DCB3ZZ": "Extirpation of Matter from Ileum, Percutaneous Approach", "0DCB4ZZ": "Extirpation of Matter from Ileum, Percutaneous Endoscopic Approach", "0DCB7ZZ": "Extirpation of Matter from Ileum, Via Natural or Artificial Opening", "0DCB8ZZ": "Extirpation of Matter from Ileum, Via Natural or Artificial Opening Endoscopic", "0DCC0ZZ": "Extirpation of Matter from Ileocecal Valve, Open Approach", "0DCC3ZZ": "Extirpation of Matter from Ileocecal Valve, Percutaneous Approach", "0DCC4ZZ": "Extirpation of Matter from Ileocecal Valve, Percutaneous Endoscopic Approach", "0DCC7ZZ": "Extirpation of Matter from Ileocecal Valve, Via Natural or Artificial Opening", "0DCC8ZZ": "Extirpation of Matter from Ileocecal Valve, Via Natural or Artificial Opening Endoscopic", "0DCE0ZZ": "Extirpation of Matter from Large Intestine, Open Approach", "0DCE3ZZ": "Extirpation of Matter from Large Intestine, Percutaneous Approach", "0DCE4ZZ": "Extirpation of Matter from Large Intestine, Percutaneous Endoscopic Approach", "0DCE7ZZ": "Extirpation of Matter from Large Intestine, Via Natural or Artificial Opening", "0DCE8ZZ": "Extirpation of Matter from Large Intestine, Via Natural or Artificial Opening Endoscopic", "0DCF0ZZ": "Extirpation of Matter from Right Large Intestine, Open Approach", "0DCF3ZZ": "Extirpation of Matter from Right Large Intestine, Percutaneous Approach", "0DCF4ZZ": "Extirpation of Matter from Right Large Intestine, Percutaneous Endoscopic Approach", "0DCF7ZZ": "Extirpation of Matter from Right Large Intestine, Via Natural or Artificial Opening", "0DCF8ZZ": "Extirpation of Matter from Right Large Intestine, Via Natural or Artificial Opening Endoscopic", "0DCG0ZZ": "Extirpation of Matter from Left Large Intestine, Open Approach", "0DCG3ZZ": "Extirpation of Matter from Left Large Intestine, Percutaneous Approach", "0DCG4ZZ": "Extirpation of Matter from Left Large Intestine, Percutaneous Endoscopic Approach", "0DCG7ZZ": "Extirpation of Matter from Left Large Intestine, Via Natural or Artificial Opening", "0DCG8ZZ": "Extirpation of Matter from Left Large Intestine, Via Natural or Artificial Opening Endoscopic", "0DCH0ZZ": "Extirpation of Matter from Cecum, Open Approach", "0DCH3ZZ": "Extirpation of Matter from Cecum, Percutaneous Approach", "0DCH4ZZ": "Extirpation of Matter from Cecum, Percutaneous Endoscopic Approach", "0DCH7ZZ": "Extirpation of Matter from Cecum, Via Natural or Artificial Opening", "0DCH8ZZ": "Extirpation of Matter from Cecum, Via Natural or Artificial Opening Endoscopic", "0DCJ0ZZ": "Extirpation of Matter from Appendix, Open Approach", "0DCJ3ZZ": "Extirpation of Matter from Appendix, Percutaneous Approach", "0DCJ4ZZ": "Extirpation of Matter from Appendix, Percutaneous Endoscopic Approach", "0DCJ7ZZ": "Extirpation of Matter from Appendix, Via Natural or Artificial Opening", "0DCJ8ZZ": "Extirpation of Matter from Appendix, Via Natural or Artificial Opening Endoscopic", "0DCK0ZZ": "Extirpation of Matter from Ascending Colon, Open Approach", "0DCK3ZZ": "Extirpation of Matter from Ascending Colon, Percutaneous Approach", "0DCK4ZZ": "Extirpation of Matter from Ascending Colon, Percutaneous Endoscopic Approach", "0DCK7ZZ": "Extirpation of Matter from Ascending Colon, Via Natural or Artificial Opening", "0DCK8ZZ": "Extirpation of Matter from Ascending Colon, Via Natural or Artificial Opening Endoscopic", "0DCL0ZZ": "Extirpation of Matter from Transverse Colon, Open Approach", "0DCL3ZZ": "Extirpation of Matter from Transverse Colon, Percutaneous Approach", "0DCL4ZZ": "Extirpation of Matter from Transverse Colon, Percutaneous Endoscopic Approach", "0DCL7ZZ": "Extirpation of Matter from Transverse Colon, Via Natural or Artificial Opening", "0DCL8ZZ": "Extirpation of Matter from Transverse Colon, Via Natural or Artificial Opening Endoscopic", "0DCM0ZZ": "Extirpation of Matter from Descending Colon, Open Approach", "0DCM3ZZ": "Extirpation of Matter from Descending Colon, Percutaneous Approach", "0DCM4ZZ": "Extirpation of Matter from Descending Colon, Percutaneous Endoscopic Approach", "0DCM7ZZ": "Extirpation of Matter from Descending Colon, Via Natural or Artificial Opening", "0DCM8ZZ": "Extirpation of Matter from Descending Colon, Via Natural or Artificial Opening Endoscopic", "0DCN0ZZ": "Extirpation of Matter from Sigmoid Colon, Open Approach", "0DCN3ZZ": "Extirpation of Matter from Sigmoid Colon, Percutaneous Approach", "0DCN4ZZ": "Extirpation of Matter from Sigmoid Colon, Percutaneous Endoscopic Approach", "0DCN7ZZ": "Extirpation of Matter from Sigmoid Colon, Via Natural or Artificial Opening", "0DCN8ZZ": "Extirpation of Matter from Sigmoid Colon, Via Natural or Artificial Opening Endoscopic", "0DCP0ZZ": "Extirpation of Matter from Rectum, Open Approach", "0DCP3ZZ": "Extirpation of Matter from Rectum, Percutaneous Approach", "0DCP4ZZ": "Extirpation of Matter from Rectum, Percutaneous Endoscopic Approach", "0DCP7ZZ": "Extirpation of Matter from Rectum, Via Natural or Artificial Opening", "0DCP8ZZ": "Extirpation of Matter from Rectum, Via Natural or Artificial Opening Endoscopic", "0DCQ0ZZ": "Extirpation of Matter from Anus, Open Approach", "0DCQ3ZZ": "Extirpation of Matter from Anus, Percutaneous Approach", "0DCQ4ZZ": "Extirpation of Matter from Anus, Percutaneous Endoscopic Approach", "0DCQ7ZZ": "Extirpation of Matter from Anus, Via Natural or Artificial Opening", "0DCQ8ZZ": "Extirpation of Matter from Anus, Via Natural or Artificial Opening Endoscopic", "0DCQXZZ": "Extirpation of Matter from Anus, External Approach", "0DCR0ZZ": "Extirpation of Matter from Anal Sphincter, Open Approach", "0DCR3ZZ": "Extirpation of Matter from Anal Sphincter, Percutaneous Approach", "0DCR4ZZ": "Extirpation of Matter from Anal Sphincter, Percutaneous Endoscopic Approach", "0DCU0ZZ": "Extirpation of Matter from Omentum, Open Approach", "0DCU3ZZ": "Extirpation of Matter from Omentum, Percutaneous Approach", "0DCU4ZZ": "Extirpation of Matter from Omentum, Percutaneous Endoscopic Approach", "0DCV0ZZ": "Extirpation of Matter from Mesentery, Open Approach", "0DCV3ZZ": "Extirpation of Matter from Mesentery, Percutaneous Approach", "0DCV4ZZ": "Extirpation of Matter from Mesentery, Percutaneous Endoscopic Approach", "0DCW0ZZ": "Extirpation of Matter from Peritoneum, Open Approach", "0DCW3ZZ": "Extirpation of Matter from Peritoneum, Percutaneous Approach", "0DCW4ZZ": "Extirpation of Matter from Peritoneum, Percutaneous Endoscopic Approach"}