{"0DH": "Gastrointestinal System, Insertion", "0DH00YZ": "Insertion of Other Device into Upper Intestinal Tract, Open Approach", "0DH03YZ": "Insertion of Other Device into Upper Intestinal Tract, Percutaneous Approach", "0DH04YZ": "Insertion of Other Device into Upper Intestinal Tract, Percutaneous Endoscopic Approach", "0DH07YZ": "Insertion of Other Device into Upper Intestinal Tract, Via Natural or Artificial Opening", "0DH08YZ": "Insertion of Other Device into Upper Intestinal Tract, Via Natural or Artificial Opening Endoscopic", "0DH501Z": "Insertion of Radioactive Element into Esophagus, Open Approach", "0DH502Z": "Insertion of Monitoring Device into Esophagus, Open Approach", "0DH503Z": "Insertion of Infusion Device into Esophagus, Open Approach", "0DH50DZ": "Insertion of Intraluminal Device into Esophagus, Open Approach", "0DH50UZ": "Insertion of Feeding Device into Esophagus, Open Approach", "0DH50YZ": "Insertion of Other Device into Esophagus, Open Approach", "0DH531Z": "Insertion of Radioactive Element into Esophagus, Percutaneous Approach", "0DH532Z": "Insertion of Monitoring Device into Esophagus, Percutaneous Approach", "0DH533Z": "Insertion of Infusion Device into Esophagus, Percutaneous Approach", "0DH53DZ": "Insertion of Intraluminal Device into Esophagus, Percutaneous Approach", "0DH53UZ": "Insertion of Feeding Device into Esophagus, Percutaneous Approach", "0DH53YZ": "Insertion of Other Device into Esophagus, Percutaneous Approach", "0DH541Z": "Insertion of Radioactive Element into Esophagus, Percutaneous Endoscopic Approach", "0DH542Z": "Insertion of Monitoring Device into Esophagus, Percutaneous Endoscopic Approach", "0DH543Z": "Insertion of Infusion Device into Esophagus, Percutaneous Endoscopic Approach", "0DH54DZ": "Insertion of Intraluminal Device into Esophagus, Percutaneous Endoscopic Approach", "0DH54UZ": "Insertion of Feeding Device into Esophagus, Percutaneous Endoscopic Approach", "0DH54YZ": "Insertion of Other Device into Esophagus, Percutaneous Endoscopic Approach", "0DH571Z": "Insertion of Radioactive Element into Esophagus, Via Natural or Artificial Opening", "0DH572Z": "Insertion of Monitoring Device into Esophagus, Via Natural or Artificial Opening", "0DH573Z": "Insertion of Infusion Device into Esophagus, Via Natural or Artificial Opening", "0DH57BZ": "Insertion of Airway into Esophagus, Via Natural or Artificial Opening", "0DH57DZ": "Insertion of Intraluminal Device into Esophagus, Via Natural or Artificial Opening", "0DH57UZ": "Insertion of Feeding Device into Esophagus, Via Natural or Artificial Opening", "0DH57YZ": "Insertion of Other Device into Esophagus, Via Natural or Artificial Opening", "0DH581Z": "Insertion of Radioactive Element into Esophagus, Via Natural or Artificial Opening Endoscopic", "0DH582Z": "Insertion of Monitoring Device into Esophagus, Via Natural or Artificial Opening Endoscopic", "0DH583Z": "Insertion of Infusion Device into Esophagus, Via Natural or Artificial Opening Endoscopic", "0DH58BZ": "Insertion of Airway into Esophagus, Via Natural or Artificial Opening Endoscopic", "0DH58DZ": "Insertion of Intraluminal Device into Esophagus, Via Natural or Artificial Opening Endoscopic", "0DH58UZ": "Insertion of Feeding Device into Esophagus, Via Natural or Artificial Opening Endoscopic", "0DH58YZ": "Insertion of Other Device into Esophagus, Via Natural or Artificial Opening Endoscopic", "0DH601Z": "Insertion of Radioactive Element into Stomach, Open Approach", "0DH602Z": "Insertion of Monitoring Device into Stomach, Open Approach", "0DH603Z": "Insertion of Infusion Device into Stomach, Open Approach", "0DH60DZ": "Insertion of Intraluminal Device into Stomach, Open Approach", "0DH60MZ": "Insertion of Stimulator Lead into Stomach, Open Approach", "0DH60UZ": "Insertion of Feeding Device into Stomach, Open Approach", "0DH60YZ": "Insertion of Other Device into Stomach, Open Approach", "0DH631Z": "Insertion of Radioactive Element into Stomach, Percutaneous Approach", "0DH632Z": "Insertion of Monitoring Device into Stomach, Percutaneous Approach", "0DH633Z": "Insertion of Infusion Device into Stomach, Percutaneous Approach", "0DH63DZ": "Insertion of Intraluminal Device into Stomach, Percutaneous Approach", "0DH63MZ": "Insertion of Stimulator Lead into Stomach, Percutaneous Approach", "0DH63UZ": "Insertion of Feeding Device into Stomach, Percutaneous Approach", "0DH63YZ": "Insertion of Other Device into Stomach, Percutaneous Approach", "0DH641Z": "Insertion of Radioactive Element into Stomach, Percutaneous Endoscopic Approach", "0DH642Z": "Insertion of Monitoring Device into Stomach, Percutaneous Endoscopic Approach", "0DH643Z": "Insertion of Infusion Device into Stomach, Percutaneous Endoscopic Approach", "0DH64DZ": "Insertion of Intraluminal Device into Stomach, Percutaneous Endoscopic Approach", "0DH64MZ": "Insertion of Stimulator Lead into Stomach, Percutaneous Endoscopic Approach", "0DH64UZ": "Insertion of Feeding Device into Stomach, Percutaneous Endoscopic Approach", "0DH64YZ": "Insertion of Other Device into Stomach, Percutaneous Endoscopic Approach", "0DH671Z": "Insertion of Radioactive Element into Stomach, Via Natural or Artificial Opening", "0DH672Z": "Insertion of Monitoring Device into Stomach, Via Natural or Artificial Opening", "0DH673Z": "Insertion of Infusion Device into Stomach, Via Natural or Artificial Opening", "0DH67DZ": "Insertion of Intraluminal Device into Stomach, Via Natural or Artificial Opening", "0DH67UZ": "Insertion of Feeding Device into Stomach, Via Natural or Artificial Opening", "0DH67YZ": "Insertion of Other Device into Stomach, Via Natural or Artificial Opening", "0DH681Z": "Insertion of Radioactive Element into Stomach, Via Natural or Artificial Opening Endoscopic", "0DH682Z": "Insertion of Monitoring Device into Stomach, Via Natural or Artificial Opening Endoscopic", "0DH683Z": "Insertion of Infusion Device into Stomach, Via Natural or Artificial Opening Endoscopic", "0DH68DZ": "Insertion of Intraluminal Device into Stomach, Via Natural or Artificial Opening Endoscopic", "0DH68UZ": "Insertion of Feeding Device into Stomach, Via Natural or Artificial Opening Endoscopic", "0DH68YZ": "Insertion of Other Device into Stomach, Via Natural or Artificial Opening Endoscopic", "0DH801Z": "Insertion of Radioactive Element into Small Intestine, Open Approach", "0DH802Z": "Insertion of Monitoring Device into Small Intestine, Open Approach", "0DH803Z": "Insertion of Infusion Device into Small Intestine, Open Approach", "0DH80DZ": "Insertion of Intraluminal Device into Small Intestine, Open Approach", "0DH80UZ": "Insertion of Feeding Device into Small Intestine, Open Approach", "0DH831Z": "Insertion of Radioactive Element into Small Intestine, Percutaneous Approach", "0DH832Z": "Insertion of Monitoring Device into Small Intestine, Percutaneous Approach", "0DH833Z": "Insertion of Infusion Device into Small Intestine, Percutaneous Approach", "0DH83DZ": "Insertion of Intraluminal Device into Small Intestine, Percutaneous Approach", "0DH83UZ": "Insertion of Feeding Device into Small Intestine, Percutaneous Approach", "0DH841Z": "Insertion of Radioactive Element into Small Intestine, Percutaneous Endoscopic Approach", "0DH842Z": "Insertion of Monitoring Device into Small Intestine, Percutaneous Endoscopic Approach", "0DH843Z": "Insertion of Infusion Device into Small Intestine, Percutaneous Endoscopic Approach", "0DH84DZ": "Insertion of Intraluminal Device into Small Intestine, Percutaneous Endoscopic Approach", "0DH84UZ": "Insertion of Feeding Device into Small Intestine, Percutaneous Endoscopic Approach", "0DH871Z": "Insertion of Radioactive Element into Small Intestine, Via Natural or Artificial Opening", "0DH872Z": "Insertion of Monitoring Device into Small Intestine, Via Natural or Artificial Opening", "0DH873Z": "Insertion of Infusion Device into Small Intestine, Via Natural or Artificial Opening", "0DH87DZ": "Insertion of Intraluminal Device into Small Intestine, Via Natural or Artificial Opening", "0DH87UZ": "Insertion of Feeding Device into Small Intestine, Via Natural or Artificial Opening", "0DH881Z": "Insertion of Radioactive Element into Small Intestine, Via Natural or Artificial Opening Endoscopic", "0DH882Z": "Insertion of Monitoring Device into Small Intestine, Via Natural or Artificial Opening Endoscopic", "0DH883Z": "Insertion of Infusion Device into Small Intestine, Via Natural or Artificial Opening Endoscopic", "0DH88DZ": "Insertion of Intraluminal Device into Small Intestine, Via Natural or Artificial Opening Endoscopic", "0DH88UZ": "Insertion of Feeding Device into Small Intestine, Via Natural or Artificial Opening Endoscopic", "0DH901Z": "Insertion of Radioactive Element into Duodenum, Open Approach", "0DH902Z": "Insertion of Monitoring Device into Duodenum, Open Approach", "0DH903Z": "Insertion of Infusion Device into Duodenum, Open Approach", "0DH90DZ": "Insertion of Intraluminal Device into Duodenum, Open Approach", "0DH90UZ": "Insertion of Feeding Device into Duodenum, Open Approach", "0DH931Z": "Insertion of Radioactive Element into Duodenum, Percutaneous Approach", "0DH932Z": "Insertion of Monitoring Device into Duodenum, Percutaneous Approach", "0DH933Z": "Insertion of Infusion Device into Duodenum, Percutaneous Approach", "0DH93DZ": "Insertion of Intraluminal Device into Duodenum, Percutaneous Approach", "0DH93UZ": "Insertion of Feeding Device into Duodenum, Percutaneous Approach", "0DH941Z": "Insertion of Radioactive Element into Duodenum, Percutaneous Endoscopic Approach", "0DH942Z": "Insertion of Monitoring Device into Duodenum, Percutaneous Endoscopic Approach", "0DH943Z": "Insertion of Infusion Device into Duodenum, Percutaneous Endoscopic Approach", "0DH94DZ": "Insertion of Intraluminal Device into Duodenum, Percutaneous Endoscopic Approach", "0DH94UZ": "Insertion of Feeding Device into Duodenum, Percutaneous Endoscopic Approach", "0DH971Z": "Insertion of Radioactive Element into Duodenum, Via Natural or Artificial Opening", "0DH972Z": "Insertion of Monitoring Device into Duodenum, Via Natural or Artificial Opening", "0DH973Z": "Insertion of Infusion Device into Duodenum, Via Natural or Artificial Opening", "0DH97DZ": "Insertion of Intraluminal Device into Duodenum, Via Natural or Artificial Opening", "0DH97UZ": "Insertion of Feeding Device into Duodenum, Via Natural or Artificial Opening", "0DH981Z": "Insertion of Radioactive Element into Duodenum, Via Natural or Artificial Opening Endoscopic", "0DH982Z": "Insertion of Monitoring Device into Duodenum, Via Natural or Artificial Opening Endoscopic", "0DH983Z": "Insertion of Infusion Device into Duodenum, Via Natural or Artificial Opening Endoscopic", "0DH98DZ": "Insertion of Intraluminal Device into Duodenum, Via Natural or Artificial Opening Endoscopic", "0DH98UZ": "Insertion of Feeding Device into Duodenum, Via Natural or Artificial Opening Endoscopic", "0DHA01Z": "Insertion of Radioactive Element into Jejunum, Open Approach", "0DHA02Z": "Insertion of Monitoring Device into Jejunum, Open Approach", "0DHA03Z": "Insertion of Infusion Device into Jejunum, Open Approach", "0DHA0DZ": "Insertion of Intraluminal Device into Jejunum, Open Approach", "0DHA0UZ": "Insertion of Feeding Device into Jejunum, Open Approach", "0DHA31Z": "Insertion of Radioactive Element into Jejunum, Percutaneous Approach", "0DHA32Z": "Insertion of Monitoring Device into Jejunum, Percutaneous Approach", "0DHA33Z": "Insertion of Infusion Device into Jejunum, Percutaneous Approach", "0DHA3DZ": "Insertion of Intraluminal Device into Jejunum, Percutaneous Approach", "0DHA3UZ": "Insertion of Feeding Device into Jejunum, Percutaneous Approach", "0DHA41Z": "Insertion of Radioactive Element into Jejunum, Percutaneous Endoscopic Approach", "0DHA42Z": "Insertion of Monitoring Device into Jejunum, Percutaneous Endoscopic Approach", "0DHA43Z": "Insertion of Infusion Device into Jejunum, Percutaneous Endoscopic Approach", "0DHA4DZ": "Insertion of Intraluminal Device into Jejunum, Percutaneous Endoscopic Approach", "0DHA4UZ": "Insertion of Feeding Device into Jejunum, Percutaneous Endoscopic Approach", "0DHA71Z": "Insertion of Radioactive Element into Jejunum, Via Natural or Artificial Opening", "0DHA72Z": "Insertion of Monitoring Device into Jejunum, Via Natural or Artificial Opening", "0DHA73Z": "Insertion of Infusion Device into Jejunum, Via Natural or Artificial Opening", "0DHA7DZ": "Insertion of Intraluminal Device into Jejunum, Via Natural or Artificial Opening", "0DHA7UZ": "Insertion of Feeding Device into Jejunum, Via Natural or Artificial Opening", "0DHA81Z": "Insertion of Radioactive Element into Jejunum, Via Natural or Artificial Opening Endoscopic", "0DHA82Z": "Insertion of Monitoring Device into Jejunum, Via Natural or Artificial Opening Endoscopic", "0DHA83Z": "Insertion of Infusion Device into Jejunum, Via Natural or Artificial Opening Endoscopic", "0DHA8DZ": "Insertion of Intraluminal Device into Jejunum, Via Natural or Artificial Opening Endoscopic", "0DHA8UZ": "Insertion of Feeding Device into Jejunum, Via Natural or Artificial Opening Endoscopic", "0DHB01Z": "Insertion of Radioactive Element into Ileum, Open Approach", "0DHB02Z": "Insertion of Monitoring Device into Ileum, Open Approach", "0DHB03Z": "Insertion of Infusion Device into Ileum, Open Approach", "0DHB0DZ": "Insertion of Intraluminal Device into Ileum, Open Approach", "0DHB0UZ": "Insertion of Feeding Device into Ileum, Open Approach", "0DHB31Z": "Insertion of Radioactive Element into Ileum, Percutaneous Approach", "0DHB32Z": "Insertion of Monitoring Device into Ileum, Percutaneous Approach", "0DHB33Z": "Insertion of Infusion Device into Ileum, Percutaneous Approach", "0DHB3DZ": "Insertion of Intraluminal Device into Ileum, Percutaneous Approach", "0DHB3UZ": "Insertion of Feeding Device into Ileum, Percutaneous Approach", "0DHB41Z": "Insertion of Radioactive Element into Ileum, Percutaneous Endoscopic Approach", "0DHB42Z": "Insertion of Monitoring Device into Ileum, Percutaneous Endoscopic Approach", "0DHB43Z": "Insertion of Infusion Device into Ileum, Percutaneous Endoscopic Approach", "0DHB4DZ": "Insertion of Intraluminal Device into Ileum, Percutaneous Endoscopic Approach", "0DHB4UZ": "Insertion of Feeding Device into Ileum, Percutaneous Endoscopic Approach", "0DHB71Z": "Insertion of Radioactive Element into Ileum, Via Natural or Artificial Opening", "0DHB72Z": "Insertion of Monitoring Device into Ileum, Via Natural or Artificial Opening", "0DHB73Z": "Insertion of Infusion Device into Ileum, Via Natural or Artificial Opening", "0DHB7DZ": "Insertion of Intraluminal Device into Ileum, Via Natural or Artificial Opening", "0DHB7UZ": "Insertion of Feeding Device into Ileum, Via Natural or Artificial Opening", "0DHB81Z": "Insertion of Radioactive Element into Ileum, Via Natural or Artificial Opening Endoscopic", "0DHB82Z": "Insertion of Monitoring Device into Ileum, Via Natural or Artificial Opening Endoscopic", "0DHB83Z": "Insertion of Infusion Device into Ileum, Via Natural or Artificial Opening Endoscopic", "0DHB8DZ": "Insertion of Intraluminal Device into Ileum, Via Natural or Artificial Opening Endoscopic", "0DHB8UZ": "Insertion of Feeding Device into Ileum, Via Natural or Artificial Opening Endoscopic", "0DHD0YZ": "Insertion of Other Device into Lower Intestinal Tract, Open Approach", "0DHD3YZ": "Insertion of Other Device into Lower Intestinal Tract, Percutaneous Approach", "0DHD4YZ": "Insertion of Other Device into Lower Intestinal Tract, Percutaneous Endoscopic Approach", "0DHD7YZ": "Insertion of Other Device into Lower Intestinal Tract, Via Natural or Artificial Opening", "0DHD8YZ": "Insertion of Other Device into Lower Intestinal Tract, Via Natural or Artificial Opening Endoscopic", "0DHE01Z": "Insertion of Radioactive Element into Large Intestine, Open Approach", "0DHE0DZ": "Insertion of Intraluminal Device into Large Intestine, Open Approach", "0DHE31Z": "Insertion of Radioactive Element into Large Intestine, Percutaneous Approach", "0DHE3DZ": "Insertion of Intraluminal Device into Large Intestine, Percutaneous Approach", "0DHE41Z": "Insertion of Radioactive Element into Large Intestine, Percutaneous Endoscopic Approach", "0DHE4DZ": "Insertion of Intraluminal Device into Large Intestine, Percutaneous Endoscopic Approach", "0DHE71Z": "Insertion of Radioactive Element into Large Intestine, Via Natural or Artificial Opening", "0DHE7DZ": "Insertion of Intraluminal Device into Large Intestine, Via Natural or Artificial Opening", "0DHE81Z": "Insertion of Radioactive Element into Large Intestine, Via Natural or Artificial Opening Endoscopic", "0DHE8DZ": "Insertion of Intraluminal Device into Large Intestine, Via Natural or Artificial Opening Endoscopic", "0DHP01Z": "Insertion of Radioactive Element into Rectum, Open Approach", "0DHP0DZ": "Insertion of Intraluminal Device into Rectum, Open Approach", "0DHP31Z": "Insertion of Radioactive Element into Rectum, Percutaneous Approach", "0DHP3DZ": "Insertion of Intraluminal Device into Rectum, Percutaneous Approach", "0DHP41Z": "Insertion of Radioactive Element into Rectum, Percutaneous Endoscopic Approach", "0DHP4DZ": "Insertion of Intraluminal Device into Rectum, Percutaneous Endoscopic Approach", "0DHP71Z": "Insertion of Radioactive Element into Rectum, Via Natural or Artificial Opening", "0DHP7DZ": "Insertion of Intraluminal Device into Rectum, Via Natural or Artificial Opening", "0DHP81Z": "Insertion of Radioactive Element into Rectum, Via Natural or Artificial Opening Endoscopic", "0DHP8DZ": "Insertion of Intraluminal Device into Rectum, Via Natural or Artificial Opening Endoscopic", "0DHQ0DZ": "Insertion of Intraluminal Device into Anus, Open Approach", "0DHQ0LZ": "Insertion of Artificial Sphincter into Anus, Open Approach", "0DHQ3DZ": "Insertion of Intraluminal Device into Anus, Percutaneous Approach", "0DHQ3LZ": "Insertion of Artificial Sphincter into Anus, Percutaneous Approach", "0DHQ4DZ": "Insertion of Intraluminal Device into Anus, Percutaneous Endoscopic Approach", "0DHQ4LZ": "Insertion of Artificial Sphincter into Anus, Percutaneous Endoscopic Approach", "0DHQ7DZ": "Insertion of Intraluminal Device into Anus, Via Natural or Artificial Opening", "0DHQ8DZ": "Insertion of Intraluminal Device into Anus, Via Natural or Artificial Opening Endoscopic", "0DHR0MZ": "Insertion of Stimulator Lead into Anal Sphincter, Open Approach", "0DHR3MZ": "Insertion of Stimulator Lead into Anal Sphincter, Percutaneous Approach", "0DHR4MZ": "Insertion of Stimulator Lead into Anal Sphincter, Percutaneous Endoscopic Approach"}