{"0DM": "Gastrointestinal System, Reattachment", "0DM50ZZ": "Reattachment of Esophagus, Open Approach", "0DM54ZZ": "Reattachment of Esophagus, Percutaneous Endoscopic Approach", "0DM60ZZ": "Reattachment of Stomach, Open Approach", "0DM64ZZ": "Reattachment of Stomach, Percutaneous Endoscopic Approach", "0DM80ZZ": "Reattachment of Small Intestine, Open Approach", "0DM84ZZ": "Reattachment of Small Intestine, Percutaneous Endoscopic Approach", "0DM90ZZ": "Reattachment of Duodenum, Open Approach", "0DM94ZZ": "Reattachment of Duodenum, Percutaneous Endoscopic Approach", "0DMA0ZZ": "Reattachment of Jejunum, Open Approach", "0DMA4ZZ": "Reattachment of Jejunum, Percutaneous Endoscopic Approach", "0DMB0ZZ": "Reattachment of Ileum, Open Approach", "0DMB4ZZ": "Reattachment of Ileum, Percutaneous Endoscopic Approach", "0DME0ZZ": "Reattachment of Large Intestine, Open Approach", "0DME4ZZ": "Reattachment of Large Intestine, Percutaneous Endoscopic Approach", "0DMF0ZZ": "Reattachment of Right Large Intestine, Open Approach", "0DMF4ZZ": "Reattachment of Right Large Intestine, Percutaneous Endoscopic Approach", "0DMG0ZZ": "Reattachment of Left Large Intestine, Open Approach", "0DMG4ZZ": "Reattachment of Left Large Intestine, Percutaneous Endoscopic Approach", "0DMH0ZZ": "Reattachment of Cecum, Open Approach", "0DMH4ZZ": "Reattachment of Cecum, Percutaneous Endoscopic Approach", "0DMK0ZZ": "Reattachment of Ascending Colon, Open Approach", "0DMK4ZZ": "Reattachment of Ascending Colon, Percutaneous Endoscopic Approach", "0DML0ZZ": "Reattachment of Transverse Colon, Open Approach", "0DML4ZZ": "Reattachment of Transverse Colon, Percutaneous Endoscopic Approach", "0DMM0ZZ": "Reattachment of Descending Colon, Open Approach", "0DMM4ZZ": "Reattachment of Descending Colon, Percutaneous Endoscopic Approach", "0DMN0ZZ": "Reattachment of Sigmoid Colon, Open Approach", "0DMN4ZZ": "Reattachment of Sigmoid Colon, Percutaneous Endoscopic Approach", "0DMP0ZZ": "Reattachment of Rectum, Open Approach", "0DMP4ZZ": "Reattachment of Rectum, Percutaneous Endoscopic Approach"}