{"0DQ": "Gastrointestinal System, Repair", "0DQ10ZZ": "Repair Upper Esophagus, Open Approach", "0DQ13ZZ": "Repair Upper Esophagus, Percutaneous Approach", "0DQ14ZZ": "Repair Upper Esophagus, Percutaneous Endoscopic Approach", "0DQ17ZZ": "Repair Upper Esophagus, Via Natural or Artificial Opening", "0DQ18ZZ": "Repair Upper Esophagus, Via Natural or Artificial Opening Endoscopic", "0DQ20ZZ": "Repair Middle Esophagus, Open Approach", "0DQ23ZZ": "Repair Middle Esophagus, Percutaneous Approach", "0DQ24ZZ": "Repair Middle Esophagus, Percutaneous Endoscopic Approach", "0DQ27ZZ": "Repair Middle Esophagus, Via Natural or Artificial Opening", "0DQ28ZZ": "Repair Middle Esophagus, Via Natural or Artificial Opening Endoscopic", "0DQ30ZZ": "Repair Lower Esophagus, Open Approach", "0DQ33ZZ": "Repair Lower Esophagus, Percutaneous Approach", "0DQ34ZZ": "Repair Lower Esophagus, Percutaneous Endoscopic Approach", "0DQ37ZZ": "Repair Lower Esophagus, Via Natural or Artificial Opening", "0DQ38ZZ": "Repair Lower Esophagus, Via Natural or Artificial Opening Endoscopic", "0DQ40ZZ": "Repair Esophagogastric Junction, Open Approach", "0DQ43ZZ": "Repair Esophagogastric Junction, Percutaneous Approach", "0DQ44ZZ": "Repair Esophagogastric Junction, Percutaneous Endoscopic Approach", "0DQ47ZZ": "Repair Esophagogastric Junction, Via Natural or Artificial Opening", "0DQ48ZZ": "Repair Esophagogastric Junction, Via Natural or Artificial Opening Endoscopic", "0DQ50ZZ": "Repair Esophagus, Open Approach", "0DQ53ZZ": "Repair Esophagus, Percutaneous Approach", "0DQ54ZZ": "Repair Esophagus, Percutaneous Endoscopic Approach", "0DQ57ZZ": "Repair Esophagus, Via Natural or Artificial Opening", "0DQ58ZZ": "Repair Esophagus, Via Natural or Artificial Opening Endoscopic", "0DQ60ZZ": "Repair Stomach, Open Approach", "0DQ63ZZ": "Repair Stomach, Percutaneous Approach", "0DQ64ZZ": "Repair Stomach, Percutaneous Endoscopic Approach", "0DQ67ZZ": "Repair Stomach, Via Natural or Artificial Opening", "0DQ68ZZ": "Repair Stomach, Via Natural or Artificial Opening Endoscopic", "0DQ70ZZ": "Repair Stomach, Pylorus, Open Approach", "0DQ73ZZ": "Repair Stomach, Pylorus, Percutaneous Approach", "0DQ74ZZ": "Repair Stomach, Pylorus, Percutaneous Endoscopic Approach", "0DQ77ZZ": "Repair Stomach, Pylorus, Via Natural or Artificial Opening", "0DQ78ZZ": "Repair Stomach, Pylorus, Via Natural or Artificial Opening Endoscopic", "0DQ80ZZ": "Repair Small Intestine, Open Approach", "0DQ83ZZ": "Repair Small Intestine, Percutaneous Approach", "0DQ84ZZ": "Repair Small Intestine, Percutaneous Endoscopic Approach", "0DQ87ZZ": "Repair Small Intestine, Via Natural or Artificial Opening", "0DQ88ZZ": "Repair Small Intestine, Via Natural or Artificial Opening Endoscopic", "0DQ90ZZ": "Repair Duodenum, Open Approach", "0DQ93ZZ": "Repair Duodenum, Percutaneous Approach", "0DQ94ZZ": "Repair Duodenum, Percutaneous Endoscopic Approach", "0DQ97ZZ": "Repair Duodenum, Via Natural or Artificial Opening", "0DQ98ZZ": "Repair Duodenum, Via Natural or Artificial Opening Endoscopic", "0DQA0ZZ": "Repair Jejunum, Open Approach", "0DQA3ZZ": "Repair Jejunum, Percutaneous Approach", "0DQA4ZZ": "Repair Jejunum, Percutaneous Endoscopic Approach", "0DQA7ZZ": "Repair Jejunum, Via Natural or Artificial Opening", "0DQA8ZZ": "Repair Jejunum, Via Natural or Artificial Opening Endoscopic", "0DQB0ZZ": "Repair Ileum, Open Approach", "0DQB3ZZ": "Repair Ileum, Percutaneous Approach", "0DQB4ZZ": "Repair Ileum, Percutaneous Endoscopic Approach", "0DQB7ZZ": "Repair Ileum, Via Natural or Artificial Opening", "0DQB8ZZ": "Repair Ileum, Via Natural or Artificial Opening Endoscopic", "0DQC0ZZ": "Repair Ileocecal Valve, Open Approach", "0DQC3ZZ": "Repair Ileocecal Valve, Percutaneous Approach", "0DQC4ZZ": "Repair Ileocecal Valve, Percutaneous Endoscopic Approach", "0DQC7ZZ": "Repair Ileocecal Valve, Via Natural or Artificial Opening", "0DQC8ZZ": "Repair Ileocecal Valve, Via Natural or Artificial Opening Endoscopic", "0DQE0ZZ": "Repair Large Intestine, Open Approach", "0DQE3ZZ": "Repair Large Intestine, Percutaneous Approach", "0DQE4ZZ": "Repair Large Intestine, Percutaneous Endoscopic Approach", "0DQE7ZZ": "Repair Large Intestine, Via Natural or Artificial Opening", "0DQE8ZZ": "Repair Large Intestine, Via Natural or Artificial Opening Endoscopic", "0DQF0ZZ": "Repair Right Large Intestine, Open Approach", "0DQF3ZZ": "Repair Right Large Intestine, Percutaneous Approach", "0DQF4ZZ": "Repair Right Large Intestine, Percutaneous Endoscopic Approach", "0DQF7ZZ": "Repair Right Large Intestine, Via Natural or Artificial Opening", "0DQF8ZZ": "Repair Right Large Intestine, Via Natural or Artificial Opening Endoscopic", "0DQG0ZZ": "Repair Left Large Intestine, Open Approach", "0DQG3ZZ": "Repair Left Large Intestine, Percutaneous Approach", "0DQG4ZZ": "Repair Left Large Intestine, Percutaneous Endoscopic Approach", "0DQG7ZZ": "Repair Left Large Intestine, Via Natural or Artificial Opening", "0DQG8ZZ": "Repair Left Large Intestine, Via Natural or Artificial Opening Endoscopic", "0DQH0ZZ": "Repair Cecum, Open Approach", "0DQH3ZZ": "Repair Cecum, Percutaneous Approach", "0DQH4ZZ": "Repair Cecum, Percutaneous Endoscopic Approach", "0DQH7ZZ": "Repair Cecum, Via Natural or Artificial Opening", "0DQH8ZZ": "Repair Cecum, Via Natural or Artificial Opening Endoscopic", "0DQJ0ZZ": "Repair Appendix, Open Approach", "0DQJ3ZZ": "Repair Appendix, Percutaneous Approach", "0DQJ4ZZ": "Repair Appendix, Percutaneous Endoscopic Approach", "0DQJ7ZZ": "Repair Appendix, Via Natural or Artificial Opening", "0DQJ8ZZ": "Repair Appendix, Via Natural or Artificial Opening Endoscopic", "0DQK0ZZ": "Repair Ascending Colon, Open Approach", "0DQK3ZZ": "Repair Ascending Colon, Percutaneous Approach", "0DQK4ZZ": "Repair Ascending Colon, Percutaneous Endoscopic Approach", "0DQK7ZZ": "Repair Ascending Colon, Via Natural or Artificial Opening", "0DQK8ZZ": "Repair Ascending Colon, Via Natural or Artificial Opening Endoscopic", "0DQL0ZZ": "Repair Transverse Colon, Open Approach", "0DQL3ZZ": "Repair Transverse Colon, Percutaneous Approach", "0DQL4ZZ": "Repair Transverse Colon, Percutaneous Endoscopic Approach", "0DQL7ZZ": "Repair Transverse Colon, Via Natural or Artificial Opening", "0DQL8ZZ": "Repair Transverse Colon, Via Natural or Artificial Opening Endoscopic", "0DQM0ZZ": "Repair Descending Colon, Open Approach", "0DQM3ZZ": "Repair Descending Colon, Percutaneous Approach", "0DQM4ZZ": "Repair Descending Colon, Percutaneous Endoscopic Approach", "0DQM7ZZ": "Repair Descending Colon, Via Natural or Artificial Opening", "0DQM8ZZ": "Repair Descending Colon, Via Natural or Artificial Opening Endoscopic", "0DQN0ZZ": "Repair Sigmoid Colon, Open Approach", "0DQN3ZZ": "Repair Sigmoid Colon, Percutaneous Approach", "0DQN4ZZ": "Repair Sigmoid Colon, Percutaneous Endoscopic Approach", "0DQN7ZZ": "Repair Sigmoid Colon, Via Natural or Artificial Opening", "0DQN8ZZ": "Repair Sigmoid Colon, Via Natural or Artificial Opening Endoscopic", "0DQP0ZZ": "Repair Rectum, Open Approach", "0DQP3ZZ": "Repair Rectum, Percutaneous Approach", "0DQP4ZZ": "Repair Rectum, Percutaneous Endoscopic Approach", "0DQP7ZZ": "Repair Rectum, Via Natural or Artificial Opening", "0DQP8ZZ": "Repair Rectum, Via Natural or Artificial Opening Endoscopic", "0DQQ0ZZ": "Repair Anus, Open Approach", "0DQQ3ZZ": "Repair Anus, Percutaneous Approach", "0DQQ4ZZ": "Repair Anus, Percutaneous Endoscopic Approach", "0DQQ7ZZ": "Repair Anus, Via Natural or Artificial Opening", "0DQQ8ZZ": "Repair Anus, Via Natural or Artificial Opening Endoscopic", "0DQQXZZ": "Repair Anus, External Approach", "0DQR0ZZ": "Repair Anal Sphincter, Open Approach", "0DQR3ZZ": "Repair Anal Sphincter, Percutaneous Approach", "0DQR4ZZ": "Repair Anal Sphincter, Percutaneous Endoscopic Approach", "0DQU0ZZ": "Repair Omentum, Open Approach", "0DQU3ZZ": "Repair Omentum, Percutaneous Approach", "0DQU4ZZ": "Repair Omentum, Percutaneous Endoscopic Approach", "0DQV0ZZ": "Repair Mesentery, Open Approach", "0DQV3ZZ": "Repair Mesentery, Percutaneous Approach", "0DQV4ZZ": "Repair Mesentery, Percutaneous Endoscopic Approach", "0DQW0ZZ": "Repair Peritoneum, Open Approach", "0DQW3ZZ": "Repair Peritoneum, Percutaneous Approach", "0DQW4ZZ": "Repair Peritoneum, Percutaneous Endoscopic Approach"}