{"0DR": "Gastrointestinal System, Replacement", "0DR507Z": "Replacement of Esophagus with Autologous Tissue Substitute, Open Approach", "0DR50JZ": "Replacement of Esophagus with Synthetic Substitute, Open Approach", "0DR50KZ": "Replacement of Esophagus with Nonautologous Tissue Substitute, Open Approach", "0DR547Z": "Replacement of Esophagus with Autologous Tissue Substitute, Percutaneous Endoscopic Approach", "0DR54JZ": "Replacement of Esophagus with Synthetic Substitute, Percutaneous Endoscopic Approach", "0DR54KZ": "Replacement of Esophagus with Nonautologous Tissue Substitute, Percutaneous Endoscopic Approach", "0DR577Z": "Replacement of Esophagus with Autologous Tissue Substitute, Via Natural or Artificial Opening", "0DR57JZ": "Replacement of Esophagus with Synthetic Substitute, Via Natural or Artificial Opening", "0DR57KZ": "Replacement of Esophagus with Nonautologous Tissue Substitute, Via Natural or Artificial Opening", "0DR587Z": "Replacement of Esophagus with Autologous Tissue Substitute, Via Natural or Artificial Opening Endoscopic", "0DR58JZ": "Replacement of Esophagus with Synthetic Substitute, Via Natural or Artificial Opening Endoscopic", "0DR58KZ": "Replacement of Esophagus with Nonautologous Tissue Substitute, Via Natural or Artificial Opening Endoscopic", "0DRR07Z": "Replacement of Anal Sphincter with Autologous Tissue Substitute, Open Approach", "0DRR0JZ": "Replacement of Anal Sphincter with Synthetic Substitute, Open Approach", "0DRR0KZ": "Replacement of Anal Sphincter with Nonautologous Tissue Substitute, Open Approach", "0DRR47Z": "Replacement of Anal Sphincter with Autologous Tissue Substitute, Percutaneous Endoscopic Approach", "0DRR4JZ": "Replacement of Anal Sphincter with Synthetic Substitute, Percutaneous Endoscopic Approach", "0DRR4KZ": "Replacement of Anal Sphincter with Nonautologous Tissue Substitute, Percutaneous Endoscopic Approach", "0DRU07Z": "Replacement of Omentum with Autologous Tissue Substitute, Open Approach", "0DRU0JZ": "Replacement of Omentum with Synthetic Substitute, Open Approach", "0DRU0KZ": "Replacement of Omentum with Nonautologous Tissue Substitute, Open Approach", "0DRU47Z": "Replacement of Omentum with Autologous Tissue Substitute, Percutaneous Endoscopic Approach", "0DRU4JZ": "Replacement of Omentum with Synthetic Substitute, Percutaneous Endoscopic Approach", "0DRU4KZ": "Replacement of Omentum with Nonautologous Tissue Substitute, Percutaneous Endoscopic Approach", "0DRV07Z": "Replacement of Mesentery with Autologous Tissue Substitute, Open Approach", "0DRV0JZ": "Replacement of Mesentery with Synthetic Substitute, Open Approach", "0DRV0KZ": "Replacement of Mesentery with Nonautologous Tissue Substitute, Open Approach", "0DRV47Z": "Replacement of Mesentery with Autologous Tissue Substitute, Percutaneous Endoscopic Approach", "0DRV4JZ": "Replacement of Mesentery with Synthetic Substitute, Percutaneous Endoscopic Approach", "0DRV4KZ": "Replacement of Mesentery with Nonautologous Tissue Substitute, Percutaneous Endoscopic Approach", "0DRW07Z": "Replacement of Peritoneum with Autologous Tissue Substitute, Open Approach", "0DRW0JZ": "Replacement of Peritoneum with Synthetic Substitute, Open Approach", "0DRW0KZ": "Replacement of Peritoneum with Nonautologous Tissue Substitute, Open Approach", "0DRW47Z": "Replacement of Peritoneum with Autologous Tissue Substitute, Percutaneous Endoscopic Approach", "0DRW4JZ": "Replacement of Peritoneum with Synthetic Substitute, Percutaneous Endoscopic Approach", "0DRW4KZ": "Replacement of Peritoneum with Nonautologous Tissue Substitute, Percutaneous Endoscopic Approach"}