{"0DS": "Gastrointestinal System, Reposition", "0DS50ZZ": "Reposition Esophagus, Open Approach", "0DS54ZZ": "Reposition Esophagus, Percutaneous Endoscopic Approach", "0DS57ZZ": "Reposition Esophagus, Via Natural or Artificial Opening", "0DS58ZZ": "Reposition Esophagus, Via Natural or Artificial Opening Endoscopic", "0DS5XZZ": "Reposition Esophagus, External Approach", "0DS60ZZ": "Reposition Stomach, Open Approach", "0DS64ZZ": "Reposition Stomach, Percutaneous Endoscopic Approach", "0DS67ZZ": "Reposition Stomach, Via Natural or Artificial Opening", "0DS68ZZ": "Reposition Stomach, Via Natural or Artificial Opening Endoscopic", "0DS6XZZ": "Reposition Stomach, External Approach", "0DS80ZZ": "Reposition Small Intestine, Open Approach", "0DS84ZZ": "Reposition Small Intestine, Percutaneous Endoscopic Approach", "0DS87ZZ": "Reposition Small Intestine, Via Natural or Artificial Opening", "0DS88ZZ": "Reposition Small Intestine, Via Natural or Artificial Opening Endoscopic", "0DS90ZZ": "Reposition Duodenum, Open Approach", "0DS94ZZ": "Reposition Duodenum, Percutaneous Endoscopic Approach", "0DS97ZZ": "Reposition Duodenum, Via Natural or Artificial Opening", "0DS98ZZ": "Reposition Duodenum, Via Natural or Artificial Opening Endoscopic", "0DS9XZZ": "Reposition Duodenum, External Approach", "0DSA0ZZ": "Reposition Jejunum, Open Approach", "0DSA4ZZ": "Reposition Jejunum, Percutaneous Endoscopic Approach", "0DSA7ZZ": "Reposition Jejunum, Via Natural or Artificial Opening", "0DSA8ZZ": "Reposition Jejunum, Via Natural or Artificial Opening Endoscopic", "0DSAXZZ": "Reposition Jejunum, External Approach", "0DSB0ZZ": "Reposition Ileum, Open Approach", "0DSB4ZZ": "Reposition Ileum, Percutaneous Endoscopic Approach", "0DSB7ZZ": "Reposition Ileum, Via Natural or Artificial Opening", "0DSB8ZZ": "Reposition Ileum, Via Natural or Artificial Opening Endoscopic", "0DSBXZZ": "Reposition Ileum, External Approach", "0DSE0ZZ": "Reposition Large Intestine, Open Approach", "0DSE4ZZ": "Reposition Large Intestine, Percutaneous Endoscopic Approach", "0DSE7ZZ": "Reposition Large Intestine, Via Natural or Artificial Opening", "0DSE8ZZ": "Reposition Large Intestine, Via Natural or Artificial Opening Endoscopic", "0DSH0ZZ": "Reposition Cecum, Open Approach", "0DSH4ZZ": "Reposition Cecum, Percutaneous Endoscopic Approach", "0DSH7ZZ": "Reposition Cecum, Via Natural or Artificial Opening", "0DSH8ZZ": "Reposition Cecum, Via Natural or Artificial Opening Endoscopic", "0DSHXZZ": "Reposition Cecum, External Approach", "0DSK0ZZ": "Reposition Ascending Colon, Open Approach", "0DSK4ZZ": "Reposition Ascending Colon, Percutaneous Endoscopic Approach", "0DSK7ZZ": "Reposition Ascending Colon, Via Natural or Artificial Opening", "0DSK8ZZ": "Reposition Ascending Colon, Via Natural or Artificial Opening Endoscopic", "0DSKXZZ": "Reposition Ascending Colon, External Approach", "0DSL0ZZ": "Reposition Transverse Colon, Open Approach", "0DSL4ZZ": "Reposition Transverse Colon, Percutaneous Endoscopic Approach", "0DSL7ZZ": "Reposition Transverse Colon, Via Natural or Artificial Opening", "0DSL8ZZ": "Reposition Transverse Colon, Via Natural or Artificial Opening Endoscopic", "0DSLXZZ": "Reposition Transverse Colon, External Approach", "0DSM0ZZ": "Reposition Descending Colon, Open Approach", "0DSM4ZZ": "Reposition Descending Colon, Percutaneous Endoscopic Approach", "0DSM7ZZ": "Reposition Descending Colon, Via Natural or Artificial Opening", "0DSM8ZZ": "Reposition Descending Colon, Via Natural or Artificial Opening Endoscopic", "0DSMXZZ": "Reposition Descending Colon, External Approach", "0DSN0ZZ": "Reposition Sigmoid Colon, Open Approach", "0DSN4ZZ": "Reposition Sigmoid Colon, Percutaneous Endoscopic Approach", "0DSN7ZZ": "Reposition Sigmoid Colon, Via Natural or Artificial Opening", "0DSN8ZZ": "Reposition Sigmoid Colon, Via Natural or Artificial Opening Endoscopic", "0DSNXZZ": "Reposition Sigmoid Colon, External Approach", "0DSP0ZZ": "Reposition Rectum, Open Approach", "0DSP4ZZ": "Reposition Rectum, Percutaneous Endoscopic Approach", "0DSP7ZZ": "Reposition Rectum, Via Natural or Artificial Opening", "0DSP8ZZ": "Reposition Rectum, Via Natural or Artificial Opening Endoscopic", "0DSPXZZ": "Reposition Rectum, External Approach", "0DSQ0ZZ": "Reposition Anus, Open Approach", "0DSQ4ZZ": "Reposition Anus, Percutaneous Endoscopic Approach", "0DSQ7ZZ": "Reposition Anus, Via Natural or Artificial Opening", "0DSQ8ZZ": "Reposition Anus, Via Natural or Artificial Opening Endoscopic", "0DSQXZZ": "Reposition Anus, External Approach"}