{"0DU": "Gastrointestinal System, Supplement", "0DU107Z": "Supplement Upper Esophagus with Autologous Tissue Substitute, Open Approach", "0DU10JZ": "Supplement Upper Esophagus with Synthetic Substitute, Open Approach", "0DU10KZ": "Supplement Upper Esophagus with Nonautologous Tissue Substitute, Open Approach", "0DU147Z": "Supplement Upper Esophagus with Autologous Tissue Substitute, Percutaneous Endoscopic Approach", "0DU14JZ": "Supplement Upper Esophagus with Synthetic Substitute, Percutaneous Endoscopic Approach", "0DU14KZ": "Supplement Upper Esophagus with Nonautologous Tissue Substitute, Percutaneous Endoscopic Approach", "0DU177Z": "Supplement Upper Esophagus with Autologous Tissue Substitute, Via Natural or Artificial Opening", "0DU17JZ": "Supplement Upper Esophagus with Synthetic Substitute, Via Natural or Artificial Opening", "0DU17KZ": "Supplement Upper Esophagus with Nonautologous Tissue Substitute, Via Natural or Artificial Opening", "0DU187Z": "Supplement Upper Esophagus with Autologous Tissue Substitute, Via Natural or Artificial Opening Endoscopic", "0DU18JZ": "Supplement Upper Esophagus with Synthetic Substitute, Via Natural or Artificial Opening Endoscopic", "0DU18KZ": "Supplement Upper Esophagus with Nonautologous Tissue Substitute, Via Natural or Artificial Opening Endoscopic", "0DU207Z": "Supplement Middle Esophagus with Autologous Tissue Substitute, Open Approach", "0DU20JZ": "Supplement Middle Esophagus with Synthetic Substitute, Open Approach", "0DU20KZ": "Supplement Middle Esophagus with Nonautologous Tissue Substitute, Open Approach", "0DU247Z": "Supplement Middle Esophagus with Autologous Tissue Substitute, Percutaneous Endoscopic Approach", "0DU24JZ": "Supplement Middle Esophagus with Synthetic Substitute, Percutaneous Endoscopic Approach", "0DU24KZ": "Supplement Middle Esophagus with Nonautologous Tissue Substitute, Percutaneous Endoscopic Approach", "0DU277Z": "Supplement Middle Esophagus with Autologous Tissue Substitute, Via Natural or Artificial Opening", "0DU27JZ": "Supplement Middle Esophagus with Synthetic Substitute, Via Natural or Artificial Opening", "0DU27KZ": "Supplement Middle Esophagus with Nonautologous Tissue Substitute, Via Natural or Artificial Opening", "0DU287Z": "Supplement Middle Esophagus with Autologous Tissue Substitute, Via Natural or Artificial Opening Endoscopic", "0DU28JZ": "Supplement Middle Esophagus with Synthetic Substitute, Via Natural or Artificial Opening Endoscopic", "0DU28KZ": "Supplement Middle Esophagus with Nonautologous Tissue Substitute, Via Natural or Artificial Opening Endoscopic", "0DU307Z": "Supplement Lower Esophagus with Autologous Tissue Substitute, Open Approach", "0DU30JZ": "Supplement Lower Esophagus with Synthetic Substitute, Open Approach", "0DU30KZ": "Supplement Lower Esophagus with Nonautologous Tissue Substitute, Open Approach", "0DU347Z": "Supplement Lower Esophagus with Autologous Tissue Substitute, Percutaneous Endoscopic Approach", "0DU34JZ": "Supplement Lower Esophagus with Synthetic Substitute, Percutaneous Endoscopic Approach", "0DU34KZ": "Supplement Lower Esophagus with Nonautologous Tissue Substitute, Percutaneous Endoscopic Approach", "0DU377Z": "Supplement Lower Esophagus with Autologous Tissue Substitute, Via Natural or Artificial Opening", "0DU37JZ": "Supplement Lower Esophagus with Synthetic Substitute, Via Natural or Artificial Opening", "0DU37KZ": "Supplement Lower Esophagus with Nonautologous Tissue Substitute, Via Natural or Artificial Opening", "0DU387Z": "Supplement Lower Esophagus with Autologous Tissue Substitute, Via Natural or Artificial Opening Endoscopic", "0DU38JZ": "Supplement Lower Esophagus with Synthetic Substitute, Via Natural or Artificial Opening Endoscopic", "0DU38KZ": "Supplement Lower Esophagus with Nonautologous Tissue Substitute, Via Natural or Artificial Opening Endoscopic", "0DU407Z": "Supplement Esophagogastric Junction with Autologous Tissue Substitute, Open Approach", "0DU40JZ": "Supplement Esophagogastric Junction with Synthetic Substitute, Open Approach", "0DU40KZ": "Supplement Esophagogastric Junction with Nonautologous Tissue Substitute, Open Approach", "0DU447Z": "Supplement Esophagogastric Junction with Autologous Tissue Substitute, Percutaneous Endoscopic Approach", "0DU44JZ": "Supplement Esophagogastric Junction with Synthetic Substitute, Percutaneous Endoscopic Approach", "0DU44KZ": "Supplement Esophagogastric Junction with Nonautologous Tissue Substitute, Percutaneous Endoscopic Approach", "0DU477Z": "Supplement Esophagogastric Junction with Autologous Tissue Substitute, Via Natural or Artificial Opening", "0DU47JZ": "Supplement Esophagogastric Junction with Synthetic Substitute, Via Natural or Artificial Opening", "0DU47KZ": "Supplement Esophagogastric Junction with Nonautologous Tissue Substitute, Via Natural or Artificial Opening", "0DU487Z": "Supplement Esophagogastric Junction with Autologous Tissue Substitute, Via Natural or Artificial Opening Endoscopic", "0DU48JZ": "Supplement Esophagogastric Junction with Synthetic Substitute, Via Natural or Artificial Opening Endoscopic", "0DU48KZ": "Supplement Esophagogastric Junction with Nonautologous Tissue Substitute, Via Natural or Artificial Opening Endoscopic", "0DU507Z": "Supplement Esophagus with Autologous Tissue Substitute, Open Approach", "0DU50JZ": "Supplement Esophagus with Synthetic Substitute, Open Approach", "0DU50KZ": "Supplement Esophagus with Nonautologous Tissue Substitute, Open Approach", "0DU547Z": "Supplement Esophagus with Autologous Tissue Substitute, Percutaneous Endoscopic Approach", "0DU54JZ": "Supplement Esophagus with Synthetic Substitute, Percutaneous Endoscopic Approach", "0DU54KZ": "Supplement Esophagus with Nonautologous Tissue Substitute, Percutaneous Endoscopic Approach", "0DU577Z": "Supplement Esophagus with Autologous Tissue Substitute, Via Natural or Artificial Opening", "0DU57JZ": "Supplement Esophagus with Synthetic Substitute, Via Natural or Artificial Opening", "0DU57KZ": "Supplement Esophagus with Nonautologous Tissue Substitute, Via Natural or Artificial Opening", "0DU587Z": "Supplement Esophagus with Autologous Tissue Substitute, Via Natural or Artificial Opening Endoscopic", "0DU58JZ": "Supplement Esophagus with Synthetic Substitute, Via Natural or Artificial Opening Endoscopic", "0DU58KZ": "Supplement Esophagus with Nonautologous Tissue Substitute, Via Natural or Artificial Opening Endoscopic", "0DU607Z": "Supplement Stomach with Autologous Tissue Substitute, Open Approach", "0DU60JZ": "Supplement Stomach with Synthetic Substitute, Open Approach", "0DU60KZ": "Supplement Stomach with Nonautologous Tissue Substitute, Open Approach", "0DU647Z": "Supplement Stomach with Autologous Tissue Substitute, Percutaneous Endoscopic Approach", "0DU64JZ": "Supplement Stomach with Synthetic Substitute, Percutaneous Endoscopic Approach", "0DU64KZ": "Supplement Stomach with Nonautologous Tissue Substitute, Percutaneous Endoscopic Approach", "0DU677Z": "Supplement Stomach with Autologous Tissue Substitute, Via Natural or Artificial Opening", "0DU67JZ": "Supplement Stomach with Synthetic Substitute, Via Natural or Artificial Opening", "0DU67KZ": "Supplement Stomach with Nonautologous Tissue Substitute, Via Natural or Artificial Opening", "0DU687Z": "Supplement Stomach with Autologous Tissue Substitute, Via Natural or Artificial Opening Endoscopic", "0DU68JZ": "Supplement Stomach with Synthetic Substitute, Via Natural or Artificial Opening Endoscopic", "0DU68KZ": "Supplement Stomach with Nonautologous Tissue Substitute, Via Natural or Artificial Opening Endoscopic", "0DU707Z": "Supplement Stomach, Pylorus with Autologous Tissue Substitute, Open Approach", "0DU70JZ": "Supplement Stomach, Pylorus with Synthetic Substitute, Open Approach", "0DU70KZ": "Supplement Stomach, Pylorus with Nonautologous Tissue Substitute, Open Approach", "0DU747Z": "Supplement Stomach, Pylorus with Autologous Tissue Substitute, Percutaneous Endoscopic Approach", "0DU74JZ": "Supplement Stomach, Pylorus with Synthetic Substitute, Percutaneous Endoscopic Approach", "0DU74KZ": "Supplement Stomach, Pylorus with Nonautologous Tissue Substitute, Percutaneous Endoscopic Approach", "0DU777Z": "Supplement Stomach, Pylorus with Autologous Tissue Substitute, Via Natural or Artificial Opening", "0DU77JZ": "Supplement Stomach, Pylorus with Synthetic Substitute, Via Natural or Artificial Opening", "0DU77KZ": "Supplement Stomach, Pylorus with Nonautologous Tissue Substitute, Via Natural or Artificial Opening", "0DU787Z": "Supplement Stomach, Pylorus with Autologous Tissue Substitute, Via Natural or Artificial Opening Endoscopic", "0DU78JZ": "Supplement Stomach, Pylorus with Synthetic Substitute, Via Natural or Artificial Opening Endoscopic", "0DU78KZ": "Supplement Stomach, Pylorus with Nonautologous Tissue Substitute, Via Natural or Artificial Opening Endoscopic", "0DU807Z": "Supplement Small Intestine with Autologous Tissue Substitute, Open Approach", "0DU80JZ": "Supplement Small Intestine with Synthetic Substitute, Open Approach", "0DU80KZ": "Supplement Small Intestine with Nonautologous Tissue Substitute, Open Approach", "0DU847Z": "Supplement Small Intestine with Autologous Tissue Substitute, Percutaneous Endoscopic Approach", "0DU84JZ": "Supplement Small Intestine with Synthetic Substitute, Percutaneous Endoscopic Approach", "0DU84KZ": "Supplement Small Intestine with Nonautologous Tissue Substitute, Percutaneous Endoscopic Approach", "0DU877Z": "Supplement Small Intestine with Autologous Tissue Substitute, Via Natural or Artificial Opening", "0DU87JZ": "Supplement Small Intestine with Synthetic Substitute, Via Natural or Artificial Opening", "0DU87KZ": "Supplement Small Intestine with Nonautologous Tissue Substitute, Via Natural or Artificial Opening", "0DU887Z": "Supplement Small Intestine with Autologous Tissue Substitute, Via Natural or Artificial Opening Endoscopic", "0DU88JZ": "Supplement Small Intestine with Synthetic Substitute, Via Natural or Artificial Opening Endoscopic", "0DU88KZ": "Supplement Small Intestine with Nonautologous Tissue Substitute, Via Natural or Artificial Opening Endoscopic", "0DU907Z": "Supplement Duodenum with Autologous Tissue Substitute, Open Approach", "0DU90JZ": "Supplement Duodenum with Synthetic Substitute, Open Approach", "0DU90KZ": "Supplement Duodenum with Nonautologous Tissue Substitute, Open Approach", "0DU947Z": "Supplement Duodenum with Autologous Tissue Substitute, Percutaneous Endoscopic Approach", "0DU94JZ": "Supplement Duodenum with Synthetic Substitute, Percutaneous Endoscopic Approach", "0DU94KZ": "Supplement Duodenum with Nonautologous Tissue Substitute, Percutaneous Endoscopic Approach", "0DU977Z": "Supplement Duodenum with Autologous Tissue Substitute, Via Natural or Artificial Opening", "0DU97JZ": "Supplement Duodenum with Synthetic Substitute, Via Natural or Artificial Opening", "0DU97KZ": "Supplement Duodenum with Nonautologous Tissue Substitute, Via Natural or Artificial Opening", "0DU987Z": "Supplement Duodenum with Autologous Tissue Substitute, Via Natural or Artificial Opening Endoscopic", "0DU98JZ": "Supplement Duodenum with Synthetic Substitute, Via Natural or Artificial Opening Endoscopic", "0DU98KZ": "Supplement Duodenum with Nonautologous Tissue Substitute, Via Natural or Artificial Opening Endoscopic", "0DUA07Z": "Supplement Jejunum with Autologous Tissue Substitute, Open Approach", "0DUA0JZ": "Supplement Jejunum with Synthetic Substitute, Open Approach", "0DUA0KZ": "Supplement Jejunum with Nonautologous Tissue Substitute, Open Approach", "0DUA47Z": "Supplement Jejunum with Autologous Tissue Substitute, Percutaneous Endoscopic Approach", "0DUA4JZ": "Supplement Jejunum with Synthetic Substitute, Percutaneous Endoscopic Approach", "0DUA4KZ": "Supplement Jejunum with Nonautologous Tissue Substitute, Percutaneous Endoscopic Approach", "0DUA77Z": "Supplement Jejunum with Autologous Tissue Substitute, Via Natural or Artificial Opening", "0DUA7JZ": "Supplement Jejunum with Synthetic Substitute, Via Natural or Artificial Opening", "0DUA7KZ": "Supplement Jejunum with Nonautologous Tissue Substitute, Via Natural or Artificial Opening", "0DUA87Z": "Supplement Jejunum with Autologous Tissue Substitute, Via Natural or Artificial Opening Endoscopic", "0DUA8JZ": "Supplement Jejunum with Synthetic Substitute, Via Natural or Artificial Opening Endoscopic", "0DUA8KZ": "Supplement Jejunum with Nonautologous Tissue Substitute, Via Natural or Artificial Opening Endoscopic", "0DUB07Z": "Supplement Ileum with Autologous Tissue Substitute, Open Approach", "0DUB0JZ": "Supplement Ileum with Synthetic Substitute, Open Approach", "0DUB0KZ": "Supplement Ileum with Nonautologous Tissue Substitute, Open Approach", "0DUB47Z": "Supplement Ileum with Autologous Tissue Substitute, Percutaneous Endoscopic Approach", "0DUB4JZ": "Supplement Ileum with Synthetic Substitute, Percutaneous Endoscopic Approach", "0DUB4KZ": "Supplement Ileum with Nonautologous Tissue Substitute, Percutaneous Endoscopic Approach", "0DUB77Z": "Supplement Ileum with Autologous Tissue Substitute, Via Natural or Artificial Opening", "0DUB7JZ": "Supplement Ileum with Synthetic Substitute, Via Natural or Artificial Opening", "0DUB7KZ": "Supplement Ileum with Nonautologous Tissue Substitute, Via Natural or Artificial Opening", "0DUB87Z": "Supplement Ileum with Autologous Tissue Substitute, Via Natural or Artificial Opening Endoscopic", "0DUB8JZ": "Supplement Ileum with Synthetic Substitute, Via Natural or Artificial Opening Endoscopic", "0DUB8KZ": "Supplement Ileum with Nonautologous Tissue Substitute, Via Natural or Artificial Opening Endoscopic", "0DUC07Z": "Supplement Ileocecal Valve with Autologous Tissue Substitute, Open Approach", "0DUC0JZ": "Supplement Ileocecal Valve with Synthetic Substitute, Open Approach", "0DUC0KZ": "Supplement Ileocecal Valve with Nonautologous Tissue Substitute, Open Approach", "0DUC47Z": "Supplement Ileocecal Valve with Autologous Tissue Substitute, Percutaneous Endoscopic Approach", "0DUC4JZ": "Supplement Ileocecal Valve with Synthetic Substitute, Percutaneous Endoscopic Approach", "0DUC4KZ": "Supplement Ileocecal Valve with Nonautologous Tissue Substitute, Percutaneous Endoscopic Approach", "0DUC77Z": "Supplement Ileocecal Valve with Autologous Tissue Substitute, Via Natural or Artificial Opening", "0DUC7JZ": "Supplement Ileocecal Valve with Synthetic Substitute, Via Natural or Artificial Opening", "0DUC7KZ": "Supplement Ileocecal Valve with Nonautologous Tissue Substitute, Via Natural or Artificial Opening", "0DUC87Z": "Supplement Ileocecal Valve with Autologous Tissue Substitute, Via Natural or Artificial Opening Endoscopic", "0DUC8JZ": "Supplement Ileocecal Valve with Synthetic Substitute, Via Natural or Artificial Opening Endoscopic", "0DUC8KZ": "Supplement Ileocecal Valve with Nonautologous Tissue Substitute, Via Natural or Artificial Opening Endoscopic", "0DUE07Z": "Supplement Large Intestine with Autologous Tissue Substitute, Open Approach", "0DUE0JZ": "Supplement Large Intestine with Synthetic Substitute, Open Approach", "0DUE0KZ": "Supplement Large Intestine with Nonautologous Tissue Substitute, Open Approach", "0DUE47Z": "Supplement Large Intestine with Autologous Tissue Substitute, Percutaneous Endoscopic Approach", "0DUE4JZ": "Supplement Large Intestine with Synthetic Substitute, Percutaneous Endoscopic Approach", "0DUE4KZ": "Supplement Large Intestine with Nonautologous Tissue Substitute, Percutaneous Endoscopic Approach", "0DUE77Z": "Supplement Large Intestine with Autologous Tissue Substitute, Via Natural or Artificial Opening", "0DUE7JZ": "Supplement Large Intestine with Synthetic Substitute, Via Natural or Artificial Opening", "0DUE7KZ": "Supplement Large Intestine with Nonautologous Tissue Substitute, Via Natural or Artificial Opening", "0DUE87Z": "Supplement Large Intestine with Autologous Tissue Substitute, Via Natural or Artificial Opening Endoscopic", "0DUE8JZ": "Supplement Large Intestine with Synthetic Substitute, Via Natural or Artificial Opening Endoscopic", "0DUE8KZ": "Supplement Large Intestine with Nonautologous Tissue Substitute, Via Natural or Artificial Opening Endoscopic", "0DUF07Z": "Supplement Right Large Intestine with Autologous Tissue Substitute, Open Approach", "0DUF0JZ": "Supplement Right Large Intestine with Synthetic Substitute, Open Approach", "0DUF0KZ": "Supplement Right Large Intestine with Nonautologous Tissue Substitute, Open Approach", "0DUF47Z": "Supplement Right Large Intestine with Autologous Tissue Substitute, Percutaneous Endoscopic Approach", "0DUF4JZ": "Supplement Right Large Intestine with Synthetic Substitute, Percutaneous Endoscopic Approach", "0DUF4KZ": "Supplement Right Large Intestine with Nonautologous Tissue Substitute, Percutaneous Endoscopic Approach", "0DUF77Z": "Supplement Right Large Intestine with Autologous Tissue Substitute, Via Natural or Artificial Opening", "0DUF7JZ": "Supplement Right Large Intestine with Synthetic Substitute, Via Natural or Artificial Opening", "0DUF7KZ": "Supplement Right Large Intestine with Nonautologous Tissue Substitute, Via Natural or Artificial Opening", "0DUF87Z": "Supplement Right Large Intestine with Autologous Tissue Substitute, Via Natural or Artificial Opening Endoscopic", "0DUF8JZ": "Supplement Right Large Intestine with Synthetic Substitute, Via Natural or Artificial Opening Endoscopic", "0DUF8KZ": "Supplement Right Large Intestine with Nonautologous Tissue Substitute, Via Natural or Artificial Opening Endoscopic", "0DUG07Z": "Supplement Left Large Intestine with Autologous Tissue Substitute, Open Approach", "0DUG0JZ": "Supplement Left Large Intestine with Synthetic Substitute, Open Approach", "0DUG0KZ": "Supplement Left Large Intestine with Nonautologous Tissue Substitute, Open Approach", "0DUG47Z": "Supplement Left Large Intestine with Autologous Tissue Substitute, Percutaneous Endoscopic Approach", "0DUG4JZ": "Supplement Left Large Intestine with Synthetic Substitute, Percutaneous Endoscopic Approach", "0DUG4KZ": "Supplement Left Large Intestine with Nonautologous Tissue Substitute, Percutaneous Endoscopic Approach", "0DUG77Z": "Supplement Left Large Intestine with Autologous Tissue Substitute, Via Natural or Artificial Opening", "0DUG7JZ": "Supplement Left Large Intestine with Synthetic Substitute, Via Natural or Artificial Opening", "0DUG7KZ": "Supplement Left Large Intestine with Nonautologous Tissue Substitute, Via Natural or Artificial Opening", "0DUG87Z": "Supplement Left Large Intestine with Autologous Tissue Substitute, Via Natural or Artificial Opening Endoscopic", "0DUG8JZ": "Supplement Left Large Intestine with Synthetic Substitute, Via Natural or Artificial Opening Endoscopic", "0DUG8KZ": "Supplement Left Large Intestine with Nonautologous Tissue Substitute, Via Natural or Artificial Opening Endoscopic", "0DUH07Z": "Supplement Cecum with Autologous Tissue Substitute, Open Approach", "0DUH0JZ": "Supplement Cecum with Synthetic Substitute, Open Approach", "0DUH0KZ": "Supplement Cecum with Nonautologous Tissue Substitute, Open Approach", "0DUH47Z": "Supplement Cecum with Autologous Tissue Substitute, Percutaneous Endoscopic Approach", "0DUH4JZ": "Supplement Cecum with Synthetic Substitute, Percutaneous Endoscopic Approach", "0DUH4KZ": "Supplement Cecum with Nonautologous Tissue Substitute, Percutaneous Endoscopic Approach", "0DUH77Z": "Supplement Cecum with Autologous Tissue Substitute, Via Natural or Artificial Opening", "0DUH7JZ": "Supplement Cecum with Synthetic Substitute, Via Natural or Artificial Opening", "0DUH7KZ": "Supplement Cecum with Nonautologous Tissue Substitute, Via Natural or Artificial Opening", "0DUH87Z": "Supplement Cecum with Autologous Tissue Substitute, Via Natural or Artificial Opening Endoscopic", "0DUH8JZ": "Supplement Cecum with Synthetic Substitute, Via Natural or Artificial Opening Endoscopic", "0DUH8KZ": "Supplement Cecum with Nonautologous Tissue Substitute, Via Natural or Artificial Opening Endoscopic", "0DUK07Z": "Supplement Ascending Colon with Autologous Tissue Substitute, Open Approach", "0DUK0JZ": "Supplement Ascending Colon with Synthetic Substitute, Open Approach", "0DUK0KZ": "Supplement Ascending Colon with Nonautologous Tissue Substitute, Open Approach", "0DUK47Z": "Supplement Ascending Colon with Autologous Tissue Substitute, Percutaneous Endoscopic Approach", "0DUK4JZ": "Supplement Ascending Colon with Synthetic Substitute, Percutaneous Endoscopic Approach", "0DUK4KZ": "Supplement Ascending Colon with Nonautologous Tissue Substitute, Percutaneous Endoscopic Approach", "0DUK77Z": "Supplement Ascending Colon with Autologous Tissue Substitute, Via Natural or Artificial Opening", "0DUK7JZ": "Supplement Ascending Colon with Synthetic Substitute, Via Natural or Artificial Opening", "0DUK7KZ": "Supplement Ascending Colon with Nonautologous Tissue Substitute, Via Natural or Artificial Opening", "0DUK87Z": "Supplement Ascending Colon with Autologous Tissue Substitute, Via Natural or Artificial Opening Endoscopic", "0DUK8JZ": "Supplement Ascending Colon with Synthetic Substitute, Via Natural or Artificial Opening Endoscopic", "0DUK8KZ": "Supplement Ascending Colon with Nonautologous Tissue Substitute, Via Natural or Artificial Opening Endoscopic", "0DUL07Z": "Supplement Transverse Colon with Autologous Tissue Substitute, Open Approach", "0DUL0JZ": "Supplement Transverse Colon with Synthetic Substitute, Open Approach", "0DUL0KZ": "Supplement Transverse Colon with Nonautologous Tissue Substitute, Open Approach", "0DUL47Z": "Supplement Transverse Colon with Autologous Tissue Substitute, Percutaneous Endoscopic Approach", "0DUL4JZ": "Supplement Transverse Colon with Synthetic Substitute, Percutaneous Endoscopic Approach", "0DUL4KZ": "Supplement Transverse Colon with Nonautologous Tissue Substitute, Percutaneous Endoscopic Approach", "0DUL77Z": "Supplement Transverse Colon with Autologous Tissue Substitute, Via Natural or Artificial Opening", "0DUL7JZ": "Supplement Transverse Colon with Synthetic Substitute, Via Natural or Artificial Opening", "0DUL7KZ": "Supplement Transverse Colon with Nonautologous Tissue Substitute, Via Natural or Artificial Opening", "0DUL87Z": "Supplement Transverse Colon with Autologous Tissue Substitute, Via Natural or Artificial Opening Endoscopic", "0DUL8JZ": "Supplement Transverse Colon with Synthetic Substitute, Via Natural or Artificial Opening Endoscopic", "0DUL8KZ": "Supplement Transverse Colon with Nonautologous Tissue Substitute, Via Natural or Artificial Opening Endoscopic", "0DUM07Z": "Supplement Descending Colon with Autologous Tissue Substitute, Open Approach", "0DUM0JZ": "Supplement Descending Colon with Synthetic Substitute, Open Approach", "0DUM0KZ": "Supplement Descending Colon with Nonautologous Tissue Substitute, Open Approach", "0DUM47Z": "Supplement Descending Colon with Autologous Tissue Substitute, Percutaneous Endoscopic Approach", "0DUM4JZ": "Supplement Descending Colon with Synthetic Substitute, Percutaneous Endoscopic Approach", "0DUM4KZ": "Supplement Descending Colon with Nonautologous Tissue Substitute, Percutaneous Endoscopic Approach", "0DUM77Z": "Supplement Descending Colon with Autologous Tissue Substitute, Via Natural or Artificial Opening", "0DUM7JZ": "Supplement Descending Colon with Synthetic Substitute, Via Natural or Artificial Opening", "0DUM7KZ": "Supplement Descending Colon with Nonautologous Tissue Substitute, Via Natural or Artificial Opening", "0DUM87Z": "Supplement Descending Colon with Autologous Tissue Substitute, Via Natural or Artificial Opening Endoscopic", "0DUM8JZ": "Supplement Descending Colon with Synthetic Substitute, Via Natural or Artificial Opening Endoscopic", "0DUM8KZ": "Supplement Descending Colon with Nonautologous Tissue Substitute, Via Natural or Artificial Opening Endoscopic", "0DUN07Z": "Supplement Sigmoid Colon with Autologous Tissue Substitute, Open Approach", "0DUN0JZ": "Supplement Sigmoid Colon with Synthetic Substitute, Open Approach", "0DUN0KZ": "Supplement Sigmoid Colon with Nonautologous Tissue Substitute, Open Approach", "0DUN47Z": "Supplement Sigmoid Colon with Autologous Tissue Substitute, Percutaneous Endoscopic Approach", "0DUN4JZ": "Supplement Sigmoid Colon with Synthetic Substitute, Percutaneous Endoscopic Approach", "0DUN4KZ": "Supplement Sigmoid Colon with Nonautologous Tissue Substitute, Percutaneous Endoscopic Approach", "0DUN77Z": "Supplement Sigmoid Colon with Autologous Tissue Substitute, Via Natural or Artificial Opening", "0DUN7JZ": "Supplement Sigmoid Colon with Synthetic Substitute, Via Natural or Artificial Opening", "0DUN7KZ": "Supplement Sigmoid Colon with Nonautologous Tissue Substitute, Via Natural or Artificial Opening", "0DUN87Z": "Supplement Sigmoid Colon with Autologous Tissue Substitute, Via Natural or Artificial Opening Endoscopic", "0DUN8JZ": "Supplement Sigmoid Colon with Synthetic Substitute, Via Natural or Artificial Opening Endoscopic", "0DUN8KZ": "Supplement Sigmoid Colon with Nonautologous Tissue Substitute, Via Natural or Artificial Opening Endoscopic", "0DUP07Z": "Supplement Rectum with Autologous Tissue Substitute, Open Approach", "0DUP0JZ": "Supplement Rectum with Synthetic Substitute, Open Approach", "0DUP0KZ": "Supplement Rectum with Nonautologous Tissue Substitute, Open Approach", "0DUP47Z": "Supplement Rectum with Autologous Tissue Substitute, Percutaneous Endoscopic Approach", "0DUP4JZ": "Supplement Rectum with Synthetic Substitute, Percutaneous Endoscopic Approach", "0DUP4KZ": "Supplement Rectum with Nonautologous Tissue Substitute, Percutaneous Endoscopic Approach", "0DUP77Z": "Supplement Rectum with Autologous Tissue Substitute, Via Natural or Artificial Opening", "0DUP7JZ": "Supplement Rectum with Synthetic Substitute, Via Natural or Artificial Opening", "0DUP7KZ": "Supplement Rectum with Nonautologous Tissue Substitute, Via Natural or Artificial Opening", "0DUP87Z": "Supplement Rectum with Autologous Tissue Substitute, Via Natural or Artificial Opening Endoscopic", "0DUP8JZ": "Supplement Rectum with Synthetic Substitute, Via Natural or Artificial Opening Endoscopic", "0DUP8KZ": "Supplement Rectum with Nonautologous Tissue Substitute, Via Natural or Artificial Opening Endoscopic", "0DUQ07Z": "Supplement Anus with Autologous Tissue Substitute, Open Approach", "0DUQ0JZ": "Supplement Anus with Synthetic Substitute, Open Approach", "0DUQ0KZ": "Supplement Anus with Nonautologous Tissue Substitute, Open Approach", "0DUQ47Z": "Supplement Anus with Autologous Tissue Substitute, Percutaneous Endoscopic Approach", "0DUQ4JZ": "Supplement Anus with Synthetic Substitute, Percutaneous Endoscopic Approach", "0DUQ4KZ": "Supplement Anus with Nonautologous Tissue Substitute, Percutaneous Endoscopic Approach", "0DUQ77Z": "Supplement Anus with Autologous Tissue Substitute, Via Natural or Artificial Opening", "0DUQ7JZ": "Supplement Anus with Synthetic Substitute, Via Natural or Artificial Opening", "0DUQ7KZ": "Supplement Anus with Nonautologous Tissue Substitute, Via Natural or Artificial Opening", "0DUQ87Z": "Supplement Anus with Autologous Tissue Substitute, Via Natural or Artificial Opening Endoscopic", "0DUQ8JZ": "Supplement Anus with Synthetic Substitute, Via Natural or Artificial Opening Endoscopic", "0DUQ8KZ": "Supplement Anus with Nonautologous Tissue Substitute, Via Natural or Artificial Opening Endoscopic", "0DUQX7Z": "Supplement Anus with Autologous Tissue Substitute, External Approach", "0DUQXJZ": "Supplement Anus with Synthetic Substitute, External Approach", "0DUQXKZ": "Supplement Anus with Nonautologous Tissue Substitute, External Approach", "0DUR07Z": "Supplement Anal Sphincter with Autologous Tissue Substitute, Open Approach", "0DUR0JZ": "Supplement Anal Sphincter with Synthetic Substitute, Open Approach", "0DUR0KZ": "Supplement Anal Sphincter with Nonautologous Tissue Substitute, Open Approach", "0DUR47Z": "Supplement Anal Sphincter with Autologous Tissue Substitute, Percutaneous Endoscopic Approach", "0DUR4JZ": "Supplement Anal Sphincter with Synthetic Substitute, Percutaneous Endoscopic Approach", "0DUR4KZ": "Supplement Anal Sphincter with Nonautologous Tissue Substitute, Percutaneous Endoscopic Approach", "0DUU07Z": "Supplement Omentum with Autologous Tissue Substitute, Open Approach", "0DUU0JZ": "Supplement Omentum with Synthetic Substitute, Open Approach", "0DUU0KZ": "Supplement Omentum with Nonautologous Tissue Substitute, Open Approach", "0DUU47Z": "Supplement Omentum with Autologous Tissue Substitute, Percutaneous Endoscopic Approach", "0DUU4JZ": "Supplement Omentum with Synthetic Substitute, Percutaneous Endoscopic Approach", "0DUU4KZ": "Supplement Omentum with Nonautologous Tissue Substitute, Percutaneous Endoscopic Approach", "0DUV07Z": "Supplement Mesentery with Autologous Tissue Substitute, Open Approach", "0DUV0JZ": "Supplement Mesentery with Synthetic Substitute, Open Approach", "0DUV0KZ": "Supplement Mesentery with Nonautologous Tissue Substitute, Open Approach", "0DUV47Z": "Supplement Mesentery with Autologous Tissue Substitute, Percutaneous Endoscopic Approach", "0DUV4JZ": "Supplement Mesentery with Synthetic Substitute, Percutaneous Endoscopic Approach", "0DUV4KZ": "Supplement Mesentery with Nonautologous Tissue Substitute, Percutaneous Endoscopic Approach", "0DUW07Z": "Supplement Peritoneum with Autologous Tissue Substitute, Open Approach", "0DUW0JZ": "Supplement Peritoneum with Synthetic Substitute, Open Approach", "0DUW0KZ": "Supplement Peritoneum with Nonautologous Tissue Substitute, Open Approach", "0DUW47Z": "Supplement Peritoneum with Autologous Tissue Substitute, Percutaneous Endoscopic Approach", "0DUW4JZ": "Supplement Peritoneum with Synthetic Substitute, Percutaneous Endoscopic Approach", "0DUW4KZ": "Supplement Peritoneum with Nonautologous Tissue Substitute, Percutaneous Endoscopic Approach"}