{"0DY": "Gastrointestinal System, Transplantation", "0DY50Z0": "Transplantation of Esophagus, Allogeneic, Open Approach", "0DY50Z1": "Transplantation of Esophagus, Syngeneic, Open Approach", "0DY50Z2": "Transplantation of Esophagus, Zooplastic, Open Approach", "0DY60Z0": "Transplantation of Stomach, Allogeneic, Open Approach", "0DY60Z1": "Transplantation of Stomach, Syngeneic, Open Approach", "0DY60Z2": "Transplantation of Stomach, Zooplastic, Open Approach", "0DY80Z0": "Transplantation of Small Intestine, Allogeneic, Open Approach", "0DY80Z1": "Transplantation of Small Intestine, Syngeneic, Open Approach", "0DY80Z2": "Transplantation of Small Intestine, Zooplastic, Open Approach", "0DYE0Z0": "Transplantation of Large Intestine, Allogeneic, Open Approach", "0DYE0Z1": "Transplantation of Large Intestine, Syngeneic, Open Approach", "0DYE0Z2": "Transplantation of Large Intestine, Zooplastic, Open Approach"}