{"0C0": "Mouth and Throat, Alteration", "0C00X7Z": "Alteration of Upper Lip with Autologous Tissue Substitute, External Approach", "0C00XJZ": "Alteration of Upper Lip with Synthetic Substitute, External Approach", "0C00XKZ": "Alteration of Upper Lip with Nonautologous Tissue Substitute, External Approach", "0C00XZZ": "Alteration of Upper Lip, External Approach", "0C01X7Z": "Alteration of Lower Lip with Autologous Tissue Substitute, External Approach", "0C01XJZ": "Alteration of Lower Lip with Synthetic Substitute, External Approach", "0C01XKZ": "Alteration of Lower Lip with Nonautologous Tissue Substitute, External Approach", "0C01XZZ": "Alteration of Lower Lip, External Approach"}