{"0C7": "Mouth and Throat, Dilation", "0C7B0DZ": "Dilation of Right Parotid Duct with Intraluminal Device, Open Approach", "0C7B0ZZ": "Dilation of Right Parotid Duct, Open Approach", "0C7B3DZ": "Dilation of Right Parotid Duct with Intraluminal Device, Percutaneous Approach", "0C7B3ZZ": "Dilation of Right Parotid Duct, Percutaneous Approach", "0C7B7DZ": "Dilation of Right Parotid Duct with Intraluminal Device, Via Natural or Artificial Opening", "0C7B7ZZ": "Dilation of Right Parotid Duct, Via Natural or Artificial Opening", "0C7C0DZ": "Dilation of Left Parotid Duct with Intraluminal Device, Open Approach", "0C7C0ZZ": "Dilation of Left Parotid Duct, Open Approach", "0C7C3DZ": "Dilation of Left Parotid Duct with Intraluminal Device, Percutaneous Approach", "0C7C3ZZ": "Dilation of Left Parotid Duct, Percutaneous Approach", "0C7C7DZ": "Dilation of Left Parotid Duct with Intraluminal Device, Via Natural or Artificial Opening", "0C7C7ZZ": "Dilation of Left Parotid Duct, Via Natural or Artificial Opening", "0C7M7DZ": "Dilation of Pharynx with Intraluminal Device, Via Natural or Artificial Opening", "0C7M7ZZ": "Dilation of Pharynx, Via Natural or Artificial Opening", "0C7M8DZ": "Dilation of Pharynx with Intraluminal Device, Via Natural or Artificial Opening Endoscopic", "0C7M8ZZ": "Dilation of Pharynx, Via Natural or Artificial Opening Endoscopic", "0C7S0DZ": "Dilation of Larynx with Intraluminal Device, Open Approach", "0C7S0ZZ": "Dilation of Larynx, Open Approach", "0C7S3DZ": "Dilation of Larynx with Intraluminal Device, Percutaneous Approach", "0C7S3ZZ": "Dilation of Larynx, Percutaneous Approach", "0C7S4DZ": "Dilation of Larynx with Intraluminal Device, Percutaneous Endoscopic Approach", "0C7S4ZZ": "Dilation of Larynx, Percutaneous Endoscopic Approach", "0C7S7DZ": "Dilation of Larynx with Intraluminal Device, Via Natural or Artificial Opening", "0C7S7ZZ": "Dilation of Larynx, Via Natural or Artificial Opening", "0C7S8DZ": "Dilation of Larynx with Intraluminal Device, Via Natural or Artificial Opening Endoscopic", "0C7S8ZZ": "Dilation of Larynx, Via Natural or Artificial Opening Endoscopic"}