{"0CH": "Mouth and Throat, Insertion", "0CH701Z": "Insertion of Radioactive Element into Tongue, Open Approach", "0CH731Z": "Insertion of Radioactive Element into Tongue, Percutaneous Approach", "0CH7X1Z": "Insertion of Radioactive Element into Tongue, External Approach", "0CHA01Z": "Insertion of Radioactive Element into Salivary Gland, Open Approach", "0CHA0YZ": "Insertion of Other Device into Salivary Gland, Open Approach", "0CHA31Z": "Insertion of Radioactive Element into Salivary Gland, Percutaneous Approach", "0CHA3YZ": "Insertion of Other Device into Salivary Gland, Percutaneous Approach", "0CHA71Z": "Insertion of Radioactive Element into Salivary Gland, Via Natural or Artificial Opening", "0CHA7YZ": "Insertion of Other Device into Salivary Gland, Via Natural or Artificial Opening", "0CHA81Z": "Insertion of Radioactive Element into Salivary Gland, Via Natural or Artificial Opening Endoscopic", "0CHA8YZ": "Insertion of Other Device into Salivary Gland, Via Natural or Artificial Opening Endoscopic", "0CHS01Z": "Insertion of Radioactive Element into Larynx, Open Approach", "0CHS0YZ": "Insertion of Other Device into Larynx, Open Approach", "0CHS31Z": "Insertion of Radioactive Element into Larynx, Percutaneous Approach", "0CHS3YZ": "Insertion of Other Device into Larynx, Percutaneous Approach", "0CHS71Z": "Insertion of Radioactive Element into Larynx, Via Natural or Artificial Opening", "0CHS7YZ": "Insertion of Other Device into Larynx, Via Natural or Artificial Opening", "0CHS81Z": "Insertion of Radioactive Element into Larynx, Via Natural or Artificial Opening Endoscopic", "0CHS8YZ": "Insertion of Other Device into Larynx, Via Natural or Artificial Opening Endoscopic", "0CHY01Z": "Insertion of Radioactive Element into Mouth and Throat, Open Approach", "0CHY0YZ": "Insertion of Other Device into Mouth and Throat, Open Approach", "0CHY31Z": "Insertion of Radioactive Element into Mouth and Throat, Percutaneous Approach", "0CHY3YZ": "Insertion of Other Device into Mouth and Throat, Percutaneous Approach", "0CHY71Z": "Insertion of Radioactive Element into Mouth and Throat, Via Natural or Artificial Opening", "0CHY7BZ": "Insertion of Airway into Mouth and Throat, Via Natural or Artificial Opening", "0CHY7YZ": "Insertion of Other Device into Mouth and Throat, Via Natural or Artificial Opening", "0CHY81Z": "Insertion of Radioactive Element into Mouth and Throat, Via Natural or Artificial Opening Endoscopic", "0CHY8BZ": "Insertion of Airway into Mouth and Throat, Via Natural or Artificial Opening Endoscopic", "0CHY8YZ": "Insertion of Other Device into Mouth and Throat, Via Natural or Artificial Opening Endoscopic"}