{"0CJ": "Mouth and Throat, Inspection", "0CJA0ZZ": "Inspection of Salivary Gland, Open Approach", "0CJA3ZZ": "Inspection of Salivary Gland, Percutaneous Approach", "0CJAXZZ": "Inspection of Salivary Gland, External Approach", "0CJS0ZZ": "Inspection of Larynx, Open Approach", "0CJS3ZZ": "Inspection of Larynx, Percutaneous Approach", "0CJS4ZZ": "Inspection of Larynx, Percutaneous Endoscopic Approach", "0CJS7ZZ": "Inspection of Larynx, Via Natural or Artificial Opening", "0CJS8ZZ": "Inspection of Larynx, Via Natural or Artificial Opening Endoscopic", "0CJSXZZ": "Inspection of Larynx, External Approach", "0CJY0ZZ": "Inspection of Mouth and Throat, Open Approach", "0CJY3ZZ": "Inspection of Mouth and Throat, Percutaneous Approach", "0CJY4ZZ": "Inspection of Mouth and Throat, Percutaneous Endoscopic Approach", "0CJY7ZZ": "Inspection of Mouth and Throat, Via Natural or Artificial Opening", "0CJY8ZZ": "Inspection of Mouth and Throat, Via Natural or Artificial Opening Endoscopic", "0CJYXZZ": "Inspection of Mouth and Throat, External Approach"}