{"0CR": "Mouth and Throat, Replacement", "0CR007Z": "Replacement of Upper Lip with Autologous Tissue Substitute, Open Approach", "0CR00JZ": "Replacement of Upper Lip with Synthetic Substitute, Open Approach", "0CR00KZ": "Replacement of Upper Lip with Nonautologous Tissue Substitute, Open Approach", "0CR037Z": "Replacement of Upper Lip with Autologous Tissue Substitute, Percutaneous Approach", "0CR03JZ": "Replacement of Upper Lip with Synthetic Substitute, Percutaneous Approach", "0CR03KZ": "Replacement of Upper Lip with Nonautologous Tissue Substitute, Percutaneous Approach", "0CR0X7Z": "Replacement of Upper Lip with Autologous Tissue Substitute, External Approach", "0CR0XJZ": "Replacement of Upper Lip with Synthetic Substitute, External Approach", "0CR0XKZ": "Replacement of Upper Lip with Nonautologous Tissue Substitute, External Approach", "0CR107Z": "Replacement of Lower Lip with Autologous Tissue Substitute, Open Approach", "0CR10JZ": "Replacement of Lower Lip with Synthetic Substitute, Open Approach", "0CR10KZ": "Replacement of Lower Lip with Nonautologous Tissue Substitute, Open Approach", "0CR137Z": "Replacement of Lower Lip with Autologous Tissue Substitute, Percutaneous Approach", "0CR13JZ": "Replacement of Lower Lip with Synthetic Substitute, Percutaneous Approach", "0CR13KZ": "Replacement of Lower Lip with Nonautologous Tissue Substitute, Percutaneous Approach", "0CR1X7Z": "Replacement of Lower Lip with Autologous Tissue Substitute, External Approach", "0CR1XJZ": "Replacement of Lower Lip with Synthetic Substitute, External Approach", "0CR1XKZ": "Replacement of Lower Lip with Nonautologous Tissue Substitute, External Approach", "0CR207Z": "Replacement of Hard Palate with Autologous Tissue Substitute, Open Approach", "0CR20JZ": "Replacement of Hard Palate with Synthetic Substitute, Open Approach", "0CR20KZ": "Replacement of Hard Palate with Nonautologous Tissue Substitute, Open Approach", "0CR237Z": "Replacement of Hard Palate with Autologous Tissue Substitute, Percutaneous Approach", "0CR23JZ": "Replacement of Hard Palate with Synthetic Substitute, Percutaneous Approach", "0CR23KZ": "Replacement of Hard Palate with Nonautologous Tissue Substitute, Percutaneous Approach", "0CR2X7Z": "Replacement of Hard Palate with Autologous Tissue Substitute, External Approach", "0CR2XJZ": "Replacement of Hard Palate with Synthetic Substitute, External Approach", "0CR2XKZ": "Replacement of Hard Palate with Nonautologous Tissue Substitute, External Approach", "0CR307Z": "Replacement of Soft Palate with Autologous Tissue Substitute, Open Approach", "0CR30JZ": "Replacement of Soft Palate with Synthetic Substitute, Open Approach", "0CR30KZ": "Replacement of Soft Palate with Nonautologous Tissue Substitute, Open Approach", "0CR337Z": "Replacement of Soft Palate with Autologous Tissue Substitute, Percutaneous Approach", "0CR33JZ": "Replacement of Soft Palate with Synthetic Substitute, Percutaneous Approach", "0CR33KZ": "Replacement of Soft Palate with Nonautologous Tissue Substitute, Percutaneous Approach", "0CR3X7Z": "Replacement of Soft Palate with Autologous Tissue Substitute, External Approach", "0CR3XJZ": "Replacement of Soft Palate with Synthetic Substitute, External Approach", "0CR3XKZ": "Replacement of Soft Palate with Nonautologous Tissue Substitute, External Approach", "0CR407Z": "Replacement of Buccal Mucosa with Autologous Tissue Substitute, Open Approach", "0CR40JZ": "Replacement of Buccal Mucosa with Synthetic Substitute, Open Approach", "0CR40KZ": "Replacement of Buccal Mucosa with Nonautologous Tissue Substitute, Open Approach", "0CR437Z": "Replacement of Buccal Mucosa with Autologous Tissue Substitute, Percutaneous Approach", "0CR43JZ": "Replacement of Buccal Mucosa with Synthetic Substitute, Percutaneous Approach", "0CR43KZ": "Replacement of Buccal Mucosa with Nonautologous Tissue Substitute, Percutaneous Approach", "0CR4X7Z": "Replacement of Buccal Mucosa with Autologous Tissue Substitute, External Approach", "0CR4XJZ": "Replacement of Buccal Mucosa with Synthetic Substitute, External Approach", "0CR4XKZ": "Replacement of Buccal Mucosa with Nonautologous Tissue Substitute, External Approach", "0CR507Z": "Replacement of Upper Gingiva with Autologous Tissue Substitute, Open Approach", "0CR50JZ": "Replacement of Upper Gingiva with Synthetic Substitute, Open Approach", "0CR50KZ": "Replacement of Upper Gingiva with Nonautologous Tissue Substitute, Open Approach", "0CR537Z": "Replacement of Upper Gingiva with Autologous Tissue Substitute, Percutaneous Approach", "0CR53JZ": "Replacement of Upper Gingiva with Synthetic Substitute, Percutaneous Approach", "0CR53KZ": "Replacement of Upper Gingiva with Nonautologous Tissue Substitute, Percutaneous Approach", "0CR5X7Z": "Replacement of Upper Gingiva with Autologous Tissue Substitute, External Approach", "0CR5XJZ": "Replacement of Upper Gingiva with Synthetic Substitute, External Approach", "0CR5XKZ": "Replacement of Upper Gingiva with Nonautologous Tissue Substitute, External Approach", "0CR607Z": "Replacement of Lower Gingiva with Autologous Tissue Substitute, Open Approach", "0CR60JZ": "Replacement of Lower Gingiva with Synthetic Substitute, Open Approach", "0CR60KZ": "Replacement of Lower Gingiva with Nonautologous Tissue Substitute, Open Approach", "0CR637Z": "Replacement of Lower Gingiva with Autologous Tissue Substitute, Percutaneous Approach", "0CR63JZ": "Replacement of Lower Gingiva with Synthetic Substitute, Percutaneous Approach", "0CR63KZ": "Replacement of Lower Gingiva with Nonautologous Tissue Substitute, Percutaneous Approach", "0CR6X7Z": "Replacement of Lower Gingiva with Autologous Tissue Substitute, External Approach", "0CR6XJZ": "Replacement of Lower Gingiva with Synthetic Substitute, External Approach", "0CR6XKZ": "Replacement of Lower Gingiva with Nonautologous Tissue Substitute, External Approach", "0CR707Z": "Replacement of Tongue with Autologous Tissue Substitute, Open Approach", "0CR70JZ": "Replacement of Tongue with Synthetic Substitute, Open Approach", "0CR70KZ": "Replacement of Tongue with Nonautologous Tissue Substitute, Open Approach", "0CR737Z": "Replacement of Tongue with Autologous Tissue Substitute, Percutaneous Approach", "0CR73JZ": "Replacement of Tongue with Synthetic Substitute, Percutaneous Approach", "0CR73KZ": "Replacement of Tongue with Nonautologous Tissue Substitute, Percutaneous Approach", "0CR7X7Z": "Replacement of Tongue with Autologous Tissue Substitute, External Approach", "0CR7XJZ": "Replacement of Tongue with Synthetic Substitute, External Approach", "0CR7XKZ": "Replacement of Tongue with Nonautologous Tissue Substitute, External Approach", "0CRB07Z": "Replacement of Right Parotid Duct with Autologous Tissue Substitute, Open Approach", "0CRB0JZ": "Replacement of Right Parotid Duct with Synthetic Substitute, Open Approach", "0CRB0KZ": "Replacement of Right Parotid Duct with Nonautologous Tissue Substitute, Open Approach", "0CRB37Z": "Replacement of Right Parotid Duct with Autologous Tissue Substitute, Percutaneous Approach", "0CRB3JZ": "Replacement of Right Parotid Duct with Synthetic Substitute, Percutaneous Approach", "0CRB3KZ": "Replacement of Right Parotid Duct with Nonautologous Tissue Substitute, Percutaneous Approach", "0CRC07Z": "Replacement of Left Parotid Duct with Autologous Tissue Substitute, Open Approach", "0CRC0JZ": "Replacement of Left Parotid Duct with Synthetic Substitute, Open Approach", "0CRC0KZ": "Replacement of Left Parotid Duct with Nonautologous Tissue Substitute, Open Approach", "0CRC37Z": "Replacement of Left Parotid Duct with Autologous Tissue Substitute, Percutaneous Approach", "0CRC3JZ": "Replacement of Left Parotid Duct with Synthetic Substitute, Percutaneous Approach", "0CRC3KZ": "Replacement of Left Parotid Duct with Nonautologous Tissue Substitute, Percutaneous Approach", "0CRM07Z": "Replacement of Pharynx with Autologous Tissue Substitute, Open Approach", "0CRM0JZ": "Replacement of Pharynx with Synthetic Substitute, Open Approach", "0CRM0KZ": "Replacement of Pharynx with Nonautologous Tissue Substitute, Open Approach", "0CRM77Z": "Replacement of Pharynx with Autologous Tissue Substitute, Via Natural or Artificial Opening", "0CRM7JZ": "Replacement of Pharynx with Synthetic Substitute, Via Natural or Artificial Opening", "0CRM7KZ": "Replacement of Pharynx with Nonautologous Tissue Substitute, Via Natural or Artificial Opening", "0CRM87Z": "Replacement of Pharynx with Autologous Tissue Substitute, Via Natural or Artificial Opening Endoscopic", "0CRM8JZ": "Replacement of Pharynx with Synthetic Substitute, Via Natural or Artificial Opening Endoscopic", "0CRM8KZ": "Replacement of Pharynx with Nonautologous Tissue Substitute, Via Natural or Artificial Opening Endoscopic", "0CRN07Z": "Replacement of Uvula with Autologous Tissue Substitute, Open Approach", "0CRN0JZ": "Replacement of Uvula with Synthetic Substitute, Open Approach", "0CRN0KZ": "Replacement of Uvula with Nonautologous Tissue Substitute, Open Approach", "0CRN37Z": "Replacement of Uvula with Autologous Tissue Substitute, Percutaneous Approach", "0CRN3JZ": "Replacement of Uvula with Synthetic Substitute, Percutaneous Approach", "0CRN3KZ": "Replacement of Uvula with Nonautologous Tissue Substitute, Percutaneous Approach", "0CRNX7Z": "Replacement of Uvula with Autologous Tissue Substitute, External Approach", "0CRNXJZ": "Replacement of Uvula with Synthetic Substitute, External Approach", "0CRNXKZ": "Replacement of Uvula with Nonautologous Tissue Substitute, External Approach", "0CRR07Z": "Replacement of Epiglottis with Autologous Tissue Substitute, Open Approach", "0CRR0JZ": "Replacement of Epiglottis with Synthetic Substitute, Open Approach", "0CRR0KZ": "Replacement of Epiglottis with Nonautologous Tissue Substitute, Open Approach", "0CRR77Z": "Replacement of Epiglottis with Autologous Tissue Substitute, Via Natural or Artificial Opening", "0CRR7JZ": "Replacement of Epiglottis with Synthetic Substitute, Via Natural or Artificial Opening", "0CRR7KZ": "Replacement of Epiglottis with Nonautologous Tissue Substitute, Via Natural or Artificial Opening", "0CRR87Z": "Replacement of Epiglottis with Autologous Tissue Substitute, Via Natural or Artificial Opening Endoscopic", "0CRR8JZ": "Replacement of Epiglottis with Synthetic Substitute, Via Natural or Artificial Opening Endoscopic", "0CRR8KZ": "Replacement of Epiglottis with Nonautologous Tissue Substitute, Via Natural or Artificial Opening Endoscopic", "0CRS07Z": "Replacement of Larynx with Autologous Tissue Substitute, Open Approach", "0CRS0JZ": "Replacement of Larynx with Synthetic Substitute, Open Approach", "0CRS0KZ": "Replacement of Larynx with Nonautologous Tissue Substitute, Open Approach", "0CRS77Z": "Replacement of Larynx with Autologous Tissue Substitute, Via Natural or Artificial Opening", "0CRS7JZ": "Replacement of Larynx with Synthetic Substitute, Via Natural or Artificial Opening", "0CRS7KZ": "Replacement of Larynx with Nonautologous Tissue Substitute, Via Natural or Artificial Opening", "0CRS87Z": "Replacement of Larynx with Autologous Tissue Substitute, Via Natural or Artificial Opening Endoscopic", "0CRS8JZ": "Replacement of Larynx with Synthetic Substitute, Via Natural or Artificial Opening Endoscopic", "0CRS8KZ": "Replacement of Larynx with Nonautologous Tissue Substitute, Via Natural or Artificial Opening Endoscopic", "0CRT07Z": "Replacement of Right Vocal Cord with Autologous Tissue Substitute, Open Approach", "0CRT0JZ": "Replacement of Right Vocal Cord with Synthetic Substitute, Open Approach", "0CRT0KZ": "Replacement of Right Vocal Cord with Nonautologous Tissue Substitute, Open Approach", "0CRT77Z": "Replacement of Right Vocal Cord with Autologous Tissue Substitute, Via Natural or Artificial Opening", "0CRT7JZ": "Replacement of Right Vocal Cord with Synthetic Substitute, Via Natural or Artificial Opening", "0CRT7KZ": "Replacement of Right Vocal Cord with Nonautologous Tissue Substitute, Via Natural or Artificial Opening", "0CRT87Z": "Replacement of Right Vocal Cord with Autologous Tissue Substitute, Via Natural or Artificial Opening Endoscopic", "0CRT8JZ": "Replacement of Right Vocal Cord with Synthetic Substitute, Via Natural or Artificial Opening Endoscopic", "0CRT8KZ": "Replacement of Right Vocal Cord with Nonautologous Tissue Substitute, Via Natural or Artificial Opening Endoscopic", "0CRV07Z": "Replacement of Left Vocal Cord with Autologous Tissue Substitute, Open Approach", "0CRV0JZ": "Replacement of Left Vocal Cord with Synthetic Substitute, Open Approach", "0CRV0KZ": "Replacement of Left Vocal Cord with Nonautologous Tissue Substitute, Open Approach", "0CRV77Z": "Replacement of Left Vocal Cord with Autologous Tissue Substitute, Via Natural or Artificial Opening", "0CRV7JZ": "Replacement of Left Vocal Cord with Synthetic Substitute, Via Natural or Artificial Opening", "0CRV7KZ": "Replacement of Left Vocal Cord with Nonautologous Tissue Substitute, Via Natural or Artificial Opening", "0CRV87Z": "Replacement of Left Vocal Cord with Autologous Tissue Substitute, Via Natural or Artificial Opening Endoscopic", "0CRV8JZ": "Replacement of Left Vocal Cord with Synthetic Substitute, Via Natural or Artificial Opening Endoscopic", "0CRV8KZ": "Replacement of Left Vocal Cord with Nonautologous Tissue Substitute, Via Natural or Artificial Opening Endoscopic", "0CRW070": "Replacement of Upper Tooth, Single, with Autologous Tissue Substitute, Open Approach", "0CRW071": "Replacement of Upper Tooth, Multiple, with Autologous Tissue Substitute, Open Approach", "0CRW072": "Replacement of Upper Tooth, All, with Autologous Tissue Substitute, Open Approach", "0CRW0J0": "Replacement of Upper Tooth, Single, with Synthetic Substitute, Open Approach", "0CRW0J1": "Replacement of Upper Tooth, Multiple, with Synthetic Substitute, Open Approach", "0CRW0J2": "Replacement of Upper Tooth, All, with Synthetic Substitute, Open Approach", "0CRW0K0": "Replacement of Upper Tooth, Single, with Nonautologous Tissue Substitute, Open Approach", "0CRW0K1": "Replacement of Upper Tooth, Multiple, with Nonautologous Tissue Substitute, Open Approach", "0CRW0K2": "Replacement of Upper Tooth, All, with Nonautologous Tissue Substitute, Open Approach", "0CRWX70": "Replacement of Upper Tooth, Single, with Autologous Tissue Substitute, External Approach", "0CRWX71": "Replacement of Upper Tooth, Multiple, with Autologous Tissue Substitute, External Approach", "0CRWX72": "Replacement of Upper Tooth, All, with Autologous Tissue Substitute, External Approach", "0CRWXJ0": "Replacement of Upper Tooth, Single, with Synthetic Substitute, External Approach", "0CRWXJ1": "Replacement of Upper Tooth, Multiple, with Synthetic Substitute, External Approach", "0CRWXJ2": "Replacement of Upper Tooth, All, with Synthetic Substitute, External Approach", "0CRWXK0": "Replacement of Upper Tooth, Single, with Nonautologous Tissue Substitute, External Approach", "0CRWXK1": "Replacement of Upper Tooth, Multiple, with Nonautologous Tissue Substitute, External Approach", "0CRWXK2": "Replacement of Upper Tooth, All, with Nonautologous Tissue Substitute, External Approach", "0CRX070": "Replacement of Lower Tooth, Single, with Autologous Tissue Substitute, Open Approach", "0CRX071": "Replacement of Lower Tooth, Multiple, with Autologous Tissue Substitute, Open Approach", "0CRX072": "Replacement of Lower Tooth, All, with Autologous Tissue Substitute, Open Approach", "0CRX0J0": "Replacement of Lower Tooth, Single, with Synthetic Substitute, Open Approach", "0CRX0J1": "Replacement of Lower Tooth, Multiple, with Synthetic Substitute, Open Approach", "0CRX0J2": "Replacement of Lower Tooth, All, with Synthetic Substitute, Open Approach", "0CRX0K0": "Replacement of Lower Tooth, Single, with Nonautologous Tissue Substitute, Open Approach", "0CRX0K1": "Replacement of Lower Tooth, Multiple, with Nonautologous Tissue Substitute, Open Approach", "0CRX0K2": "Replacement of Lower Tooth, All, with Nonautologous Tissue Substitute, Open Approach", "0CRXX70": "Replacement of Lower Tooth, Single, with Autologous Tissue Substitute, External Approach", "0CRXX71": "Replacement of Lower Tooth, Multiple, with Autologous Tissue Substitute, External Approach", "0CRXX72": "Replacement of Lower Tooth, All, with Autologous Tissue Substitute, External Approach", "0CRXXJ0": "Replacement of Lower Tooth, Single, with Synthetic Substitute, External Approach", "0CRXXJ1": "Replacement of Lower Tooth, Multiple, with Synthetic Substitute, External Approach", "0CRXXJ2": "Replacement of Lower Tooth, All, with Synthetic Substitute, External Approach", "0CRXXK0": "Replacement of Lower Tooth, Single, with Nonautologous Tissue Substitute, External Approach", "0CRXXK1": "Replacement of Lower Tooth, Multiple, with Nonautologous Tissue Substitute, External Approach", "0CRXXK2": "Replacement of Lower Tooth, All, with Nonautologous Tissue Substitute, External Approach"}