{"0CU": "Mouth and Throat, Supplement", "0CU007Z": "Supplement Upper Lip with Autologous Tissue Substitute, Open Approach", "0CU00JZ": "Supplement Upper Lip with Synthetic Substitute, Open Approach", "0CU00KZ": "Supplement Upper Lip with Nonautologous Tissue Substitute, Open Approach", "0CU037Z": "Supplement Upper Lip with Autologous Tissue Substitute, Percutaneous Approach", "0CU03JZ": "Supplement Upper Lip with Synthetic Substitute, Percutaneous Approach", "0CU03KZ": "Supplement Upper Lip with Nonautologous Tissue Substitute, Percutaneous Approach", "0CU0X7Z": "Supplement Upper Lip with Autologous Tissue Substitute, External Approach", "0CU0XJZ": "Supplement Upper Lip with Synthetic Substitute, External Approach", "0CU0XKZ": "Supplement Upper Lip with Nonautologous Tissue Substitute, External Approach", "0CU107Z": "Supplement Lower Lip with Autologous Tissue Substitute, Open Approach", "0CU10JZ": "Supplement Lower Lip with Synthetic Substitute, Open Approach", "0CU10KZ": "Supplement Lower Lip with Nonautologous Tissue Substitute, Open Approach", "0CU137Z": "Supplement Lower Lip with Autologous Tissue Substitute, Percutaneous Approach", "0CU13JZ": "Supplement Lower Lip with Synthetic Substitute, Percutaneous Approach", "0CU13KZ": "Supplement Lower Lip with Nonautologous Tissue Substitute, Percutaneous Approach", "0CU1X7Z": "Supplement Lower Lip with Autologous Tissue Substitute, External Approach", "0CU1XJZ": "Supplement Lower Lip with Synthetic Substitute, External Approach", "0CU1XKZ": "Supplement Lower Lip with Nonautologous Tissue Substitute, External Approach", "0CU207Z": "Supplement Hard Palate with Autologous Tissue Substitute, Open Approach", "0CU20JZ": "Supplement Hard Palate with Synthetic Substitute, Open Approach", "0CU20KZ": "Supplement Hard Palate with Nonautologous Tissue Substitute, Open Approach", "0CU237Z": "Supplement Hard Palate with Autologous Tissue Substitute, Percutaneous Approach", "0CU23JZ": "Supplement Hard Palate with Synthetic Substitute, Percutaneous Approach", "0CU23KZ": "Supplement Hard Palate with Nonautologous Tissue Substitute, Percutaneous Approach", "0CU2X7Z": "Supplement Hard Palate with Autologous Tissue Substitute, External Approach", "0CU2XJZ": "Supplement Hard Palate with Synthetic Substitute, External Approach", "0CU2XKZ": "Supplement Hard Palate with Nonautologous Tissue Substitute, External Approach", "0CU307Z": "Supplement Soft Palate with Autologous Tissue Substitute, Open Approach", "0CU30JZ": "Supplement Soft Palate with Synthetic Substitute, Open Approach", "0CU30KZ": "Supplement Soft Palate with Nonautologous Tissue Substitute, Open Approach", "0CU337Z": "Supplement Soft Palate with Autologous Tissue Substitute, Percutaneous Approach", "0CU33JZ": "Supplement Soft Palate with Synthetic Substitute, Percutaneous Approach", "0CU33KZ": "Supplement Soft Palate with Nonautologous Tissue Substitute, Percutaneous Approach", "0CU3X7Z": "Supplement Soft Palate with Autologous Tissue Substitute, External Approach", "0CU3XJZ": "Supplement Soft Palate with Synthetic Substitute, External Approach", "0CU3XKZ": "Supplement Soft Palate with Nonautologous Tissue Substitute, External Approach", "0CU407Z": "Supplement Buccal Mucosa with Autologous Tissue Substitute, Open Approach", "0CU40JZ": "Supplement Buccal Mucosa with Synthetic Substitute, Open Approach", "0CU40KZ": "Supplement Buccal Mucosa with Nonautologous Tissue Substitute, Open Approach", "0CU437Z": "Supplement Buccal Mucosa with Autologous Tissue Substitute, Percutaneous Approach", "0CU43JZ": "Supplement Buccal Mucosa with Synthetic Substitute, Percutaneous Approach", "0CU43KZ": "Supplement Buccal Mucosa with Nonautologous Tissue Substitute, Percutaneous Approach", "0CU4X7Z": "Supplement Buccal Mucosa with Autologous Tissue Substitute, External Approach", "0CU4XJZ": "Supplement Buccal Mucosa with Synthetic Substitute, External Approach", "0CU4XKZ": "Supplement Buccal Mucosa with Nonautologous Tissue Substitute, External Approach", "0CU507Z": "Supplement Upper Gingiva with Autologous Tissue Substitute, Open Approach", "0CU50JZ": "Supplement Upper Gingiva with Synthetic Substitute, Open Approach", "0CU50KZ": "Supplement Upper Gingiva with Nonautologous Tissue Substitute, Open Approach", "0CU537Z": "Supplement Upper Gingiva with Autologous Tissue Substitute, Percutaneous Approach", "0CU53JZ": "Supplement Upper Gingiva with Synthetic Substitute, Percutaneous Approach", "0CU53KZ": "Supplement Upper Gingiva with Nonautologous Tissue Substitute, Percutaneous Approach", "0CU5X7Z": "Supplement Upper Gingiva with Autologous Tissue Substitute, External Approach", "0CU5XJZ": "Supplement Upper Gingiva with Synthetic Substitute, External Approach", "0CU5XKZ": "Supplement Upper Gingiva with Nonautologous Tissue Substitute, External Approach", "0CU607Z": "Supplement Lower Gingiva with Autologous Tissue Substitute, Open Approach", "0CU60JZ": "Supplement Lower Gingiva with Synthetic Substitute, Open Approach", "0CU60KZ": "Supplement Lower Gingiva with Nonautologous Tissue Substitute, Open Approach", "0CU637Z": "Supplement Lower Gingiva with Autologous Tissue Substitute, Percutaneous Approach", "0CU63JZ": "Supplement Lower Gingiva with Synthetic Substitute, Percutaneous Approach", "0CU63KZ": "Supplement Lower Gingiva with Nonautologous Tissue Substitute, Percutaneous Approach", "0CU6X7Z": "Supplement Lower Gingiva with Autologous Tissue Substitute, External Approach", "0CU6XJZ": "Supplement Lower Gingiva with Synthetic Substitute, External Approach", "0CU6XKZ": "Supplement Lower Gingiva with Nonautologous Tissue Substitute, External Approach", "0CU707Z": "Supplement Tongue with Autologous Tissue Substitute, Open Approach", "0CU70JZ": "Supplement Tongue with Synthetic Substitute, Open Approach", "0CU70KZ": "Supplement Tongue with Nonautologous Tissue Substitute, Open Approach", "0CU737Z": "Supplement Tongue with Autologous Tissue Substitute, Percutaneous Approach", "0CU73JZ": "Supplement Tongue with Synthetic Substitute, Percutaneous Approach", "0CU73KZ": "Supplement Tongue with Nonautologous Tissue Substitute, Percutaneous Approach", "0CU7X7Z": "Supplement Tongue with Autologous Tissue Substitute, External Approach", "0CU7XJZ": "Supplement Tongue with Synthetic Substitute, External Approach", "0CU7XKZ": "Supplement Tongue with Nonautologous Tissue Substitute, External Approach", "0CUM07Z": "Supplement Pharynx with Autologous Tissue Substitute, Open Approach", "0CUM0JZ": "Supplement Pharynx with Synthetic Substitute, Open Approach", "0CUM0KZ": "Supplement Pharynx with Nonautologous Tissue Substitute, Open Approach", "0CUM77Z": "Supplement Pharynx with Autologous Tissue Substitute, Via Natural or Artificial Opening", "0CUM7JZ": "Supplement Pharynx with Synthetic Substitute, Via Natural or Artificial Opening", "0CUM7KZ": "Supplement Pharynx with Nonautologous Tissue Substitute, Via Natural or Artificial Opening", "0CUM87Z": "Supplement Pharynx with Autologous Tissue Substitute, Via Natural or Artificial Opening Endoscopic", "0CUM8JZ": "Supplement Pharynx with Synthetic Substitute, Via Natural or Artificial Opening Endoscopic", "0CUM8KZ": "Supplement Pharynx with Nonautologous Tissue Substitute, Via Natural or Artificial Opening Endoscopic", "0CUN07Z": "Supplement Uvula with Autologous Tissue Substitute, Open Approach", "0CUN0JZ": "Supplement Uvula with Synthetic Substitute, Open Approach", "0CUN0KZ": "Supplement Uvula with Nonautologous Tissue Substitute, Open Approach", "0CUN37Z": "Supplement Uvula with Autologous Tissue Substitute, Percutaneous Approach", "0CUN3JZ": "Supplement Uvula with Synthetic Substitute, Percutaneous Approach", "0CUN3KZ": "Supplement Uvula with Nonautologous Tissue Substitute, Percutaneous Approach", "0CUNX7Z": "Supplement Uvula with Autologous Tissue Substitute, External Approach", "0CUNXJZ": "Supplement Uvula with Synthetic Substitute, External Approach", "0CUNXKZ": "Supplement Uvula with Nonautologous Tissue Substitute, External Approach", "0CUR07Z": "Supplement Epiglottis with Autologous Tissue Substitute, Open Approach", "0CUR0JZ": "Supplement Epiglottis with Synthetic Substitute, Open Approach", "0CUR0KZ": "Supplement Epiglottis with Nonautologous Tissue Substitute, Open Approach", "0CUR77Z": "Supplement Epiglottis with Autologous Tissue Substitute, Via Natural or Artificial Opening", "0CUR7JZ": "Supplement Epiglottis with Synthetic Substitute, Via Natural or Artificial Opening", "0CUR7KZ": "Supplement Epiglottis with Nonautologous Tissue Substitute, Via Natural or Artificial Opening", "0CUR87Z": "Supplement Epiglottis with Autologous Tissue Substitute, Via Natural or Artificial Opening Endoscopic", "0CUR8JZ": "Supplement Epiglottis with Synthetic Substitute, Via Natural or Artificial Opening Endoscopic", "0CUR8KZ": "Supplement Epiglottis with Nonautologous Tissue Substitute, Via Natural or Artificial Opening Endoscopic", "0CUS07Z": "Supplement Larynx with Autologous Tissue Substitute, Open Approach", "0CUS0JZ": "Supplement Larynx with Synthetic Substitute, Open Approach", "0CUS0KZ": "Supplement Larynx with Nonautologous Tissue Substitute, Open Approach", "0CUS77Z": "Supplement Larynx with Autologous Tissue Substitute, Via Natural or Artificial Opening", "0CUS7JZ": "Supplement Larynx with Synthetic Substitute, Via Natural or Artificial Opening", "0CUS7KZ": "Supplement Larynx with Nonautologous Tissue Substitute, Via Natural or Artificial Opening", "0CUS87Z": "Supplement Larynx with Autologous Tissue Substitute, Via Natural or Artificial Opening Endoscopic", "0CUS8JZ": "Supplement Larynx with Synthetic Substitute, Via Natural or Artificial Opening Endoscopic", "0CUS8KZ": "Supplement Larynx with Nonautologous Tissue Substitute, Via Natural or Artificial Opening Endoscopic", "0CUT07Z": "Supplement Right Vocal Cord with Autologous Tissue Substitute, Open Approach", "0CUT0JZ": "Supplement Right Vocal Cord with Synthetic Substitute, Open Approach", "0CUT0KZ": "Supplement Right Vocal Cord with Nonautologous Tissue Substitute, Open Approach", "0CUT77Z": "Supplement Right Vocal Cord with Autologous Tissue Substitute, Via Natural or Artificial Opening", "0CUT7JZ": "Supplement Right Vocal Cord with Synthetic Substitute, Via Natural or Artificial Opening", "0CUT7KZ": "Supplement Right Vocal Cord with Nonautologous Tissue Substitute, Via Natural or Artificial Opening", "0CUT87Z": "Supplement Right Vocal Cord with Autologous Tissue Substitute, Via Natural or Artificial Opening Endoscopic", "0CUT8JZ": "Supplement Right Vocal Cord with Synthetic Substitute, Via Natural or Artificial Opening Endoscopic", "0CUT8KZ": "Supplement Right Vocal Cord with Nonautologous Tissue Substitute, Via Natural or Artificial Opening Endoscopic", "0CUV07Z": "Supplement Left Vocal Cord with Autologous Tissue Substitute, Open Approach", "0CUV0JZ": "Supplement Left Vocal Cord with Synthetic Substitute, Open Approach", "0CUV0KZ": "Supplement Left Vocal Cord with Nonautologous Tissue Substitute, Open Approach", "0CUV77Z": "Supplement Left Vocal Cord with Autologous Tissue Substitute, Via Natural or Artificial Opening", "0CUV7JZ": "Supplement Left Vocal Cord with Synthetic Substitute, Via Natural or Artificial Opening", "0CUV7KZ": "Supplement Left Vocal Cord with Nonautologous Tissue Substitute, Via Natural or Artificial Opening", "0CUV87Z": "Supplement Left Vocal Cord with Autologous Tissue Substitute, Via Natural or Artificial Opening Endoscopic", "0CUV8JZ": "Supplement Left Vocal Cord with Synthetic Substitute, Via Natural or Artificial Opening Endoscopic", "0CUV8KZ": "Supplement Left Vocal Cord with Nonautologous Tissue Substitute, Via Natural or Artificial Opening Endoscopic"}