{"0CV": "Mouth and Throat, Restriction", "0CVB0CZ": "Restriction of Right Parotid Duct with Extraluminal Device, Open Approach", "0CVB0DZ": "Restriction of Right Parotid Duct with Intraluminal Device, Open Approach", "0CVB0ZZ": "Restriction of Right Parotid Duct, Open Approach", "0CVB3CZ": "Restriction of Right Parotid Duct with Extraluminal Device, Percutaneous Approach", "0CVB3DZ": "Restriction of Right Parotid Duct with Intraluminal Device, Percutaneous Approach", "0CVB3ZZ": "Restriction of Right Parotid Duct, Percutaneous Approach", "0CVB7DZ": "Restriction of Right Parotid Duct with Intraluminal Device, Via Natural or Artificial Opening", "0CVB7ZZ": "Restriction of Right Parotid Duct, Via Natural or Artificial Opening", "0CVB8DZ": "Restriction of Right Parotid Duct with Intraluminal Device, Via Natural or Artificial Opening Endoscopic", "0CVB8ZZ": "Restriction of Right Parotid Duct, Via Natural or Artificial Opening Endoscopic", "0CVC0CZ": "Restriction of Left Parotid Duct with Extraluminal Device, Open Approach", "0CVC0DZ": "Restriction of Left Parotid Duct with Intraluminal Device, Open Approach", "0CVC0ZZ": "Restriction of Left Parotid Duct, Open Approach", "0CVC3CZ": "Restriction of Left Parotid Duct with Extraluminal Device, Percutaneous Approach", "0CVC3DZ": "Restriction of Left Parotid Duct with Intraluminal Device, Percutaneous Approach", "0CVC3ZZ": "Restriction of Left Parotid Duct, Percutaneous Approach", "0CVC7DZ": "Restriction of Left Parotid Duct with Intraluminal Device, Via Natural or Artificial Opening", "0CVC7ZZ": "Restriction of Left Parotid Duct, Via Natural or Artificial Opening", "0CVC8DZ": "Restriction of Left Parotid Duct with Intraluminal Device, Via Natural or Artificial Opening Endoscopic", "0CVC8ZZ": "Restriction of Left Parotid Duct, Via Natural or Artificial Opening Endoscopic"}