{"0ND": "Head and Facial Bones, Extraction", "0ND00ZZ": "Extraction of Skull, Open Approach", "0ND10ZZ": "Extraction of Frontal Bone, Open Approach", "0ND30ZZ": "Extraction of Right Parietal Bone, Open Approach", "0ND40ZZ": "Extraction of Left Parietal Bone, Open Approach", "0ND50ZZ": "Extraction of Right Temporal Bone, Open Approach", "0ND60ZZ": "Extraction of Left Temporal Bone, Open Approach", "0ND70ZZ": "Extraction of Occipital Bone, Open Approach", "0NDB0ZZ": "Extraction of Nasal Bone, Open Approach", "0NDC0ZZ": "Extraction of Sphenoid Bone, Open Approach", "0NDF0ZZ": "Extraction of Right Ethmoid Bone, Open Approach", "0NDG0ZZ": "Extraction of Left Ethmoid Bone, Open Approach", "0NDH0ZZ": "Extraction of Right Lacrimal Bone, Open Approach", "0NDJ0ZZ": "Extraction of Left Lacrimal Bone, Open Approach", "0NDK0ZZ": "Extraction of Right Palatine Bone, Open Approach", "0NDL0ZZ": "Extraction of Left Palatine Bone, Open Approach", "0NDM0ZZ": "Extraction of Right Zygomatic Bone, Open Approach", "0NDN0ZZ": "Extraction of Left Zygomatic Bone, Open Approach", "0NDP0ZZ": "Extraction of Right Orbit, Open Approach", "0NDQ0ZZ": "Extraction of Left Orbit, Open Approach", "0NDR0ZZ": "Extraction of Maxilla, Open Approach", "0NDT0ZZ": "Extraction of Right Mandible, Open Approach", "0NDV0ZZ": "Extraction of Left Mandible, Open Approach", "0NDX0ZZ": "Extraction of Hyoid Bone, Open Approach"}