{"0NS": "Head and Facial Bones, Reposition", "0NS004Z": "Reposition Skull with Internal Fixation Device, Open Approach", "0NS005Z": "Reposition Skull with External Fixation Device, Open Approach", "0NS00ZZ": "Reposition Skull, Open Approach", "0NS034Z": "Reposition Skull with Internal Fixation Device, Percutaneous Approach", "0NS035Z": "Reposition Skull with External Fixation Device, Percutaneous Approach", "0NS03ZZ": "Reposition Skull, Percutaneous Approach", "0NS044Z": "Reposition Skull with Internal Fixation Device, Percutaneous Endoscopic Approach", "0NS045Z": "Reposition Skull with External Fixation Device, Percutaneous Endoscopic Approach", "0NS04ZZ": "Reposition Skull, Percutaneous Endoscopic Approach", "0NS0XZZ": "Reposition Skull, External Approach", "0NS104Z": "Reposition Frontal Bone with Internal Fixation Device, Open Approach", "0NS10ZZ": "Reposition Frontal Bone, Open Approach", "0NS134Z": "Reposition Frontal Bone with Internal Fixation Device, Percutaneous Approach", "0NS13ZZ": "Reposition Frontal Bone, Percutaneous Approach", "0NS144Z": "Reposition Frontal Bone with Internal Fixation Device, Percutaneous Endoscopic Approach", "0NS14ZZ": "Reposition Frontal Bone, Percutaneous Endoscopic Approach", "0NS1XZZ": "Reposition Frontal Bone, External Approach", "0NS304Z": "Reposition Right Parietal Bone with Internal Fixation Device, Open Approach", "0NS30ZZ": "Reposition Right Parietal Bone, Open Approach", "0NS334Z": "Reposition Right Parietal Bone with Internal Fixation Device, Percutaneous Approach", "0NS33ZZ": "Reposition Right Parietal Bone, Percutaneous Approach", "0NS344Z": "Reposition Right Parietal Bone with Internal Fixation Device, Percutaneous Endoscopic Approach", "0NS34ZZ": "Reposition Right Parietal Bone, Percutaneous Endoscopic Approach", "0NS3XZZ": "Reposition Right Parietal Bone, External Approach", "0NS404Z": "Reposition Left Parietal Bone with Internal Fixation Device, Open Approach", "0NS40ZZ": "Reposition Left Parietal Bone, Open Approach", "0NS434Z": "Reposition Left Parietal Bone with Internal Fixation Device, Percutaneous Approach", "0NS43ZZ": "Reposition Left Parietal Bone, Percutaneous Approach", "0NS444Z": "Reposition Left Parietal Bone with Internal Fixation Device, Percutaneous Endoscopic Approach", "0NS44ZZ": "Reposition Left Parietal Bone, Percutaneous Endoscopic Approach", "0NS4XZZ": "Reposition Left Parietal Bone, External Approach", "0NS504Z": "Reposition Right Temporal Bone with Internal Fixation Device, Open Approach", "0NS50ZZ": "Reposition Right Temporal Bone, Open Approach", "0NS534Z": "Reposition Right Temporal Bone with Internal Fixation Device, Percutaneous Approach", "0NS53ZZ": "Reposition Right Temporal Bone, Percutaneous Approach", "0NS544Z": "Reposition Right Temporal Bone with Internal Fixation Device, Percutaneous Endoscopic Approach", "0NS54ZZ": "Reposition Right Temporal Bone, Percutaneous Endoscopic Approach", "0NS5XZZ": "Reposition Right Temporal Bone, External Approach", "0NS604Z": "Reposition Left Temporal Bone with Internal Fixation Device, Open Approach", "0NS60ZZ": "Reposition Left Temporal Bone, Open Approach", "0NS634Z": "Reposition Left Temporal Bone with Internal Fixation Device, Percutaneous Approach", "0NS63ZZ": "Reposition Left Temporal Bone, Percutaneous Approach", "0NS644Z": "Reposition Left Temporal Bone with Internal Fixation Device, Percutaneous Endoscopic Approach", "0NS64ZZ": "Reposition Left Temporal Bone, Percutaneous Endoscopic Approach", "0NS6XZZ": "Reposition Left Temporal Bone, External Approach", "0NS704Z": "Reposition Occipital Bone with Internal Fixation Device, Open Approach", "0NS70ZZ": "Reposition Occipital Bone, Open Approach", "0NS734Z": "Reposition Occipital Bone with Internal Fixation Device, Percutaneous Approach", "0NS73ZZ": "Reposition Occipital Bone, Percutaneous Approach", "0NS744Z": "Reposition Occipital Bone with Internal Fixation Device, Percutaneous Endoscopic Approach", "0NS74ZZ": "Reposition Occipital Bone, Percutaneous Endoscopic Approach", "0NS7XZZ": "Reposition Occipital Bone, External Approach", "0NSB04Z": "Reposition Nasal Bone with Internal Fixation Device, Open Approach", "0NSB0ZZ": "Reposition Nasal Bone, Open Approach", "0NSB34Z": "Reposition Nasal Bone with Internal Fixation Device, Percutaneous Approach", "0NSB3ZZ": "Reposition Nasal Bone, Percutaneous Approach", "0NSB44Z": "Reposition Nasal Bone with Internal Fixation Device, Percutaneous Endoscopic Approach", "0NSB4ZZ": "Reposition Nasal Bone, Percutaneous Endoscopic Approach", "0NSBXZZ": "Reposition Nasal Bone, External Approach", "0NSC04Z": "Reposition Sphenoid Bone with Internal Fixation Device, Open Approach", "0NSC0ZZ": "Reposition Sphenoid Bone, Open Approach", "0NSC34Z": "Reposition Sphenoid Bone with Internal Fixation Device, Percutaneous Approach", "0NSC3ZZ": "Reposition Sphenoid Bone, Percutaneous Approach", "0NSC44Z": "Reposition Sphenoid Bone with Internal Fixation Device, Percutaneous Endoscopic Approach", "0NSC4ZZ": "Reposition Sphenoid Bone, Percutaneous Endoscopic Approach", "0NSCXZZ": "Reposition Sphenoid Bone, External Approach", "0NSF04Z": "Reposition Right Ethmoid Bone with Internal Fixation Device, Open Approach", "0NSF0ZZ": "Reposition Right Ethmoid Bone, Open Approach", "0NSF34Z": "Reposition Right Ethmoid Bone with Internal Fixation Device, Percutaneous Approach", "0NSF3ZZ": "Reposition Right Ethmoid Bone, Percutaneous Approach", "0NSF44Z": "Reposition Right Ethmoid Bone with Internal Fixation Device, Percutaneous Endoscopic Approach", "0NSF4ZZ": "Reposition Right Ethmoid Bone, Percutaneous Endoscopic Approach", "0NSFXZZ": "Reposition Right Ethmoid Bone, External Approach", "0NSG04Z": "Reposition Left Ethmoid Bone with Internal Fixation Device, Open Approach", "0NSG0ZZ": "Reposition Left Ethmoid Bone, Open Approach", "0NSG34Z": "Reposition Left Ethmoid Bone with Internal Fixation Device, Percutaneous Approach", "0NSG3ZZ": "Reposition Left Ethmoid Bone, Percutaneous Approach", "0NSG44Z": "Reposition Left Ethmoid Bone with Internal Fixation Device, Percutaneous Endoscopic Approach", "0NSG4ZZ": "Reposition Left Ethmoid Bone, Percutaneous Endoscopic Approach", "0NSGXZZ": "Reposition Left Ethmoid Bone, External Approach", "0NSH04Z": "Reposition Right Lacrimal Bone with Internal Fixation Device, Open Approach", "0NSH0ZZ": "Reposition Right Lacrimal Bone, Open Approach", "0NSH34Z": "Reposition Right Lacrimal Bone with Internal Fixation Device, Percutaneous Approach", "0NSH3ZZ": "Reposition Right Lacrimal Bone, Percutaneous Approach", "0NSH44Z": "Reposition Right Lacrimal Bone with Internal Fixation Device, Percutaneous Endoscopic Approach", "0NSH4ZZ": "Reposition Right Lacrimal Bone, Percutaneous Endoscopic Approach", "0NSHXZZ": "Reposition Right Lacrimal Bone, External Approach", "0NSJ04Z": "Reposition Left Lacrimal Bone with Internal Fixation Device, Open Approach", "0NSJ0ZZ": "Reposition Left Lacrimal Bone, Open Approach", "0NSJ34Z": "Reposition Left Lacrimal Bone with Internal Fixation Device, Percutaneous Approach", "0NSJ3ZZ": "Reposition Left Lacrimal Bone, Percutaneous Approach", "0NSJ44Z": "Reposition Left Lacrimal Bone with Internal Fixation Device, Percutaneous Endoscopic Approach", "0NSJ4ZZ": "Reposition Left Lacrimal Bone, Percutaneous Endoscopic Approach", "0NSJXZZ": "Reposition Left Lacrimal Bone, External Approach", "0NSK04Z": "Reposition Right Palatine Bone with Internal Fixation Device, Open Approach", "0NSK0ZZ": "Reposition Right Palatine Bone, Open Approach", "0NSK34Z": "Reposition Right Palatine Bone with Internal Fixation Device, Percutaneous Approach", "0NSK3ZZ": "Reposition Right Palatine Bone, Percutaneous Approach", "0NSK44Z": "Reposition Right Palatine Bone with Internal Fixation Device, Percutaneous Endoscopic Approach", "0NSK4ZZ": "Reposition Right Palatine Bone, Percutaneous Endoscopic Approach", "0NSKXZZ": "Reposition Right Palatine Bone, External Approach", "0NSL04Z": "Reposition Left Palatine Bone with Internal Fixation Device, Open Approach", "0NSL0ZZ": "Reposition Left Palatine Bone, Open Approach", "0NSL34Z": "Reposition Left Palatine Bone with Internal Fixation Device, Percutaneous Approach", "0NSL3ZZ": "Reposition Left Palatine Bone, Percutaneous Approach", "0NSL44Z": "Reposition Left Palatine Bone with Internal Fixation Device, Percutaneous Endoscopic Approach", "0NSL4ZZ": "Reposition Left Palatine Bone, Percutaneous Endoscopic Approach", "0NSLXZZ": "Reposition Left Palatine Bone, External Approach", "0NSM04Z": "Reposition Right Zygomatic Bone with Internal Fixation Device, Open Approach", "0NSM0ZZ": "Reposition Right Zygomatic Bone, Open Approach", "0NSM34Z": "Reposition Right Zygomatic Bone with Internal Fixation Device, Percutaneous Approach", "0NSM3ZZ": "Reposition Right Zygomatic Bone, Percutaneous Approach", "0NSM44Z": "Reposition Right Zygomatic Bone with Internal Fixation Device, Percutaneous Endoscopic Approach", "0NSM4ZZ": "Reposition Right Zygomatic Bone, Percutaneous Endoscopic Approach", "0NSMXZZ": "Reposition Right Zygomatic Bone, External Approach", "0NSN04Z": "Reposition Left Zygomatic Bone with Internal Fixation Device, Open Approach", "0NSN0ZZ": "Reposition Left Zygomatic Bone, Open Approach", "0NSN34Z": "Reposition Left Zygomatic Bone with Internal Fixation Device, Percutaneous Approach", "0NSN3ZZ": "Reposition Left Zygomatic Bone, Percutaneous Approach", "0NSN44Z": "Reposition Left Zygomatic Bone with Internal Fixation Device, Percutaneous Endoscopic Approach", "0NSN4ZZ": "Reposition Left Zygomatic Bone, Percutaneous Endoscopic Approach", "0NSNXZZ": "Reposition Left Zygomatic Bone, External Approach", "0NSP04Z": "Reposition Right Orbit with Internal Fixation Device, Open Approach", "0NSP0ZZ": "Reposition Right Orbit, Open Approach", "0NSP34Z": "Reposition Right Orbit with Internal Fixation Device, Percutaneous Approach", "0NSP3ZZ": "Reposition Right Orbit, Percutaneous Approach", "0NSP44Z": "Reposition Right Orbit with Internal Fixation Device, Percutaneous Endoscopic Approach", "0NSP4ZZ": "Reposition Right Orbit, Percutaneous Endoscopic Approach", "0NSPXZZ": "Reposition Right Orbit, External Approach", "0NSQ04Z": "Reposition Left Orbit with Internal Fixation Device, Open Approach", "0NSQ0ZZ": "Reposition Left Orbit, Open Approach", "0NSQ34Z": "Reposition Left Orbit with Internal Fixation Device, Percutaneous Approach", "0NSQ3ZZ": "Reposition Left Orbit, Percutaneous Approach", "0NSQ44Z": "Reposition Left Orbit with Internal Fixation Device, Percutaneous Endoscopic Approach", "0NSQ4ZZ": "Reposition Left Orbit, Percutaneous Endoscopic Approach", "0NSQXZZ": "Reposition Left Orbit, External Approach", "0NSR04Z": "Reposition Maxilla with Internal Fixation Device, Open Approach", "0NSR05Z": "Reposition Maxilla with External Fixation Device, Open Approach", "0NSR0ZZ": "Reposition Maxilla, Open Approach", "0NSR34Z": "Reposition Maxilla with Internal Fixation Device, Percutaneous Approach", "0NSR35Z": "Reposition Maxilla with External Fixation Device, Percutaneous Approach", "0NSR3ZZ": "Reposition Maxilla, Percutaneous Approach", "0NSR44Z": "Reposition Maxilla with Internal Fixation Device, Percutaneous Endoscopic Approach", "0NSR45Z": "Reposition Maxilla with External Fixation Device, Percutaneous Endoscopic Approach", "0NSR4ZZ": "Reposition Maxilla, Percutaneous Endoscopic Approach", "0NSRXZZ": "Reposition Maxilla, External Approach", "0NST04Z": "Reposition Right Mandible with Internal Fixation Device, Open Approach", "0NST05Z": "Reposition Right Mandible with External Fixation Device, Open Approach", "0NST0ZZ": "Reposition Right Mandible, Open Approach", "0NST34Z": "Reposition Right Mandible with Internal Fixation Device, Percutaneous Approach", "0NST35Z": "Reposition Right Mandible with External Fixation Device, Percutaneous Approach", "0NST3ZZ": "Reposition Right Mandible, Percutaneous Approach", "0NST44Z": "Reposition Right Mandible with Internal Fixation Device, Percutaneous Endoscopic Approach", "0NST45Z": "Reposition Right Mandible with External Fixation Device, Percutaneous Endoscopic Approach", "0NST4ZZ": "Reposition Right Mandible, Percutaneous Endoscopic Approach", "0NSTXZZ": "Reposition Right Mandible, External Approach", "0NSV04Z": "Reposition Left Mandible with Internal Fixation Device, Open Approach", "0NSV05Z": "Reposition Left Mandible with External Fixation Device, Open Approach", "0NSV0ZZ": "Reposition Left Mandible, Open Approach", "0NSV34Z": "Reposition Left Mandible with Internal Fixation Device, Percutaneous Approach", "0NSV35Z": "Reposition Left Mandible with External Fixation Device, Percutaneous Approach", "0NSV3ZZ": "Reposition Left Mandible, Percutaneous Approach", "0NSV44Z": "Reposition Left Mandible with Internal Fixation Device, Percutaneous Endoscopic Approach", "0NSV45Z": "Reposition Left Mandible with External Fixation Device, Percutaneous Endoscopic Approach", "0NSV4ZZ": "Reposition Left Mandible, Percutaneous Endoscopic Approach", "0NSVXZZ": "Reposition Left Mandible, External Approach", "0NSX04Z": "Reposition Hyoid Bone with Internal Fixation Device, Open Approach", "0NSX0ZZ": "Reposition Hyoid Bone, Open Approach", "0NSX34Z": "Reposition Hyoid Bone with Internal Fixation Device, Percutaneous Approach", "0NSX3ZZ": "Reposition Hyoid Bone, Percutaneous Approach", "0NSX44Z": "Reposition Hyoid Bone with Internal Fixation Device, Percutaneous Endoscopic Approach", "0NSX4ZZ": "Reposition Hyoid Bone, Percutaneous Endoscopic Approach", "0NSXXZZ": "Reposition Hyoid Bone, External Approach"}