{"0LH": "Tendons, Insertion", "0LHX0YZ": "Insertion of Other Device into Upper Tendon, Open Approach", "0LHX3YZ": "Insertion of Other Device into Upper Tendon, Percutaneous Approach", "0LHX4YZ": "Insertion of Other Device into Upper Tendon, Percutaneous Endoscopic Approach", "0LHY0YZ": "Insertion of Other Device into Lower Tendon, Open Approach", "0LHY3YZ": "Insertion of Other Device into Lower Tendon, Percutaneous Approach", "0LHY4YZ": "Insertion of Other Device into Lower Tendon, Percutaneous Endoscopic Approach"}