{"0LJ": "Tendons, Inspection", "0LJX0ZZ": "Inspection of Upper Tendon, Open Approach", "0LJX3ZZ": "Inspection of Upper Tendon, Percutaneous Approach", "0LJX4ZZ": "Inspection of Upper Tendon, Percutaneous Endoscopic Approach", "0LJXXZZ": "Inspection of Upper Tendon, External Approach", "0LJY0ZZ": "Inspection of Lower Tendon, Open Approach", "0LJY3ZZ": "Inspection of Lower Tendon, Percutaneous Approach", "0LJY4ZZ": "Inspection of Lower Tendon, Percutaneous Endoscopic Approach", "0LJYXZZ": "Inspection of Lower Tendon, External Approach"}