{"0LQ": "Tendons, Repair", "0LQ00ZZ": "Repair Head and Neck Tendon, Open Approach", "0LQ03ZZ": "Repair Head and Neck Tendon, Percutaneous Approach", "0LQ04ZZ": "Repair Head and Neck Tendon, Percutaneous Endoscopic Approach", "0LQ10ZZ": "Repair Right Shoulder Tendon, Open Approach", "0LQ13ZZ": "Repair Right Shoulder Tendon, Percutaneous Approach", "0LQ14ZZ": "Repair Right Shoulder Tendon, Percutaneous Endoscopic Approach", "0LQ20ZZ": "Repair Left Shoulder Tendon, Open Approach", "0LQ23ZZ": "Repair Left Shoulder Tendon, Percutaneous Approach", "0LQ24ZZ": "Repair Left Shoulder Tendon, Percutaneous Endoscopic Approach", "0LQ30ZZ": "Repair Right Upper Arm Tendon, Open Approach", "0LQ33ZZ": "Repair Right Upper Arm Tendon, Percutaneous Approach", "0LQ34ZZ": "Repair Right Upper Arm Tendon, Percutaneous Endoscopic Approach", "0LQ40ZZ": "Repair Left Upper Arm Tendon, Open Approach", "0LQ43ZZ": "Repair Left Upper Arm Tendon, Percutaneous Approach", "0LQ44ZZ": "Repair Left Upper Arm Tendon, Percutaneous Endoscopic Approach", "0LQ50ZZ": "Repair Right Lower Arm and Wrist Tendon, Open Approach", "0LQ53ZZ": "Repair Right Lower Arm and Wrist Tendon, Percutaneous Approach", "0LQ54ZZ": "Repair Right Lower Arm and Wrist Tendon, Percutaneous Endoscopic Approach", "0LQ60ZZ": "Repair Left Lower Arm and Wrist Tendon, Open Approach", "0LQ63ZZ": "Repair Left Lower Arm and Wrist Tendon, Percutaneous Approach", "0LQ64ZZ": "Repair Left Lower Arm and Wrist Tendon, Percutaneous Endoscopic Approach", "0LQ70ZZ": "Repair Right Hand Tendon, Open Approach", "0LQ73ZZ": "Repair Right Hand Tendon, Percutaneous Approach", "0LQ74ZZ": "Repair Right Hand Tendon, Percutaneous Endoscopic Approach", "0LQ80ZZ": "Repair Left Hand Tendon, Open Approach", "0LQ83ZZ": "Repair Left Hand Tendon, Percutaneous Approach", "0LQ84ZZ": "Repair Left Hand Tendon, Percutaneous Endoscopic Approach", "0LQ90ZZ": "Repair Right Trunk Tendon, Open Approach", "0LQ93ZZ": "Repair Right Trunk Tendon, Percutaneous Approach", "0LQ94ZZ": "Repair Right Trunk Tendon, Percutaneous Endoscopic Approach", "0LQB0ZZ": "Repair Left Trunk Tendon, Open Approach", "0LQB3ZZ": "Repair Left Trunk Tendon, Percutaneous Approach", "0LQB4ZZ": "Repair Left Trunk Tendon, Percutaneous Endoscopic Approach", "0LQC0ZZ": "Repair Right Thorax Tendon, Open Approach", "0LQC3ZZ": "Repair Right Thorax Tendon, Percutaneous Approach", "0LQC4ZZ": "Repair Right Thorax Tendon, Percutaneous Endoscopic Approach", "0LQD0ZZ": "Repair Left Thorax Tendon, Open Approach", "0LQD3ZZ": "Repair Left Thorax Tendon, Percutaneous Approach", "0LQD4ZZ": "Repair Left Thorax Tendon, Percutaneous Endoscopic Approach", "0LQF0ZZ": "Repair Right Abdomen Tendon, Open Approach", "0LQF3ZZ": "Repair Right Abdomen Tendon, Percutaneous Approach", "0LQF4ZZ": "Repair Right Abdomen Tendon, Percutaneous Endoscopic Approach", "0LQG0ZZ": "Repair Left Abdomen Tendon, Open Approach", "0LQG3ZZ": "Repair Left Abdomen Tendon, Percutaneous Approach", "0LQG4ZZ": "Repair Left Abdomen Tendon, Percutaneous Endoscopic Approach", "0LQH0ZZ": "Repair Perineum Tendon, Open Approach", "0LQH3ZZ": "Repair Perineum Tendon, Percutaneous Approach", "0LQH4ZZ": "Repair Perineum Tendon, Percutaneous Endoscopic Approach", "0LQJ0ZZ": "Repair Right Hip Tendon, Open Approach", "0LQJ3ZZ": "Repair Right Hip Tendon, Percutaneous Approach", "0LQJ4ZZ": "Repair Right Hip Tendon, Percutaneous Endoscopic Approach", "0LQK0ZZ": "Repair Left Hip Tendon, Open Approach", "0LQK3ZZ": "Repair Left Hip Tendon, Percutaneous Approach", "0LQK4ZZ": "Repair Left Hip Tendon, Percutaneous Endoscopic Approach", "0LQL0ZZ": "Repair Right Upper Leg Tendon, Open Approach", "0LQL3ZZ": "Repair Right Upper Leg Tendon, Percutaneous Approach", "0LQL4ZZ": "Repair Right Upper Leg Tendon, Percutaneous Endoscopic Approach", "0LQM0ZZ": "Repair Left Upper Leg Tendon, Open Approach", "0LQM3ZZ": "Repair Left Upper Leg Tendon, Percutaneous Approach", "0LQM4ZZ": "Repair Left Upper Leg Tendon, Percutaneous Endoscopic Approach", "0LQN0ZZ": "Repair Right Lower Leg Tendon, Open Approach", "0LQN3ZZ": "Repair Right Lower Leg Tendon, Percutaneous Approach", "0LQN4ZZ": "Repair Right Lower Leg Tendon, Percutaneous Endoscopic Approach", "0LQP0ZZ": "Repair Left Lower Leg Tendon, Open Approach", "0LQP3ZZ": "Repair Left Lower Leg Tendon, Percutaneous Approach", "0LQP4ZZ": "Repair Left Lower Leg Tendon, Percutaneous Endoscopic Approach", "0LQQ0ZZ": "Repair Right Knee Tendon, Open Approach", "0LQQ3ZZ": "Repair Right Knee Tendon, Percutaneous Approach", "0LQQ4ZZ": "Repair Right Knee Tendon, Percutaneous Endoscopic Approach", "0LQR0ZZ": "Repair Left Knee Tendon, Open Approach", "0LQR3ZZ": "Repair Left Knee Tendon, Percutaneous Approach", "0LQR4ZZ": "Repair Left Knee Tendon, Percutaneous Endoscopic Approach", "0LQS0ZZ": "Repair Right Ankle Tendon, Open Approach", "0LQS3ZZ": "Repair Right Ankle Tendon, Percutaneous Approach", "0LQS4ZZ": "Repair Right Ankle Tendon, Percutaneous Endoscopic Approach", "0LQT0ZZ": "Repair Left Ankle Tendon, Open Approach", "0LQT3ZZ": "Repair Left Ankle Tendon, Percutaneous Approach", "0LQT4ZZ": "Repair Left Ankle Tendon, Percutaneous Endoscopic Approach", "0LQV0ZZ": "Repair Right Foot Tendon, Open Approach", "0LQV3ZZ": "Repair Right Foot Tendon, Percutaneous Approach", "0LQV4ZZ": "Repair Right Foot Tendon, Percutaneous Endoscopic Approach", "0LQW0ZZ": "Repair Left Foot Tendon, Open Approach", "0LQW3ZZ": "Repair Left Foot Tendon, Percutaneous Approach", "0LQW4ZZ": "Repair Left Foot Tendon, Percutaneous Endoscopic Approach"}