{"0LS": "Tendons, Reposition", "0LS00ZZ": "Reposition Head and Neck Tendon, Open Approach", "0LS04ZZ": "Reposition Head and Neck Tendon, Percutaneous Endoscopic Approach", "0LS10ZZ": "Reposition Right Shoulder Tendon, Open Approach", "0LS14ZZ": "Reposition Right Shoulder Tendon, Percutaneous Endoscopic Approach", "0LS20ZZ": "Reposition Left Shoulder Tendon, Open Approach", "0LS24ZZ": "Reposition Left Shoulder Tendon, Percutaneous Endoscopic Approach", "0LS30ZZ": "Reposition Right Upper Arm Tendon, Open Approach", "0LS34ZZ": "Reposition Right Upper Arm Tendon, Percutaneous Endoscopic Approach", "0LS40ZZ": "Reposition Left Upper Arm Tendon, Open Approach", "0LS44ZZ": "Reposition Left Upper Arm Tendon, Percutaneous Endoscopic Approach", "0LS50ZZ": "Reposition Right Lower Arm and Wrist Tendon, Open Approach", "0LS54ZZ": "Reposition Right Lower Arm and Wrist Tendon, Percutaneous Endoscopic Approach", "0LS60ZZ": "Reposition Left Lower Arm and Wrist Tendon, Open Approach", "0LS64ZZ": "Reposition Left Lower Arm and Wrist Tendon, Percutaneous Endoscopic Approach", "0LS70ZZ": "Reposition Right Hand Tendon, Open Approach", "0LS74ZZ": "Reposition Right Hand Tendon, Percutaneous Endoscopic Approach", "0LS80ZZ": "Reposition Left Hand Tendon, Open Approach", "0LS84ZZ": "Reposition Left Hand Tendon, Percutaneous Endoscopic Approach", "0LS90ZZ": "Reposition Right Trunk Tendon, Open Approach", "0LS94ZZ": "Reposition Right Trunk Tendon, Percutaneous Endoscopic Approach", "0LSB0ZZ": "Reposition Left Trunk Tendon, Open Approach", "0LSB4ZZ": "Reposition Left Trunk Tendon, Percutaneous Endoscopic Approach", "0LSC0ZZ": "Reposition Right Thorax Tendon, Open Approach", "0LSC4ZZ": "Reposition Right Thorax Tendon, Percutaneous Endoscopic Approach", "0LSD0ZZ": "Reposition Left Thorax Tendon, Open Approach", "0LSD4ZZ": "Reposition Left Thorax Tendon, Percutaneous Endoscopic Approach", "0LSF0ZZ": "Reposition Right Abdomen Tendon, Open Approach", "0LSF4ZZ": "Reposition Right Abdomen Tendon, Percutaneous Endoscopic Approach", "0LSG0ZZ": "Reposition Left Abdomen Tendon, Open Approach", "0LSG4ZZ": "Reposition Left Abdomen Tendon, Percutaneous Endoscopic Approach", "0LSH0ZZ": "Reposition Perineum Tendon, Open Approach", "0LSH4ZZ": "Reposition Perineum Tendon, Percutaneous Endoscopic Approach", "0LSJ0ZZ": "Reposition Right Hip Tendon, Open Approach", "0LSJ4ZZ": "Reposition Right Hip Tendon, Percutaneous Endoscopic Approach", "0LSK0ZZ": "Reposition Left Hip Tendon, Open Approach", "0LSK4ZZ": "Reposition Left Hip Tendon, Percutaneous Endoscopic Approach", "0LSL0ZZ": "Reposition Right Upper Leg Tendon, Open Approach", "0LSL4ZZ": "Reposition Right Upper Leg Tendon, Percutaneous Endoscopic Approach", "0LSM0ZZ": "Reposition Left Upper Leg Tendon, Open Approach", "0LSM4ZZ": "Reposition Left Upper Leg Tendon, Percutaneous Endoscopic Approach", "0LSN0ZZ": "Reposition Right Lower Leg Tendon, Open Approach", "0LSN4ZZ": "Reposition Right Lower Leg Tendon, Percutaneous Endoscopic Approach", "0LSP0ZZ": "Reposition Left Lower Leg Tendon, Open Approach", "0LSP4ZZ": "Reposition Left Lower Leg Tendon, Percutaneous Endoscopic Approach", "0LSQ0ZZ": "Reposition Right Knee Tendon, Open Approach", "0LSQ4ZZ": "Reposition Right Knee Tendon, Percutaneous Endoscopic Approach", "0LSR0ZZ": "Reposition Left Knee Tendon, Open Approach", "0LSR4ZZ": "Reposition Left Knee Tendon, Percutaneous Endoscopic Approach", "0LSS0ZZ": "Reposition Right Ankle Tendon, Open Approach", "0LSS4ZZ": "Reposition Right Ankle Tendon, Percutaneous Endoscopic Approach", "0LST0ZZ": "Reposition Left Ankle Tendon, Open Approach", "0LST4ZZ": "Reposition Left Ankle Tendon, Percutaneous Endoscopic Approach", "0LSV0ZZ": "Reposition Right Foot Tendon, Open Approach", "0LSV4ZZ": "Reposition Right Foot Tendon, Percutaneous Endoscopic Approach", "0LSW0ZZ": "Reposition Left Foot Tendon, Open Approach", "0LSW4ZZ": "Reposition Left Foot Tendon, Percutaneous Endoscopic Approach"}