{"019": "Peripheral Nervous System, Drainage", "019000Z": "Drainage of Cervical Plexus with Drainage Device, Open Approach", "01900ZX": "Drainage of Cervical Plexus, Open Approach, Diagnostic", "01900ZZ": "Drainage of Cervical Plexus, Open Approach", "019030Z": "Drainage of Cervical Plexus with Drainage Device, Percutaneous Approach", "01903ZX": "Drainage of Cervical Plexus, Percutaneous Approach, Diagnostic", "01903ZZ": "Drainage of Cervical Plexus, Percutaneous Approach", "019040Z": "Drainage of Cervical Plexus with Drainage Device, Percutaneous Endoscopic Approach", "01904ZX": "Drainage of Cervical Plexus, Percutaneous Endoscopic Approach, Diagnostic", "01904ZZ": "Drainage of Cervical Plexus, Percutaneous Endoscopic Approach", "019100Z": "Drainage of Cervical Nerve with Drainage Device, Open Approach", "01910ZX": "Drainage of Cervical Nerve, Open Approach, Diagnostic", "01910ZZ": "Drainage of Cervical Nerve, Open Approach", "019130Z": "Drainage of Cervical Nerve with Drainage Device, Percutaneous Approach", "01913ZX": "Drainage of Cervical Nerve, Percutaneous Approach, Diagnostic", "01913ZZ": "Drainage of Cervical Nerve, Percutaneous Approach", "019140Z": "Drainage of Cervical Nerve with Drainage Device, Percutaneous Endoscopic Approach", "01914ZX": "Drainage of Cervical Nerve, Percutaneous Endoscopic Approach, Diagnostic", "01914ZZ": "Drainage of Cervical Nerve, Percutaneous Endoscopic Approach", "019200Z": "Drainage of Phrenic Nerve with Drainage Device, Open Approach", "01920ZX": "Drainage of Phrenic Nerve, Open Approach, Diagnostic", "01920ZZ": "Drainage of Phrenic Nerve, Open Approach", "019230Z": "Drainage of Phrenic Nerve with Drainage Device, Percutaneous Approach", "01923ZX": "Drainage of Phrenic Nerve, Percutaneous Approach, Diagnostic", "01923ZZ": "Drainage of Phrenic Nerve, Percutaneous Approach", "019240Z": "Drainage of Phrenic Nerve with Drainage Device, Percutaneous Endoscopic Approach", "01924ZX": "Drainage of Phrenic Nerve, Percutaneous Endoscopic Approach, Diagnostic", "01924ZZ": "Drainage of Phrenic Nerve, Percutaneous Endoscopic Approach", "019300Z": "Drainage of Brachial Plexus with Drainage Device, Open Approach", "01930ZX": "Drainage of Brachial Plexus, Open Approach, Diagnostic", "01930ZZ": "Drainage of Brachial Plexus, Open Approach", "019330Z": "Drainage of Brachial Plexus with Drainage Device, Percutaneous Approach", "01933ZX": "Drainage of Brachial Plexus, Percutaneous Approach, Diagnostic", "01933ZZ": "Drainage of Brachial Plexus, Percutaneous Approach", "019340Z": "Drainage of Brachial Plexus with Drainage Device, Percutaneous Endoscopic Approach", "01934ZX": "Drainage of Brachial Plexus, Percutaneous Endoscopic Approach, Diagnostic", "01934ZZ": "Drainage of Brachial Plexus, Percutaneous Endoscopic Approach", "019400Z": "Drainage of Ulnar Nerve with Drainage Device, Open Approach", "01940ZX": "Drainage of Ulnar Nerve, Open Approach, Diagnostic", "01940ZZ": "Drainage of Ulnar Nerve, Open Approach", "019430Z": "Drainage of Ulnar Nerve with Drainage Device, Percutaneous Approach", "01943ZX": "Drainage of Ulnar Nerve, Percutaneous Approach, Diagnostic", "01943ZZ": "Drainage of Ulnar Nerve, Percutaneous Approach", "019440Z": "Drainage of Ulnar Nerve with Drainage Device, Percutaneous Endoscopic Approach", "01944ZX": "Drainage of Ulnar Nerve, Percutaneous Endoscopic Approach, Diagnostic", "01944ZZ": "Drainage of Ulnar Nerve, Percutaneous Endoscopic Approach", "019500Z": "Drainage of Median Nerve with Drainage Device, Open Approach", "01950ZX": "Drainage of Median Nerve, Open Approach, Diagnostic", "01950ZZ": "Drainage of Median Nerve, Open Approach", "019530Z": "Drainage of Median Nerve with Drainage Device, Percutaneous Approach", "01953ZX": "Drainage of Median Nerve, Percutaneous Approach, Diagnostic", "01953ZZ": "Drainage of Median Nerve, Percutaneous Approach", "019540Z": "Drainage of Median Nerve with Drainage Device, Percutaneous Endoscopic Approach", "01954ZX": "Drainage of Median Nerve, Percutaneous Endoscopic Approach, Diagnostic", "01954ZZ": "Drainage of Median Nerve, Percutaneous Endoscopic Approach", "019600Z": "Drainage of Radial Nerve with Drainage Device, Open Approach", "01960ZX": "Drainage of Radial Nerve, Open Approach, Diagnostic", "01960ZZ": "Drainage of Radial Nerve, Open Approach", "019630Z": "Drainage of Radial Nerve with Drainage Device, Percutaneous Approach", "01963ZX": "Drainage of Radial Nerve, Percutaneous Approach, Diagnostic", "01963ZZ": "Drainage of Radial Nerve, Percutaneous Approach", "019640Z": "Drainage of Radial Nerve with Drainage Device, Percutaneous Endoscopic Approach", "01964ZX": "Drainage of Radial Nerve, Percutaneous Endoscopic Approach, Diagnostic", "01964ZZ": "Drainage of Radial Nerve, Percutaneous Endoscopic Approach", "019800Z": "Drainage of Thoracic Nerve with Drainage Device, Open Approach", "01980ZX": "Drainage of Thoracic Nerve, Open Approach, Diagnostic", "01980ZZ": "Drainage of Thoracic Nerve, Open Approach", "019830Z": "Drainage of Thoracic Nerve with Drainage Device, Percutaneous Approach", "01983ZX": "Drainage of Thoracic Nerve, Percutaneous Approach, Diagnostic", "01983ZZ": "Drainage of Thoracic Nerve, Percutaneous Approach", "019840Z": "Drainage of Thoracic Nerve with Drainage Device, Percutaneous Endoscopic Approach", "01984ZX": "Drainage of Thoracic Nerve, Percutaneous Endoscopic Approach, Diagnostic", "01984ZZ": "Drainage of Thoracic Nerve, Percutaneous Endoscopic Approach", "019900Z": "Drainage of Lumbar Plexus with Drainage Device, Open Approach", "01990ZX": "Drainage of Lumbar Plexus, Open Approach, Diagnostic", "01990ZZ": "Drainage of Lumbar Plexus, Open Approach", "019930Z": "Drainage of Lumbar Plexus with Drainage Device, Percutaneous Approach", "01993ZX": "Drainage of Lumbar Plexus, Percutaneous Approach, Diagnostic", "01993ZZ": "Drainage of Lumbar Plexus, Percutaneous Approach", "019940Z": "Drainage of Lumbar Plexus with Drainage Device, Percutaneous Endoscopic Approach", "01994ZX": "Drainage of Lumbar Plexus, Percutaneous Endoscopic Approach, Diagnostic", "01994ZZ": "Drainage of Lumbar Plexus, Percutaneous Endoscopic Approach", "019A00Z": "Drainage of Lumbosacral Plexus with Drainage Device, Open Approach", "019A0ZX": "Drainage of Lumbosacral Plexus, Open Approach, Diagnostic", "019A0ZZ": "Drainage of Lumbosacral Plexus, Open Approach", "019A30Z": "Drainage of Lumbosacral Plexus with Drainage Device, Percutaneous Approach", "019A3ZX": "Drainage of Lumbosacral Plexus, Percutaneous Approach, Diagnostic", "019A3ZZ": "Drainage of Lumbosacral Plexus, Percutaneous Approach", "019A40Z": "Drainage of Lumbosacral Plexus with Drainage Device, Percutaneous Endoscopic Approach", "019A4ZX": "Drainage of Lumbosacral Plexus, Percutaneous Endoscopic Approach, Diagnostic", "019A4ZZ": "Drainage of Lumbosacral Plexus, Percutaneous Endoscopic Approach", "019B00Z": "Drainage of Lumbar Nerve with Drainage Device, Open Approach", "019B0ZX": "Drainage of Lumbar Nerve, Open Approach, Diagnostic", "019B0ZZ": "Drainage of Lumbar Nerve, Open Approach", "019B30Z": "Drainage of Lumbar Nerve with Drainage Device, Percutaneous Approach", "019B3ZX": "Drainage of Lumbar Nerve, Percutaneous Approach, Diagnostic", "019B3ZZ": "Drainage of Lumbar Nerve, Percutaneous Approach", "019B40Z": "Drainage of Lumbar Nerve with Drainage Device, Percutaneous Endoscopic Approach", "019B4ZX": "Drainage of Lumbar Nerve, Percutaneous Endoscopic Approach, Diagnostic", "019B4ZZ": "Drainage of Lumbar Nerve, Percutaneous Endoscopic Approach", "019C00Z": "Drainage of Pudendal Nerve with Drainage Device, Open Approach", "019C0ZX": "Drainage of Pudendal Nerve, Open Approach, Diagnostic", "019C0ZZ": "Drainage of Pudendal Nerve, Open Approach", "019C30Z": "Drainage of Pudendal Nerve with Drainage Device, Percutaneous Approach", "019C3ZX": "Drainage of Pudendal Nerve, Percutaneous Approach, Diagnostic", "019C3ZZ": "Drainage of Pudendal Nerve, Percutaneous Approach", "019C40Z": "Drainage of Pudendal Nerve with Drainage Device, Percutaneous Endoscopic Approach", "019C4ZX": "Drainage of Pudendal Nerve, Percutaneous Endoscopic Approach, Diagnostic", "019C4ZZ": "Drainage of Pudendal Nerve, Percutaneous Endoscopic Approach", "019D00Z": "Drainage of Femoral Nerve with Drainage Device, Open Approach", "019D0ZX": "Drainage of Femoral Nerve, Open Approach, Diagnostic", "019D0ZZ": "Drainage of Femoral Nerve, Open Approach", "019D30Z": "Drainage of Femoral Nerve with Drainage Device, Percutaneous Approach", "019D3ZX": "Drainage of Femoral Nerve, Percutaneous Approach, Diagnostic", "019D3ZZ": "Drainage of Femoral Nerve, Percutaneous Approach", "019D40Z": "Drainage of Femoral Nerve with Drainage Device, Percutaneous Endoscopic Approach", "019D4ZX": "Drainage of Femoral Nerve, Percutaneous Endoscopic Approach, Diagnostic", "019D4ZZ": "Drainage of Femoral Nerve, Percutaneous Endoscopic Approach", "019F00Z": "Drainage of Sciatic Nerve with Drainage Device, Open Approach", "019F0ZX": "Drainage of Sciatic Nerve, Open Approach, Diagnostic", "019F0ZZ": "Drainage of Sciatic Nerve, Open Approach", "019F30Z": "Drainage of Sciatic Nerve with Drainage Device, Percutaneous Approach", "019F3ZX": "Drainage of Sciatic Nerve, Percutaneous Approach, Diagnostic", "019F3ZZ": "Drainage of Sciatic Nerve, Percutaneous Approach", "019F40Z": "Drainage of Sciatic Nerve with Drainage Device, Percutaneous Endoscopic Approach", "019F4ZX": "Drainage of Sciatic Nerve, Percutaneous Endoscopic Approach, Diagnostic", "019F4ZZ": "Drainage of Sciatic Nerve, Percutaneous Endoscopic Approach", "019G00Z": "Drainage of Tibial Nerve with Drainage Device, Open Approach", "019G0ZX": "Drainage of Tibial Nerve, Open Approach, Diagnostic", "019G0ZZ": "Drainage of Tibial Nerve, Open Approach", "019G30Z": "Drainage of Tibial Nerve with Drainage Device, Percutaneous Approach", "019G3ZX": "Drainage of Tibial Nerve, Percutaneous Approach, Diagnostic", "019G3ZZ": "Drainage of Tibial Nerve, Percutaneous Approach", "019G40Z": "Drainage of Tibial Nerve with Drainage Device, Percutaneous Endoscopic Approach", "019G4ZX": "Drainage of Tibial Nerve, Percutaneous Endoscopic Approach, Diagnostic", "019G4ZZ": "Drainage of Tibial Nerve, Percutaneous Endoscopic Approach", "019H00Z": "Drainage of Peroneal Nerve with Drainage Device, Open Approach", "019H0ZX": "Drainage of Peroneal Nerve, Open Approach, Diagnostic", "019H0ZZ": "Drainage of Peroneal Nerve, Open Approach", "019H30Z": "Drainage of Peroneal Nerve with Drainage Device, Percutaneous Approach", "019H3ZX": "Drainage of Peroneal Nerve, Percutaneous Approach, Diagnostic", "019H3ZZ": "Drainage of Peroneal Nerve, Percutaneous Approach", "019H40Z": "Drainage of Peroneal Nerve with Drainage Device, Percutaneous Endoscopic Approach", "019H4ZX": "Drainage of Peroneal Nerve, Percutaneous Endoscopic Approach, Diagnostic", "019H4ZZ": "Drainage of Peroneal Nerve, Percutaneous Endoscopic Approach", "019K00Z": "Drainage of Head and Neck Sympathetic Nerve with Drainage Device, Open Approach", "019K0ZX": "Drainage of Head and Neck Sympathetic Nerve, Open Approach, Diagnostic", "019K0ZZ": "Drainage of Head and Neck Sympathetic Nerve, Open Approach", "019K30Z": "Drainage of Head and Neck Sympathetic Nerve with Drainage Device, Percutaneous Approach", "019K3ZX": "Drainage of Head and Neck Sympathetic Nerve, Percutaneous Approach, Diagnostic", "019K3ZZ": "Drainage of Head and Neck Sympathetic Nerve, Percutaneous Approach", "019K40Z": "Drainage of Head and Neck Sympathetic Nerve with Drainage Device, Percutaneous Endoscopic Approach", "019K4ZX": "Drainage of Head and Neck Sympathetic Nerve, Percutaneous Endoscopic Approach, Diagnostic", "019K4ZZ": "Drainage of Head and Neck Sympathetic Nerve, Percutaneous Endoscopic Approach", "019L00Z": "Drainage of Thoracic Sympathetic Nerve with Drainage Device, Open Approach", "019L0ZX": "Drainage of Thoracic Sympathetic Nerve, Open Approach, Diagnostic", "019L0ZZ": "Drainage of Thoracic Sympathetic Nerve, Open Approach", "019L30Z": "Drainage of Thoracic Sympathetic Nerve with Drainage Device, Percutaneous Approach", "019L3ZX": "Drainage of Thoracic Sympathetic Nerve, Percutaneous Approach, Diagnostic", "019L3ZZ": "Drainage of Thoracic Sympathetic Nerve, Percutaneous Approach", "019L40Z": "Drainage of Thoracic Sympathetic Nerve with Drainage Device, Percutaneous Endoscopic Approach", "019L4ZX": "Drainage of Thoracic Sympathetic Nerve, Percutaneous Endoscopic Approach, Diagnostic", "019L4ZZ": "Drainage of Thoracic Sympathetic Nerve, Percutaneous Endoscopic Approach", "019M00Z": "Drainage of Abdominal Sympathetic Nerve with Drainage Device, Open Approach", "019M0ZX": "Drainage of Abdominal Sympathetic Nerve, Open Approach, Diagnostic", "019M0ZZ": "Drainage of Abdominal Sympathetic Nerve, Open Approach", "019M30Z": "Drainage of Abdominal Sympathetic Nerve with Drainage Device, Percutaneous Approach", "019M3ZX": "Drainage of Abdominal Sympathetic Nerve, Percutaneous Approach, Diagnostic", "019M3ZZ": "Drainage of Abdominal Sympathetic Nerve, Percutaneous Approach", "019M40Z": "Drainage of Abdominal Sympathetic Nerve with Drainage Device, Percutaneous Endoscopic Approach", "019M4ZX": "Drainage of Abdominal Sympathetic Nerve, Percutaneous Endoscopic Approach, Diagnostic", "019M4ZZ": "Drainage of Abdominal Sympathetic Nerve, Percutaneous Endoscopic Approach", "019N00Z": "Drainage of Lumbar Sympathetic Nerve with Drainage Device, Open Approach", "019N0ZX": "Drainage of Lumbar Sympathetic Nerve, Open Approach, Diagnostic", "019N0ZZ": "Drainage of Lumbar Sympathetic Nerve, Open Approach", "019N30Z": "Drainage of Lumbar Sympathetic Nerve with Drainage Device, Percutaneous Approach", "019N3ZX": "Drainage of Lumbar Sympathetic Nerve, Percutaneous Approach, Diagnostic", "019N3ZZ": "Drainage of Lumbar Sympathetic Nerve, Percutaneous Approach", "019N40Z": "Drainage of Lumbar Sympathetic Nerve with Drainage Device, Percutaneous Endoscopic Approach", "019N4ZX": "Drainage of Lumbar Sympathetic Nerve, Percutaneous Endoscopic Approach, Diagnostic", "019N4ZZ": "Drainage of Lumbar Sympathetic Nerve, Percutaneous Endoscopic Approach", "019P00Z": "Drainage of Sacral Sympathetic Nerve with Drainage Device, Open Approach", "019P0ZX": "Drainage of Sacral Sympathetic Nerve, Open Approach, Diagnostic", "019P0ZZ": "Drainage of Sacral Sympathetic Nerve, Open Approach", "019P30Z": "Drainage of Sacral Sympathetic Nerve with Drainage Device, Percutaneous Approach", "019P3ZX": "Drainage of Sacral Sympathetic Nerve, Percutaneous Approach, Diagnostic", "019P3ZZ": "Drainage of Sacral Sympathetic Nerve, Percutaneous Approach", "019P40Z": "Drainage of Sacral Sympathetic Nerve with Drainage Device, Percutaneous Endoscopic Approach", "019P4ZX": "Drainage of Sacral Sympathetic Nerve, Percutaneous Endoscopic Approach, Diagnostic", "019P4ZZ": "Drainage of Sacral Sympathetic Nerve, Percutaneous Endoscopic Approach", "019Q00Z": "Drainage of Sacral Plexus with Drainage Device, Open Approach", "019Q0ZX": "Drainage of Sacral Plexus, Open Approach, Diagnostic", "019Q0ZZ": "Drainage of Sacral Plexus, Open Approach", "019Q30Z": "Drainage of Sacral Plexus with Drainage Device, Percutaneous Approach", "019Q3ZX": "Drainage of Sacral Plexus, Percutaneous Approach, Diagnostic", "019Q3ZZ": "Drainage of Sacral Plexus, Percutaneous Approach", "019Q40Z": "Drainage of Sacral Plexus with Drainage Device, Percutaneous Endoscopic Approach", "019Q4ZX": "Drainage of Sacral Plexus, Percutaneous Endoscopic Approach, Diagnostic", "019Q4ZZ": "Drainage of Sacral Plexus, Percutaneous Endoscopic Approach", "019R00Z": "Drainage of Sacral Nerve with Drainage Device, Open Approach", "019R0ZX": "Drainage of Sacral Nerve, Open Approach, Diagnostic", "019R0ZZ": "Drainage of Sacral Nerve, Open Approach", "019R30Z": "Drainage of Sacral Nerve with Drainage Device, Percutaneous Approach", "019R3ZX": "Drainage of Sacral Nerve, Percutaneous Approach, Diagnostic", "019R3ZZ": "Drainage of Sacral Nerve, Percutaneous Approach", "019R40Z": "Drainage of Sacral Nerve with Drainage Device, Percutaneous Endoscopic Approach", "019R4ZX": "Drainage of Sacral Nerve, Percutaneous Endoscopic Approach, Diagnostic", "019R4ZZ": "Drainage of Sacral Nerve, Percutaneous Endoscopic Approach"}