{"01P": "Peripheral Nervous System, Removal", "01PY00Z": "Removal of Drainage Device from Peripheral Nerve, Open Approach", "01PY02Z": "Removal of Monitoring Device from Peripheral Nerve, Open Approach", "01PY07Z": "Removal of Autologous Tissue Substitute from Peripheral Nerve, Open Approach", "01PY0MZ": "Removal of Neurostimulator Lead from Peripheral Nerve, Open Approach", "01PY0YZ": "Removal of Other Device from Peripheral Nerve, Open Approach", "01PY30Z": "Removal of Drainage Device from Peripheral Nerve, Percutaneous Approach", "01PY32Z": "Removal of Monitoring Device from Peripheral Nerve, Percutaneous Approach", "01PY37Z": "Removal of Autologous Tissue Substitute from Peripheral Nerve, Percutaneous Approach", "01PY3MZ": "Removal of Neurostimulator Lead from Peripheral Nerve, Percutaneous Approach", "01PY3YZ": "Removal of Other Device from Peripheral Nerve, Percutaneous Approach", "01PY40Z": "Removal of Drainage Device from Peripheral Nerve, Percutaneous Endoscopic Approach", "01PY42Z": "Removal of Monitoring Device from Peripheral Nerve, Percutaneous Endoscopic Approach", "01PY47Z": "Removal of Autologous Tissue Substitute from Peripheral Nerve, Percutaneous Endoscopic Approach", "01PY4MZ": "Removal of Neurostimulator Lead from Peripheral Nerve, Percutaneous Endoscopic Approach", "01PY4YZ": "Removal of Other Device from Peripheral Nerve, Percutaneous Endoscopic Approach", "01PYX0Z": "Removal of Drainage Device from Peripheral Nerve, External Approach", "01PYX2Z": "Removal of Monitoring Device from Peripheral Nerve, External Approach", "01PYXMZ": "Removal of Neurostimulator Lead from Peripheral Nerve, External Approach"}