{"01Q": "Peripheral Nervous System, Repair", "01Q00ZZ": "Repair Cervical Plexus, Open Approach", "01Q03ZZ": "Repair Cervical Plexus, Percutaneous Approach", "01Q04ZZ": "Repair Cervical Plexus, Percutaneous Endoscopic Approach", "01Q10ZZ": "Repair Cervical Nerve, Open Approach", "01Q13ZZ": "Repair Cervical Nerve, Percutaneous Approach", "01Q14ZZ": "Repair Cervical Nerve, Percutaneous Endoscopic Approach", "01Q20ZZ": "Repair Phrenic Nerve, Open Approach", "01Q23ZZ": "Repair Phrenic Nerve, Percutaneous Approach", "01Q24ZZ": "Repair Phrenic Nerve, Percutaneous Endoscopic Approach", "01Q30ZZ": "Repair Brachial Plexus, Open Approach", "01Q33ZZ": "Repair Brachial Plexus, Percutaneous Approach", "01Q34ZZ": "Repair Brachial Plexus, Percutaneous Endoscopic Approach", "01Q40ZZ": "Repair Ulnar Nerve, Open Approach", "01Q43ZZ": "Repair Ulnar Nerve, Percutaneous Approach", "01Q44ZZ": "Repair Ulnar Nerve, Percutaneous Endoscopic Approach", "01Q50ZZ": "Repair Median Nerve, Open Approach", "01Q53ZZ": "Repair Median Nerve, Percutaneous Approach", "01Q54ZZ": "Repair Median Nerve, Percutaneous Endoscopic Approach", "01Q60ZZ": "Repair Radial Nerve, Open Approach", "01Q63ZZ": "Repair Radial Nerve, Percutaneous Approach", "01Q64ZZ": "Repair Radial Nerve, Percutaneous Endoscopic Approach", "01Q80ZZ": "Repair Thoracic Nerve, Open Approach", "01Q83ZZ": "Repair Thoracic Nerve, Percutaneous Approach", "01Q84ZZ": "Repair Thoracic Nerve, Percutaneous Endoscopic Approach", "01Q90ZZ": "Repair Lumbar Plexus, Open Approach", "01Q93ZZ": "Repair Lumbar Plexus, Percutaneous Approach", "01Q94ZZ": "Repair Lumbar Plexus, Percutaneous Endoscopic Approach", "01QA0ZZ": "Repair Lumbosacral Plexus, Open Approach", "01QA3ZZ": "Repair Lumbosacral Plexus, Percutaneous Approach", "01QA4ZZ": "Repair Lumbosacral Plexus, Percutaneous Endoscopic Approach", "01QB0ZZ": "Repair Lumbar Nerve, Open Approach", "01QB3ZZ": "Repair Lumbar Nerve, Percutaneous Approach", "01QB4ZZ": "Repair Lumbar Nerve, Percutaneous Endoscopic Approach", "01QC0ZZ": "Repair Pudendal Nerve, Open Approach", "01QC3ZZ": "Repair Pudendal Nerve, Percutaneous Approach", "01QC4ZZ": "Repair Pudendal Nerve, Percutaneous Endoscopic Approach", "01QD0ZZ": "Repair Femoral Nerve, Open Approach", "01QD3ZZ": "Repair Femoral Nerve, Percutaneous Approach", "01QD4ZZ": "Repair Femoral Nerve, Percutaneous Endoscopic Approach", "01QF0ZZ": "Repair Sciatic Nerve, Open Approach", "01QF3ZZ": "Repair Sciatic Nerve, Percutaneous Approach", "01QF4ZZ": "Repair Sciatic Nerve, Percutaneous Endoscopic Approach", "01QG0ZZ": "Repair Tibial Nerve, Open Approach", "01QG3ZZ": "Repair Tibial Nerve, Percutaneous Approach", "01QG4ZZ": "Repair Tibial Nerve, Percutaneous Endoscopic Approach", "01QH0ZZ": "Repair Peroneal Nerve, Open Approach", "01QH3ZZ": "Repair Peroneal Nerve, Percutaneous Approach", "01QH4ZZ": "Repair Peroneal Nerve, Percutaneous Endoscopic Approach", "01QK0ZZ": "Repair Head and Neck Sympathetic Nerve, Open Approach", "01QK3ZZ": "Repair Head and Neck Sympathetic Nerve, Percutaneous Approach", "01QK4ZZ": "Repair Head and Neck Sympathetic Nerve, Percutaneous Endoscopic Approach", "01QL0ZZ": "Repair Thoracic Sympathetic Nerve, Open Approach", "01QL3ZZ": "Repair Thoracic Sympathetic Nerve, Percutaneous Approach", "01QL4ZZ": "Repair Thoracic Sympathetic Nerve, Percutaneous Endoscopic Approach", "01QM0ZZ": "Repair Abdominal Sympathetic Nerve, Open Approach", "01QM3ZZ": "Repair Abdominal Sympathetic Nerve, Percutaneous Approach", "01QM4ZZ": "Repair Abdominal Sympathetic Nerve, Percutaneous Endoscopic Approach", "01QN0ZZ": "Repair Lumbar Sympathetic Nerve, Open Approach", "01QN3ZZ": "Repair Lumbar Sympathetic Nerve, Percutaneous Approach", "01QN4ZZ": "Repair Lumbar Sympathetic Nerve, Percutaneous Endoscopic Approach", "01QP0ZZ": "Repair Sacral Sympathetic Nerve, Open Approach", "01QP3ZZ": "Repair Sacral Sympathetic Nerve, Percutaneous Approach", "01QP4ZZ": "Repair Sacral Sympathetic Nerve, Percutaneous Endoscopic Approach", "01QQ0ZZ": "Repair Sacral Plexus, Open Approach", "01QQ3ZZ": "Repair Sacral Plexus, Percutaneous Approach", "01QQ4ZZ": "Repair Sacral Plexus, Percutaneous Endoscopic Approach", "01QR0ZZ": "Repair Sacral Nerve, Open Approach", "01QR3ZZ": "Repair Sacral Nerve, Percutaneous Approach", "01QR4ZZ": "Repair Sacral Nerve, Percutaneous Endoscopic Approach"}