{"01R": "Peripheral Nervous System, Replacement", "01R107Z": "Replacement of Cervical Nerve with Autologous Tissue Substitute, Open Approach", "01R10JZ": "Replacement of Cervical Nerve with Synthetic Substitute, Open Approach", "01R10KZ": "Replacement of Cervical Nerve with Nonautologous Tissue Substitute, Open Approach", "01R147Z": "Replacement of Cervical Nerve with Autologous Tissue Substitute, Percutaneous Endoscopic Approach", "01R14JZ": "Replacement of Cervical Nerve with Synthetic Substitute, Percutaneous Endoscopic Approach", "01R14KZ": "Replacement of Cervical Nerve with Nonautologous Tissue Substitute, Percutaneous Endoscopic Approach", "01R207Z": "Replacement of Phrenic Nerve with Autologous Tissue Substitute, Open Approach", "01R20JZ": "Replacement of Phrenic Nerve with Synthetic Substitute, Open Approach", "01R20KZ": "Replacement of Phrenic Nerve with Nonautologous Tissue Substitute, Open Approach", "01R247Z": "Replacement of Phrenic Nerve with Autologous Tissue Substitute, Percutaneous Endoscopic Approach", "01R24JZ": "Replacement of Phrenic Nerve with Synthetic Substitute, Percutaneous Endoscopic Approach", "01R24KZ": "Replacement of Phrenic Nerve with Nonautologous Tissue Substitute, Percutaneous Endoscopic Approach", "01R407Z": "Replacement of Ulnar Nerve with Autologous Tissue Substitute, Open Approach", "01R40JZ": "Replacement of Ulnar Nerve with Synthetic Substitute, Open Approach", "01R40KZ": "Replacement of Ulnar Nerve with Nonautologous Tissue Substitute, Open Approach", "01R447Z": "Replacement of Ulnar Nerve with Autologous Tissue Substitute, Percutaneous Endoscopic Approach", "01R44JZ": "Replacement of Ulnar Nerve with Synthetic Substitute, Percutaneous Endoscopic Approach", "01R44KZ": "Replacement of Ulnar Nerve with Nonautologous Tissue Substitute, Percutaneous Endoscopic Approach", "01R507Z": "Replacement of Median Nerve with Autologous Tissue Substitute, Open Approach", "01R50JZ": "Replacement of Median Nerve with Synthetic Substitute, Open Approach", "01R50KZ": "Replacement of Median Nerve with Nonautologous Tissue Substitute, Open Approach", "01R547Z": "Replacement of Median Nerve with Autologous Tissue Substitute, Percutaneous Endoscopic Approach", "01R54JZ": "Replacement of Median Nerve with Synthetic Substitute, Percutaneous Endoscopic Approach", "01R54KZ": "Replacement of Median Nerve with Nonautologous Tissue Substitute, Percutaneous Endoscopic Approach", "01R607Z": "Replacement of Radial Nerve with Autologous Tissue Substitute, Open Approach", "01R60JZ": "Replacement of Radial Nerve with Synthetic Substitute, Open Approach", "01R60KZ": "Replacement of Radial Nerve with Nonautologous Tissue Substitute, Open Approach", "01R647Z": "Replacement of Radial Nerve with Autologous Tissue Substitute, Percutaneous Endoscopic Approach", "01R64JZ": "Replacement of Radial Nerve with Synthetic Substitute, Percutaneous Endoscopic Approach", "01R64KZ": "Replacement of Radial Nerve with Nonautologous Tissue Substitute, Percutaneous Endoscopic Approach", "01R807Z": "Replacement of Thoracic Nerve with Autologous Tissue Substitute, Open Approach", "01R80JZ": "Replacement of Thoracic Nerve with Synthetic Substitute, Open Approach", "01R80KZ": "Replacement of Thoracic Nerve with Nonautologous Tissue Substitute, Open Approach", "01R847Z": "Replacement of Thoracic Nerve with Autologous Tissue Substitute, Percutaneous Endoscopic Approach", "01R84JZ": "Replacement of Thoracic Nerve with Synthetic Substitute, Percutaneous Endoscopic Approach", "01R84KZ": "Replacement of Thoracic Nerve with Nonautologous Tissue Substitute, Percutaneous Endoscopic Approach", "01RB07Z": "Replacement of Lumbar Nerve with Autologous Tissue Substitute, Open Approach", "01RB0JZ": "Replacement of Lumbar Nerve with Synthetic Substitute, Open Approach", "01RB0KZ": "Replacement of Lumbar Nerve with Nonautologous Tissue Substitute, Open Approach", "01RB47Z": "Replacement of Lumbar Nerve with Autologous Tissue Substitute, Percutaneous Endoscopic Approach", "01RB4JZ": "Replacement of Lumbar Nerve with Synthetic Substitute, Percutaneous Endoscopic Approach", "01RB4KZ": "Replacement of Lumbar Nerve with Nonautologous Tissue Substitute, Percutaneous Endoscopic Approach", "01RC07Z": "Replacement of Pudendal Nerve with Autologous Tissue Substitute, Open Approach", "01RC0JZ": "Replacement of Pudendal Nerve with Synthetic Substitute, Open Approach", "01RC0KZ": "Replacement of Pudendal Nerve with Nonautologous Tissue Substitute, Open Approach", "01RC47Z": "Replacement of Pudendal Nerve with Autologous Tissue Substitute, Percutaneous Endoscopic Approach", "01RC4JZ": "Replacement of Pudendal Nerve with Synthetic Substitute, Percutaneous Endoscopic Approach", "01RC4KZ": "Replacement of Pudendal Nerve with Nonautologous Tissue Substitute, Percutaneous Endoscopic Approach", "01RD07Z": "Replacement of Femoral Nerve with Autologous Tissue Substitute, Open Approach", "01RD0JZ": "Replacement of Femoral Nerve with Synthetic Substitute, Open Approach", "01RD0KZ": "Replacement of Femoral Nerve with Nonautologous Tissue Substitute, Open Approach", "01RD47Z": "Replacement of Femoral Nerve with Autologous Tissue Substitute, Percutaneous Endoscopic Approach", "01RD4JZ": "Replacement of Femoral Nerve with Synthetic Substitute, Percutaneous Endoscopic Approach", "01RD4KZ": "Replacement of Femoral Nerve with Nonautologous Tissue Substitute, Percutaneous Endoscopic Approach", "01RF07Z": "Replacement of Sciatic Nerve with Autologous Tissue Substitute, Open Approach", "01RF0JZ": "Replacement of Sciatic Nerve with Synthetic Substitute, Open Approach", "01RF0KZ": "Replacement of Sciatic Nerve with Nonautologous Tissue Substitute, Open Approach", "01RF47Z": "Replacement of Sciatic Nerve with Autologous Tissue Substitute, Percutaneous Endoscopic Approach", "01RF4JZ": "Replacement of Sciatic Nerve with Synthetic Substitute, Percutaneous Endoscopic Approach", "01RF4KZ": "Replacement of Sciatic Nerve with Nonautologous Tissue Substitute, Percutaneous Endoscopic Approach", "01RG07Z": "Replacement of Tibial Nerve with Autologous Tissue Substitute, Open Approach", "01RG0JZ": "Replacement of Tibial Nerve with Synthetic Substitute, Open Approach", "01RG0KZ": "Replacement of Tibial Nerve with Nonautologous Tissue Substitute, Open Approach", "01RG47Z": "Replacement of Tibial Nerve with Autologous Tissue Substitute, Percutaneous Endoscopic Approach", "01RG4JZ": "Replacement of Tibial Nerve with Synthetic Substitute, Percutaneous Endoscopic Approach", "01RG4KZ": "Replacement of Tibial Nerve with Nonautologous Tissue Substitute, Percutaneous Endoscopic Approach", "01RH07Z": "Replacement of Peroneal Nerve with Autologous Tissue Substitute, Open Approach", "01RH0JZ": "Replacement of Peroneal Nerve with Synthetic Substitute, Open Approach", "01RH0KZ": "Replacement of Peroneal Nerve with Nonautologous Tissue Substitute, Open Approach", "01RH47Z": "Replacement of Peroneal Nerve with Autologous Tissue Substitute, Percutaneous Endoscopic Approach", "01RH4JZ": "Replacement of Peroneal Nerve with Synthetic Substitute, Percutaneous Endoscopic Approach", "01RH4KZ": "Replacement of Peroneal Nerve with Nonautologous Tissue Substitute, Percutaneous Endoscopic Approach", "01RR07Z": "Replacement of Sacral Nerve with Autologous Tissue Substitute, Open Approach", "01RR0JZ": "Replacement of Sacral Nerve with Synthetic Substitute, Open Approach", "01RR0KZ": "Replacement of Sacral Nerve with Nonautologous Tissue Substitute, Open Approach", "01RR47Z": "Replacement of Sacral Nerve with Autologous Tissue Substitute, Percutaneous Endoscopic Approach", "01RR4JZ": "Replacement of Sacral Nerve with Synthetic Substitute, Percutaneous Endoscopic Approach", "01RR4KZ": "Replacement of Sacral Nerve with Nonautologous Tissue Substitute, Percutaneous Endoscopic Approach"}