{"021": "Heart and Great Vessels, Bypass", "0210083": "Bypass Coronary Artery, One Artery from Coronary Artery with Zooplastic Tissue, Open Approach", "0210088": "Bypass Coronary Artery, One Artery from Right Internal Mammary with Zooplastic Tissue, Open Approach", "0210089": "Bypass Coronary Artery, One Artery from Left Internal Mammary with Zooplastic Tissue, Open Approach", "021008C": "Bypass Coronary Artery, One Artery from Thoracic Artery with Zooplastic Tissue, Open Approach", "021008F": "Bypass Coronary Artery, One Artery from Abdominal Artery with Zooplastic Tissue, Open Approach", "021008W": "Bypass Coronary Artery, One Artery from Aorta with Zooplastic Tissue, Open Approach", "0210093": "Bypass Coronary Artery, One Artery from Coronary Artery with Autologous Venous Tissue, Open Approach", "0210098": "Bypass Coronary Artery, One Artery from Right Internal Mammary with Autologous Venous Tissue, Open Approach", "0210099": "Bypass Coronary Artery, One Artery from Left Internal Mammary with Autologous Venous Tissue, Open Approach", "021009C": "Bypass Coronary Artery, One Artery from Thoracic Artery with Autologous Venous Tissue, Open Approach", "021009F": "Bypass Coronary Artery, One Artery from Abdominal Artery with Autologous Venous Tissue, Open Approach", "021009W": "Bypass Coronary Artery, One Artery from Aorta with Autologous Venous Tissue, Open Approach", "02100A3": "Bypass Coronary Artery, One Artery from Coronary Artery with Autologous Arterial Tissue, Open Approach", "02100A8": "Bypass Coronary Artery, One Artery from Right Internal Mammary with Autologous Arterial Tissue, Open Approach", "02100A9": "Bypass Coronary Artery, One Artery from Left Internal Mammary with Autologous Arterial Tissue, Open Approach", "02100AC": "Bypass Coronary Artery, One Artery from Thoracic Artery with Autologous Arterial Tissue, Open Approach", "02100AF": "Bypass Coronary Artery, One Artery from Abdominal Artery with Autologous Arterial Tissue, Open Approach", "02100AW": "Bypass Coronary Artery, One Artery from Aorta with Autologous Arterial Tissue, Open Approach", "02100J3": "Bypass Coronary Artery, One Artery from Coronary Artery with Synthetic Substitute, Open Approach", "02100J8": "Bypass Coronary Artery, One Artery from Right Internal Mammary with Synthetic Substitute, Open Approach", "02100J9": "Bypass Coronary Artery, One Artery from Left Internal Mammary with Synthetic Substitute, Open Approach", "02100JC": "Bypass Coronary Artery, One Artery from Thoracic Artery with Synthetic Substitute, Open Approach", "02100JF": "Bypass Coronary Artery, One Artery from Abdominal Artery with Synthetic Substitute, Open Approach", "02100JW": "Bypass Coronary Artery, One Artery from Aorta with Synthetic Substitute, Open Approach", "02100K3": "Bypass Coronary Artery, One Artery from Coronary Artery with Nonautologous Tissue Substitute, Open Approach", "02100K8": "Bypass Coronary Artery, One Artery from Right Internal Mammary with Nonautologous Tissue Substitute, Open Approach", "02100K9": "Bypass Coronary Artery, One Artery from Left Internal Mammary with Nonautologous Tissue Substitute, Open Approach", "02100KC": "Bypass Coronary Artery, One Artery from Thoracic Artery with Nonautologous Tissue Substitute, Open Approach", "02100KF": "Bypass Coronary Artery, One Artery from Abdominal Artery with Nonautologous Tissue Substitute, Open Approach", "02100KW": "Bypass Coronary Artery, One Artery from Aorta with Nonautologous Tissue Substitute, Open Approach", "02100Z3": "Bypass Coronary Artery, One Artery from Coronary Artery, Open Approach", "02100Z8": "Bypass Coronary Artery, One Artery from Right Internal Mammary, Open Approach", "02100Z9": "Bypass Coronary Artery, One Artery from Left Internal Mammary, Open Approach", "02100ZC": "Bypass Coronary Artery, One Artery from Thoracic Artery, Open Approach", "02100ZF": "Bypass Coronary Artery, One Artery from Abdominal Artery, Open Approach", "0210344": "Bypass Coronary Artery, One Artery from Coronary Vein with Drug-eluting Intraluminal Device, Percutaneous Approach", "02103D4": "Bypass Coronary Artery, One Artery from Coronary Vein with Intraluminal Device, Percutaneous Approach", "0210444": "Bypass Coronary Artery, One Artery from Coronary Vein with Drug-eluting Intraluminal Device, Percutaneous Endoscopic Approach", "0210483": "Bypass Coronary Artery, One Artery from Coronary Artery with Zooplastic Tissue, Percutaneous Endoscopic Approach", "0210488": "Bypass Coronary Artery, One Artery from Right Internal Mammary with Zooplastic Tissue, Percutaneous Endoscopic Approach", "0210489": "Bypass Coronary Artery, One Artery from Left Internal Mammary with Zooplastic Tissue, Percutaneous Endoscopic Approach", "021048C": "Bypass Coronary Artery, One Artery from Thoracic Artery with Zooplastic Tissue, Percutaneous Endoscopic Approach", "021048F": "Bypass Coronary Artery, One Artery from Abdominal Artery with Zooplastic Tissue, Percutaneous Endoscopic Approach", "021048W": "Bypass Coronary Artery, One Artery from Aorta with Zooplastic Tissue, Percutaneous Endoscopic Approach", "0210493": "Bypass Coronary Artery, One Artery from Coronary Artery with Autologous Venous Tissue, Percutaneous Endoscopic Approach", "0210498": "Bypass Coronary Artery, One Artery from Right Internal Mammary with Autologous Venous Tissue, Percutaneous Endoscopic Approach", "0210499": "Bypass Coronary Artery, One Artery from Left Internal Mammary with Autologous Venous Tissue, Percutaneous Endoscopic Approach", "021049C": "Bypass Coronary Artery, One Artery from Thoracic Artery with Autologous Venous Tissue, Percutaneous Endoscopic Approach", "021049F": "Bypass Coronary Artery, One Artery from Abdominal Artery with Autologous Venous Tissue, Percutaneous Endoscopic Approach", "021049W": "Bypass Coronary Artery, One Artery from Aorta with Autologous Venous Tissue, Percutaneous Endoscopic Approach", "02104A3": "Bypass Coronary Artery, One Artery from Coronary Artery with Autologous Arterial Tissue, Percutaneous Endoscopic Approach", "02104A8": "Bypass Coronary Artery, One Artery from Right Internal Mammary with Autologous Arterial Tissue, Percutaneous Endoscopic Approach", "02104A9": "Bypass Coronary Artery, One Artery from Left Internal Mammary with Autologous Arterial Tissue, Percutaneous Endoscopic Approach", "02104AC": "Bypass Coronary Artery, One Artery from Thoracic Artery with Autologous Arterial Tissue, Percutaneous Endoscopic Approach", "02104AF": "Bypass Coronary Artery, One Artery from Abdominal Artery with Autologous Arterial Tissue, Percutaneous Endoscopic Approach", "02104AW": "Bypass Coronary Artery, One Artery from Aorta with Autologous Arterial Tissue, Percutaneous Endoscopic Approach", "02104D4": "Bypass Coronary Artery, One Artery from Coronary Vein with Intraluminal Device, Percutaneous Endoscopic Approach", "02104J3": "Bypass Coronary Artery, One Artery from Coronary Artery with Synthetic Substitute, Percutaneous Endoscopic Approach", "02104J8": "Bypass Coronary Artery, One Artery from Right Internal Mammary with Synthetic Substitute, Percutaneous Endoscopic Approach", "02104J9": "Bypass Coronary Artery, One Artery from Left Internal Mammary with Synthetic Substitute, Percutaneous Endoscopic Approach", "02104JC": "Bypass Coronary Artery, One Artery from Thoracic Artery with Synthetic Substitute, Percutaneous Endoscopic Approach", "02104JF": "Bypass Coronary Artery, One Artery from Abdominal Artery with Synthetic Substitute, Percutaneous Endoscopic Approach", "02104JW": "Bypass Coronary Artery, One Artery from Aorta with Synthetic Substitute, Percutaneous Endoscopic Approach", "02104K3": "Bypass Coronary Artery, One Artery from Coronary Artery with Nonautologous Tissue Substitute, Percutaneous Endoscopic Approach", "02104K8": "Bypass Coronary Artery, One Artery from Right Internal Mammary with Nonautologous Tissue Substitute, Percutaneous Endoscopic Approach", "02104K9": "Bypass Coronary Artery, One Artery from Left Internal Mammary with Nonautologous Tissue Substitute, Percutaneous Endoscopic Approach", "02104KC": "Bypass Coronary Artery, One Artery from Thoracic Artery with Nonautologous Tissue Substitute, Percutaneous Endoscopic Approach", "02104KF": "Bypass Coronary Artery, One Artery from Abdominal Artery with Nonautologous Tissue Substitute, Percutaneous Endoscopic Approach", "02104KW": "Bypass Coronary Artery, One Artery from Aorta with Nonautologous Tissue Substitute, Percutaneous Endoscopic Approach", "02104Z3": "Bypass Coronary Artery, One Artery from Coronary Artery, Percutaneous Endoscopic Approach", "02104Z8": "Bypass Coronary Artery, One Artery from Right Internal Mammary, Percutaneous Endoscopic Approach", "02104Z9": "Bypass Coronary Artery, One Artery from Left Internal Mammary, Percutaneous Endoscopic Approach", "02104ZC": "Bypass Coronary Artery, One Artery from Thoracic Artery, Percutaneous Endoscopic Approach", "02104ZF": "Bypass Coronary Artery, One Artery from Abdominal Artery, Percutaneous Endoscopic Approach", "0211083": "Bypass Coronary Artery, Two Arteries from Coronary Artery with Zooplastic Tissue, Open Approach", "0211088": "Bypass Coronary Artery, Two Arteries from Right Internal Mammary with Zooplastic Tissue, Open Approach", "0211089": "Bypass Coronary Artery, Two Arteries from Left Internal Mammary with Zooplastic Tissue, Open Approach", "021108C": "Bypass Coronary Artery, Two Arteries from Thoracic Artery with Zooplastic Tissue, Open Approach", "021108F": "Bypass Coronary Artery, Two Arteries from Abdominal Artery with Zooplastic Tissue, Open Approach", "021108W": "Bypass Coronary Artery, Two Arteries from Aorta with Zooplastic Tissue, Open Approach", "0211093": "Bypass Coronary Artery, Two Arteries from Coronary Artery with Autologous Venous Tissue, Open Approach", "0211098": "Bypass Coronary Artery, Two Arteries from Right Internal Mammary with Autologous Venous Tissue, Open Approach", "0211099": "Bypass Coronary Artery, Two Arteries from Left Internal Mammary with Autologous Venous Tissue, Open Approach", "021109C": "Bypass Coronary Artery, Two Arteries from Thoracic Artery with Autologous Venous Tissue, Open Approach", "021109F": "Bypass Coronary Artery, Two Arteries from Abdominal Artery with Autologous Venous Tissue, Open Approach", "021109W": "Bypass Coronary Artery, Two Arteries from Aorta with Autologous Venous Tissue, Open Approach", "02110A3": "Bypass Coronary Artery, Two Arteries from Coronary Artery with Autologous Arterial Tissue, Open Approach", "02110A8": "Bypass Coronary Artery, Two Arteries from Right Internal Mammary with Autologous Arterial Tissue, Open Approach", "02110A9": "Bypass Coronary Artery, Two Arteries from Left Internal Mammary with Autologous Arterial Tissue, Open Approach", "02110AC": "Bypass Coronary Artery, Two Arteries from Thoracic Artery with Autologous Arterial Tissue, Open Approach", "02110AF": "Bypass Coronary Artery, Two Arteries from Abdominal Artery with Autologous Arterial Tissue, Open Approach", "02110AW": "Bypass Coronary Artery, Two Arteries from Aorta with Autologous Arterial Tissue, Open Approach", "02110J3": "Bypass Coronary Artery, Two Arteries from Coronary Artery with Synthetic Substitute, Open Approach", "02110J8": "Bypass Coronary Artery, Two Arteries from Right Internal Mammary with Synthetic Substitute, Open Approach", "02110J9": "Bypass Coronary Artery, Two Arteries from Left Internal Mammary with Synthetic Substitute, Open Approach", "02110JC": "Bypass Coronary Artery, Two Arteries from Thoracic Artery with Synthetic Substitute, Open Approach", "02110JF": "Bypass Coronary Artery, Two Arteries from Abdominal Artery with Synthetic Substitute, Open Approach", "02110JW": "Bypass Coronary Artery, Two Arteries from Aorta with Synthetic Substitute, Open Approach", "02110K3": "Bypass Coronary Artery, Two Arteries from Coronary Artery with Nonautologous Tissue Substitute, Open Approach", "02110K8": "Bypass Coronary Artery, Two Arteries from Right Internal Mammary with Nonautologous Tissue Substitute, Open Approach", "02110K9": "Bypass Coronary Artery, Two Arteries from Left Internal Mammary with Nonautologous Tissue Substitute, Open Approach", "02110KC": "Bypass Coronary Artery, Two Arteries from Thoracic Artery with Nonautologous Tissue Substitute, Open Approach", "02110KF": "Bypass Coronary Artery, Two Arteries from Abdominal Artery with Nonautologous Tissue Substitute, Open Approach", "02110KW": "Bypass Coronary Artery, Two Arteries from Aorta with Nonautologous Tissue Substitute, Open Approach", "02110Z3": "Bypass Coronary Artery, Two Arteries from Coronary Artery, Open Approach", "02110Z8": "Bypass Coronary Artery, Two Arteries from Right Internal Mammary, Open Approach", "02110Z9": "Bypass Coronary Artery, Two Arteries from Left Internal Mammary, Open Approach", "02110ZC": "Bypass Coronary Artery, Two Arteries from Thoracic Artery, Open Approach", "02110ZF": "Bypass Coronary Artery, Two Arteries from Abdominal Artery, Open Approach", "0211344": "Bypass Coronary Artery, Two Arteries from Coronary Vein with Drug-eluting Intraluminal Device, Percutaneous Approach", "02113D4": "Bypass Coronary Artery, Two Arteries from Coronary Vein with Intraluminal Device, Percutaneous Approach", "0211444": "Bypass Coronary Artery, Two Arteries from Coronary Vein with Drug-eluting Intraluminal Device, Percutaneous Endoscopic Approach", "0211483": "Bypass Coronary Artery, Two Arteries from Coronary Artery with Zooplastic Tissue, Percutaneous Endoscopic Approach", "0211488": "Bypass Coronary Artery, Two Arteries from Right Internal Mammary with Zooplastic Tissue, Percutaneous Endoscopic Approach", "0211489": "Bypass Coronary Artery, Two Arteries from Left Internal Mammary with Zooplastic Tissue, Percutaneous Endoscopic Approach", "021148C": "Bypass Coronary Artery, Two Arteries from Thoracic Artery with Zooplastic Tissue, Percutaneous Endoscopic Approach", "021148F": "Bypass Coronary Artery, Two Arteries from Abdominal Artery with Zooplastic Tissue, Percutaneous Endoscopic Approach", "021148W": "Bypass Coronary Artery, Two Arteries from Aorta with Zooplastic Tissue, Percutaneous Endoscopic Approach", "0211493": "Bypass Coronary Artery, Two Arteries from Coronary Artery with Autologous Venous Tissue, Percutaneous Endoscopic Approach", "0211498": "Bypass Coronary Artery, Two Arteries from Right Internal Mammary with Autologous Venous Tissue, Percutaneous Endoscopic Approach", "0211499": "Bypass Coronary Artery, Two Arteries from Left Internal Mammary with Autologous Venous Tissue, Percutaneous Endoscopic Approach", "021149C": "Bypass Coronary Artery, Two Arteries from Thoracic Artery with Autologous Venous Tissue, Percutaneous Endoscopic Approach", "021149F": "Bypass Coronary Artery, Two Arteries from Abdominal Artery with Autologous Venous Tissue, Percutaneous Endoscopic Approach", "021149W": "Bypass Coronary Artery, Two Arteries from Aorta with Autologous Venous Tissue, Percutaneous Endoscopic Approach", "02114A3": "Bypass Coronary Artery, Two Arteries from Coronary Artery with Autologous Arterial Tissue, Percutaneous Endoscopic Approach", "02114A8": "Bypass Coronary Artery, Two Arteries from Right Internal Mammary with Autologous Arterial Tissue, Percutaneous Endoscopic Approach", "02114A9": "Bypass Coronary Artery, Two Arteries from Left Internal Mammary with Autologous Arterial Tissue, Percutaneous Endoscopic Approach", "02114AC": "Bypass Coronary Artery, Two Arteries from Thoracic Artery with Autologous Arterial Tissue, Percutaneous Endoscopic Approach", "02114AF": "Bypass Coronary Artery, Two Arteries from Abdominal Artery with Autologous Arterial Tissue, Percutaneous Endoscopic Approach", "02114AW": "Bypass Coronary Artery, Two Arteries from Aorta with Autologous Arterial Tissue, Percutaneous Endoscopic Approach", "02114D4": "Bypass Coronary Artery, Two Arteries from Coronary Vein with Intraluminal Device, Percutaneous Endoscopic Approach", "02114J3": "Bypass Coronary Artery, Two Arteries from Coronary Artery with Synthetic Substitute, Percutaneous Endoscopic Approach", "02114J8": "Bypass Coronary Artery, Two Arteries from Right Internal Mammary with Synthetic Substitute, Percutaneous Endoscopic Approach", "02114J9": "Bypass Coronary Artery, Two Arteries from Left Internal Mammary with Synthetic Substitute, Percutaneous Endoscopic Approach", "02114JC": "Bypass Coronary Artery, Two Arteries from Thoracic Artery with Synthetic Substitute, Percutaneous Endoscopic Approach", "02114JF": "Bypass Coronary Artery, Two Arteries from Abdominal Artery with Synthetic Substitute, Percutaneous Endoscopic Approach", "02114JW": "Bypass Coronary Artery, Two Arteries from Aorta with Synthetic Substitute, Percutaneous Endoscopic Approach", "02114K3": "Bypass Coronary Artery, Two Arteries from Coronary Artery with Nonautologous Tissue Substitute, Percutaneous Endoscopic Approach", "02114K8": "Bypass Coronary Artery, Two Arteries from Right Internal Mammary with Nonautologous Tissue Substitute, Percutaneous Endoscopic Approach", "02114K9": "Bypass Coronary Artery, Two Arteries from Left Internal Mammary with Nonautologous Tissue Substitute, Percutaneous Endoscopic Approach", "02114KC": "Bypass Coronary Artery, Two Arteries from Thoracic Artery with Nonautologous Tissue Substitute, Percutaneous Endoscopic Approach", "02114KF": "Bypass Coronary Artery, Two Arteries from Abdominal Artery with Nonautologous Tissue Substitute, Percutaneous Endoscopic Approach", "02114KW": "Bypass Coronary Artery, Two Arteries from Aorta with Nonautologous Tissue Substitute, Percutaneous Endoscopic Approach", "02114Z3": "Bypass Coronary Artery, Two Arteries from Coronary Artery, Percutaneous Endoscopic Approach", "02114Z8": "Bypass Coronary Artery, Two Arteries from Right Internal Mammary, Percutaneous Endoscopic Approach", "02114Z9": "Bypass Coronary Artery, Two Arteries from Left Internal Mammary, Percutaneous Endoscopic Approach", "02114ZC": "Bypass Coronary Artery, Two Arteries from Thoracic Artery, Percutaneous Endoscopic Approach", "02114ZF": "Bypass Coronary Artery, Two Arteries from Abdominal Artery, Percutaneous Endoscopic Approach", "0212083": "Bypass Coronary Artery, Three Arteries from Coronary Artery with Zooplastic Tissue, Open Approach", "0212088": "Bypass Coronary Artery, Three Arteries from Right Internal Mammary with Zooplastic Tissue, Open Approach", "0212089": "Bypass Coronary Artery, Three Arteries from Left Internal Mammary with Zooplastic Tissue, Open Approach", "021208C": "Bypass Coronary Artery, Three Arteries from Thoracic Artery with Zooplastic Tissue, Open Approach", "021208F": "Bypass Coronary Artery, Three Arteries from Abdominal Artery with Zooplastic Tissue, Open Approach", "021208W": "Bypass Coronary Artery, Three Arteries from Aorta with Zooplastic Tissue, Open Approach", "0212093": "Bypass Coronary Artery, Three Arteries from Coronary Artery with Autologous Venous Tissue, Open Approach", "0212098": "Bypass Coronary Artery, Three Arteries from Right Internal Mammary with Autologous Venous Tissue, Open Approach", "0212099": "Bypass Coronary Artery, Three Arteries from Left Internal Mammary with Autologous Venous Tissue, Open Approach", "021209C": "Bypass Coronary Artery, Three Arteries from Thoracic Artery with Autologous Venous Tissue, Open Approach", "021209F": "Bypass Coronary Artery, Three Arteries from Abdominal Artery with Autologous Venous Tissue, Open Approach", "021209W": "Bypass Coronary Artery, Three Arteries from Aorta with Autologous Venous Tissue, Open Approach", "02120A3": "Bypass Coronary Artery, Three Arteries from Coronary Artery with Autologous Arterial Tissue, Open Approach", "02120A8": "Bypass Coronary Artery, Three Arteries from Right Internal Mammary with Autologous Arterial Tissue, Open Approach", "02120A9": "Bypass Coronary Artery, Three Arteries from Left Internal Mammary with Autologous Arterial Tissue, Open Approach", "02120AC": "Bypass Coronary Artery, Three Arteries from Thoracic Artery with Autologous Arterial Tissue, Open Approach", "02120AF": "Bypass Coronary Artery, Three Arteries from Abdominal Artery with Autologous Arterial Tissue, Open Approach", "02120AW": "Bypass Coronary Artery, Three Arteries from Aorta with Autologous Arterial Tissue, Open Approach", "02120J3": "Bypass Coronary Artery, Three Arteries from Coronary Artery with Synthetic Substitute, Open Approach", "02120J8": "Bypass Coronary Artery, Three Arteries from Right Internal Mammary with Synthetic Substitute, Open Approach", "02120J9": "Bypass Coronary Artery, Three Arteries from Left Internal Mammary with Synthetic Substitute, Open Approach", "02120JC": "Bypass Coronary Artery, Three Arteries from Thoracic Artery with Synthetic Substitute, Open Approach", "02120JF": "Bypass Coronary Artery, Three Arteries from Abdominal Artery with Synthetic Substitute, Open Approach", "02120JW": "Bypass Coronary Artery, Three Arteries from Aorta with Synthetic Substitute, Open Approach", "02120K3": "Bypass Coronary Artery, Three Arteries from Coronary Artery with Nonautologous Tissue Substitute, Open Approach", "02120K8": "Bypass Coronary Artery, Three Arteries from Right Internal Mammary with Nonautologous Tissue Substitute, Open Approach", "02120K9": "Bypass Coronary Artery, Three Arteries from Left Internal Mammary with Nonautologous Tissue Substitute, Open Approach", "02120KC": "Bypass Coronary Artery, Three Arteries from Thoracic Artery with Nonautologous Tissue Substitute, Open Approach", "02120KF": "Bypass Coronary Artery, Three Arteries from Abdominal Artery with Nonautologous Tissue Substitute, Open Approach", "02120KW": "Bypass Coronary Artery, Three Arteries from Aorta with Nonautologous Tissue Substitute, Open Approach", "02120Z3": "Bypass Coronary Artery, Three Arteries from Coronary Artery, Open Approach", "02120Z8": "Bypass Coronary Artery, Three Arteries from Right Internal Mammary, Open Approach", "02120Z9": "Bypass Coronary Artery, Three Arteries from Left Internal Mammary, Open Approach", "02120ZC": "Bypass Coronary Artery, Three Arteries from Thoracic Artery, Open Approach", "02120ZF": "Bypass Coronary Artery, Three Arteries from Abdominal Artery, Open Approach", "0212344": "Bypass Coronary Artery, Three Arteries from Coronary Vein with Drug-eluting Intraluminal Device, Percutaneous Approach", "02123D4": "Bypass Coronary Artery, Three Arteries from Coronary Vein with Intraluminal Device, Percutaneous Approach", "0212444": "Bypass Coronary Artery, Three Arteries from Coronary Vein with Drug-eluting Intraluminal Device, Percutaneous Endoscopic Approach", "0212483": "Bypass Coronary Artery, Three Arteries from Coronary Artery with Zooplastic Tissue, Percutaneous Endoscopic Approach", "0212488": "Bypass Coronary Artery, Three Arteries from Right Internal Mammary with Zooplastic Tissue, Percutaneous Endoscopic Approach", "0212489": "Bypass Coronary Artery, Three Arteries from Left Internal Mammary with Zooplastic Tissue, Percutaneous Endoscopic Approach", "021248C": "Bypass Coronary Artery, Three Arteries from Thoracic Artery with Zooplastic Tissue, Percutaneous Endoscopic Approach", "021248F": "Bypass Coronary Artery, Three Arteries from Abdominal Artery with Zooplastic Tissue, Percutaneous Endoscopic Approach", "021248W": "Bypass Coronary Artery, Three Arteries from Aorta with Zooplastic Tissue, Percutaneous Endoscopic Approach", "0212493": "Bypass Coronary Artery, Three Arteries from Coronary Artery with Autologous Venous Tissue, Percutaneous Endoscopic Approach", "0212498": "Bypass Coronary Artery, Three Arteries from Right Internal Mammary with Autologous Venous Tissue, Percutaneous Endoscopic Approach", "0212499": "Bypass Coronary Artery, Three Arteries from Left Internal Mammary with Autologous Venous Tissue, Percutaneous Endoscopic Approach", "021249C": "Bypass Coronary Artery, Three Arteries from Thoracic Artery with Autologous Venous Tissue, Percutaneous Endoscopic Approach", "021249F": "Bypass Coronary Artery, Three Arteries from Abdominal Artery with Autologous Venous Tissue, Percutaneous Endoscopic Approach", "021249W": "Bypass Coronary Artery, Three Arteries from Aorta with Autologous Venous Tissue, Percutaneous Endoscopic Approach", "02124A3": "Bypass Coronary Artery, Three Arteries from Coronary Artery with Autologous Arterial Tissue, Percutaneous Endoscopic Approach", "02124A8": "Bypass Coronary Artery, Three Arteries from Right Internal Mammary with Autologous Arterial Tissue, Percutaneous Endoscopic Approach", "02124A9": "Bypass Coronary Artery, Three Arteries from Left Internal Mammary with Autologous Arterial Tissue, Percutaneous Endoscopic Approach", "02124AC": "Bypass Coronary Artery, Three Arteries from Thoracic Artery with Autologous Arterial Tissue, Percutaneous Endoscopic Approach", "02124AF": "Bypass Coronary Artery, Three Arteries from Abdominal Artery with Autologous Arterial Tissue, Percutaneous Endoscopic Approach", "02124AW": "Bypass Coronary Artery, Three Arteries from Aorta with Autologous Arterial Tissue, Percutaneous Endoscopic Approach", "02124D4": "Bypass Coronary Artery, Three Arteries from Coronary Vein with Intraluminal Device, Percutaneous Endoscopic Approach", "02124J3": "Bypass Coronary Artery, Three Arteries from Coronary Artery with Synthetic Substitute, Percutaneous Endoscopic Approach", "02124J8": "Bypass Coronary Artery, Three Arteries from Right Internal Mammary with Synthetic Substitute, Percutaneous Endoscopic Approach", "02124J9": "Bypass Coronary Artery, Three Arteries from Left Internal Mammary with Synthetic Substitute, Percutaneous Endoscopic Approach", "02124JC": "Bypass Coronary Artery, Three Arteries from Thoracic Artery with Synthetic Substitute, Percutaneous Endoscopic Approach", "02124JF": "Bypass Coronary Artery, Three Arteries from Abdominal Artery with Synthetic Substitute, Percutaneous Endoscopic Approach", "02124JW": "Bypass Coronary Artery, Three Arteries from Aorta with Synthetic Substitute, Percutaneous Endoscopic Approach", "02124K3": "Bypass Coronary Artery, Three Arteries from Coronary Artery with Nonautologous Tissue Substitute, Percutaneous Endoscopic Approach", "02124K8": "Bypass Coronary Artery, Three Arteries from Right Internal Mammary with Nonautologous Tissue Substitute, Percutaneous Endoscopic Approach", "02124K9": "Bypass Coronary Artery, Three Arteries from Left Internal Mammary with Nonautologous Tissue Substitute, Percutaneous Endoscopic Approach", "02124KC": "Bypass Coronary Artery, Three Arteries from Thoracic Artery with Nonautologous Tissue Substitute, Percutaneous Endoscopic Approach", "02124KF": "Bypass Coronary Artery, Three Arteries from Abdominal Artery with Nonautologous Tissue Substitute, Percutaneous Endoscopic Approach", "02124KW": "Bypass Coronary Artery, Three Arteries from Aorta with Nonautologous Tissue Substitute, Percutaneous Endoscopic Approach", "02124Z3": "Bypass Coronary Artery, Three Arteries from Coronary Artery, Percutaneous Endoscopic Approach", "02124Z8": "Bypass Coronary Artery, Three Arteries from Right Internal Mammary, Percutaneous Endoscopic Approach", "02124Z9": "Bypass Coronary Artery, Three Arteries from Left Internal Mammary, Percutaneous Endoscopic Approach", "02124ZC": "Bypass Coronary Artery, Three Arteries from Thoracic Artery, Percutaneous Endoscopic Approach", "02124ZF": "Bypass Coronary Artery, Three Arteries from Abdominal Artery, Percutaneous Endoscopic Approach", "0213083": "Bypass Coronary Artery, Four or More Arteries from Coronary Artery with Zooplastic Tissue, Open Approach", "0213088": "Bypass Coronary Artery, Four or More Arteries from Right Internal Mammary with Zooplastic Tissue, Open Approach", "0213089": "Bypass Coronary Artery, Four or More Arteries from Left Internal Mammary with Zooplastic Tissue, Open Approach", "021308C": "Bypass Coronary Artery, Four or More Arteries from Thoracic Artery with Zooplastic Tissue, Open Approach", "021308F": "Bypass Coronary Artery, Four or More Arteries from Abdominal Artery with Zooplastic Tissue, Open Approach", "021308W": "Bypass Coronary Artery, Four or More Arteries from Aorta with Zooplastic Tissue, Open Approach", "0213093": "Bypass Coronary Artery, Four or More Arteries from Coronary Artery with Autologous Venous Tissue, Open Approach", "0213098": "Bypass Coronary Artery, Four or More Arteries from Right Internal Mammary with Autologous Venous Tissue, Open Approach", "0213099": "Bypass Coronary Artery, Four or More Arteries from Left Internal Mammary with Autologous Venous Tissue, Open Approach", "021309C": "Bypass Coronary Artery, Four or More Arteries from Thoracic Artery with Autologous Venous Tissue, Open Approach", "021309F": "Bypass Coronary Artery, Four or More Arteries from Abdominal Artery with Autologous Venous Tissue, Open Approach", "021309W": "Bypass Coronary Artery, Four or More Arteries from Aorta with Autologous Venous Tissue, Open Approach", "02130A3": "Bypass Coronary Artery, Four or More Arteries from Coronary Artery with Autologous Arterial Tissue, Open Approach", "02130A8": "Bypass Coronary Artery, Four or More Arteries from Right Internal Mammary with Autologous Arterial Tissue, Open Approach", "02130A9": "Bypass Coronary Artery, Four or More Arteries from Left Internal Mammary with Autologous Arterial Tissue, Open Approach", "02130AC": "Bypass Coronary Artery, Four or More Arteries from Thoracic Artery with Autologous Arterial Tissue, Open Approach", "02130AF": "Bypass Coronary Artery, Four or More Arteries from Abdominal Artery with Autologous Arterial Tissue, Open Approach", "02130AW": "Bypass Coronary Artery, Four or More Arteries from Aorta with Autologous Arterial Tissue, Open Approach", "02130J3": "Bypass Coronary Artery, Four or More Arteries from Coronary Artery with Synthetic Substitute, Open Approach", "02130J8": "Bypass Coronary Artery, Four or More Arteries from Right Internal Mammary with Synthetic Substitute, Open Approach", "02130J9": "Bypass Coronary Artery, Four or More Arteries from Left Internal Mammary with Synthetic Substitute, Open Approach", "02130JC": "Bypass Coronary Artery, Four or More Arteries from Thoracic Artery with Synthetic Substitute, Open Approach", "02130JF": "Bypass Coronary Artery, Four or More Arteries from Abdominal Artery with Synthetic Substitute, Open Approach", "02130JW": "Bypass Coronary Artery, Four or More Arteries from Aorta with Synthetic Substitute, Open Approach", "02130K3": "Bypass Coronary Artery, Four or More Arteries from Coronary Artery with Nonautologous Tissue Substitute, Open Approach", "02130K8": "Bypass Coronary Artery, Four or More Arteries from Right Internal Mammary with Nonautologous Tissue Substitute, Open Approach", "02130K9": "Bypass Coronary Artery, Four or More Arteries from Left Internal Mammary with Nonautologous Tissue Substitute, Open Approach", "02130KC": "Bypass Coronary Artery, Four or More Arteries from Thoracic Artery with Nonautologous Tissue Substitute, Open Approach", "02130KF": "Bypass Coronary Artery, Four or More Arteries from Abdominal Artery with Nonautologous Tissue Substitute, Open Approach", "02130KW": "Bypass Coronary Artery, Four or More Arteries from Aorta with Nonautologous Tissue Substitute, Open Approach", "02130Z3": "Bypass Coronary Artery, Four or More Arteries from Coronary Artery, Open Approach", "02130Z8": "Bypass Coronary Artery, Four or More Arteries from Right Internal Mammary, Open Approach", "02130Z9": "Bypass Coronary Artery, Four or More Arteries from Left Internal Mammary, Open Approach", "02130ZC": "Bypass Coronary Artery, Four or More Arteries from Thoracic Artery, Open Approach", "02130ZF": "Bypass Coronary Artery, Four or More Arteries from Abdominal Artery, Open Approach", "0213344": "Bypass Coronary Artery, Four or More Arteries from Coronary Vein with Drug-eluting Intraluminal Device, Percutaneous Approach", "02133D4": "Bypass Coronary Artery, Four or More Arteries from Coronary Vein with Intraluminal Device, Percutaneous Approach", "0213444": "Bypass Coronary Artery, Four or More Arteries from Coronary Vein with Drug-eluting Intraluminal Device, Percutaneous Endoscopic Approach", "0213483": "Bypass Coronary Artery, Four or More Arteries from Coronary Artery with Zooplastic Tissue, Percutaneous Endoscopic Approach", "0213488": "Bypass Coronary Artery, Four or More Arteries from Right Internal Mammary with Zooplastic Tissue, Percutaneous Endoscopic Approach", "0213489": "Bypass Coronary Artery, Four or More Arteries from Left Internal Mammary with Zooplastic Tissue, Percutaneous Endoscopic Approach", "021348C": "Bypass Coronary Artery, Four or More Arteries from Thoracic Artery with Zooplastic Tissue, Percutaneous Endoscopic Approach", "021348F": "Bypass Coronary Artery, Four or More Arteries from Abdominal Artery with Zooplastic Tissue, Percutaneous Endoscopic Approach", "021348W": "Bypass Coronary Artery, Four or More Arteries from Aorta with Zooplastic Tissue, Percutaneous Endoscopic Approach", "0213493": "Bypass Coronary Artery, Four or More Arteries from Coronary Artery with Autologous Venous Tissue, Percutaneous Endoscopic Approach", "0213498": "Bypass Coronary Artery, Four or More Arteries from Right Internal Mammary with Autologous Venous Tissue, Percutaneous Endoscopic Approach", "0213499": "Bypass Coronary Artery, Four or More Arteries from Left Internal Mammary with Autologous Venous Tissue, Percutaneous Endoscopic Approach", "021349C": "Bypass Coronary Artery, Four or More Arteries from Thoracic Artery with Autologous Venous Tissue, Percutaneous Endoscopic Approach", "021349F": "Bypass Coronary Artery, Four or More Arteries from Abdominal Artery with Autologous Venous Tissue, Percutaneous Endoscopic Approach", "021349W": "Bypass Coronary Artery, Four or More Arteries from Aorta with Autologous Venous Tissue, Percutaneous Endoscopic Approach", "02134A3": "Bypass Coronary Artery, Four or More Arteries from Coronary Artery with Autologous Arterial Tissue, Percutaneous Endoscopic Approach", "02134A8": "Bypass Coronary Artery, Four or More Arteries from Right Internal Mammary with Autologous Arterial Tissue, Percutaneous Endoscopic Approach", "02134A9": "Bypass Coronary Artery, Four or More Arteries from Left Internal Mammary with Autologous Arterial Tissue, Percutaneous Endoscopic Approach", "02134AC": "Bypass Coronary Artery, Four or More Arteries from Thoracic Artery with Autologous Arterial Tissue, Percutaneous Endoscopic Approach", "02134AF": "Bypass Coronary Artery, Four or More Arteries from Abdominal Artery with Autologous Arterial Tissue, Percutaneous Endoscopic Approach", "02134AW": "Bypass Coronary Artery, Four or More Arteries from Aorta with Autologous Arterial Tissue, Percutaneous Endoscopic Approach", "02134D4": "Bypass Coronary Artery, Four or More Arteries from Coronary Vein with Intraluminal Device, Percutaneous Endoscopic Approach", "02134J3": "Bypass Coronary Artery, Four or More Arteries from Coronary Artery with Synthetic Substitute, Percutaneous Endoscopic Approach", "02134J8": "Bypass Coronary Artery, Four or More Arteries from Right Internal Mammary with Synthetic Substitute, Percutaneous Endoscopic Approach", "02134J9": "Bypass Coronary Artery, Four or More Arteries from Left Internal Mammary with Synthetic Substitute, Percutaneous Endoscopic Approach", "02134JC": "Bypass Coronary Artery, Four or More Arteries from Thoracic Artery with Synthetic Substitute, Percutaneous Endoscopic Approach", "02134JF": "Bypass Coronary Artery, Four or More Arteries from Abdominal Artery with Synthetic Substitute, Percutaneous Endoscopic Approach", "02134JW": "Bypass Coronary Artery, Four or More Arteries from Aorta with Synthetic Substitute, Percutaneous Endoscopic Approach", "02134K3": "Bypass Coronary Artery, Four or More Arteries from Coronary Artery with Nonautologous Tissue Substitute, Percutaneous Endoscopic Approach", "02134K8": "Bypass Coronary Artery, Four or More Arteries from Right Internal Mammary with Nonautologous Tissue Substitute, Percutaneous Endoscopic Approach", "02134K9": "Bypass Coronary Artery, Four or More Arteries from Left Internal Mammary with Nonautologous Tissue Substitute, Percutaneous Endoscopic Approach", "02134KC": "Bypass Coronary Artery, Four or More Arteries from Thoracic Artery with Nonautologous Tissue Substitute, Percutaneous Endoscopic Approach", "02134KF": "Bypass Coronary Artery, Four or More Arteries from Abdominal Artery with Nonautologous Tissue Substitute, Percutaneous Endoscopic Approach", "02134KW": "Bypass Coronary Artery, Four or More Arteries from Aorta with Nonautologous Tissue Substitute, Percutaneous Endoscopic Approach", "02134Z3": "Bypass Coronary Artery, Four or More Arteries from Coronary Artery, Percutaneous Endoscopic Approach", "02134Z8": "Bypass Coronary Artery, Four or More Arteries from Right Internal Mammary, Percutaneous Endoscopic Approach", "02134Z9": "Bypass Coronary Artery, Four or More Arteries from Left Internal Mammary, Percutaneous Endoscopic Approach", "02134ZC": "Bypass Coronary Artery, Four or More Arteries from Thoracic Artery, Percutaneous Endoscopic Approach", "02134ZF": "Bypass Coronary Artery, Four or More Arteries from Abdominal Artery, Percutaneous Endoscopic Approach", "021608P": "Bypass Right Atrium to Pulmonary Trunk with Zooplastic Tissue, Open Approach", "021608Q": "Bypass Right Atrium to Right Pulmonary Artery with Zooplastic Tissue, Open Approach", "021608R": "Bypass Right Atrium to Left Pulmonary Artery with Zooplastic Tissue, Open Approach", "021609P": "Bypass Right Atrium to Pulmonary Trunk with Autologous Venous Tissue, Open Approach", "021609Q": "Bypass Right Atrium to Right Pulmonary Artery with Autologous Venous Tissue, Open Approach", "021609R": "Bypass Right Atrium to Left Pulmonary Artery with Autologous Venous Tissue, Open Approach", "02160AP": "Bypass Right Atrium to Pulmonary Trunk with Autologous Arterial Tissue, Open Approach", "02160AQ": "Bypass Right Atrium to Right Pulmonary Artery with Autologous Arterial Tissue, Open Approach", "02160AR": "Bypass Right Atrium to Left Pulmonary Artery with Autologous Arterial Tissue, Open Approach", "02160JP": "Bypass Right Atrium to Pulmonary Trunk with Synthetic Substitute, Open Approach", "02160JQ": "Bypass Right Atrium to Right Pulmonary Artery with Synthetic Substitute, Open Approach", "02160JR": "Bypass Right Atrium to Left Pulmonary Artery with Synthetic Substitute, Open Approach", "02160KP": "Bypass Right Atrium to Pulmonary Trunk with Nonautologous Tissue Substitute, Open Approach", "02160KQ": "Bypass Right Atrium to Right Pulmonary Artery with Nonautologous Tissue Substitute, Open Approach", "02160KR": "Bypass Right Atrium to Left Pulmonary Artery with Nonautologous Tissue Substitute, Open Approach", "02160Z7": "Bypass Right Atrium to Left Atrium, Open Approach", "02160ZP": "Bypass Right Atrium to Pulmonary Trunk, Open Approach", "02160ZQ": "Bypass Right Atrium to Right Pulmonary Artery, Open Approach", "02160ZR": "Bypass Right Atrium to Left Pulmonary Artery, Open Approach", "02163Z7": "Bypass Right Atrium to Left Atrium, Percutaneous Approach", "021648P": "Bypass Right Atrium to Pulmonary Trunk with Zooplastic Tissue, Percutaneous Endoscopic Approach", "021648Q": "Bypass Right Atrium to Right Pulmonary Artery with Zooplastic Tissue, Percutaneous Endoscopic Approach", "021648R": "Bypass Right Atrium to Left Pulmonary Artery with Zooplastic Tissue, Percutaneous Endoscopic Approach", "021649P": "Bypass Right Atrium to Pulmonary Trunk with Autologous Venous Tissue, Percutaneous Endoscopic Approach", "021649Q": "Bypass Right Atrium to Right Pulmonary Artery with Autologous Venous Tissue, Percutaneous Endoscopic Approach", "021649R": "Bypass Right Atrium to Left Pulmonary Artery with Autologous Venous Tissue, Percutaneous Endoscopic Approach", "02164AP": "Bypass Right Atrium to Pulmonary Trunk with Autologous Arterial Tissue, Percutaneous Endoscopic Approach", "02164AQ": "Bypass Right Atrium to Right Pulmonary Artery with Autologous Arterial Tissue, Percutaneous Endoscopic Approach", "02164AR": "Bypass Right Atrium to Left Pulmonary Artery with Autologous Arterial Tissue, Percutaneous Endoscopic Approach", "02164JP": "Bypass Right Atrium to Pulmonary Trunk with Synthetic Substitute, Percutaneous Endoscopic Approach", "02164JQ": "Bypass Right Atrium to Right Pulmonary Artery with Synthetic Substitute, Percutaneous Endoscopic Approach", "02164JR": "Bypass Right Atrium to Left Pulmonary Artery with Synthetic Substitute, Percutaneous Endoscopic Approach", "02164KP": "Bypass Right Atrium to Pulmonary Trunk with Nonautologous Tissue Substitute, Percutaneous Endoscopic Approach", "02164KQ": "Bypass Right Atrium to Right Pulmonary Artery with Nonautologous Tissue Substitute, Percutaneous Endoscopic Approach", "02164KR": "Bypass Right Atrium to Left Pulmonary Artery with Nonautologous Tissue Substitute, Percutaneous Endoscopic Approach", "02164Z7": "Bypass Right Atrium to Left Atrium, Percutaneous Endoscopic Approach", "02164ZP": "Bypass Right Atrium to Pulmonary Trunk, Percutaneous Endoscopic Approach", "02164ZQ": "Bypass Right Atrium to Right Pulmonary Artery, Percutaneous Endoscopic Approach", "02164ZR": "Bypass Right Atrium to Left Pulmonary Artery, Percutaneous Endoscopic Approach", "021708P": "Bypass Left Atrium to Pulmonary Trunk with Zooplastic Tissue, Open Approach", "021708Q": "Bypass Left Atrium to Right Pulmonary Artery with Zooplastic Tissue, Open Approach", "021708R": "Bypass Left Atrium to Left Pulmonary Artery with Zooplastic Tissue, Open Approach", "021708S": "Bypass Left Atrium to Right Pulmonary Vein with Zooplastic Tissue, Open Approach", "021708T": "Bypass Left Atrium to Left Pulmonary Vein with Zooplastic Tissue, Open Approach", "021708U": "Bypass Left Atrium to Pulmonary Vein Confluence with Zooplastic Tissue, Open Approach", "021709P": "Bypass Left Atrium to Pulmonary Trunk with Autologous Venous Tissue, Open Approach", "021709Q": "Bypass Left Atrium to Right Pulmonary Artery with Autologous Venous Tissue, Open Approach", "021709R": "Bypass Left Atrium to Left Pulmonary Artery with Autologous Venous Tissue, Open Approach", "021709S": "Bypass Left Atrium to Right Pulmonary Vein with Autologous Venous Tissue, Open Approach", "021709T": "Bypass Left Atrium to Left Pulmonary Vein with Autologous Venous Tissue, Open Approach", "021709U": "Bypass Left Atrium to Pulmonary Vein Confluence with Autologous Venous Tissue, Open Approach", "02170AP": "Bypass Left Atrium to Pulmonary Trunk with Autologous Arterial Tissue, Open Approach", "02170AQ": "Bypass Left Atrium to Right Pulmonary Artery with Autologous Arterial Tissue, Open Approach", "02170AR": "Bypass Left Atrium to Left Pulmonary Artery with Autologous Arterial Tissue, Open Approach", "02170AS": "Bypass Left Atrium to Right Pulmonary Vein with Autologous Arterial Tissue, Open Approach", "02170AT": "Bypass Left Atrium to Left Pulmonary Vein with Autologous Arterial Tissue, Open Approach", "02170AU": "Bypass Left Atrium to Pulmonary Vein Confluence with Autologous Arterial Tissue, Open Approach", "02170JP": "Bypass Left Atrium to Pulmonary Trunk with Synthetic Substitute, Open Approach", "02170JQ": "Bypass Left Atrium to Right Pulmonary Artery with Synthetic Substitute, Open Approach", "02170JR": "Bypass Left Atrium to Left Pulmonary Artery with Synthetic Substitute, Open Approach", "02170JS": "Bypass Left Atrium to Right Pulmonary Vein with Synthetic Substitute, Open Approach", "02170JT": "Bypass Left Atrium to Left Pulmonary Vein with Synthetic Substitute, Open Approach", "02170JU": "Bypass Left Atrium to Pulmonary Vein Confluence with Synthetic Substitute, Open Approach", "02170KP": "Bypass Left Atrium to Pulmonary Trunk with Nonautologous Tissue Substitute, Open Approach", "02170KQ": "Bypass Left Atrium to Right Pulmonary Artery with Nonautologous Tissue Substitute, Open Approach", "02170KR": "Bypass Left Atrium to Left Pulmonary Artery with Nonautologous Tissue Substitute, Open Approach", "02170KS": "Bypass Left Atrium to Right Pulmonary Vein with Nonautologous Tissue Substitute, Open Approach", "02170KT": "Bypass Left Atrium to Left Pulmonary Vein with Nonautologous Tissue Substitute, Open Approach", "02170KU": "Bypass Left Atrium to Pulmonary Vein Confluence with Nonautologous Tissue Substitute, Open Approach", "02170ZP": "Bypass Left Atrium to Pulmonary Trunk, Open Approach", "02170ZQ": "Bypass Left Atrium to Right Pulmonary Artery, Open Approach", "02170ZR": "Bypass Left Atrium to Left Pulmonary Artery, Open Approach", "02170ZS": "Bypass Left Atrium to Right Pulmonary Vein, Open Approach", "02170ZT": "Bypass Left Atrium to Left Pulmonary Vein, Open Approach", "02170ZU": "Bypass Left Atrium to Pulmonary Vein Confluence, Open Approach", "02173J6": "Bypass Left Atrium to Right Atrium with Synthetic Substitute, Percutaneous Approach", "021748P": "Bypass Left Atrium to Pulmonary Trunk with Zooplastic Tissue, Percutaneous Endoscopic Approach", "021748Q": "Bypass Left Atrium to Right Pulmonary Artery with Zooplastic Tissue, Percutaneous Endoscopic Approach", "021748R": "Bypass Left Atrium to Left Pulmonary Artery with Zooplastic Tissue, Percutaneous Endoscopic Approach", "021748S": "Bypass Left Atrium to Right Pulmonary Vein with Zooplastic Tissue, Percutaneous Endoscopic Approach", "021748T": "Bypass Left Atrium to Left Pulmonary Vein with Zooplastic Tissue, Percutaneous Endoscopic Approach", "021748U": "Bypass Left Atrium to Pulmonary Vein Confluence with Zooplastic Tissue, Percutaneous Endoscopic Approach", "021749P": "Bypass Left Atrium to Pulmonary Trunk with Autologous Venous Tissue, Percutaneous Endoscopic Approach", "021749Q": "Bypass Left Atrium to Right Pulmonary Artery with Autologous Venous Tissue, Percutaneous Endoscopic Approach", "021749R": "Bypass Left Atrium to Left Pulmonary Artery with Autologous Venous Tissue, Percutaneous Endoscopic Approach", "021749S": "Bypass Left Atrium to Right Pulmonary Vein with Autologous Venous Tissue, Percutaneous Endoscopic Approach", "021749T": "Bypass Left Atrium to Left Pulmonary Vein with Autologous Venous Tissue, Percutaneous Endoscopic Approach", "021749U": "Bypass Left Atrium to Pulmonary Vein Confluence with Autologous Venous Tissue, Percutaneous Endoscopic Approach", "02174AP": "Bypass Left Atrium to Pulmonary Trunk with Autologous Arterial Tissue, Percutaneous Endoscopic Approach", "02174AQ": "Bypass Left Atrium to Right Pulmonary Artery with Autologous Arterial Tissue, Percutaneous Endoscopic Approach", "02174AR": "Bypass Left Atrium to Left Pulmonary Artery with Autologous Arterial Tissue, Percutaneous Endoscopic Approach", "02174AS": "Bypass Left Atrium to Right Pulmonary Vein with Autologous Arterial Tissue, Percutaneous Endoscopic Approach", "02174AT": "Bypass Left Atrium to Left Pulmonary Vein with Autologous Arterial Tissue, Percutaneous Endoscopic Approach", "02174AU": "Bypass Left Atrium to Pulmonary Vein Confluence with Autologous Arterial Tissue, Percutaneous Endoscopic Approach", "02174JP": "Bypass Left Atrium to Pulmonary Trunk with Synthetic Substitute, Percutaneous Endoscopic Approach", "02174JQ": "Bypass Left Atrium to Right Pulmonary Artery with Synthetic Substitute, Percutaneous Endoscopic Approach", "02174JR": "Bypass Left Atrium to Left Pulmonary Artery with Synthetic Substitute, Percutaneous Endoscopic Approach", "02174JS": "Bypass Left Atrium to Right Pulmonary Vein with Synthetic Substitute, Percutaneous Endoscopic Approach", "02174JT": "Bypass Left Atrium to Left Pulmonary Vein with Synthetic Substitute, Percutaneous Endoscopic Approach", "02174JU": "Bypass Left Atrium to Pulmonary Vein Confluence with Synthetic Substitute, Percutaneous Endoscopic Approach", "02174KP": "Bypass Left Atrium to Pulmonary Trunk with Nonautologous Tissue Substitute, Percutaneous Endoscopic Approach", "02174KQ": "Bypass Left Atrium to Right Pulmonary Artery with Nonautologous Tissue Substitute, Percutaneous Endoscopic Approach", "02174KR": "Bypass Left Atrium to Left Pulmonary Artery with Nonautologous Tissue Substitute, Percutaneous Endoscopic Approach", "02174KS": "Bypass Left Atrium to Right Pulmonary Vein with Nonautologous Tissue Substitute, Percutaneous Endoscopic Approach", "02174KT": "Bypass Left Atrium to Left Pulmonary Vein with Nonautologous Tissue Substitute, Percutaneous Endoscopic Approach", "02174KU": "Bypass Left Atrium to Pulmonary Vein Confluence with Nonautologous Tissue Substitute, Percutaneous Endoscopic Approach", "02174ZP": "Bypass Left Atrium to Pulmonary Trunk, Percutaneous Endoscopic Approach", "02174ZQ": "Bypass Left Atrium to Right Pulmonary Artery, Percutaneous Endoscopic Approach", "02174ZR": "Bypass Left Atrium to Left Pulmonary Artery, Percutaneous Endoscopic Approach", "02174ZS": "Bypass Left Atrium to Right Pulmonary Vein, Percutaneous Endoscopic Approach", "02174ZT": "Bypass Left Atrium to Left Pulmonary Vein, Percutaneous Endoscopic Approach", "02174ZU": "Bypass Left Atrium to Pulmonary Vein Confluence, Percutaneous Endoscopic Approach", "021K08P": "Bypass Right Ventricle to Pulmonary Trunk with Zooplastic Tissue, Open Approach", "021K08Q": "Bypass Right Ventricle to Right Pulmonary Artery with Zooplastic Tissue, Open Approach", "021K08R": "Bypass Right Ventricle to Left Pulmonary Artery with Zooplastic Tissue, Open Approach", "021K09P": "Bypass Right Ventricle to Pulmonary Trunk with Autologous Venous Tissue, Open Approach", "021K09Q": "Bypass Right Ventricle to Right Pulmonary Artery with Autologous Venous Tissue, Open Approach", "021K09R": "Bypass Right Ventricle to Left Pulmonary Artery with Autologous Venous Tissue, Open Approach", "021K0AP": "Bypass Right Ventricle to Pulmonary Trunk with Autologous Arterial Tissue, Open Approach", "021K0AQ": "Bypass Right Ventricle to Right Pulmonary Artery with Autologous Arterial Tissue, Open Approach", "021K0AR": "Bypass Right Ventricle to Left Pulmonary Artery with Autologous Arterial Tissue, Open Approach", "021K0JP": "Bypass Right Ventricle to Pulmonary Trunk with Synthetic Substitute, Open Approach", "021K0JQ": "Bypass Right Ventricle to Right Pulmonary Artery with Synthetic Substitute, Open Approach", "021K0JR": "Bypass Right Ventricle to Left Pulmonary Artery with Synthetic Substitute, Open Approach", "021K0KP": "Bypass Right Ventricle to Pulmonary Trunk with Nonautologous Tissue Substitute, Open Approach", "021K0KQ": "Bypass Right Ventricle to Right Pulmonary Artery with Nonautologous Tissue Substitute, Open Approach", "021K0KR": "Bypass Right Ventricle to Left Pulmonary Artery with Nonautologous Tissue Substitute, Open Approach", "021K0Z5": "Bypass Right Ventricle to Coronary Circulation, Open Approach", "021K0Z8": "Bypass Right Ventricle to Right Internal Mammary, Open Approach", "021K0Z9": "Bypass Right Ventricle to Left Internal Mammary, Open Approach", "021K0ZC": "Bypass Right Ventricle to Thoracic Artery, Open Approach", "021K0ZF": "Bypass Right Ventricle to Abdominal Artery, Open Approach", "021K0ZP": "Bypass Right Ventricle to Pulmonary Trunk, Open Approach", "021K0ZQ": "Bypass Right Ventricle to Right Pulmonary Artery, Open Approach", "021K0ZR": "Bypass Right Ventricle to Left Pulmonary Artery, Open Approach", "021K0ZW": "Bypass Right Ventricle to Aorta, Open Approach", "021K48P": "Bypass Right Ventricle to Pulmonary Trunk with Zooplastic Tissue, Percutaneous Endoscopic Approach", "021K48Q": "Bypass Right Ventricle to Right Pulmonary Artery with Zooplastic Tissue, Percutaneous Endoscopic Approach", "021K48R": "Bypass Right Ventricle to Left Pulmonary Artery with Zooplastic Tissue, Percutaneous Endoscopic Approach", "021K49P": "Bypass Right Ventricle to Pulmonary Trunk with Autologous Venous Tissue, Percutaneous Endoscopic Approach", "021K49Q": "Bypass Right Ventricle to Right Pulmonary Artery with Autologous Venous Tissue, Percutaneous Endoscopic Approach", "021K49R": "Bypass Right Ventricle to Left Pulmonary Artery with Autologous Venous Tissue, Percutaneous Endoscopic Approach", "021K4AP": "Bypass Right Ventricle to Pulmonary Trunk with Autologous Arterial Tissue, Percutaneous Endoscopic Approach", "021K4AQ": "Bypass Right Ventricle to Right Pulmonary Artery with Autologous Arterial Tissue, Percutaneous Endoscopic Approach", "021K4AR": "Bypass Right Ventricle to Left Pulmonary Artery with Autologous Arterial Tissue, Percutaneous Endoscopic Approach", "021K4JP": "Bypass Right Ventricle to Pulmonary Trunk with Synthetic Substitute, Percutaneous Endoscopic Approach", "021K4JQ": "Bypass Right Ventricle to Right Pulmonary Artery with Synthetic Substitute, Percutaneous Endoscopic Approach", "021K4JR": "Bypass Right Ventricle to Left Pulmonary Artery with Synthetic Substitute, Percutaneous Endoscopic Approach", "021K4KP": "Bypass Right Ventricle to Pulmonary Trunk with Nonautologous Tissue Substitute, Percutaneous Endoscopic Approach", "021K4KQ": "Bypass Right Ventricle to Right Pulmonary Artery with Nonautologous Tissue Substitute, Percutaneous Endoscopic Approach", "021K4KR": "Bypass Right Ventricle to Left Pulmonary Artery with Nonautologous Tissue Substitute, Percutaneous Endoscopic Approach", "021K4Z5": "Bypass Right Ventricle to Coronary Circulation, Percutaneous Endoscopic Approach", "021K4Z8": "Bypass Right Ventricle to Right Internal Mammary, Percutaneous Endoscopic Approach", "021K4Z9": "Bypass Right Ventricle to Left Internal Mammary, Percutaneous Endoscopic Approach", "021K4ZC": "Bypass Right Ventricle to Thoracic Artery, Percutaneous Endoscopic Approach", "021K4ZF": "Bypass Right Ventricle to Abdominal Artery, Percutaneous Endoscopic Approach", "021K4ZP": "Bypass Right Ventricle to Pulmonary Trunk, Percutaneous Endoscopic Approach", "021K4ZQ": "Bypass Right Ventricle to Right Pulmonary Artery, Percutaneous Endoscopic Approach", "021K4ZR": "Bypass Right Ventricle to Left Pulmonary Artery, Percutaneous Endoscopic Approach", "021K4ZW": "Bypass Right Ventricle to Aorta, Percutaneous Endoscopic Approach", "021L08P": "Bypass Left Ventricle to Pulmonary Trunk with Zooplastic Tissue, Open Approach", "021L08Q": "Bypass Left Ventricle to Right Pulmonary Artery with Zooplastic Tissue, Open Approach", "021L08R": "Bypass Left Ventricle to Left Pulmonary Artery with Zooplastic Tissue, Open Approach", "021L09P": "Bypass Left Ventricle to Pulmonary Trunk with Autologous Venous Tissue, Open Approach", "021L09Q": "Bypass Left Ventricle to Right Pulmonary Artery with Autologous Venous Tissue, Open Approach", "021L09R": "Bypass Left Ventricle to Left Pulmonary Artery with Autologous Venous Tissue, Open Approach", "021L0AP": "Bypass Left Ventricle to Pulmonary Trunk with Autologous Arterial Tissue, Open Approach", "021L0AQ": "Bypass Left Ventricle to Right Pulmonary Artery with Autologous Arterial Tissue, Open Approach", "021L0AR": "Bypass Left Ventricle to Left Pulmonary Artery with Autologous Arterial Tissue, Open Approach", "021L0JP": "Bypass Left Ventricle to Pulmonary Trunk with Synthetic Substitute, Open Approach", "021L0JQ": "Bypass Left Ventricle to Right Pulmonary Artery with Synthetic Substitute, Open Approach", "021L0JR": "Bypass Left Ventricle to Left Pulmonary Artery with Synthetic Substitute, Open Approach", "021L0KP": "Bypass Left Ventricle to Pulmonary Trunk with Nonautologous Tissue Substitute, Open Approach", "021L0KQ": "Bypass Left Ventricle to Right Pulmonary Artery with Nonautologous Tissue Substitute, Open Approach", "021L0KR": "Bypass Left Ventricle to Left Pulmonary Artery with Nonautologous Tissue Substitute, Open Approach", "021L0Z5": "Bypass Left Ventricle to Coronary Circulation, Open Approach", "021L0Z8": "Bypass Left Ventricle to Right Internal Mammary, Open Approach", "021L0Z9": "Bypass Left Ventricle to Left Internal Mammary, Open Approach", "021L0ZC": "Bypass Left Ventricle to Thoracic Artery, Open Approach", "021L0ZF": "Bypass Left Ventricle to Abdominal Artery, Open Approach", "021L0ZP": "Bypass Left Ventricle to Pulmonary Trunk, Open Approach", "021L0ZQ": "Bypass Left Ventricle to Right Pulmonary Artery, Open Approach", "021L0ZR": "Bypass Left Ventricle to Left Pulmonary Artery, Open Approach", "021L0ZW": "Bypass Left Ventricle to Aorta, Open Approach", "021L48P": "Bypass Left Ventricle to Pulmonary Trunk with Zooplastic Tissue, Percutaneous Endoscopic Approach", "021L48Q": "Bypass Left Ventricle to Right Pulmonary Artery with Zooplastic Tissue, Percutaneous Endoscopic Approach", "021L48R": "Bypass Left Ventricle to Left Pulmonary Artery with Zooplastic Tissue, Percutaneous Endoscopic Approach", "021L49P": "Bypass Left Ventricle to Pulmonary Trunk with Autologous Venous Tissue, Percutaneous Endoscopic Approach", "021L49Q": "Bypass Left Ventricle to Right Pulmonary Artery with Autologous Venous Tissue, Percutaneous Endoscopic Approach", "021L49R": "Bypass Left Ventricle to Left Pulmonary Artery with Autologous Venous Tissue, Percutaneous Endoscopic Approach", "021L4AP": "Bypass Left Ventricle to Pulmonary Trunk with Autologous Arterial Tissue, Percutaneous Endoscopic Approach", "021L4AQ": "Bypass Left Ventricle to Right Pulmonary Artery with Autologous Arterial Tissue, Percutaneous Endoscopic Approach", "021L4AR": "Bypass Left Ventricle to Left Pulmonary Artery with Autologous Arterial Tissue, Percutaneous Endoscopic Approach", "021L4JP": "Bypass Left Ventricle to Pulmonary Trunk with Synthetic Substitute, Percutaneous Endoscopic Approach", "021L4JQ": "Bypass Left Ventricle to Right Pulmonary Artery with Synthetic Substitute, Percutaneous Endoscopic Approach", "021L4JR": "Bypass Left Ventricle to Left Pulmonary Artery with Synthetic Substitute, Percutaneous Endoscopic Approach", "021L4KP": "Bypass Left Ventricle to Pulmonary Trunk with Nonautologous Tissue Substitute, Percutaneous Endoscopic Approach", "021L4KQ": "Bypass Left Ventricle to Right Pulmonary Artery with Nonautologous Tissue Substitute, Percutaneous Endoscopic Approach", "021L4KR": "Bypass Left Ventricle to Left Pulmonary Artery with Nonautologous Tissue Substitute, Percutaneous Endoscopic Approach", "021L4Z5": "Bypass Left Ventricle to Coronary Circulation, Percutaneous Endoscopic Approach", "021L4Z8": "Bypass Left Ventricle to Right Internal Mammary, Percutaneous Endoscopic Approach", "021L4Z9": "Bypass Left Ventricle to Left Internal Mammary, Percutaneous Endoscopic Approach", "021L4ZC": "Bypass Left Ventricle to Thoracic Artery, Percutaneous Endoscopic Approach", "021L4ZF": "Bypass Left Ventricle to Abdominal Artery, Percutaneous Endoscopic Approach", "021L4ZP": "Bypass Left Ventricle to Pulmonary Trunk, Percutaneous Endoscopic Approach", "021L4ZQ": "Bypass Left Ventricle to Right Pulmonary Artery, Percutaneous Endoscopic Approach", "021L4ZR": "Bypass Left Ventricle to Left Pulmonary Artery, Percutaneous Endoscopic Approach", "021L4ZW": "Bypass Left Ventricle to Aorta, Percutaneous Endoscopic Approach", "021P08A": "Bypass Pulmonary Trunk from Innominate Artery with Zooplastic Tissue, Open Approach", "021P08B": "Bypass Pulmonary Trunk from Subclavian with Zooplastic Tissue, Open Approach", "021P08D": "Bypass Pulmonary Trunk from Carotid with Zooplastic Tissue, Open Approach", "021P09A": "Bypass Pulmonary Trunk from Innominate Artery with Autologous Venous Tissue, Open Approach", "021P09B": "Bypass Pulmonary Trunk from Subclavian with Autologous Venous Tissue, Open Approach", "021P09D": "Bypass Pulmonary Trunk from Carotid with Autologous Venous Tissue, Open Approach", "021P0AA": "Bypass Pulmonary Trunk from Innominate Artery with Autologous Arterial Tissue, Open Approach", "021P0AB": "Bypass Pulmonary Trunk from Subclavian with Autologous Arterial Tissue, Open Approach", "021P0AD": "Bypass Pulmonary Trunk from Carotid with Autologous Arterial Tissue, Open Approach", "021P0JA": "Bypass Pulmonary Trunk from Innominate Artery with Synthetic Substitute, Open Approach", "021P0JB": "Bypass Pulmonary Trunk from Subclavian with Synthetic Substitute, Open Approach", "021P0JD": "Bypass Pulmonary Trunk from Carotid with Synthetic Substitute, Open Approach", "021P0KA": "Bypass Pulmonary Trunk from Innominate Artery with Nonautologous Tissue Substitute, Open Approach", "021P0KB": "Bypass Pulmonary Trunk from Subclavian with Nonautologous Tissue Substitute, Open Approach", "021P0KD": "Bypass Pulmonary Trunk from Carotid with Nonautologous Tissue Substitute, Open Approach", "021P0ZA": "Bypass Pulmonary Trunk from Innominate Artery with No Device, Open Approach", "021P0ZB": "Bypass Pulmonary Trunk from Subclavian with No Device, Open Approach", "021P0ZD": "Bypass Pulmonary Trunk from Carotid with No Device, Open Approach", "021P48A": "Bypass Pulmonary Trunk from Innominate Artery with Zooplastic Tissue, Percutaneous Endoscopic Approach", "021P48B": "Bypass Pulmonary Trunk from Subclavian with Zooplastic Tissue, Percutaneous Endoscopic Approach", "021P48D": "Bypass Pulmonary Trunk from Carotid with Zooplastic Tissue, Percutaneous Endoscopic Approach", "021P49A": "Bypass Pulmonary Trunk from Innominate Artery with Autologous Venous Tissue, Percutaneous Endoscopic Approach", "021P49B": "Bypass Pulmonary Trunk from Subclavian with Autologous Venous Tissue, Percutaneous Endoscopic Approach", "021P49D": "Bypass Pulmonary Trunk from Carotid with Autologous Venous Tissue, Percutaneous Endoscopic Approach", "021P4AA": "Bypass Pulmonary Trunk from Innominate Artery with Autologous Arterial Tissue, Percutaneous Endoscopic Approach", "021P4AB": "Bypass Pulmonary Trunk from Subclavian with Autologous Arterial Tissue, Percutaneous Endoscopic Approach", "021P4AD": "Bypass Pulmonary Trunk from Carotid with Autologous Arterial Tissue, Percutaneous Endoscopic Approach", "021P4JA": "Bypass Pulmonary Trunk from Innominate Artery with Synthetic Substitute, Percutaneous Endoscopic Approach", "021P4JB": "Bypass Pulmonary Trunk from Subclavian with Synthetic Substitute, Percutaneous Endoscopic Approach", "021P4JD": "Bypass Pulmonary Trunk from Carotid with Synthetic Substitute, Percutaneous Endoscopic Approach", "021P4KA": "Bypass Pulmonary Trunk from Innominate Artery with Nonautologous Tissue Substitute, Percutaneous Endoscopic Approach", "021P4KB": "Bypass Pulmonary Trunk from Subclavian with Nonautologous Tissue Substitute, Percutaneous Endoscopic Approach", "021P4KD": "Bypass Pulmonary Trunk from Carotid with Nonautologous Tissue Substitute, Percutaneous Endoscopic Approach", "021P4ZA": "Bypass Pulmonary Trunk from Innominate Artery with No Device, Percutaneous Endoscopic Approach", "021P4ZB": "Bypass Pulmonary Trunk from Subclavian with No Device, Percutaneous Endoscopic Approach", "021P4ZD": "Bypass Pulmonary Trunk from Carotid with No Device, Percutaneous Endoscopic Approach", "021Q08A": "Bypass Right Pulmonary Artery from Innominate Artery with Zooplastic Tissue, Open Approach", "021Q08B": "Bypass Right Pulmonary Artery from Subclavian with Zooplastic Tissue, Open Approach", "021Q08D": "Bypass Right Pulmonary Artery from Carotid with Zooplastic Tissue, Open Approach", "021Q09A": "Bypass Right Pulmonary Artery from Innominate Artery with Autologous Venous Tissue, Open Approach", "021Q09B": "Bypass Right Pulmonary Artery from Subclavian with Autologous Venous Tissue, Open Approach", "021Q09D": "Bypass Right Pulmonary Artery from Carotid with Autologous Venous Tissue, Open Approach", "021Q0AA": "Bypass Right Pulmonary Artery from Innominate Artery with Autologous Arterial Tissue, Open Approach", "021Q0AB": "Bypass Right Pulmonary Artery from Subclavian with Autologous Arterial Tissue, Open Approach", "021Q0AD": "Bypass Right Pulmonary Artery from Carotid with Autologous Arterial Tissue, Open Approach", "021Q0JA": "Bypass Right Pulmonary Artery from Innominate Artery with Synthetic Substitute, Open Approach", "021Q0JB": "Bypass Right Pulmonary Artery from Subclavian with Synthetic Substitute, Open Approach", "021Q0JD": "Bypass Right Pulmonary Artery from Carotid with Synthetic Substitute, Open Approach", "021Q0KA": "Bypass Right Pulmonary Artery from Innominate Artery with Nonautologous Tissue Substitute, Open Approach", "021Q0KB": "Bypass Right Pulmonary Artery from Subclavian with Nonautologous Tissue Substitute, Open Approach", "021Q0KD": "Bypass Right Pulmonary Artery from Carotid with Nonautologous Tissue Substitute, Open Approach", "021Q0ZA": "Bypass Right Pulmonary Artery from Innominate Artery with No Device, Open Approach", "021Q0ZB": "Bypass Right Pulmonary Artery from Subclavian with No Device, Open Approach", "021Q0ZD": "Bypass Right Pulmonary Artery from Carotid with No Device, Open Approach", "021Q48A": "Bypass Right Pulmonary Artery from Innominate Artery with Zooplastic Tissue, Percutaneous Endoscopic Approach", "021Q48B": "Bypass Right Pulmonary Artery from Subclavian with Zooplastic Tissue, Percutaneous Endoscopic Approach", "021Q48D": "Bypass Right Pulmonary Artery from Carotid with Zooplastic Tissue, Percutaneous Endoscopic Approach", "021Q49A": "Bypass Right Pulmonary Artery from Innominate Artery with Autologous Venous Tissue, Percutaneous Endoscopic Approach", "021Q49B": "Bypass Right Pulmonary Artery from Subclavian with Autologous Venous Tissue, Percutaneous Endoscopic Approach", "021Q49D": "Bypass Right Pulmonary Artery from Carotid with Autologous Venous Tissue, Percutaneous Endoscopic Approach", "021Q4AA": "Bypass Right Pulmonary Artery from Innominate Artery with Autologous Arterial Tissue, Percutaneous Endoscopic Approach", "021Q4AB": "Bypass Right Pulmonary Artery from Subclavian with Autologous Arterial Tissue, Percutaneous Endoscopic Approach", "021Q4AD": "Bypass Right Pulmonary Artery from Carotid with Autologous Arterial Tissue, Percutaneous Endoscopic Approach", "021Q4JA": "Bypass Right Pulmonary Artery from Innominate Artery with Synthetic Substitute, Percutaneous Endoscopic Approach", "021Q4JB": "Bypass Right Pulmonary Artery from Subclavian with Synthetic Substitute, Percutaneous Endoscopic Approach", "021Q4JD": "Bypass Right Pulmonary Artery from Carotid with Synthetic Substitute, Percutaneous Endoscopic Approach", "021Q4KA": "Bypass Right Pulmonary Artery from Innominate Artery with Nonautologous Tissue Substitute, Percutaneous Endoscopic Approach", "021Q4KB": "Bypass Right Pulmonary Artery from Subclavian with Nonautologous Tissue Substitute, Percutaneous Endoscopic Approach", "021Q4KD": "Bypass Right Pulmonary Artery from Carotid with Nonautologous Tissue Substitute, Percutaneous Endoscopic Approach", "021Q4ZA": "Bypass Right Pulmonary Artery from Innominate Artery with No Device, Percutaneous Endoscopic Approach", "021Q4ZB": "Bypass Right Pulmonary Artery from Subclavian with No Device, Percutaneous Endoscopic Approach", "021Q4ZD": "Bypass Right Pulmonary Artery from Carotid with No Device, Percutaneous Endoscopic Approach", "021R08A": "Bypass Left Pulmonary Artery from Innominate Artery with Zooplastic Tissue, Open Approach", "021R08B": "Bypass Left Pulmonary Artery from Subclavian with Zooplastic Tissue, Open Approach", "021R08D": "Bypass Left Pulmonary Artery from Carotid with Zooplastic Tissue, Open Approach", "021R09A": "Bypass Left Pulmonary Artery from Innominate Artery with Autologous Venous Tissue, Open Approach", "021R09B": "Bypass Left Pulmonary Artery from Subclavian with Autologous Venous Tissue, Open Approach", "021R09D": "Bypass Left Pulmonary Artery from Carotid with Autologous Venous Tissue, Open Approach", "021R0AA": "Bypass Left Pulmonary Artery from Innominate Artery with Autologous Arterial Tissue, Open Approach", "021R0AB": "Bypass Left Pulmonary Artery from Subclavian with Autologous Arterial Tissue, Open Approach", "021R0AD": "Bypass Left Pulmonary Artery from Carotid with Autologous Arterial Tissue, Open Approach", "021R0JA": "Bypass Left Pulmonary Artery from Innominate Artery with Synthetic Substitute, Open Approach", "021R0JB": "Bypass Left Pulmonary Artery from Subclavian with Synthetic Substitute, Open Approach", "021R0JD": "Bypass Left Pulmonary Artery from Carotid with Synthetic Substitute, Open Approach", "021R0KA": "Bypass Left Pulmonary Artery from Innominate Artery with Nonautologous Tissue Substitute, Open Approach", "021R0KB": "Bypass Left Pulmonary Artery from Subclavian with Nonautologous Tissue Substitute, Open Approach", "021R0KD": "Bypass Left Pulmonary Artery from Carotid with Nonautologous Tissue Substitute, Open Approach", "021R0ZA": "Bypass Left Pulmonary Artery from Innominate Artery with No Device, Open Approach", "021R0ZB": "Bypass Left Pulmonary Artery from Subclavian with No Device, Open Approach", "021R0ZD": "Bypass Left Pulmonary Artery from Carotid with No Device, Open Approach", "021R48A": "Bypass Left Pulmonary Artery from Innominate Artery with Zooplastic Tissue, Percutaneous Endoscopic Approach", "021R48B": "Bypass Left Pulmonary Artery from Subclavian with Zooplastic Tissue, Percutaneous Endoscopic Approach", "021R48D": "Bypass Left Pulmonary Artery from Carotid with Zooplastic Tissue, Percutaneous Endoscopic Approach", "021R49A": "Bypass Left Pulmonary Artery from Innominate Artery with Autologous Venous Tissue, Percutaneous Endoscopic Approach", "021R49B": "Bypass Left Pulmonary Artery from Subclavian with Autologous Venous Tissue, Percutaneous Endoscopic Approach", "021R49D": "Bypass Left Pulmonary Artery from Carotid with Autologous Venous Tissue, Percutaneous Endoscopic Approach", "021R4AA": "Bypass Left Pulmonary Artery from Innominate Artery with Autologous Arterial Tissue, Percutaneous Endoscopic Approach", "021R4AB": "Bypass Left Pulmonary Artery from Subclavian with Autologous Arterial Tissue, Percutaneous Endoscopic Approach", "021R4AD": "Bypass Left Pulmonary Artery from Carotid with Autologous Arterial Tissue, Percutaneous Endoscopic Approach", "021R4JA": "Bypass Left Pulmonary Artery from Innominate Artery with Synthetic Substitute, Percutaneous Endoscopic Approach", "021R4JB": "Bypass Left Pulmonary Artery from Subclavian with Synthetic Substitute, Percutaneous Endoscopic Approach", "021R4JD": "Bypass Left Pulmonary Artery from Carotid with Synthetic Substitute, Percutaneous Endoscopic Approach", "021R4KA": "Bypass Left Pulmonary Artery from Innominate Artery with Nonautologous Tissue Substitute, Percutaneous Endoscopic Approach", "021R4KB": "Bypass Left Pulmonary Artery from Subclavian with Nonautologous Tissue Substitute, Percutaneous Endoscopic Approach", "021R4KD": "Bypass Left Pulmonary Artery from Carotid with Nonautologous Tissue Substitute, Percutaneous Endoscopic Approach", "021R4ZA": "Bypass Left Pulmonary Artery from Innominate Artery with No Device, Percutaneous Endoscopic Approach", "021R4ZB": "Bypass Left Pulmonary Artery from Subclavian with No Device, Percutaneous Endoscopic Approach", "021R4ZD": "Bypass Left Pulmonary Artery from Carotid with No Device, Percutaneous Endoscopic Approach", "021V08P": "Bypass Superior Vena Cava to Pulmonary Trunk with Zooplastic Tissue, Open Approach", "021V08Q": "Bypass Superior Vena Cava to Right Pulmonary Artery with Zooplastic Tissue, Open Approach", "021V08R": "Bypass Superior Vena Cava to Left Pulmonary Artery with Zooplastic Tissue, Open Approach", "021V08S": "Bypass Superior Vena Cava to Right Pulmonary Vein with Zooplastic Tissue, Open Approach", "021V08T": "Bypass Superior Vena Cava to Left Pulmonary Vein with Zooplastic Tissue, Open Approach", "021V08U": "Bypass Superior Vena Cava to Pulmonary Vein Confluence with Zooplastic Tissue, Open Approach", "021V09P": "Bypass Superior Vena Cava to Pulmonary Trunk with Autologous Venous Tissue, Open Approach", "021V09Q": "Bypass Superior Vena Cava to Right Pulmonary Artery with Autologous Venous Tissue, Open Approach", "021V09R": "Bypass Superior Vena Cava to Left Pulmonary Artery with Autologous Venous Tissue, Open Approach", "021V09S": "Bypass Superior Vena Cava to Right Pulmonary Vein with Autologous Venous Tissue, Open Approach", "021V09T": "Bypass Superior Vena Cava to Left Pulmonary Vein with Autologous Venous Tissue, Open Approach", "021V09U": "Bypass Superior Vena Cava to Pulmonary Vein Confluence with Autologous Venous Tissue, Open Approach", "021V0AP": "Bypass Superior Vena Cava to Pulmonary Trunk with Autologous Arterial Tissue, Open Approach", "021V0AQ": "Bypass Superior Vena Cava to Right Pulmonary Artery with Autologous Arterial Tissue, Open Approach", "021V0AR": "Bypass Superior Vena Cava to Left Pulmonary Artery with Autologous Arterial Tissue, Open Approach", "021V0AS": "Bypass Superior Vena Cava to Right Pulmonary Vein with Autologous Arterial Tissue, Open Approach", "021V0AT": "Bypass Superior Vena Cava to Left Pulmonary Vein with Autologous Arterial Tissue, Open Approach", "021V0AU": "Bypass Superior Vena Cava to Pulmonary Vein Confluence with Autologous Arterial Tissue, Open Approach", "021V0JP": "Bypass Superior Vena Cava to Pulmonary Trunk with Synthetic Substitute, Open Approach", "021V0JQ": "Bypass Superior Vena Cava to Right Pulmonary Artery with Synthetic Substitute, Open Approach", "021V0JR": "Bypass Superior Vena Cava to Left Pulmonary Artery with Synthetic Substitute, Open Approach", "021V0JS": "Bypass Superior Vena Cava to Right Pulmonary Vein with Synthetic Substitute, Open Approach", "021V0JT": "Bypass Superior Vena Cava to Left Pulmonary Vein with Synthetic Substitute, Open Approach", "021V0JU": "Bypass Superior Vena Cava to Pulmonary Vein Confluence with Synthetic Substitute, Open Approach", "021V0KP": "Bypass Superior Vena Cava to Pulmonary Trunk with Nonautologous Tissue Substitute, Open Approach", "021V0KQ": "Bypass Superior Vena Cava to Right Pulmonary Artery with Nonautologous Tissue Substitute, Open Approach", "021V0KR": "Bypass Superior Vena Cava to Left Pulmonary Artery with Nonautologous Tissue Substitute, Open Approach", "021V0KS": "Bypass Superior Vena Cava to Right Pulmonary Vein with Nonautologous Tissue Substitute, Open Approach", "021V0KT": "Bypass Superior Vena Cava to Left Pulmonary Vein with Nonautologous Tissue Substitute, Open Approach", "021V0KU": "Bypass Superior Vena Cava to Pulmonary Vein Confluence with Nonautologous Tissue Substitute, Open Approach", "021V0ZP": "Bypass Superior Vena Cava to Pulmonary Trunk, Open Approach", "021V0ZQ": "Bypass Superior Vena Cava to Right Pulmonary Artery, Open Approach", "021V0ZR": "Bypass Superior Vena Cava to Left Pulmonary Artery, Open Approach", "021V0ZS": "Bypass Superior Vena Cava to Right Pulmonary Vein, Open Approach", "021V0ZT": "Bypass Superior Vena Cava to Left Pulmonary Vein, Open Approach", "021V0ZU": "Bypass Superior Vena Cava to Pulmonary Vein Confluence, Open Approach", "021V48P": "Bypass Superior Vena Cava to Pulmonary Trunk with Zooplastic Tissue, Percutaneous Endoscopic Approach", "021V48Q": "Bypass Superior Vena Cava to Right Pulmonary Artery with Zooplastic Tissue, Percutaneous Endoscopic Approach", "021V48R": "Bypass Superior Vena Cava to Left Pulmonary Artery with Zooplastic Tissue, Percutaneous Endoscopic Approach", "021V48S": "Bypass Superior Vena Cava to Right Pulmonary Vein with Zooplastic Tissue, Percutaneous Endoscopic Approach", "021V48T": "Bypass Superior Vena Cava to Left Pulmonary Vein with Zooplastic Tissue, Percutaneous Endoscopic Approach", "021V48U": "Bypass Superior Vena Cava to Pulmonary Vein Confluence with Zooplastic Tissue, Percutaneous Endoscopic Approach", "021V49P": "Bypass Superior Vena Cava to Pulmonary Trunk with Autologous Venous Tissue, Percutaneous Endoscopic Approach", "021V49Q": "Bypass Superior Vena Cava to Right Pulmonary Artery with Autologous Venous Tissue, Percutaneous Endoscopic Approach", "021V49R": "Bypass Superior Vena Cava to Left Pulmonary Artery with Autologous Venous Tissue, Percutaneous Endoscopic Approach", "021V49S": "Bypass Superior Vena Cava to Right Pulmonary Vein with Autologous Venous Tissue, Percutaneous Endoscopic Approach", "021V49T": "Bypass Superior Vena Cava to Left Pulmonary Vein with Autologous Venous Tissue, Percutaneous Endoscopic Approach", "021V49U": "Bypass Superior Vena Cava to Pulmonary Vein Confluence with Autologous Venous Tissue, Percutaneous Endoscopic Approach", "021V4AP": "Bypass Superior Vena Cava to Pulmonary Trunk with Autologous Arterial Tissue, Percutaneous Endoscopic Approach", "021V4AQ": "Bypass Superior Vena Cava to Right Pulmonary Artery with Autologous Arterial Tissue, Percutaneous Endoscopic Approach", "021V4AR": "Bypass Superior Vena Cava to Left Pulmonary Artery with Autologous Arterial Tissue, Percutaneous Endoscopic Approach", "021V4AS": "Bypass Superior Vena Cava to Right Pulmonary Vein with Autologous Arterial Tissue, Percutaneous Endoscopic Approach", "021V4AT": "Bypass Superior Vena Cava to Left Pulmonary Vein with Autologous Arterial Tissue, Percutaneous Endoscopic Approach", "021V4AU": "Bypass Superior Vena Cava to Pulmonary Vein Confluence with Autologous Arterial Tissue, Percutaneous Endoscopic Approach", "021V4JP": "Bypass Superior Vena Cava to Pulmonary Trunk with Synthetic Substitute, Percutaneous Endoscopic Approach", "021V4JQ": "Bypass Superior Vena Cava to Right Pulmonary Artery with Synthetic Substitute, Percutaneous Endoscopic Approach", "021V4JR": "Bypass Superior Vena Cava to Left Pulmonary Artery with Synthetic Substitute, Percutaneous Endoscopic Approach", "021V4JS": "Bypass Superior Vena Cava to Right Pulmonary Vein with Synthetic Substitute, Percutaneous Endoscopic Approach", "021V4JT": "Bypass Superior Vena Cava to Left Pulmonary Vein with Synthetic Substitute, Percutaneous Endoscopic Approach", "021V4JU": "Bypass Superior Vena Cava to Pulmonary Vein Confluence with Synthetic Substitute, Percutaneous Endoscopic Approach", "021V4KP": "Bypass Superior Vena Cava to Pulmonary Trunk with Nonautologous Tissue Substitute, Percutaneous Endoscopic Approach", "021V4KQ": "Bypass Superior Vena Cava to Right Pulmonary Artery with Nonautologous Tissue Substitute, Percutaneous Endoscopic Approach", "021V4KR": "Bypass Superior Vena Cava to Left Pulmonary Artery with Nonautologous Tissue Substitute, Percutaneous Endoscopic Approach", "021V4KS": "Bypass Superior Vena Cava to Right Pulmonary Vein with Nonautologous Tissue Substitute, Percutaneous Endoscopic Approach", "021V4KT": "Bypass Superior Vena Cava to Left Pulmonary Vein with Nonautologous Tissue Substitute, Percutaneous Endoscopic Approach", "021V4KU": "Bypass Superior Vena Cava to Pulmonary Vein Confluence with Nonautologous Tissue Substitute, Percutaneous Endoscopic Approach", "021V4ZP": "Bypass Superior Vena Cava to Pulmonary Trunk, Percutaneous Endoscopic Approach", "021V4ZQ": "Bypass Superior Vena Cava to Right Pulmonary Artery, Percutaneous Endoscopic Approach", "021V4ZR": "Bypass Superior Vena Cava to Left Pulmonary Artery, Percutaneous Endoscopic Approach", "021V4ZS": "Bypass Superior Vena Cava to Right Pulmonary Vein, Percutaneous Endoscopic Approach", "021V4ZT": "Bypass Superior Vena Cava to Left Pulmonary Vein, Percutaneous Endoscopic Approach", "021V4ZU": "Bypass Superior Vena Cava to Pulmonary Vein Confluence, Percutaneous Endoscopic Approach", "021W08A": "Bypass Thoracic Aorta, Descending to Innominate Artery with Zooplastic Tissue, Open Approach", "021W08B": "Bypass Thoracic Aorta, Descending to Subclavian with Zooplastic Tissue, Open Approach", "021W08D": "Bypass Thoracic Aorta, Descending to Carotid with Zooplastic Tissue, Open Approach", "021W08F": "Bypass Thoracic Aorta, Descending to Abdominal Artery with Zooplastic Tissue, Open Approach", "021W08G": "Bypass Thoracic Aorta, Descending to Axillary Artery with Zooplastic Tissue, Open Approach", "021W08H": "Bypass Thoracic Aorta, Descending to Brachial Artery with Zooplastic Tissue, Open Approach", "021W08P": "Bypass Thoracic Aorta, Descending to Pulmonary Trunk with Zooplastic Tissue, Open Approach", "021W08Q": "Bypass Thoracic Aorta, Descending to Right Pulmonary Artery with Zooplastic Tissue, Open Approach", "021W08R": "Bypass Thoracic Aorta, Descending to Left Pulmonary Artery with Zooplastic Tissue, Open Approach", "021W08V": "Bypass Thoracic Aorta, Descending to Lower Extremity Artery with Zooplastic Tissue, Open Approach", "021W09A": "Bypass Thoracic Aorta, Descending to Innominate Artery with Autologous Venous Tissue, Open Approach", "021W09B": "Bypass Thoracic Aorta, Descending to Subclavian with Autologous Venous Tissue, Open Approach", "021W09D": "Bypass Thoracic Aorta, Descending to Carotid with Autologous Venous Tissue, Open Approach", "021W09F": "Bypass Thoracic Aorta, Descending to Abdominal Artery with Autologous Venous Tissue, Open Approach", "021W09G": "Bypass Thoracic Aorta, Descending to Axillary Artery with Autologous Venous Tissue, Open Approach", "021W09H": "Bypass Thoracic Aorta, Descending to Brachial Artery with Autologous Venous Tissue, Open Approach", "021W09P": "Bypass Thoracic Aorta, Descending to Pulmonary Trunk with Autologous Venous Tissue, Open Approach", "021W09Q": "Bypass Thoracic Aorta, Descending to Right Pulmonary Artery with Autologous Venous Tissue, Open Approach", "021W09R": "Bypass Thoracic Aorta, Descending to Left Pulmonary Artery with Autologous Venous Tissue, Open Approach", "021W09V": "Bypass Thoracic Aorta, Descending to Lower Extremity Artery with Autologous Venous Tissue, Open Approach", "021W0AA": "Bypass Thoracic Aorta, Descending to Innominate Artery with Autologous Arterial Tissue, Open Approach", "021W0AB": "Bypass Thoracic Aorta, Descending to Subclavian with Autologous Arterial Tissue, Open Approach", "021W0AD": "Bypass Thoracic Aorta, Descending to Carotid with Autologous Arterial Tissue, Open Approach", "021W0AF": "Bypass Thoracic Aorta, Descending to Abdominal Artery with Autologous Arterial Tissue, Open Approach", "021W0AG": "Bypass Thoracic Aorta, Descending to Axillary Artery with Autologous Arterial Tissue, Open Approach", "021W0AH": "Bypass Thoracic Aorta, Descending to Brachial Artery with Autologous Arterial Tissue, Open Approach", "021W0AP": "Bypass Thoracic Aorta, Descending to Pulmonary Trunk with Autologous Arterial Tissue, Open Approach", "021W0AQ": "Bypass Thoracic Aorta, Descending to Right Pulmonary Artery with Autologous Arterial Tissue, Open Approach", "021W0AR": "Bypass Thoracic Aorta, Descending to Left Pulmonary Artery with Autologous Arterial Tissue, Open Approach", "021W0AV": "Bypass Thoracic Aorta, Descending to Lower Extremity Artery with Autologous Arterial Tissue, Open Approach", "021W0JA": "Bypass Thoracic Aorta, Descending to Innominate Artery with Synthetic Substitute, Open Approach", "021W0JB": "Bypass Thoracic Aorta, Descending to Subclavian with Synthetic Substitute, Open Approach", "021W0JD": "Bypass Thoracic Aorta, Descending to Carotid with Synthetic Substitute, Open Approach", "021W0JF": "Bypass Thoracic Aorta, Descending to Abdominal Artery with Synthetic Substitute, Open Approach", "021W0JG": "Bypass Thoracic Aorta, Descending to Axillary Artery with Synthetic Substitute, Open Approach", "021W0JH": "Bypass Thoracic Aorta, Descending to Brachial Artery with Synthetic Substitute, Open Approach", "021W0JP": "Bypass Thoracic Aorta, Descending to Pulmonary Trunk with Synthetic Substitute, Open Approach", "021W0JQ": "Bypass Thoracic Aorta, Descending to Right Pulmonary Artery with Synthetic Substitute, Open Approach", "021W0JR": "Bypass Thoracic Aorta, Descending to Left Pulmonary Artery with Synthetic Substitute, Open Approach", "021W0JV": "Bypass Thoracic Aorta, Descending to Lower Extremity Artery with Synthetic Substitute, Open Approach", "021W0KA": "Bypass Thoracic Aorta, Descending to Innominate Artery with Nonautologous Tissue Substitute, Open Approach", "021W0KB": "Bypass Thoracic Aorta, Descending to Subclavian with Nonautologous Tissue Substitute, Open Approach", "021W0KD": "Bypass Thoracic Aorta, Descending to Carotid with Nonautologous Tissue Substitute, Open Approach", "021W0KF": "Bypass Thoracic Aorta, Descending to Abdominal Artery with Nonautologous Tissue Substitute, Open Approach", "021W0KG": "Bypass Thoracic Aorta, Descending to Axillary Artery with Nonautologous Tissue Substitute, Open Approach", "021W0KH": "Bypass Thoracic Aorta, Descending to Brachial Artery with Nonautologous Tissue Substitute, Open Approach", "021W0KP": "Bypass Thoracic Aorta, Descending to Pulmonary Trunk with Nonautologous Tissue Substitute, Open Approach", "021W0KQ": "Bypass Thoracic Aorta, Descending to Right Pulmonary Artery with Nonautologous Tissue Substitute, Open Approach", "021W0KR": "Bypass Thoracic Aorta, Descending to Left Pulmonary Artery with Nonautologous Tissue Substitute, Open Approach", "021W0KV": "Bypass Thoracic Aorta, Descending to Lower Extremity Artery with Nonautologous Tissue Substitute, Open Approach", "021W0ZA": "Bypass Thoracic Aorta, Descending to Innominate Artery, Open Approach", "021W0ZB": "Bypass Thoracic Aorta, Descending to Subclavian, Open Approach", "021W0ZD": "Bypass Thoracic Aorta, Descending to Carotid, Open Approach", "021W0ZP": "Bypass Thoracic Aorta, Descending to Pulmonary Trunk, Open Approach", "021W0ZQ": "Bypass Thoracic Aorta, Descending to Right Pulmonary Artery, Open Approach", "021W0ZR": "Bypass Thoracic Aorta, Descending to Left Pulmonary Artery, Open Approach", "021W48A": "Bypass Thoracic Aorta, Descending to Innominate Artery with Zooplastic Tissue, Percutaneous Endoscopic Approach", "021W48B": "Bypass Thoracic Aorta, Descending to Subclavian with Zooplastic Tissue, Percutaneous Endoscopic Approach", "021W48D": "Bypass Thoracic Aorta, Descending to Carotid with Zooplastic Tissue, Percutaneous Endoscopic Approach", "021W48P": "Bypass Thoracic Aorta, Descending to Pulmonary Trunk with Zooplastic Tissue, Percutaneous Endoscopic Approach", "021W48Q": "Bypass Thoracic Aorta, Descending to Right Pulmonary Artery with Zooplastic Tissue, Percutaneous Endoscopic Approach", "021W48R": "Bypass Thoracic Aorta, Descending to Left Pulmonary Artery with Zooplastic Tissue, Percutaneous Endoscopic Approach", "021W49A": "Bypass Thoracic Aorta, Descending to Innominate Artery with Autologous Venous Tissue, Percutaneous Endoscopic Approach", "021W49B": "Bypass Thoracic Aorta, Descending to Subclavian with Autologous Venous Tissue, Percutaneous Endoscopic Approach", "021W49D": "Bypass Thoracic Aorta, Descending to Carotid with Autologous Venous Tissue, Percutaneous Endoscopic Approach", "021W49P": "Bypass Thoracic Aorta, Descending to Pulmonary Trunk with Autologous Venous Tissue, Percutaneous Endoscopic Approach", "021W49Q": "Bypass Thoracic Aorta, Descending to Right Pulmonary Artery with Autologous Venous Tissue, Percutaneous Endoscopic Approach", "021W49R": "Bypass Thoracic Aorta, Descending to Left Pulmonary Artery with Autologous Venous Tissue, Percutaneous Endoscopic Approach", "021W4AA": "Bypass Thoracic Aorta, Descending to Innominate Artery with Autologous Arterial Tissue, Percutaneous Endoscopic Approach", "021W4AB": "Bypass Thoracic Aorta, Descending to Subclavian with Autologous Arterial Tissue, Percutaneous Endoscopic Approach", "021W4AD": "Bypass Thoracic Aorta, Descending to Carotid with Autologous Arterial Tissue, Percutaneous Endoscopic Approach", "021W4AP": "Bypass Thoracic Aorta, Descending to Pulmonary Trunk with Autologous Arterial Tissue, Percutaneous Endoscopic Approach", "021W4AQ": "Bypass Thoracic Aorta, Descending to Right Pulmonary Artery with Autologous Arterial Tissue, Percutaneous Endoscopic Approach", "021W4AR": "Bypass Thoracic Aorta, Descending to Left Pulmonary Artery with Autologous Arterial Tissue, Percutaneous Endoscopic Approach", "021W4JA": "Bypass Thoracic Aorta, Descending to Innominate Artery with Synthetic Substitute, Percutaneous Endoscopic Approach", "021W4JB": "Bypass Thoracic Aorta, Descending to Subclavian with Synthetic Substitute, Percutaneous Endoscopic Approach", "021W4JD": "Bypass Thoracic Aorta, Descending to Carotid with Synthetic Substitute, Percutaneous Endoscopic Approach", "021W4JP": "Bypass Thoracic Aorta, Descending to Pulmonary Trunk with Synthetic Substitute, Percutaneous Endoscopic Approach", "021W4JQ": "Bypass Thoracic Aorta, Descending to Right Pulmonary Artery with Synthetic Substitute, Percutaneous Endoscopic Approach", "021W4JR": "Bypass Thoracic Aorta, Descending to Left Pulmonary Artery with Synthetic Substitute, Percutaneous Endoscopic Approach", "021W4KA": "Bypass Thoracic Aorta, Descending to Innominate Artery with Nonautologous Tissue Substitute, Percutaneous Endoscopic Approach", "021W4KB": "Bypass Thoracic Aorta, Descending to Subclavian with Nonautologous Tissue Substitute, Percutaneous Endoscopic Approach", "021W4KD": "Bypass Thoracic Aorta, Descending to Carotid with Nonautologous Tissue Substitute, Percutaneous Endoscopic Approach", "021W4KP": "Bypass Thoracic Aorta, Descending to Pulmonary Trunk with Nonautologous Tissue Substitute, Percutaneous Endoscopic Approach", "021W4KQ": "Bypass Thoracic Aorta, Descending to Right Pulmonary Artery with Nonautologous Tissue Substitute, Percutaneous Endoscopic Approach", "021W4KR": "Bypass Thoracic Aorta, Descending to Left Pulmonary Artery with Nonautologous Tissue Substitute, Percutaneous Endoscopic Approach", "021W4ZA": "Bypass Thoracic Aorta, Descending to Innominate Artery, Percutaneous Endoscopic Approach", "021W4ZB": "Bypass Thoracic Aorta, Descending to Subclavian, Percutaneous Endoscopic Approach", "021W4ZD": "Bypass Thoracic Aorta, Descending to Carotid, Percutaneous Endoscopic Approach", "021W4ZP": "Bypass Thoracic Aorta, Descending to Pulmonary Trunk, Percutaneous Endoscopic Approach", "021W4ZQ": "Bypass Thoracic Aorta, Descending to Right Pulmonary Artery, Percutaneous Endoscopic Approach", "021W4ZR": "Bypass Thoracic Aorta, Descending to Left Pulmonary Artery, Percutaneous Endoscopic Approach", "021X08A": "Bypass Thoracic Aorta, Ascending/Arch to Innominate Artery with Zooplastic Tissue, Open Approach", "021X08B": "Bypass Thoracic Aorta, Ascending/Arch to Subclavian with Zooplastic Tissue, Open Approach", "021X08D": "Bypass Thoracic Aorta, Ascending/Arch to Carotid with Zooplastic Tissue, Open Approach", "021X08P": "Bypass Thoracic Aorta, Ascending/Arch to Pulmonary Trunk with Zooplastic Tissue, Open Approach", "021X08Q": "Bypass Thoracic Aorta, Ascending/Arch to Right Pulmonary Artery with Zooplastic Tissue, Open Approach", "021X08R": "Bypass Thoracic Aorta, Ascending/Arch to Left Pulmonary Artery with Zooplastic Tissue, Open Approach", "021X09A": "Bypass Thoracic Aorta, Ascending/Arch to Innominate Artery with Autologous Venous Tissue, Open Approach", "021X09B": "Bypass Thoracic Aorta, Ascending/Arch to Subclavian with Autologous Venous Tissue, Open Approach", "021X09D": "Bypass Thoracic Aorta, Ascending/Arch to Carotid with Autologous Venous Tissue, Open Approach", "021X09P": "Bypass Thoracic Aorta, Ascending/Arch to Pulmonary Trunk with Autologous Venous Tissue, Open Approach", "021X09Q": "Bypass Thoracic Aorta, Ascending/Arch to Right Pulmonary Artery with Autologous Venous Tissue, Open Approach", "021X09R": "Bypass Thoracic Aorta, Ascending/Arch to Left Pulmonary Artery with Autologous Venous Tissue, Open Approach", "021X0AA": "Bypass Thoracic Aorta, Ascending/Arch to Innominate Artery with Autologous Arterial Tissue, Open Approach", "021X0AB": "Bypass Thoracic Aorta, Ascending/Arch to Subclavian with Autologous Arterial Tissue, Open Approach", "021X0AD": "Bypass Thoracic Aorta, Ascending/Arch to Carotid with Autologous Arterial Tissue, Open Approach", "021X0AP": "Bypass Thoracic Aorta, Ascending/Arch to Pulmonary Trunk with Autologous Arterial Tissue, Open Approach", "021X0AQ": "Bypass Thoracic Aorta, Ascending/Arch to Right Pulmonary Artery with Autologous Arterial Tissue, Open Approach", "021X0AR": "Bypass Thoracic Aorta, Ascending/Arch to Left Pulmonary Artery with Autologous Arterial Tissue, Open Approach", "021X0JA": "Bypass Thoracic Aorta, Ascending/Arch to Innominate Artery with Synthetic Substitute, Open Approach", "021X0JB": "Bypass Thoracic Aorta, Ascending/Arch to Subclavian with Synthetic Substitute, Open Approach", "021X0JD": "Bypass Thoracic Aorta, Ascending/Arch to Carotid with Synthetic Substitute, Open Approach", "021X0JP": "Bypass Thoracic Aorta, Ascending/Arch to Pulmonary Trunk with Synthetic Substitute, Open Approach", "021X0JQ": "Bypass Thoracic Aorta, Ascending/Arch to Right Pulmonary Artery with Synthetic Substitute, Open Approach", "021X0JR": "Bypass Thoracic Aorta, Ascending/Arch to Left Pulmonary Artery with Synthetic Substitute, Open Approach", "021X0KA": "Bypass Thoracic Aorta, Ascending/Arch to Innominate Artery with Nonautologous Tissue Substitute, Open Approach", "021X0KB": "Bypass Thoracic Aorta, Ascending/Arch to Subclavian with Nonautologous Tissue Substitute, Open Approach", "021X0KD": "Bypass Thoracic Aorta, Ascending/Arch to Carotid with Nonautologous Tissue Substitute, Open Approach", "021X0KP": "Bypass Thoracic Aorta, Ascending/Arch to Pulmonary Trunk with Nonautologous Tissue Substitute, Open Approach", "021X0KQ": "Bypass Thoracic Aorta, Ascending/Arch to Right Pulmonary Artery with Nonautologous Tissue Substitute, Open Approach", "021X0KR": "Bypass Thoracic Aorta, Ascending/Arch to Left Pulmonary Artery with Nonautologous Tissue Substitute, Open Approach", "021X0ZA": "Bypass Thoracic Aorta, Ascending/Arch to Innominate Artery, Open Approach", "021X0ZB": "Bypass Thoracic Aorta, Ascending/Arch to Subclavian, Open Approach", "021X0ZD": "Bypass Thoracic Aorta, Ascending/Arch to Carotid, Open Approach", "021X0ZP": "Bypass Thoracic Aorta, Ascending/Arch to Pulmonary Trunk, Open Approach", "021X0ZQ": "Bypass Thoracic Aorta, Ascending/Arch to Right Pulmonary Artery, Open Approach", "021X0ZR": "Bypass Thoracic Aorta, Ascending/Arch to Left Pulmonary Artery, Open Approach", "021X48A": "Bypass Thoracic Aorta, Ascending/Arch to Innominate Artery with Zooplastic Tissue, Percutaneous Endoscopic Approach", "021X48B": "Bypass Thoracic Aorta, Ascending/Arch to Subclavian with Zooplastic Tissue, Percutaneous Endoscopic Approach", "021X48D": "Bypass Thoracic Aorta, Ascending/Arch to Carotid with Zooplastic Tissue, Percutaneous Endoscopic Approach", "021X48P": "Bypass Thoracic Aorta, Ascending/Arch to Pulmonary Trunk with Zooplastic Tissue, Percutaneous Endoscopic Approach", "021X48Q": "Bypass Thoracic Aorta, Ascending/Arch to Right Pulmonary Artery with Zooplastic Tissue, Percutaneous Endoscopic Approach", "021X48R": "Bypass Thoracic Aorta, Ascending/Arch to Left Pulmonary Artery with Zooplastic Tissue, Percutaneous Endoscopic Approach", "021X49A": "Bypass Thoracic Aorta, Ascending/Arch to Innominate Artery with Autologous Venous Tissue, Percutaneous Endoscopic Approach", "021X49B": "Bypass Thoracic Aorta, Ascending/Arch to Subclavian with Autologous Venous Tissue, Percutaneous Endoscopic Approach", "021X49D": "Bypass Thoracic Aorta, Ascending/Arch to Carotid with Autologous Venous Tissue, Percutaneous Endoscopic Approach", "021X49P": "Bypass Thoracic Aorta, Ascending/Arch to Pulmonary Trunk with Autologous Venous Tissue, Percutaneous Endoscopic Approach", "021X49Q": "Bypass Thoracic Aorta, Ascending/Arch to Right Pulmonary Artery with Autologous Venous Tissue, Percutaneous Endoscopic Approach", "021X49R": "Bypass Thoracic Aorta, Ascending/Arch to Left Pulmonary Artery with Autologous Venous Tissue, Percutaneous Endoscopic Approach", "021X4AA": "Bypass Thoracic Aorta, Ascending/Arch to Innominate Artery with Autologous Arterial Tissue, Percutaneous Endoscopic Approach", "021X4AB": "Bypass Thoracic Aorta, Ascending/Arch to Subclavian with Autologous Arterial Tissue, Percutaneous Endoscopic Approach", "021X4AD": "Bypass Thoracic Aorta, Ascending/Arch to Carotid with Autologous Arterial Tissue, Percutaneous Endoscopic Approach", "021X4AP": "Bypass Thoracic Aorta, Ascending/Arch to Pulmonary Trunk with Autologous Arterial Tissue, Percutaneous Endoscopic Approach", "021X4AQ": "Bypass Thoracic Aorta, Ascending/Arch to Right Pulmonary Artery with Autologous Arterial Tissue, Percutaneous Endoscopic Approach", "021X4AR": "Bypass Thoracic Aorta, Ascending/Arch to Left Pulmonary Artery with Autologous Arterial Tissue, Percutaneous Endoscopic Approach", "021X4JA": "Bypass Thoracic Aorta, Ascending/Arch to Innominate Artery with Synthetic Substitute, Percutaneous Endoscopic Approach", "021X4JB": "Bypass Thoracic Aorta, Ascending/Arch to Subclavian with Synthetic Substitute, Percutaneous Endoscopic Approach", "021X4JD": "Bypass Thoracic Aorta, Ascending/Arch to Carotid with Synthetic Substitute, Percutaneous Endoscopic Approach", "021X4JP": "Bypass Thoracic Aorta, Ascending/Arch to Pulmonary Trunk with Synthetic Substitute, Percutaneous Endoscopic Approach", "021X4JQ": "Bypass Thoracic Aorta, Ascending/Arch to Right Pulmonary Artery with Synthetic Substitute, Percutaneous Endoscopic Approach", "021X4JR": "Bypass Thoracic Aorta, Ascending/Arch to Left Pulmonary Artery with Synthetic Substitute, Percutaneous Endoscopic Approach", "021X4KA": "Bypass Thoracic Aorta, Ascending/Arch to Innominate Artery with Nonautologous Tissue Substitute, Percutaneous Endoscopic Approach", "021X4KB": "Bypass Thoracic Aorta, Ascending/Arch to Subclavian with Nonautologous Tissue Substitute, Percutaneous Endoscopic Approach", "021X4KD": "Bypass Thoracic Aorta, Ascending/Arch to Carotid with Nonautologous Tissue Substitute, Percutaneous Endoscopic Approach", "021X4KP": "Bypass Thoracic Aorta, Ascending/Arch to Pulmonary Trunk with Nonautologous Tissue Substitute, Percutaneous Endoscopic Approach", "021X4KQ": "Bypass Thoracic Aorta, Ascending/Arch to Right Pulmonary Artery with Nonautologous Tissue Substitute, Percutaneous Endoscopic Approach", "021X4KR": "Bypass Thoracic Aorta, Ascending/Arch to Left Pulmonary Artery with Nonautologous Tissue Substitute, Percutaneous Endoscopic Approach", "021X4ZA": "Bypass Thoracic Aorta, Ascending/Arch to Innominate Artery, Percutaneous Endoscopic Approach", "021X4ZB": "Bypass Thoracic Aorta, Ascending/Arch to Subclavian, Percutaneous Endoscopic Approach", "021X4ZD": "Bypass Thoracic Aorta, Ascending/Arch to Carotid, Percutaneous Endoscopic Approach", "021X4ZP": "Bypass Thoracic Aorta, Ascending/Arch to Pulmonary Trunk, Percutaneous Endoscopic Approach", "021X4ZQ": "Bypass Thoracic Aorta, Ascending/Arch to Right Pulmonary Artery, Percutaneous Endoscopic Approach", "021X4ZR": "Bypass Thoracic Aorta, Ascending/Arch to Left Pulmonary Artery, Percutaneous Endoscopic Approach"}