{"02C": "Heart and Great Vessels, Extirpation", "02C00Z6": "Extirpation of Matter from Coronary Artery, One Artery, Bifurcation, Open Approach", "02C00ZZ": "Extirpation of Matter from Coronary Artery, One Artery, Open Approach", "02C03Z6": "Extirpation of Matter from Coronary Artery, One Artery, Bifurcation, Percutaneous Approach", "02C03ZZ": "Extirpation of Matter from Coronary Artery, One Artery, Percutaneous Approach", "02C04Z6": "Extirpation of Matter from Coronary Artery, One Artery, Bifurcation, Percutaneous Endoscopic Approach", "02C04ZZ": "Extirpation of Matter from Coronary Artery, One Artery, Percutaneous Endoscopic Approach", "02C10Z6": "Extirpation of Matter from Coronary Artery, Two Arteries, Bifurcation, Open Approach", "02C10ZZ": "Extirpation of Matter from Coronary Artery, Two Arteries, Open Approach", "02C13Z6": "Extirpation of Matter from Coronary Artery, Two Arteries, Bifurcation, Percutaneous Approach", "02C13ZZ": "Extirpation of Matter from Coronary Artery, Two Arteries, Percutaneous Approach", "02C14Z6": "Extirpation of Matter from Coronary Artery, Two Arteries, Bifurcation, Percutaneous Endoscopic Approach", "02C14ZZ": "Extirpation of Matter from Coronary Artery, Two Arteries, Percutaneous Endoscopic Approach", "02C20Z6": "Extirpation of Matter from Coronary Artery, Three Arteries, Bifurcation, Open Approach", "02C20ZZ": "Extirpation of Matter from Coronary Artery, Three Arteries, Open Approach", "02C23Z6": "Extirpation of Matter from Coronary Artery, Three Arteries, Bifurcation, Percutaneous Approach", "02C23ZZ": "Extirpation of Matter from Coronary Artery, Three Arteries, Percutaneous Approach", "02C24Z6": "Extirpation of Matter from Coronary Artery, Three Arteries, Bifurcation, Percutaneous Endoscopic Approach", "02C24ZZ": "Extirpation of Matter from Coronary Artery, Three Arteries, Percutaneous Endoscopic Approach", "02C30Z6": "Extirpation of Matter from Coronary Artery, Four or More Arteries, Bifurcation, Open Approach", "02C30ZZ": "Extirpation of Matter from Coronary Artery, Four or More Arteries, Open Approach", "02C33Z6": "Extirpation of Matter from Coronary Artery, Four or More Arteries, Bifurcation, Percutaneous Approach", "02C33ZZ": "Extirpation of Matter from Coronary Artery, Four or More Arteries, Percutaneous Approach", "02C34Z6": "Extirpation of Matter from Coronary Artery, Four or More Arteries, Bifurcation, Percutaneous Endoscopic Approach", "02C34ZZ": "Extirpation of Matter from Coronary Artery, Four or More Arteries, Percutaneous Endoscopic Approach", "02C40ZZ": "Extirpation of Matter from Coronary Vein, Open Approach", "02C43ZZ": "Extirpation of Matter from Coronary Vein, Percutaneous Approach", "02C44ZZ": "Extirpation of Matter from Coronary Vein, Percutaneous Endoscopic Approach", "02C50ZZ": "Extirpation of Matter from Atrial Septum, Open Approach", "02C53ZZ": "Extirpation of Matter from Atrial Septum, Percutaneous Approach", "02C54ZZ": "Extirpation of Matter from Atrial Septum, Percutaneous Endoscopic Approach", "02C60ZZ": "Extirpation of Matter from Right Atrium, Open Approach", "02C63ZZ": "Extirpation of Matter from Right Atrium, Percutaneous Approach", "02C64ZZ": "Extirpation of Matter from Right Atrium, Percutaneous Endoscopic Approach", "02C70ZZ": "Extirpation of Matter from Left Atrium, Open Approach", "02C73ZZ": "Extirpation of Matter from Left Atrium, Percutaneous Approach", "02C74ZZ": "Extirpation of Matter from Left Atrium, Percutaneous Endoscopic Approach", "02C80ZZ": "Extirpation of Matter from Conduction Mechanism, Open Approach", "02C83ZZ": "Extirpation of Matter from Conduction Mechanism, Percutaneous Approach", "02C84ZZ": "Extirpation of Matter from Conduction Mechanism, Percutaneous Endoscopic Approach", "02C90ZZ": "Extirpation of Matter from Chordae Tendineae, Open Approach", "02C93ZZ": "Extirpation of Matter from Chordae Tendineae, Percutaneous Approach", "02C94ZZ": "Extirpation of Matter from Chordae Tendineae, Percutaneous Endoscopic Approach", "02CD0ZZ": "Extirpation of Matter from Papillary Muscle, Open Approach", "02CD3ZZ": "Extirpation of Matter from Papillary Muscle, Percutaneous Approach", "02CD4ZZ": "Extirpation of Matter from Papillary Muscle, Percutaneous Endoscopic Approach", "02CF0ZZ": "Extirpation of Matter from Aortic Valve, Open Approach", "02CF3ZZ": "Extirpation of Matter from Aortic Valve, Percutaneous Approach", "02CF4ZZ": "Extirpation of Matter from Aortic Valve, Percutaneous Endoscopic Approach", "02CG0ZZ": "Extirpation of Matter from Mitral Valve, Open Approach", "02CG3ZZ": "Extirpation of Matter from Mitral Valve, Percutaneous Approach", "02CG4ZZ": "Extirpation of Matter from Mitral Valve, Percutaneous Endoscopic Approach", "02CH0ZZ": "Extirpation of Matter from Pulmonary Valve, Open Approach", "02CH3ZZ": "Extirpation of Matter from Pulmonary Valve, Percutaneous Approach", "02CH4ZZ": "Extirpation of Matter from Pulmonary Valve, Percutaneous Endoscopic Approach", "02CJ0ZZ": "Extirpation of Matter from Tricuspid Valve, Open Approach", "02CJ3ZZ": "Extirpation of Matter from Tricuspid Valve, Percutaneous Approach", "02CJ4ZZ": "Extirpation of Matter from Tricuspid Valve, Percutaneous Endoscopic Approach", "02CK0ZZ": "Extirpation of Matter from Right Ventricle, Open Approach", "02CK3ZZ": "Extirpation of Matter from Right Ventricle, Percutaneous Approach", "02CK4ZZ": "Extirpation of Matter from Right Ventricle, Percutaneous Endoscopic Approach", "02CL0ZZ": "Extirpation of Matter from Left Ventricle, Open Approach", "02CL3ZZ": "Extirpation of Matter from Left Ventricle, Percutaneous Approach", "02CL4ZZ": "Extirpation of Matter from Left Ventricle, Percutaneous Endoscopic Approach", "02CM0ZZ": "Extirpation of Matter from Ventricular Septum, Open Approach", "02CM3ZZ": "Extirpation of Matter from Ventricular Septum, Percutaneous Approach", "02CM4ZZ": "Extirpation of Matter from Ventricular Septum, Percutaneous Endoscopic Approach", "02CN0ZZ": "Extirpation of Matter from Pericardium, Open Approach", "02CN3ZZ": "Extirpation of Matter from Pericardium, Percutaneous Approach", "02CN4ZZ": "Extirpation of Matter from Pericardium, Percutaneous Endoscopic Approach", "02CP0ZZ": "Extirpation of Matter from Pulmonary Trunk, Open Approach", "02CP3ZZ": "Extirpation of Matter from Pulmonary Trunk, Percutaneous Approach", "02CP4ZZ": "Extirpation of Matter from Pulmonary Trunk, Percutaneous Endoscopic Approach", "02CQ0ZZ": "Extirpation of Matter from Right Pulmonary Artery, Open Approach", "02CQ3ZZ": "Extirpation of Matter from Right Pulmonary Artery, Percutaneous Approach", "02CQ4ZZ": "Extirpation of Matter from Right Pulmonary Artery, Percutaneous Endoscopic Approach", "02CR0ZZ": "Extirpation of Matter from Left Pulmonary Artery, Open Approach", "02CR3ZZ": "Extirpation of Matter from Left Pulmonary Artery, Percutaneous Approach", "02CR4ZZ": "Extirpation of Matter from Left Pulmonary Artery, Percutaneous Endoscopic Approach", "02CS0ZZ": "Extirpation of Matter from Right Pulmonary Vein, Open Approach", "02CS3ZZ": "Extirpation of Matter from Right Pulmonary Vein, Percutaneous Approach", "02CS4ZZ": "Extirpation of Matter from Right Pulmonary Vein, Percutaneous Endoscopic Approach", "02CT0ZZ": "Extirpation of Matter from Left Pulmonary Vein, Open Approach", "02CT3ZZ": "Extirpation of Matter from Left Pulmonary Vein, Percutaneous Approach", "02CT4ZZ": "Extirpation of Matter from Left Pulmonary Vein, Percutaneous Endoscopic Approach", "02CV0ZZ": "Extirpation of Matter from Superior Vena Cava, Open Approach", "02CV3ZZ": "Extirpation of Matter from Superior Vena Cava, Percutaneous Approach", "02CV4ZZ": "Extirpation of Matter from Superior Vena Cava, Percutaneous Endoscopic Approach", "02CW0ZZ": "Extirpation of Matter from Thoracic Aorta, Descending, Open Approach", "02CW3ZZ": "Extirpation of Matter from Thoracic Aorta, Descending, Percutaneous Approach", "02CW4ZZ": "Extirpation of Matter from Thoracic Aorta, Descending, Percutaneous Endoscopic Approach", "02CX0ZZ": "Extirpation of Matter from Thoracic Aorta, Ascending/Arch, Open Approach", "02CX3ZZ": "Extirpation of Matter from Thoracic Aorta, Ascending/Arch, Percutaneous Approach", "02CX4ZZ": "Extirpation of Matter from Thoracic Aorta, Ascending/Arch, Percutaneous Endoscopic Approach"}