{"02H": "Heart and Great Vessels, Insertion", "02H00DZ": "Insertion of Intraluminal Device into Coronary Artery, One Artery, Open Approach", "02H00YZ": "Insertion of Other Device into Coronary Artery, One Artery, Open Approach", "02H03DZ": "Insertion of Intraluminal Device into Coronary Artery, One Artery, Percutaneous Approach", "02H03YZ": "Insertion of Other Device into Coronary Artery, One Artery, Percutaneous Approach", "02H04DZ": "Insertion of Intraluminal Device into Coronary Artery, One Artery, Percutaneous Endoscopic Approach", "02H04YZ": "Insertion of Other Device into Coronary Artery, One Artery, Percutaneous Endoscopic Approach", "02H10DZ": "Insertion of Intraluminal Device into Coronary Artery, Two Arteries, Open Approach", "02H10YZ": "Insertion of Other Device into Coronary Artery, Two Arteries, Open Approach", "02H13DZ": "Insertion of Intraluminal Device into Coronary Artery, Two Arteries, Percutaneous Approach", "02H13YZ": "Insertion of Other Device into Coronary Artery, Two Arteries, Percutaneous Approach", "02H14DZ": "Insertion of Intraluminal Device into Coronary Artery, Two Arteries, Percutaneous Endoscopic Approach", "02H14YZ": "Insertion of Other Device into Coronary Artery, Two Arteries, Percutaneous Endoscopic Approach", "02H20DZ": "Insertion of Intraluminal Device into Coronary Artery, Three Arteries, Open Approach", "02H20YZ": "Insertion of Other Device into Coronary Artery, Three Arteries, Open Approach", "02H23DZ": "Insertion of Intraluminal Device into Coronary Artery, Three Arteries, Percutaneous Approach", "02H23YZ": "Insertion of Other Device into Coronary Artery, Three Arteries, Percutaneous Approach", "02H24DZ": "Insertion of Intraluminal Device into Coronary Artery, Three Arteries, Percutaneous Endoscopic Approach", "02H24YZ": "Insertion of Other Device into Coronary Artery, Three Arteries, Percutaneous Endoscopic Approach", "02H30DZ": "Insertion of Intraluminal Device into Coronary Artery, Four or More Arteries, Open Approach", "02H30YZ": "Insertion of Other Device into Coronary Artery, Four or More Arteries, Open Approach", "02H33DZ": "Insertion of Intraluminal Device into Coronary Artery, Four or More Arteries, Percutaneous Approach", "02H33YZ": "Insertion of Other Device into Coronary Artery, Four or More Arteries, Percutaneous Approach", "02H34DZ": "Insertion of Intraluminal Device into Coronary Artery, Four or More Arteries, Percutaneous Endoscopic Approach", "02H34YZ": "Insertion of Other Device into Coronary Artery, Four or More Arteries, Percutaneous Endoscopic Approach", "02H400Z": "Insertion of Pressure Sensor Monitoring Device into Coronary Vein, Open Approach", "02H402Z": "Insertion of Monitoring Device into Coronary Vein, Open Approach", "02H403Z": "Insertion of Infusion Device into Coronary Vein, Open Approach", "02H40DZ": "Insertion of Intraluminal Device into Coronary Vein, Open Approach", "02H40JZ": "Insertion of Pacemaker Lead into Coronary Vein, Open Approach", "02H40KZ": "Insertion of Defibrillator Lead into Coronary Vein, Open Approach", "02H40MZ": "Insertion of Cardiac Lead into Coronary Vein, Open Approach", "02H40NZ": "Insertion of Intracardiac Pacemaker into Coronary Vein, Open Approach", "02H40YZ": "Insertion of Other Device into Coronary Vein, Open Approach", "02H430Z": "Insertion of Pressure Sensor Monitoring Device into Coronary Vein, Percutaneous Approach", "02H432Z": "Insertion of Monitoring Device into Coronary Vein, Percutaneous Approach", "02H433Z": "Insertion of Infusion Device into Coronary Vein, Percutaneous Approach", "02H43DZ": "Insertion of Intraluminal Device into Coronary Vein, Percutaneous Approach", "02H43JZ": "Insertion of Pacemaker Lead into Coronary Vein, Percutaneous Approach", "02H43KZ": "Insertion of Defibrillator Lead into Coronary Vein, Percutaneous Approach", "02H43MZ": "Insertion of Cardiac Lead into Coronary Vein, Percutaneous Approach", "02H43NZ": "Insertion of Intracardiac Pacemaker into Coronary Vein, Percutaneous Approach", "02H43YZ": "Insertion of Other Device into Coronary Vein, Percutaneous Approach", "02H440Z": "Insertion of Pressure Sensor Monitoring Device into Coronary Vein, Percutaneous Endoscopic Approach", "02H442Z": "Insertion of Monitoring Device into Coronary Vein, Percutaneous Endoscopic Approach", "02H443Z": "Insertion of Infusion Device into Coronary Vein, Percutaneous Endoscopic Approach", "02H44DZ": "Insertion of Intraluminal Device into Coronary Vein, Percutaneous Endoscopic Approach", "02H44JZ": "Insertion of Pacemaker Lead into Coronary Vein, Percutaneous Endoscopic Approach", "02H44KZ": "Insertion of Defibrillator Lead into Coronary Vein, Percutaneous Endoscopic Approach", "02H44MZ": "Insertion of Cardiac Lead into Coronary Vein, Percutaneous Endoscopic Approach", "02H44NZ": "Insertion of Intracardiac Pacemaker into Coronary Vein, Percutaneous Endoscopic Approach", "02H44YZ": "Insertion of Other Device into Coronary Vein, Percutaneous Endoscopic Approach", "02H600Z": "Insertion of Pressure Sensor Monitoring Device into Right Atrium, Open Approach", "02H602Z": "Insertion of Monitoring Device into Right Atrium, Open Approach", "02H603Z": "Insertion of Infusion Device into Right Atrium, Open Approach", "02H60DZ": "Insertion of Intraluminal Device into Right Atrium, Open Approach", "02H60JZ": "Insertion of Pacemaker Lead into Right Atrium, Open Approach", "02H60KZ": "Insertion of Defibrillator Lead into Right Atrium, Open Approach", "02H60MZ": "Insertion of Cardiac Lead into Right Atrium, Open Approach", "02H60NZ": "Insertion of Intracardiac Pacemaker into Right Atrium, Open Approach", "02H60YZ": "Insertion of Other Device into Right Atrium, Open Approach", "02H630Z": "Insertion of Pressure Sensor Monitoring Device into Right Atrium, Percutaneous Approach", "02H632Z": "Insertion of Monitoring Device into Right Atrium, Percutaneous Approach", "02H633Z": "Insertion of Infusion Device into Right Atrium, Percutaneous Approach", "02H63DZ": "Insertion of Intraluminal Device into Right Atrium, Percutaneous Approach", "02H63JZ": "Insertion of Pacemaker Lead into Right Atrium, Percutaneous Approach", "02H63KZ": "Insertion of Defibrillator Lead into Right Atrium, Percutaneous Approach", "02H63MZ": "Insertion of Cardiac Lead into Right Atrium, Percutaneous Approach", "02H63NZ": "Insertion of Intracardiac Pacemaker into Right Atrium, Percutaneous Approach", "02H63YZ": "Insertion of Other Device into Right Atrium, Percutaneous Approach", "02H640Z": "Insertion of Pressure Sensor Monitoring Device into Right Atrium, Percutaneous Endoscopic Approach", "02H642Z": "Insertion of Monitoring Device into Right Atrium, Percutaneous Endoscopic Approach", "02H643Z": "Insertion of Infusion Device into Right Atrium, Percutaneous Endoscopic Approach", "02H64DZ": "Insertion of Intraluminal Device into Right Atrium, Percutaneous Endoscopic Approach", "02H64JZ": "Insertion of Pacemaker Lead into Right Atrium, Percutaneous Endoscopic Approach", "02H64KZ": "Insertion of Defibrillator Lead into Right Atrium, Percutaneous Endoscopic Approach", "02H64MZ": "Insertion of Cardiac Lead into Right Atrium, Percutaneous Endoscopic Approach", "02H64NZ": "Insertion of Intracardiac Pacemaker into Right Atrium, Percutaneous Endoscopic Approach", "02H64YZ": "Insertion of Other Device into Right Atrium, Percutaneous Endoscopic Approach", "02H700Z": "Insertion of Pressure Sensor Monitoring Device into Left Atrium, Open Approach", "02H702Z": "Insertion of Monitoring Device into Left Atrium, Open Approach", "02H703Z": "Insertion of Infusion Device into Left Atrium, Open Approach", "02H70DZ": "Insertion of Intraluminal Device into Left Atrium, Open Approach", "02H70JZ": "Insertion of Pacemaker Lead into Left Atrium, Open Approach", "02H70KZ": "Insertion of Defibrillator Lead into Left Atrium, Open Approach", "02H70MZ": "Insertion of Cardiac Lead into Left Atrium, Open Approach", "02H70NZ": "Insertion of Intracardiac Pacemaker into Left Atrium, Open Approach", "02H70YZ": "Insertion of Other Device into Left Atrium, Open Approach", "02H730Z": "Insertion of Pressure Sensor Monitoring Device into Left Atrium, Percutaneous Approach", "02H732Z": "Insertion of Monitoring Device into Left Atrium, Percutaneous Approach", "02H733Z": "Insertion of Infusion Device into Left Atrium, Percutaneous Approach", "02H73DZ": "Insertion of Intraluminal Device into Left Atrium, Percutaneous Approach", "02H73JZ": "Insertion of Pacemaker Lead into Left Atrium, Percutaneous Approach", "02H73KZ": "Insertion of Defibrillator Lead into Left Atrium, Percutaneous Approach", "02H73MZ": "Insertion of Cardiac Lead into Left Atrium, Percutaneous Approach", "02H73NZ": "Insertion of Intracardiac Pacemaker into Left Atrium, Percutaneous Approach", "02H73YZ": "Insertion of Other Device into Left Atrium, Percutaneous Approach", "02H740Z": "Insertion of Pressure Sensor Monitoring Device into Left Atrium, Percutaneous Endoscopic Approach", "02H742Z": "Insertion of Monitoring Device into Left Atrium, Percutaneous Endoscopic Approach", "02H743Z": "Insertion of Infusion Device into Left Atrium, Percutaneous Endoscopic Approach", "02H74DZ": "Insertion of Intraluminal Device into Left Atrium, Percutaneous Endoscopic Approach", "02H74JZ": "Insertion of Pacemaker Lead into Left Atrium, Percutaneous Endoscopic Approach", "02H74KZ": "Insertion of Defibrillator Lead into Left Atrium, Percutaneous Endoscopic Approach", "02H74MZ": "Insertion of Cardiac Lead into Left Atrium, Percutaneous Endoscopic Approach", "02H74NZ": "Insertion of Intracardiac Pacemaker into Left Atrium, Percutaneous Endoscopic Approach", "02H74YZ": "Insertion of Other Device into Left Atrium, Percutaneous Endoscopic Approach", "02HA0QZ": "Insertion of Implantable Heart Assist System into Heart, Open Approach", "02HA0RJ": "Insertion of Short-term External Heart Assist System into Heart, Intraoperative, Open Approach", "02HA0RS": "Insertion of Biventricular Short-term External Heart Assist System into Heart, Open Approach", "02HA0RZ": "Insertion of Short-term External Heart Assist System into Heart, Open Approach", "02HA0YZ": "Insertion of Other Device into Heart, Open Approach", "02HA3QZ": "Insertion of Implantable Heart Assist System into Heart, Percutaneous Approach", "02HA3RJ": "Insertion of Short-term External Heart Assist System into Heart, Intraoperative, Percutaneous Approach", "02HA3RS": "Insertion of Biventricular Short-term External Heart Assist System into Heart, Percutaneous Approach", "02HA3RZ": "Insertion of Short-term External Heart Assist System into Heart, Percutaneous Approach", "02HA3YZ": "Insertion of Other Device into Heart, Percutaneous Approach", "02HA4QZ": "Insertion of Implantable Heart Assist System into Heart, Percutaneous Endoscopic Approach", "02HA4RJ": "Insertion of Short-term External Heart Assist System into Heart, Intraoperative, Percutaneous Endoscopic Approach", "02HA4RS": "Insertion of Biventricular Short-term External Heart Assist System into Heart, Percutaneous Endoscopic Approach", "02HA4RZ": "Insertion of Short-term External Heart Assist System into Heart, Percutaneous Endoscopic Approach", "02HA4YZ": "Insertion of Other Device into Heart, Percutaneous Endoscopic Approach", "02HK00Z": "Insertion of Pressure Sensor Monitoring Device into Right Ventricle, Open Approach", "02HK02Z": "Insertion of Monitoring Device into Right Ventricle, Open Approach", "02HK03Z": "Insertion of Infusion Device into Right Ventricle, Open Approach", "02HK0DZ": "Insertion of Intraluminal Device into Right Ventricle, Open Approach", "02HK0JZ": "Insertion of Pacemaker Lead into Right Ventricle, Open Approach", "02HK0KZ": "Insertion of Defibrillator Lead into Right Ventricle, Open Approach", "02HK0MZ": "Insertion of Cardiac Lead into Right Ventricle, Open Approach", "02HK0NZ": "Insertion of Intracardiac Pacemaker into Right Ventricle, Open Approach", "02HK0YZ": "Insertion of Other Device into Right Ventricle, Open Approach", "02HK30Z": "Insertion of Pressure Sensor Monitoring Device into Right Ventricle, Percutaneous Approach", "02HK32Z": "Insertion of Monitoring Device into Right Ventricle, Percutaneous Approach", "02HK33Z": "Insertion of Infusion Device into Right Ventricle, Percutaneous Approach", "02HK3DZ": "Insertion of Intraluminal Device into Right Ventricle, Percutaneous Approach", "02HK3JZ": "Insertion of Pacemaker Lead into Right Ventricle, Percutaneous Approach", "02HK3KZ": "Insertion of Defibrillator Lead into Right Ventricle, Percutaneous Approach", "02HK3MZ": "Insertion of Cardiac Lead into Right Ventricle, Percutaneous Approach", "02HK3NZ": "Insertion of Intracardiac Pacemaker into Right Ventricle, Percutaneous Approach", "02HK3YZ": "Insertion of Other Device into Right Ventricle, Percutaneous Approach", "02HK40Z": "Insertion of Pressure Sensor Monitoring Device into Right Ventricle, Percutaneous Endoscopic Approach", "02HK42Z": "Insertion of Monitoring Device into Right Ventricle, Percutaneous Endoscopic Approach", "02HK43Z": "Insertion of Infusion Device into Right Ventricle, Percutaneous Endoscopic Approach", "02HK4DZ": "Insertion of Intraluminal Device into Right Ventricle, Percutaneous Endoscopic Approach", "02HK4JZ": "Insertion of Pacemaker Lead into Right Ventricle, Percutaneous Endoscopic Approach", "02HK4KZ": "Insertion of Defibrillator Lead into Right Ventricle, Percutaneous Endoscopic Approach", "02HK4MZ": "Insertion of Cardiac Lead into Right Ventricle, Percutaneous Endoscopic Approach", "02HK4NZ": "Insertion of Intracardiac Pacemaker into Right Ventricle, Percutaneous Endoscopic Approach", "02HK4YZ": "Insertion of Other Device into Right Ventricle, Percutaneous Endoscopic Approach", "02HL00Z": "Insertion of Pressure Sensor Monitoring Device into Left Ventricle, Open Approach", "02HL02Z": "Insertion of Monitoring Device into Left Ventricle, Open Approach", "02HL03Z": "Insertion of Infusion Device into Left Ventricle, Open Approach", "02HL0DZ": "Insertion of Intraluminal Device into Left Ventricle, Open Approach", "02HL0JZ": "Insertion of Pacemaker Lead into Left Ventricle, Open Approach", "02HL0KZ": "Insertion of Defibrillator Lead into Left Ventricle, Open Approach", "02HL0MZ": "Insertion of Cardiac Lead into Left Ventricle, Open Approach", "02HL0NZ": "Insertion of Intracardiac Pacemaker into Left Ventricle, Open Approach", "02HL0YZ": "Insertion of Other Device into Left Ventricle, Open Approach", "02HL30Z": "Insertion of Pressure Sensor Monitoring Device into Left Ventricle, Percutaneous Approach", "02HL32Z": "Insertion of Monitoring Device into Left Ventricle, Percutaneous Approach", "02HL33Z": "Insertion of Infusion Device into Left Ventricle, Percutaneous Approach", "02HL3DZ": "Insertion of Intraluminal Device into Left Ventricle, Percutaneous Approach", "02HL3JZ": "Insertion of Pacemaker Lead into Left Ventricle, Percutaneous Approach", "02HL3KZ": "Insertion of Defibrillator Lead into Left Ventricle, Percutaneous Approach", "02HL3MZ": "Insertion of Cardiac Lead into Left Ventricle, Percutaneous Approach", "02HL3NZ": "Insertion of Intracardiac Pacemaker into Left Ventricle, Percutaneous Approach", "02HL3YZ": "Insertion of Other Device into Left Ventricle, Percutaneous Approach", "02HL40Z": "Insertion of Pressure Sensor Monitoring Device into Left Ventricle, Percutaneous Endoscopic Approach", "02HL42Z": "Insertion of Monitoring Device into Left Ventricle, Percutaneous Endoscopic Approach", "02HL43Z": "Insertion of Infusion Device into Left Ventricle, Percutaneous Endoscopic Approach", "02HL4DZ": "Insertion of Intraluminal Device into Left Ventricle, Percutaneous Endoscopic Approach", "02HL4JZ": "Insertion of Pacemaker Lead into Left Ventricle, Percutaneous Endoscopic Approach", "02HL4KZ": "Insertion of Defibrillator Lead into Left Ventricle, Percutaneous Endoscopic Approach", "02HL4MZ": "Insertion of Cardiac Lead into Left Ventricle, Percutaneous Endoscopic Approach", "02HL4NZ": "Insertion of Intracardiac Pacemaker into Left Ventricle, Percutaneous Endoscopic Approach", "02HL4YZ": "Insertion of Other Device into Left Ventricle, Percutaneous Endoscopic Approach", "02HN00Z": "Insertion of Pressure Sensor Monitoring Device into Pericardium, Open Approach", "02HN02Z": "Insertion of Monitoring Device into Pericardium, Open Approach", "02HN0JZ": "Insertion of Pacemaker Lead into Pericardium, Open Approach", "02HN0KZ": "Insertion of Defibrillator Lead into Pericardium, Open Approach", "02HN0MZ": "Insertion of Cardiac Lead into Pericardium, Open Approach", "02HN0YZ": "Insertion of Other Device into Pericardium, Open Approach", "02HN30Z": "Insertion of Pressure Sensor Monitoring Device into Pericardium, Percutaneous Approach", "02HN32Z": "Insertion of Monitoring Device into Pericardium, Percutaneous Approach", "02HN3JZ": "Insertion of Pacemaker Lead into Pericardium, Percutaneous Approach", "02HN3KZ": "Insertion of Defibrillator Lead into Pericardium, Percutaneous Approach", "02HN3MZ": "Insertion of Cardiac Lead into Pericardium, Percutaneous Approach", "02HN3YZ": "Insertion of Other Device into Pericardium, Percutaneous Approach", "02HN40Z": "Insertion of Pressure Sensor Monitoring Device into Pericardium, Percutaneous Endoscopic Approach", "02HN42Z": "Insertion of Monitoring Device into Pericardium, Percutaneous Endoscopic Approach", "02HN4JZ": "Insertion of Pacemaker Lead into Pericardium, Percutaneous Endoscopic Approach", "02HN4KZ": "Insertion of Defibrillator Lead into Pericardium, Percutaneous Endoscopic Approach", "02HN4MZ": "Insertion of Cardiac Lead into Pericardium, Percutaneous Endoscopic Approach", "02HN4YZ": "Insertion of Other Device into Pericardium, Percutaneous Endoscopic Approach", "02HP00Z": "Insertion of Pressure Sensor Monitoring Device into Pulmonary Trunk, Open Approach", "02HP02Z": "Insertion of Monitoring Device into Pulmonary Trunk, Open Approach", "02HP03Z": "Insertion of Infusion Device into Pulmonary Trunk, Open Approach", "02HP0DZ": "Insertion of Intraluminal Device into Pulmonary Trunk, Open Approach", "02HP0YZ": "Insertion of Other Device into Pulmonary Trunk, Open Approach", "02HP30Z": "Insertion of Pressure Sensor Monitoring Device into Pulmonary Trunk, Percutaneous Approach", "02HP32Z": "Insertion of Monitoring Device into Pulmonary Trunk, Percutaneous Approach", "02HP33Z": "Insertion of Infusion Device into Pulmonary Trunk, Percutaneous Approach", "02HP3DZ": "Insertion of Intraluminal Device into Pulmonary Trunk, Percutaneous Approach", "02HP3YZ": "Insertion of Other Device into Pulmonary Trunk, Percutaneous Approach", "02HP40Z": "Insertion of Pressure Sensor Monitoring Device into Pulmonary Trunk, Percutaneous Endoscopic Approach", "02HP42Z": "Insertion of Monitoring Device into Pulmonary Trunk, Percutaneous Endoscopic Approach", "02HP43Z": "Insertion of Infusion Device into Pulmonary Trunk, Percutaneous Endoscopic Approach", "02HP4DZ": "Insertion of Intraluminal Device into Pulmonary Trunk, Percutaneous Endoscopic Approach", "02HP4YZ": "Insertion of Other Device into Pulmonary Trunk, Percutaneous Endoscopic Approach", "02HQ00Z": "Insertion of Pressure Sensor Monitoring Device into Right Pulmonary Artery, Open Approach", "02HQ02Z": "Insertion of Monitoring Device into Right Pulmonary Artery, Open Approach", "02HQ03Z": "Insertion of Infusion Device into Right Pulmonary Artery, Open Approach", "02HQ0DZ": "Insertion of Intraluminal Device into Right Pulmonary Artery, Open Approach", "02HQ0YZ": "Insertion of Other Device into Right Pulmonary Artery, Open Approach", "02HQ30Z": "Insertion of Pressure Sensor Monitoring Device into Right Pulmonary Artery, Percutaneous Approach", "02HQ32Z": "Insertion of Monitoring Device into Right Pulmonary Artery, Percutaneous Approach", "02HQ33Z": "Insertion of Infusion Device into Right Pulmonary Artery, Percutaneous Approach", "02HQ3DZ": "Insertion of Intraluminal Device into Right Pulmonary Artery, Percutaneous Approach", "02HQ3YZ": "Insertion of Other Device into Right Pulmonary Artery, Percutaneous Approach", "02HQ40Z": "Insertion of Pressure Sensor Monitoring Device into Right Pulmonary Artery, Percutaneous Endoscopic Approach", "02HQ42Z": "Insertion of Monitoring Device into Right Pulmonary Artery, Percutaneous Endoscopic Approach", "02HQ43Z": "Insertion of Infusion Device into Right Pulmonary Artery, Percutaneous Endoscopic Approach", "02HQ4DZ": "Insertion of Intraluminal Device into Right Pulmonary Artery, Percutaneous Endoscopic Approach", "02HQ4YZ": "Insertion of Other Device into Right Pulmonary Artery, Percutaneous Endoscopic Approach", "02HR00Z": "Insertion of Pressure Sensor Monitoring Device into Left Pulmonary Artery, Open Approach", "02HR02Z": "Insertion of Monitoring Device into Left Pulmonary Artery, Open Approach", "02HR03Z": "Insertion of Infusion Device into Left Pulmonary Artery, Open Approach", "02HR0DZ": "Insertion of Intraluminal Device into Left Pulmonary Artery, Open Approach", "02HR0YZ": "Insertion of Other Device into Left Pulmonary Artery, Open Approach", "02HR30Z": "Insertion of Pressure Sensor Monitoring Device into Left Pulmonary Artery, Percutaneous Approach", "02HR32Z": "Insertion of Monitoring Device into Left Pulmonary Artery, Percutaneous Approach", "02HR33Z": "Insertion of Infusion Device into Left Pulmonary Artery, Percutaneous Approach", "02HR3DZ": "Insertion of Intraluminal Device into Left Pulmonary Artery, Percutaneous Approach", "02HR3YZ": "Insertion of Other Device into Left Pulmonary Artery, Percutaneous Approach", "02HR40Z": "Insertion of Pressure Sensor Monitoring Device into Left Pulmonary Artery, Percutaneous Endoscopic Approach", "02HR42Z": "Insertion of Monitoring Device into Left Pulmonary Artery, Percutaneous Endoscopic Approach", "02HR43Z": "Insertion of Infusion Device into Left Pulmonary Artery, Percutaneous Endoscopic Approach", "02HR4DZ": "Insertion of Intraluminal Device into Left Pulmonary Artery, Percutaneous Endoscopic Approach", "02HR4YZ": "Insertion of Other Device into Left Pulmonary Artery, Percutaneous Endoscopic Approach", "02HS00Z": "Insertion of Pressure Sensor Monitoring Device into Right Pulmonary Vein, Open Approach", "02HS02Z": "Insertion of Monitoring Device into Right Pulmonary Vein, Open Approach", "02HS03Z": "Insertion of Infusion Device into Right Pulmonary Vein, Open Approach", "02HS0DZ": "Insertion of Intraluminal Device into Right Pulmonary Vein, Open Approach", "02HS0YZ": "Insertion of Other Device into Right Pulmonary Vein, Open Approach", "02HS30Z": "Insertion of Pressure Sensor Monitoring Device into Right Pulmonary Vein, Percutaneous Approach", "02HS32Z": "Insertion of Monitoring Device into Right Pulmonary Vein, Percutaneous Approach", "02HS33Z": "Insertion of Infusion Device into Right Pulmonary Vein, Percutaneous Approach", "02HS3DZ": "Insertion of Intraluminal Device into Right Pulmonary Vein, Percutaneous Approach", "02HS3YZ": "Insertion of Other Device into Right Pulmonary Vein, Percutaneous Approach", "02HS40Z": "Insertion of Pressure Sensor Monitoring Device into Right Pulmonary Vein, Percutaneous Endoscopic Approach", "02HS42Z": "Insertion of Monitoring Device into Right Pulmonary Vein, Percutaneous Endoscopic Approach", "02HS43Z": "Insertion of Infusion Device into Right Pulmonary Vein, Percutaneous Endoscopic Approach", "02HS4DZ": "Insertion of Intraluminal Device into Right Pulmonary Vein, Percutaneous Endoscopic Approach", "02HS4YZ": "Insertion of Other Device into Right Pulmonary Vein, Percutaneous Endoscopic Approach", "02HT00Z": "Insertion of Pressure Sensor Monitoring Device into Left Pulmonary Vein, Open Approach", "02HT02Z": "Insertion of Monitoring Device into Left Pulmonary Vein, Open Approach", "02HT03Z": "Insertion of Infusion Device into Left Pulmonary Vein, Open Approach", "02HT0DZ": "Insertion of Intraluminal Device into Left Pulmonary Vein, Open Approach", "02HT0YZ": "Insertion of Other Device into Left Pulmonary Vein, Open Approach", "02HT30Z": "Insertion of Pressure Sensor Monitoring Device into Left Pulmonary Vein, Percutaneous Approach", "02HT32Z": "Insertion of Monitoring Device into Left Pulmonary Vein, Percutaneous Approach", "02HT33Z": "Insertion of Infusion Device into Left Pulmonary Vein, Percutaneous Approach", "02HT3DZ": "Insertion of Intraluminal Device into Left Pulmonary Vein, Percutaneous Approach", "02HT3YZ": "Insertion of Other Device into Left Pulmonary Vein, Percutaneous Approach", "02HT40Z": "Insertion of Pressure Sensor Monitoring Device into Left Pulmonary Vein, Percutaneous Endoscopic Approach", "02HT42Z": "Insertion of Monitoring Device into Left Pulmonary Vein, Percutaneous Endoscopic Approach", "02HT43Z": "Insertion of Infusion Device into Left Pulmonary Vein, Percutaneous Endoscopic Approach", "02HT4DZ": "Insertion of Intraluminal Device into Left Pulmonary Vein, Percutaneous Endoscopic Approach", "02HT4YZ": "Insertion of Other Device into Left Pulmonary Vein, Percutaneous Endoscopic Approach", "02HV00Z": "Insertion of Pressure Sensor Monitoring Device into Superior Vena Cava, Open Approach", "02HV02Z": "Insertion of Monitoring Device into Superior Vena Cava, Open Approach", "02HV03Z": "Insertion of Infusion Device into Superior Vena Cava, Open Approach", "02HV0DZ": "Insertion of Intraluminal Device into Superior Vena Cava, Open Approach", "02HV0YZ": "Insertion of Other Device into Superior Vena Cava, Open Approach", "02HV30Z": "Insertion of Pressure Sensor Monitoring Device into Superior Vena Cava, Percutaneous Approach", "02HV32Z": "Insertion of Monitoring Device into Superior Vena Cava, Percutaneous Approach", "02HV33Z": "Insertion of Infusion Device into Superior Vena Cava, Percutaneous Approach", "02HV3DZ": "Insertion of Intraluminal Device into Superior Vena Cava, Percutaneous Approach", "02HV3YZ": "Insertion of Other Device into Superior Vena Cava, Percutaneous Approach", "02HV40Z": "Insertion of Pressure Sensor Monitoring Device into Superior Vena Cava, Percutaneous Endoscopic Approach", "02HV42Z": "Insertion of Monitoring Device into Superior Vena Cava, Percutaneous Endoscopic Approach", "02HV43Z": "Insertion of Infusion Device into Superior Vena Cava, Percutaneous Endoscopic Approach", "02HV4DZ": "Insertion of Intraluminal Device into Superior Vena Cava, Percutaneous Endoscopic Approach", "02HV4YZ": "Insertion of Other Device into Superior Vena Cava, Percutaneous Endoscopic Approach", "02HW00Z": "Insertion of Pressure Sensor Monitoring Device into Thoracic Aorta, Descending, Open Approach", "02HW02Z": "Insertion of Monitoring Device into Thoracic Aorta, Descending, Open Approach", "02HW03Z": "Insertion of Infusion Device into Thoracic Aorta, Descending, Open Approach", "02HW0DZ": "Insertion of Intraluminal Device into Thoracic Aorta, Descending, Open Approach", "02HW0YZ": "Insertion of Other Device into Thoracic Aorta, Descending, Open Approach", "02HW30Z": "Insertion of Pressure Sensor Monitoring Device into Thoracic Aorta, Descending, Percutaneous Approach", "02HW32Z": "Insertion of Monitoring Device into Thoracic Aorta, Descending, Percutaneous Approach", "02HW33Z": "Insertion of Infusion Device into Thoracic Aorta, Descending, Percutaneous Approach", "02HW3DZ": "Insertion of Intraluminal Device into Thoracic Aorta, Descending, Percutaneous Approach", "02HW3YZ": "Insertion of Other Device into Thoracic Aorta, Descending, Percutaneous Approach", "02HW40Z": "Insertion of Pressure Sensor Monitoring Device into Thoracic Aorta, Descending, Percutaneous Endoscopic Approach", "02HW42Z": "Insertion of Monitoring Device into Thoracic Aorta, Descending, Percutaneous Endoscopic Approach", "02HW43Z": "Insertion of Infusion Device into Thoracic Aorta, Descending, Percutaneous Endoscopic Approach", "02HW4DZ": "Insertion of Intraluminal Device into Thoracic Aorta, Descending, Percutaneous Endoscopic Approach", "02HW4YZ": "Insertion of Other Device into Thoracic Aorta, Descending, Percutaneous Endoscopic Approach", "02HX00Z": "Insertion of Pressure Sensor Monitoring Device into Thoracic Aorta, Ascending/Arch, Open Approach", "02HX02Z": "Insertion of Monitoring Device into Thoracic Aorta, Ascending/Arch, Open Approach", "02HX03Z": "Insertion of Infusion Device into Thoracic Aorta, Ascending/Arch, Open Approach", "02HX0DZ": "Insertion of Intraluminal Device into Thoracic Aorta, Ascending/Arch, Open Approach", "02HX30Z": "Insertion of Pressure Sensor Monitoring Device into Thoracic Aorta, Ascending/Arch, Percutaneous Approach", "02HX32Z": "Insertion of Monitoring Device into Thoracic Aorta, Ascending/Arch, Percutaneous Approach", "02HX33Z": "Insertion of Infusion Device into Thoracic Aorta, Ascending/Arch, Percutaneous Approach", "02HX3DZ": "Insertion of Intraluminal Device into Thoracic Aorta, Ascending/Arch, Percutaneous Approach", "02HX40Z": "Insertion of Pressure Sensor Monitoring Device into Thoracic Aorta, Ascending/Arch, Percutaneous Endoscopic Approach", "02HX42Z": "Insertion of Monitoring Device into Thoracic Aorta, Ascending/Arch, Percutaneous Endoscopic Approach", "02HX43Z": "Insertion of Infusion Device into Thoracic Aorta, Ascending/Arch, Percutaneous Endoscopic Approach", "02HX4DZ": "Insertion of Intraluminal Device into Thoracic Aorta, Ascending/Arch, Percutaneous Endoscopic Approach"}