{"02U": "Heart and Great Vessels, Supplement", "02U007Z": "Supplement Coronary Artery, One Artery with Autologous Tissue Substitute, Open Approach", "02U008Z": "Supplement Coronary Artery, One Artery with Zooplastic Tissue, Open Approach", "02U00JZ": "Supplement Coronary Artery, One Artery with Synthetic Substitute, Open Approach", "02U00KZ": "Supplement Coronary Artery, One Artery with Nonautologous Tissue Substitute, Open Approach", "02U037Z": "Supplement Coronary Artery, One Artery with Autologous Tissue Substitute, Percutaneous Approach", "02U038Z": "Supplement Coronary Artery, One Artery with Zooplastic Tissue, Percutaneous Approach", "02U03JZ": "Supplement Coronary Artery, One Artery with Synthetic Substitute, Percutaneous Approach", "02U03KZ": "Supplement Coronary Artery, One Artery with Nonautologous Tissue Substitute, Percutaneous Approach", "02U047Z": "Supplement Coronary Artery, One Artery with Autologous Tissue Substitute, Percutaneous Endoscopic Approach", "02U048Z": "Supplement Coronary Artery, One Artery with Zooplastic Tissue, Percutaneous Endoscopic Approach", "02U04JZ": "Supplement Coronary Artery, One Artery with Synthetic Substitute, Percutaneous Endoscopic Approach", "02U04KZ": "Supplement Coronary Artery, One Artery with Nonautologous Tissue Substitute, Percutaneous Endoscopic Approach", "02U107Z": "Supplement Coronary Artery, Two Arteries with Autologous Tissue Substitute, Open Approach", "02U108Z": "Supplement Coronary Artery, Two Arteries with Zooplastic Tissue, Open Approach", "02U10JZ": "Supplement Coronary Artery, Two Arteries with Synthetic Substitute, Open Approach", "02U10KZ": "Supplement Coronary Artery, Two Arteries with Nonautologous Tissue Substitute, Open Approach", "02U137Z": "Supplement Coronary Artery, Two Arteries with Autologous Tissue Substitute, Percutaneous Approach", "02U138Z": "Supplement Coronary Artery, Two Arteries with Zooplastic Tissue, Percutaneous Approach", "02U13JZ": "Supplement Coronary Artery, Two Arteries with Synthetic Substitute, Percutaneous Approach", "02U13KZ": "Supplement Coronary Artery, Two Arteries with Nonautologous Tissue Substitute, Percutaneous Approach", "02U147Z": "Supplement Coronary Artery, Two Arteries with Autologous Tissue Substitute, Percutaneous Endoscopic Approach", "02U148Z": "Supplement Coronary Artery, Two Arteries with Zooplastic Tissue, Percutaneous Endoscopic Approach", "02U14JZ": "Supplement Coronary Artery, Two Arteries with Synthetic Substitute, Percutaneous Endoscopic Approach", "02U14KZ": "Supplement Coronary Artery, Two Arteries with Nonautologous Tissue Substitute, Percutaneous Endoscopic Approach", "02U207Z": "Supplement Coronary Artery, Three Arteries with Autologous Tissue Substitute, Open Approach", "02U208Z": "Supplement Coronary Artery, Three Arteries with Zooplastic Tissue, Open Approach", "02U20JZ": "Supplement Coronary Artery, Three Arteries with Synthetic Substitute, Open Approach", "02U20KZ": "Supplement Coronary Artery, Three Arteries with Nonautologous Tissue Substitute, Open Approach", "02U237Z": "Supplement Coronary Artery, Three Arteries with Autologous Tissue Substitute, Percutaneous Approach", "02U238Z": "Supplement Coronary Artery, Three Arteries with Zooplastic Tissue, Percutaneous Approach", "02U23JZ": "Supplement Coronary Artery, Three Arteries with Synthetic Substitute, Percutaneous Approach", "02U23KZ": "Supplement Coronary Artery, Three Arteries with Nonautologous Tissue Substitute, Percutaneous Approach", "02U247Z": "Supplement Coronary Artery, Three Arteries with Autologous Tissue Substitute, Percutaneous Endoscopic Approach", "02U248Z": "Supplement Coronary Artery, Three Arteries with Zooplastic Tissue, Percutaneous Endoscopic Approach", "02U24JZ": "Supplement Coronary Artery, Three Arteries with Synthetic Substitute, Percutaneous Endoscopic Approach", "02U24KZ": "Supplement Coronary Artery, Three Arteries with Nonautologous Tissue Substitute, Percutaneous Endoscopic Approach", "02U307Z": "Supplement Coronary Artery, Four or More Arteries with Autologous Tissue Substitute, Open Approach", "02U308Z": "Supplement Coronary Artery, Four or More Arteries with Zooplastic Tissue, Open Approach", "02U30JZ": "Supplement Coronary Artery, Four or More Arteries with Synthetic Substitute, Open Approach", "02U30KZ": "Supplement Coronary Artery, Four or More Arteries with Nonautologous Tissue Substitute, Open Approach", "02U337Z": "Supplement Coronary Artery, Four or More Arteries with Autologous Tissue Substitute, Percutaneous Approach", "02U338Z": "Supplement Coronary Artery, Four or More Arteries with Zooplastic Tissue, Percutaneous Approach", "02U33JZ": "Supplement Coronary Artery, Four or More Arteries with Synthetic Substitute, Percutaneous Approach", "02U33KZ": "Supplement Coronary Artery, Four or More Arteries with Nonautologous Tissue Substitute, Percutaneous Approach", "02U347Z": "Supplement Coronary Artery, Four or More Arteries with Autologous Tissue Substitute, Percutaneous Endoscopic Approach", "02U348Z": "Supplement Coronary Artery, Four or More Arteries with Zooplastic Tissue, Percutaneous Endoscopic Approach", "02U34JZ": "Supplement Coronary Artery, Four or More Arteries with Synthetic Substitute, Percutaneous Endoscopic Approach", "02U34KZ": "Supplement Coronary Artery, Four or More Arteries with Nonautologous Tissue Substitute, Percutaneous Endoscopic Approach", "02U507Z": "Supplement Atrial Septum with Autologous Tissue Substitute, Open Approach", "02U508Z": "Supplement Atrial Septum with Zooplastic Tissue, Open Approach", "02U50JZ": "Supplement Atrial Septum with Synthetic Substitute, Open Approach", "02U50KZ": "Supplement Atrial Septum with Nonautologous Tissue Substitute, Open Approach", "02U537Z": "Supplement Atrial Septum with Autologous Tissue Substitute, Percutaneous Approach", "02U538Z": "Supplement Atrial Septum with Zooplastic Tissue, Percutaneous Approach", "02U53JZ": "Supplement Atrial Septum with Synthetic Substitute, Percutaneous Approach", "02U53KZ": "Supplement Atrial Septum with Nonautologous Tissue Substitute, Percutaneous Approach", "02U547Z": "Supplement Atrial Septum with Autologous Tissue Substitute, Percutaneous Endoscopic Approach", "02U548Z": "Supplement Atrial Septum with Zooplastic Tissue, Percutaneous Endoscopic Approach", "02U54JZ": "Supplement Atrial Septum with Synthetic Substitute, Percutaneous Endoscopic Approach", "02U54KZ": "Supplement Atrial Septum with Nonautologous Tissue Substitute, Percutaneous Endoscopic Approach", "02U607Z": "Supplement Right Atrium with Autologous Tissue Substitute, Open Approach", "02U608Z": "Supplement Right Atrium with Zooplastic Tissue, Open Approach", "02U60JZ": "Supplement Right Atrium with Synthetic Substitute, Open Approach", "02U60KZ": "Supplement Right Atrium with Nonautologous Tissue Substitute, Open Approach", "02U637Z": "Supplement Right Atrium with Autologous Tissue Substitute, Percutaneous Approach", "02U638Z": "Supplement Right Atrium with Zooplastic Tissue, Percutaneous Approach", "02U63JZ": "Supplement Right Atrium with Synthetic Substitute, Percutaneous Approach", "02U63KZ": "Supplement Right Atrium with Nonautologous Tissue Substitute, Percutaneous Approach", "02U647Z": "Supplement Right Atrium with Autologous Tissue Substitute, Percutaneous Endoscopic Approach", "02U648Z": "Supplement Right Atrium with Zooplastic Tissue, Percutaneous Endoscopic Approach", "02U64JZ": "Supplement Right Atrium with Synthetic Substitute, Percutaneous Endoscopic Approach", "02U64KZ": "Supplement Right Atrium with Nonautologous Tissue Substitute, Percutaneous Endoscopic Approach", "02U707Z": "Supplement Left Atrium with Autologous Tissue Substitute, Open Approach", "02U708Z": "Supplement Left Atrium with Zooplastic Tissue, Open Approach", "02U70JZ": "Supplement Left Atrium with Synthetic Substitute, Open Approach", "02U70KZ": "Supplement Left Atrium with Nonautologous Tissue Substitute, Open Approach", "02U737Z": "Supplement Left Atrium with Autologous Tissue Substitute, Percutaneous Approach", "02U738Z": "Supplement Left Atrium with Zooplastic Tissue, Percutaneous Approach", "02U73JZ": "Supplement Left Atrium with Synthetic Substitute, Percutaneous Approach", "02U73KZ": "Supplement Left Atrium with Nonautologous Tissue Substitute, Percutaneous Approach", "02U747Z": "Supplement Left Atrium with Autologous Tissue Substitute, Percutaneous Endoscopic Approach", "02U748Z": "Supplement Left Atrium with Zooplastic Tissue, Percutaneous Endoscopic Approach", "02U74JZ": "Supplement Left Atrium with Synthetic Substitute, Percutaneous Endoscopic Approach", "02U74KZ": "Supplement Left Atrium with Nonautologous Tissue Substitute, Percutaneous Endoscopic Approach", "02U907Z": "Supplement Chordae Tendineae with Autologous Tissue Substitute, Open Approach", "02U908Z": "Supplement Chordae Tendineae with Zooplastic Tissue, Open Approach", "02U90JZ": "Supplement Chordae Tendineae with Synthetic Substitute, Open Approach", "02U90KZ": "Supplement Chordae Tendineae with Nonautologous Tissue Substitute, Open Approach", "02U937Z": "Supplement Chordae Tendineae with Autologous Tissue Substitute, Percutaneous Approach", "02U938Z": "Supplement Chordae Tendineae with Zooplastic Tissue, Percutaneous Approach", "02U93JZ": "Supplement Chordae Tendineae with Synthetic Substitute, Percutaneous Approach", "02U93KZ": "Supplement Chordae Tendineae with Nonautologous Tissue Substitute, Percutaneous Approach", "02U947Z": "Supplement Chordae Tendineae with Autologous Tissue Substitute, Percutaneous Endoscopic Approach", "02U948Z": "Supplement Chordae Tendineae with Zooplastic Tissue, Percutaneous Endoscopic Approach", "02U94JZ": "Supplement Chordae Tendineae with Synthetic Substitute, Percutaneous Endoscopic Approach", "02U94KZ": "Supplement Chordae Tendineae with Nonautologous Tissue Substitute, Percutaneous Endoscopic Approach", "02UA07Z": "Supplement Heart with Autologous Tissue Substitute, Open Approach", "02UA08Z": "Supplement Heart with Zooplastic Tissue, Open Approach", "02UA0JZ": "Supplement Heart with Synthetic Substitute, Open Approach", "02UA0KZ": "Supplement Heart with Nonautologous Tissue Substitute, Open Approach", "02UA37Z": "Supplement Heart with Autologous Tissue Substitute, Percutaneous Approach", "02UA38Z": "Supplement Heart with Zooplastic Tissue, Percutaneous Approach", "02UA3JZ": "Supplement Heart with Synthetic Substitute, Percutaneous Approach", "02UA3KZ": "Supplement Heart with Nonautologous Tissue Substitute, Percutaneous Approach", "02UA47Z": "Supplement Heart with Autologous Tissue Substitute, Percutaneous Endoscopic Approach", "02UA48Z": "Supplement Heart with Zooplastic Tissue, Percutaneous Endoscopic Approach", "02UA4JZ": "Supplement Heart with Synthetic Substitute, Percutaneous Endoscopic Approach", "02UA4KZ": "Supplement Heart with Nonautologous Tissue Substitute, Percutaneous Endoscopic Approach", "02UD07Z": "Supplement Papillary Muscle with Autologous Tissue Substitute, Open Approach", "02UD08Z": "Supplement Papillary Muscle with Zooplastic Tissue, Open Approach", "02UD0JZ": "Supplement Papillary Muscle with Synthetic Substitute, Open Approach", "02UD0KZ": "Supplement Papillary Muscle with Nonautologous Tissue Substitute, Open Approach", "02UD37Z": "Supplement Papillary Muscle with Autologous Tissue Substitute, Percutaneous Approach", "02UD38Z": "Supplement Papillary Muscle with Zooplastic Tissue, Percutaneous Approach", "02UD3JZ": "Supplement Papillary Muscle with Synthetic Substitute, Percutaneous Approach", "02UD3KZ": "Supplement Papillary Muscle with Nonautologous Tissue Substitute, Percutaneous Approach", "02UD47Z": "Supplement Papillary Muscle with Autologous Tissue Substitute, Percutaneous Endoscopic Approach", "02UD48Z": "Supplement Papillary Muscle with Zooplastic Tissue, Percutaneous Endoscopic Approach", "02UD4JZ": "Supplement Papillary Muscle with Synthetic Substitute, Percutaneous Endoscopic Approach", "02UD4KZ": "Supplement Papillary Muscle with Nonautologous Tissue Substitute, Percutaneous Endoscopic Approach", "02UF07J": "Supplement Aortic Valve created from Truncal Valve with Autologous Tissue Substitute, Open Approach", "02UF07Z": "Supplement Aortic Valve with Autologous Tissue Substitute, Open Approach", "02UF08J": "Supplement Aortic Valve created from Truncal Valve with Zooplastic Tissue, Open Approach", "02UF08Z": "Supplement Aortic Valve with Zooplastic Tissue, Open Approach", "02UF0JJ": "Supplement Aortic Valve created from Truncal Valve with Synthetic Substitute, Open Approach", "02UF0JZ": "Supplement Aortic Valve with Synthetic Substitute, Open Approach", "02UF0KJ": "Supplement Aortic Valve created from Truncal Valve with Nonautologous Tissue Substitute, Open Approach", "02UF0KZ": "Supplement Aortic Valve with Nonautologous Tissue Substitute, Open Approach", "02UF37J": "Supplement Aortic Valve created from Truncal Valve with Autologous Tissue Substitute, Percutaneous Approach", "02UF37Z": "Supplement Aortic Valve with Autologous Tissue Substitute, Percutaneous Approach", "02UF38J": "Supplement Aortic Valve created from Truncal Valve with Zooplastic Tissue, Percutaneous Approach", "02UF38Z": "Supplement Aortic Valve with Zooplastic Tissue, Percutaneous Approach", "02UF3JJ": "Supplement Aortic Valve created from Truncal Valve with Synthetic Substitute, Percutaneous Approach", "02UF3JZ": "Supplement Aortic Valve with Synthetic Substitute, Percutaneous Approach", "02UF3KJ": "Supplement Aortic Valve created from Truncal Valve with Nonautologous Tissue Substitute, Percutaneous Approach", "02UF3KZ": "Supplement Aortic Valve with Nonautologous Tissue Substitute, Percutaneous Approach", "02UF47J": "Supplement Aortic Valve created from Truncal Valve with Autologous Tissue Substitute, Percutaneous Endoscopic Approach", "02UF47Z": "Supplement Aortic Valve with Autologous Tissue Substitute, Percutaneous Endoscopic Approach", "02UF48J": "Supplement Aortic Valve created from Truncal Valve with Zooplastic Tissue, Percutaneous Endoscopic Approach", "02UF48Z": "Supplement Aortic Valve with Zooplastic Tissue, Percutaneous Endoscopic Approach", "02UF4JJ": "Supplement Aortic Valve created from Truncal Valve with Synthetic Substitute, Percutaneous Endoscopic Approach", "02UF4JZ": "Supplement Aortic Valve with Synthetic Substitute, Percutaneous Endoscopic Approach", "02UF4KJ": "Supplement Aortic Valve created from Truncal Valve with Nonautologous Tissue Substitute, Percutaneous Endoscopic Approach", "02UF4KZ": "Supplement Aortic Valve with Nonautologous Tissue Substitute, Percutaneous Endoscopic Approach", "02UG07E": "Supplement Mitral Valve created from Left Atrioventricular Valve with Autologous Tissue Substitute, Open Approach", "02UG07Z": "Supplement Mitral Valve with Autologous Tissue Substitute, Open Approach", "02UG08E": "Supplement Mitral Valve created from Left Atrioventricular Valve with Zooplastic Tissue, Open Approach", "02UG08Z": "Supplement Mitral Valve with Zooplastic Tissue, Open Approach", "02UG0JE": "Supplement Mitral Valve created from Left Atrioventricular Valve with Synthetic Substitute, Open Approach", "02UG0JZ": "Supplement Mitral Valve with Synthetic Substitute, Open Approach", "02UG0KE": "Supplement Mitral Valve created from Left Atrioventricular Valve with Nonautologous Tissue Substitute, Open Approach", "02UG0KZ": "Supplement Mitral Valve with Nonautologous Tissue Substitute, Open Approach", "02UG37E": "Supplement Mitral Valve created from Left Atrioventricular Valve with Autologous Tissue Substitute, Percutaneous Approach", "02UG37Z": "Supplement Mitral Valve with Autologous Tissue Substitute, Percutaneous Approach", "02UG38E": "Supplement Mitral Valve created from Left Atrioventricular Valve with Zooplastic Tissue, Percutaneous Approach", "02UG38Z": "Supplement Mitral Valve with Zooplastic Tissue, Percutaneous Approach", "02UG3JE": "Supplement Mitral Valve created from Left Atrioventricular Valve with Synthetic Substitute, Percutaneous Approach", "02UG3JH": "Supplement Mitral Valve with Synthetic Substitute, Transapical, Percutaneous Approach", "02UG3JZ": "Supplement Mitral Valve with Synthetic Substitute, Percutaneous Approach", "02UG3KE": "Supplement Mitral Valve created from Left Atrioventricular Valve with Nonautologous Tissue Substitute, Percutaneous Approach", "02UG3KZ": "Supplement Mitral Valve with Nonautologous Tissue Substitute, Percutaneous Approach", "02UG47E": "Supplement Mitral Valve created from Left Atrioventricular Valve with Autologous Tissue Substitute, Percutaneous Endoscopic Approach", "02UG47Z": "Supplement Mitral Valve with Autologous Tissue Substitute, Percutaneous Endoscopic Approach", "02UG48E": "Supplement Mitral Valve created from Left Atrioventricular Valve with Zooplastic Tissue, Percutaneous Endoscopic Approach", "02UG48Z": "Supplement Mitral Valve with Zooplastic Tissue, Percutaneous Endoscopic Approach", "02UG4JE": "Supplement Mitral Valve created from Left Atrioventricular Valve with Synthetic Substitute, Percutaneous Endoscopic Approach", "02UG4JZ": "Supplement Mitral Valve with Synthetic Substitute, Percutaneous Endoscopic Approach", "02UG4KE": "Supplement Mitral Valve created from Left Atrioventricular Valve with Nonautologous Tissue Substitute, Percutaneous Endoscopic Approach", "02UG4KZ": "Supplement Mitral Valve with Nonautologous Tissue Substitute, Percutaneous Endoscopic Approach", "02UH07Z": "Supplement Pulmonary Valve with Autologous Tissue Substitute, Open Approach", "02UH08Z": "Supplement Pulmonary Valve with Zooplastic Tissue, Open Approach", "02UH0JZ": "Supplement Pulmonary Valve with Synthetic Substitute, Open Approach", "02UH0KZ": "Supplement Pulmonary Valve with Nonautologous Tissue Substitute, Open Approach", "02UH37Z": "Supplement Pulmonary Valve with Autologous Tissue Substitute, Percutaneous Approach", "02UH38Z": "Supplement Pulmonary Valve with Zooplastic Tissue, Percutaneous Approach", "02UH3JZ": "Supplement Pulmonary Valve with Synthetic Substitute, Percutaneous Approach", "02UH3KZ": "Supplement Pulmonary Valve with Nonautologous Tissue Substitute, Percutaneous Approach", "02UH47Z": "Supplement Pulmonary Valve with Autologous Tissue Substitute, Percutaneous Endoscopic Approach", "02UH48Z": "Supplement Pulmonary Valve with Zooplastic Tissue, Percutaneous Endoscopic Approach", "02UH4JZ": "Supplement Pulmonary Valve with Synthetic Substitute, Percutaneous Endoscopic Approach", "02UH4KZ": "Supplement Pulmonary Valve with Nonautologous Tissue Substitute, Percutaneous Endoscopic Approach", "02UJ07G": "Supplement Tricuspid Valve created from Right Atrioventricular Valve with Autologous Tissue Substitute, Open Approach", "02UJ07Z": "Supplement Tricuspid Valve with Autologous Tissue Substitute, Open Approach", "02UJ08G": "Supplement Tricuspid Valve created from Right Atrioventricular Valve with Zooplastic Tissue, Open Approach", "02UJ08Z": "Supplement Tricuspid Valve with Zooplastic Tissue, Open Approach", "02UJ0JG": "Supplement Tricuspid Valve created from Right Atrioventricular Valve with Synthetic Substitute, Open Approach", "02UJ0JZ": "Supplement Tricuspid Valve with Synthetic Substitute, Open Approach", "02UJ0KG": "Supplement Tricuspid Valve created from Right Atrioventricular Valve with Nonautologous Tissue Substitute, Open Approach", "02UJ0KZ": "Supplement Tricuspid Valve with Nonautologous Tissue Substitute, Open Approach", "02UJ37G": "Supplement Tricuspid Valve created from Right Atrioventricular Valve with Autologous Tissue Substitute, Percutaneous Approach", "02UJ37Z": "Supplement Tricuspid Valve with Autologous Tissue Substitute, Percutaneous Approach", "02UJ38G": "Supplement Tricuspid Valve created from Right Atrioventricular Valve with Zooplastic Tissue, Percutaneous Approach", "02UJ38Z": "Supplement Tricuspid Valve with Zooplastic Tissue, Percutaneous Approach", "02UJ3JG": "Supplement Tricuspid Valve created from Right Atrioventricular Valve with Synthetic Substitute, Percutaneous Approach", "02UJ3JZ": "Supplement Tricuspid Valve with Synthetic Substitute, Percutaneous Approach", "02UJ3KG": "Supplement Tricuspid Valve created from Right Atrioventricular Valve with Nonautologous Tissue Substitute, Percutaneous Approach", "02UJ3KZ": "Supplement Tricuspid Valve with Nonautologous Tissue Substitute, Percutaneous Approach", "02UJ47G": "Supplement Tricuspid Valve created from Right Atrioventricular Valve with Autologous Tissue Substitute, Percutaneous Endoscopic Approach", "02UJ47Z": "Supplement Tricuspid Valve with Autologous Tissue Substitute, Percutaneous Endoscopic Approach", "02UJ48G": "Supplement Tricuspid Valve created from Right Atrioventricular Valve with Zooplastic Tissue, Percutaneous Endoscopic Approach", "02UJ48Z": "Supplement Tricuspid Valve with Zooplastic Tissue, Percutaneous Endoscopic Approach", "02UJ4JG": "Supplement Tricuspid Valve created from Right Atrioventricular Valve with Synthetic Substitute, Percutaneous Endoscopic Approach", "02UJ4JZ": "Supplement Tricuspid Valve with Synthetic Substitute, Percutaneous Endoscopic Approach", "02UJ4KG": "Supplement Tricuspid Valve created from Right Atrioventricular Valve with Nonautologous Tissue Substitute, Percutaneous Endoscopic Approach", "02UJ4KZ": "Supplement Tricuspid Valve with Nonautologous Tissue Substitute, Percutaneous Endoscopic Approach", "02UK07Z": "Supplement Right Ventricle with Autologous Tissue Substitute, Open Approach", "02UK08Z": "Supplement Right Ventricle with Zooplastic Tissue, Open Approach", "02UK0JZ": "Supplement Right Ventricle with Synthetic Substitute, Open Approach", "02UK0KZ": "Supplement Right Ventricle with Nonautologous Tissue Substitute, Open Approach", "02UK37Z": "Supplement Right Ventricle with Autologous Tissue Substitute, Percutaneous Approach", "02UK38Z": "Supplement Right Ventricle with Zooplastic Tissue, Percutaneous Approach", "02UK3JZ": "Supplement Right Ventricle with Synthetic Substitute, Percutaneous Approach", "02UK3KZ": "Supplement Right Ventricle with Nonautologous Tissue Substitute, Percutaneous Approach", "02UK47Z": "Supplement Right Ventricle with Autologous Tissue Substitute, Percutaneous Endoscopic Approach", "02UK48Z": "Supplement Right Ventricle with Zooplastic Tissue, Percutaneous Endoscopic Approach", "02UK4JZ": "Supplement Right Ventricle with Synthetic Substitute, Percutaneous Endoscopic Approach", "02UK4KZ": "Supplement Right Ventricle with Nonautologous Tissue Substitute, Percutaneous Endoscopic Approach", "02UL07Z": "Supplement Left Ventricle with Autologous Tissue Substitute, Open Approach", "02UL08Z": "Supplement Left Ventricle with Zooplastic Tissue, Open Approach", "02UL0JZ": "Supplement Left Ventricle with Synthetic Substitute, Open Approach", "02UL0KZ": "Supplement Left Ventricle with Nonautologous Tissue Substitute, Open Approach", "02UL37Z": "Supplement Left Ventricle with Autologous Tissue Substitute, Percutaneous Approach", "02UL38Z": "Supplement Left Ventricle with Zooplastic Tissue, Percutaneous Approach", "02UL3JZ": "Supplement Left Ventricle with Synthetic Substitute, Percutaneous Approach", "02UL3KZ": "Supplement Left Ventricle with Nonautologous Tissue Substitute, Percutaneous Approach", "02UL47Z": "Supplement Left Ventricle with Autologous Tissue Substitute, Percutaneous Endoscopic Approach", "02UL48Z": "Supplement Left Ventricle with Zooplastic Tissue, Percutaneous Endoscopic Approach", "02UL4JZ": "Supplement Left Ventricle with Synthetic Substitute, Percutaneous Endoscopic Approach", "02UL4KZ": "Supplement Left Ventricle with Nonautologous Tissue Substitute, Percutaneous Endoscopic Approach", "02UM07Z": "Supplement Ventricular Septum with Autologous Tissue Substitute, Open Approach", "02UM08Z": "Supplement Ventricular Septum with Zooplastic Tissue, Open Approach", "02UM0JZ": "Supplement Ventricular Septum with Synthetic Substitute, Open Approach", "02UM0KZ": "Supplement Ventricular Septum with Nonautologous Tissue Substitute, Open Approach", "02UM37Z": "Supplement Ventricular Septum with Autologous Tissue Substitute, Percutaneous Approach", "02UM38Z": "Supplement Ventricular Septum with Zooplastic Tissue, Percutaneous Approach", "02UM3JZ": "Supplement Ventricular Septum with Synthetic Substitute, Percutaneous Approach", "02UM3KZ": "Supplement Ventricular Septum with Nonautologous Tissue Substitute, Percutaneous Approach", "02UM47Z": "Supplement Ventricular Septum with Autologous Tissue Substitute, Percutaneous Endoscopic Approach", "02UM48Z": "Supplement Ventricular Septum with Zooplastic Tissue, Percutaneous Endoscopic Approach", "02UM4JZ": "Supplement Ventricular Septum with Synthetic Substitute, Percutaneous Endoscopic Approach", "02UM4KZ": "Supplement Ventricular Septum with Nonautologous Tissue Substitute, Percutaneous Endoscopic Approach", "02UN07Z": "Supplement Pericardium with Autologous Tissue Substitute, Open Approach", "02UN08Z": "Supplement Pericardium with Zooplastic Tissue, Open Approach", "02UN0JZ": "Supplement Pericardium with Synthetic Substitute, Open Approach", "02UN0KZ": "Supplement Pericardium with Nonautologous Tissue Substitute, Open Approach", "02UN37Z": "Supplement Pericardium with Autologous Tissue Substitute, Percutaneous Approach", "02UN38Z": "Supplement Pericardium with Zooplastic Tissue, Percutaneous Approach", "02UN3JZ": "Supplement Pericardium with Synthetic Substitute, Percutaneous Approach", "02UN3KZ": "Supplement Pericardium with Nonautologous Tissue Substitute, Percutaneous Approach", "02UN47Z": "Supplement Pericardium with Autologous Tissue Substitute, Percutaneous Endoscopic Approach", "02UN48Z": "Supplement Pericardium with Zooplastic Tissue, Percutaneous Endoscopic Approach", "02UN4JZ": "Supplement Pericardium with Synthetic Substitute, Percutaneous Endoscopic Approach", "02UN4KZ": "Supplement Pericardium with Nonautologous Tissue Substitute, Percutaneous Endoscopic Approach", "02UP07Z": "Supplement Pulmonary Trunk with Autologous Tissue Substitute, Open Approach", "02UP08Z": "Supplement Pulmonary Trunk with Zooplastic Tissue, Open Approach", "02UP0JZ": "Supplement Pulmonary Trunk with Synthetic Substitute, Open Approach", "02UP0KZ": "Supplement Pulmonary Trunk with Nonautologous Tissue Substitute, Open Approach", "02UP37Z": "Supplement Pulmonary Trunk with Autologous Tissue Substitute, Percutaneous Approach", "02UP38Z": "Supplement Pulmonary Trunk with Zooplastic Tissue, Percutaneous Approach", "02UP3JZ": "Supplement Pulmonary Trunk with Synthetic Substitute, Percutaneous Approach", "02UP3KZ": "Supplement Pulmonary Trunk with Nonautologous Tissue Substitute, Percutaneous Approach", "02UP47Z": "Supplement Pulmonary Trunk with Autologous Tissue Substitute, Percutaneous Endoscopic Approach", "02UP48Z": "Supplement Pulmonary Trunk with Zooplastic Tissue, Percutaneous Endoscopic Approach", "02UP4JZ": "Supplement Pulmonary Trunk with Synthetic Substitute, Percutaneous Endoscopic Approach", "02UP4KZ": "Supplement Pulmonary Trunk with Nonautologous Tissue Substitute, Percutaneous Endoscopic Approach", "02UQ07Z": "Supplement Right Pulmonary Artery with Autologous Tissue Substitute, Open Approach", "02UQ08Z": "Supplement Right Pulmonary Artery with Zooplastic Tissue, Open Approach", "02UQ0JZ": "Supplement Right Pulmonary Artery with Synthetic Substitute, Open Approach", "02UQ0KZ": "Supplement Right Pulmonary Artery with Nonautologous Tissue Substitute, Open Approach", "02UQ37Z": "Supplement Right Pulmonary Artery with Autologous Tissue Substitute, Percutaneous Approach", "02UQ38Z": "Supplement Right Pulmonary Artery with Zooplastic Tissue, Percutaneous Approach", "02UQ3JZ": "Supplement Right Pulmonary Artery with Synthetic Substitute, Percutaneous Approach", "02UQ3KZ": "Supplement Right Pulmonary Artery with Nonautologous Tissue Substitute, Percutaneous Approach", "02UQ47Z": "Supplement Right Pulmonary Artery with Autologous Tissue Substitute, Percutaneous Endoscopic Approach", "02UQ48Z": "Supplement Right Pulmonary Artery with Zooplastic Tissue, Percutaneous Endoscopic Approach", "02UQ4JZ": "Supplement Right Pulmonary Artery with Synthetic Substitute, Percutaneous Endoscopic Approach", "02UQ4KZ": "Supplement Right Pulmonary Artery with Nonautologous Tissue Substitute, Percutaneous Endoscopic Approach", "02UR07Z": "Supplement Left Pulmonary Artery with Autologous Tissue Substitute, Open Approach", "02UR08Z": "Supplement Left Pulmonary Artery with Zooplastic Tissue, Open Approach", "02UR0JZ": "Supplement Left Pulmonary Artery with Synthetic Substitute, Open Approach", "02UR0KZ": "Supplement Left Pulmonary Artery with Nonautologous Tissue Substitute, Open Approach", "02UR37Z": "Supplement Left Pulmonary Artery with Autologous Tissue Substitute, Percutaneous Approach", "02UR38Z": "Supplement Left Pulmonary Artery with Zooplastic Tissue, Percutaneous Approach", "02UR3JZ": "Supplement Left Pulmonary Artery with Synthetic Substitute, Percutaneous Approach", "02UR3KZ": "Supplement Left Pulmonary Artery with Nonautologous Tissue Substitute, Percutaneous Approach", "02UR47Z": "Supplement Left Pulmonary Artery with Autologous Tissue Substitute, Percutaneous Endoscopic Approach", "02UR48Z": "Supplement Left Pulmonary Artery with Zooplastic Tissue, Percutaneous Endoscopic Approach", "02UR4JZ": "Supplement Left Pulmonary Artery with Synthetic Substitute, Percutaneous Endoscopic Approach", "02UR4KZ": "Supplement Left Pulmonary Artery with Nonautologous Tissue Substitute, Percutaneous Endoscopic Approach", "02US07Z": "Supplement Right Pulmonary Vein with Autologous Tissue Substitute, Open Approach", "02US08Z": "Supplement Right Pulmonary Vein with Zooplastic Tissue, Open Approach", "02US0JZ": "Supplement Right Pulmonary Vein with Synthetic Substitute, Open Approach", "02US0KZ": "Supplement Right Pulmonary Vein with Nonautologous Tissue Substitute, Open Approach", "02US37Z": "Supplement Right Pulmonary Vein with Autologous Tissue Substitute, Percutaneous Approach", "02US38Z": "Supplement Right Pulmonary Vein with Zooplastic Tissue, Percutaneous Approach", "02US3JZ": "Supplement Right Pulmonary Vein with Synthetic Substitute, Percutaneous Approach", "02US3KZ": "Supplement Right Pulmonary Vein with Nonautologous Tissue Substitute, Percutaneous Approach", "02US47Z": "Supplement Right Pulmonary Vein with Autologous Tissue Substitute, Percutaneous Endoscopic Approach", "02US48Z": "Supplement Right Pulmonary Vein with Zooplastic Tissue, Percutaneous Endoscopic Approach", "02US4JZ": "Supplement Right Pulmonary Vein with Synthetic Substitute, Percutaneous Endoscopic Approach", "02US4KZ": "Supplement Right Pulmonary Vein with Nonautologous Tissue Substitute, Percutaneous Endoscopic Approach", "02UT07Z": "Supplement Left Pulmonary Vein with Autologous Tissue Substitute, Open Approach", "02UT08Z": "Supplement Left Pulmonary Vein with Zooplastic Tissue, Open Approach", "02UT0JZ": "Supplement Left Pulmonary Vein with Synthetic Substitute, Open Approach", "02UT0KZ": "Supplement Left Pulmonary Vein with Nonautologous Tissue Substitute, Open Approach", "02UT37Z": "Supplement Left Pulmonary Vein with Autologous Tissue Substitute, Percutaneous Approach", "02UT38Z": "Supplement Left Pulmonary Vein with Zooplastic Tissue, Percutaneous Approach", "02UT3JZ": "Supplement Left Pulmonary Vein with Synthetic Substitute, Percutaneous Approach", "02UT3KZ": "Supplement Left Pulmonary Vein with Nonautologous Tissue Substitute, Percutaneous Approach", "02UT47Z": "Supplement Left Pulmonary Vein with Autologous Tissue Substitute, Percutaneous Endoscopic Approach", "02UT48Z": "Supplement Left Pulmonary Vein with Zooplastic Tissue, Percutaneous Endoscopic Approach", "02UT4JZ": "Supplement Left Pulmonary Vein with Synthetic Substitute, Percutaneous Endoscopic Approach", "02UT4KZ": "Supplement Left Pulmonary Vein with Nonautologous Tissue Substitute, Percutaneous Endoscopic Approach", "02UV07Z": "Supplement Superior Vena Cava with Autologous Tissue Substitute, Open Approach", "02UV08Z": "Supplement Superior Vena Cava with Zooplastic Tissue, Open Approach", "02UV0JZ": "Supplement Superior Vena Cava with Synthetic Substitute, Open Approach", "02UV0KZ": "Supplement Superior Vena Cava with Nonautologous Tissue Substitute, Open Approach", "02UV37Z": "Supplement Superior Vena Cava with Autologous Tissue Substitute, Percutaneous Approach", "02UV38Z": "Supplement Superior Vena Cava with Zooplastic Tissue, Percutaneous Approach", "02UV3JZ": "Supplement Superior Vena Cava with Synthetic Substitute, Percutaneous Approach", "02UV3KZ": "Supplement Superior Vena Cava with Nonautologous Tissue Substitute, Percutaneous Approach", "02UV47Z": "Supplement Superior Vena Cava with Autologous Tissue Substitute, Percutaneous Endoscopic Approach", "02UV48Z": "Supplement Superior Vena Cava with Zooplastic Tissue, Percutaneous Endoscopic Approach", "02UV4JZ": "Supplement Superior Vena Cava with Synthetic Substitute, Percutaneous Endoscopic Approach", "02UV4KZ": "Supplement Superior Vena Cava with Nonautologous Tissue Substitute, Percutaneous Endoscopic Approach", "02UW07Z": "Supplement Thoracic Aorta, Descending with Autologous Tissue Substitute, Open Approach", "02UW08Z": "Supplement Thoracic Aorta, Descending with Zooplastic Tissue, Open Approach", "02UW0JZ": "Supplement Thoracic Aorta, Descending with Synthetic Substitute, Open Approach", "02UW0KZ": "Supplement Thoracic Aorta, Descending with Nonautologous Tissue Substitute, Open Approach", "02UW37Z": "Supplement Thoracic Aorta, Descending with Autologous Tissue Substitute, Percutaneous Approach", "02UW38Z": "Supplement Thoracic Aorta, Descending with Zooplastic Tissue, Percutaneous Approach", "02UW3JZ": "Supplement Thoracic Aorta, Descending with Synthetic Substitute, Percutaneous Approach", "02UW3KZ": "Supplement Thoracic Aorta, Descending with Nonautologous Tissue Substitute, Percutaneous Approach", "02UW47Z": "Supplement Thoracic Aorta, Descending with Autologous Tissue Substitute, Percutaneous Endoscopic Approach", "02UW48Z": "Supplement Thoracic Aorta, Descending with Zooplastic Tissue, Percutaneous Endoscopic Approach", "02UW4JZ": "Supplement Thoracic Aorta, Descending with Synthetic Substitute, Percutaneous Endoscopic Approach", "02UW4KZ": "Supplement Thoracic Aorta, Descending with Nonautologous Tissue Substitute, Percutaneous Endoscopic Approach", "02UX07Z": "Supplement Thoracic Aorta, Ascending/Arch with Autologous Tissue Substitute, Open Approach", "02UX08Z": "Supplement Thoracic Aorta, Ascending/Arch with Zooplastic Tissue, Open Approach", "02UX0JZ": "Supplement Thoracic Aorta, Ascending/Arch with Synthetic Substitute, Open Approach", "02UX0KZ": "Supplement Thoracic Aorta, Ascending/Arch with Nonautologous Tissue Substitute, Open Approach", "02UX37Z": "Supplement Thoracic Aorta, Ascending/Arch with Autologous Tissue Substitute, Percutaneous Approach", "02UX38Z": "Supplement Thoracic Aorta, Ascending/Arch with Zooplastic Tissue, Percutaneous Approach", "02UX3JZ": "Supplement Thoracic Aorta, Ascending/Arch with Synthetic Substitute, Percutaneous Approach", "02UX3KZ": "Supplement Thoracic Aorta, Ascending/Arch with Nonautologous Tissue Substitute, Percutaneous Approach", "02UX47Z": "Supplement Thoracic Aorta, Ascending/Arch with Autologous Tissue Substitute, Percutaneous Endoscopic Approach", "02UX48Z": "Supplement Thoracic Aorta, Ascending/Arch with Zooplastic Tissue, Percutaneous Endoscopic Approach", "02UX4JZ": "Supplement Thoracic Aorta, Ascending/Arch with Synthetic Substitute, Percutaneous Endoscopic Approach", "02UX4KZ": "Supplement Thoracic Aorta, Ascending/Arch with Nonautologous Tissue Substitute, Percutaneous Endoscopic Approach"}