{"0U1": "Female Reproductive System, Bypass", "0U15075": "Bypass Right Fallopian Tube to Right Fallopian Tube with Autologous Tissue Substitute, Open Approach", "0U15076": "Bypass Right Fallopian Tube to Left Fallopian Tube with Autologous Tissue Substitute, Open Approach", "0U15079": "Bypass Right Fallopian Tube to Uterus with Autologous Tissue Substitute, Open Approach", "0U150J5": "Bypass Right Fallopian Tube to Right Fallopian Tube with Synthetic Substitute, Open Approach", "0U150J6": "Bypass Right Fallopian Tube to Left Fallopian Tube with Synthetic Substitute, Open Approach", "0U150J9": "Bypass Right Fallopian Tube to Uterus with Synthetic Substitute, Open Approach", "0U150K5": "Bypass Right Fallopian Tube to Right Fallopian Tube with Nonautologous Tissue Substitute, Open Approach", "0U150K6": "Bypass Right Fallopian Tube to Left Fallopian Tube with Nonautologous Tissue Substitute, Open Approach", "0U150K9": "Bypass Right Fallopian Tube to Uterus with Nonautologous Tissue Substitute, Open Approach", "0U150Z5": "Bypass Right Fallopian Tube to Right Fallopian Tube, Open Approach", "0U150Z6": "Bypass Right Fallopian Tube to Left Fallopian Tube, Open Approach", "0U150Z9": "Bypass Right Fallopian Tube to Uterus, Open Approach", "0U15475": "Bypass Right Fallopian Tube to Right Fallopian Tube with Autologous Tissue Substitute, Percutaneous Endoscopic Approach", "0U15476": "Bypass Right Fallopian Tube to Left Fallopian Tube with Autologous Tissue Substitute, Percutaneous Endoscopic Approach", "0U15479": "Bypass Right Fallopian Tube to Uterus with Autologous Tissue Substitute, Percutaneous Endoscopic Approach", "0U154J5": "Bypass Right Fallopian Tube to Right Fallopian Tube with Synthetic Substitute, Percutaneous Endoscopic Approach", "0U154J6": "Bypass Right Fallopian Tube to Left Fallopian Tube with Synthetic Substitute, Percutaneous Endoscopic Approach", "0U154J9": "Bypass Right Fallopian Tube to Uterus with Synthetic Substitute, Percutaneous Endoscopic Approach", "0U154K5": "Bypass Right Fallopian Tube to Right Fallopian Tube with Nonautologous Tissue Substitute, Percutaneous Endoscopic Approach", "0U154K6": "Bypass Right Fallopian Tube to Left Fallopian Tube with Nonautologous Tissue Substitute, Percutaneous Endoscopic Approach", "0U154K9": "Bypass Right Fallopian Tube to Uterus with Nonautologous Tissue Substitute, Percutaneous Endoscopic Approach", "0U154Z5": "Bypass Right Fallopian Tube to Right Fallopian Tube, Percutaneous Endoscopic Approach", "0U154Z6": "Bypass Right Fallopian Tube to Left Fallopian Tube, Percutaneous Endoscopic Approach", "0U154Z9": "Bypass Right Fallopian Tube to Uterus, Percutaneous Endoscopic Approach", "0U16075": "Bypass Left Fallopian Tube to Right Fallopian Tube with Autologous Tissue Substitute, Open Approach", "0U16076": "Bypass Left Fallopian Tube to Left Fallopian Tube with Autologous Tissue Substitute, Open Approach", "0U16079": "Bypass Left Fallopian Tube to Uterus with Autologous Tissue Substitute, Open Approach", "0U160J5": "Bypass Left Fallopian Tube to Right Fallopian Tube with Synthetic Substitute, Open Approach", "0U160J6": "Bypass Left Fallopian Tube to Left Fallopian Tube with Synthetic Substitute, Open Approach", "0U160J9": "Bypass Left Fallopian Tube to Uterus with Synthetic Substitute, Open Approach", "0U160K5": "Bypass Left Fallopian Tube to Right Fallopian Tube with Nonautologous Tissue Substitute, Open Approach", "0U160K6": "Bypass Left Fallopian Tube to Left Fallopian Tube with Nonautologous Tissue Substitute, Open Approach", "0U160K9": "Bypass Left Fallopian Tube to Uterus with Nonautologous Tissue Substitute, Open Approach", "0U160Z5": "Bypass Left Fallopian Tube to Right Fallopian Tube, Open Approach", "0U160Z6": "Bypass Left Fallopian Tube to Left Fallopian Tube, Open Approach", "0U160Z9": "Bypass Left Fallopian Tube to Uterus, Open Approach", "0U16475": "Bypass Left Fallopian Tube to Right Fallopian Tube with Autologous Tissue Substitute, Percutaneous Endoscopic Approach", "0U16476": "Bypass Left Fallopian Tube to Left Fallopian Tube with Autologous Tissue Substitute, Percutaneous Endoscopic Approach", "0U16479": "Bypass Left Fallopian Tube to Uterus with Autologous Tissue Substitute, Percutaneous Endoscopic Approach", "0U164J5": "Bypass Left Fallopian Tube to Right Fallopian Tube with Synthetic Substitute, Percutaneous Endoscopic Approach", "0U164J6": "Bypass Left Fallopian Tube to Left Fallopian Tube with Synthetic Substitute, Percutaneous Endoscopic Approach", "0U164J9": "Bypass Left Fallopian Tube to Uterus with Synthetic Substitute, Percutaneous Endoscopic Approach", "0U164K5": "Bypass Left Fallopian Tube to Right Fallopian Tube with Nonautologous Tissue Substitute, Percutaneous Endoscopic Approach", "0U164K6": "Bypass Left Fallopian Tube to Left Fallopian Tube with Nonautologous Tissue Substitute, Percutaneous Endoscopic Approach", "0U164K9": "Bypass Left Fallopian Tube to Uterus with Nonautologous Tissue Substitute, Percutaneous Endoscopic Approach", "0U164Z5": "Bypass Left Fallopian Tube to Right Fallopian Tube, Percutaneous Endoscopic Approach", "0U164Z6": "Bypass Left Fallopian Tube to Left Fallopian Tube, Percutaneous Endoscopic Approach", "0U164Z9": "Bypass Left Fallopian Tube to Uterus, Percutaneous Endoscopic Approach"}