{"0U7": "Female Reproductive System, Dilation", "0U750DZ": "Dilation of Right Fallopian Tube with Intraluminal Device, Open Approach", "0U750ZZ": "Dilation of Right Fallopian Tube, Open Approach", "0U753DZ": "Dilation of Right Fallopian Tube with Intraluminal Device, Percutaneous Approach", "0U753ZZ": "Dilation of Right Fallopian Tube, Percutaneous Approach", "0U754DZ": "Dilation of Right Fallopian Tube with Intraluminal Device, Percutaneous Endoscopic Approach", "0U754ZZ": "Dilation of Right Fallopian Tube, Percutaneous Endoscopic Approach", "0U757DZ": "Dilation of Right Fallopian Tube with Intraluminal Device, Via Natural or Artificial Opening", "0U757ZZ": "Dilation of Right Fallopian Tube, Via Natural or Artificial Opening", "0U758DZ": "Dilation of Right Fallopian Tube with Intraluminal Device, Via Natural or Artificial Opening Endoscopic", "0U758ZZ": "Dilation of Right Fallopian Tube, Via Natural or Artificial Opening Endoscopic", "0U760DZ": "Dilation of Left Fallopian Tube with Intraluminal Device, Open Approach", "0U760ZZ": "Dilation of Left Fallopian Tube, Open Approach", "0U763DZ": "Dilation of Left Fallopian Tube with Intraluminal Device, Percutaneous Approach", "0U763ZZ": "Dilation of Left Fallopian Tube, Percutaneous Approach", "0U764DZ": "Dilation of Left Fallopian Tube with Intraluminal Device, Percutaneous Endoscopic Approach", "0U764ZZ": "Dilation of Left Fallopian Tube, Percutaneous Endoscopic Approach", "0U767DZ": "Dilation of Left Fallopian Tube with Intraluminal Device, Via Natural or Artificial Opening", "0U767ZZ": "Dilation of Left Fallopian Tube, Via Natural or Artificial Opening", "0U768DZ": "Dilation of Left Fallopian Tube with Intraluminal Device, Via Natural or Artificial Opening Endoscopic", "0U768ZZ": "Dilation of Left Fallopian Tube, Via Natural or Artificial Opening Endoscopic", "0U770DZ": "Dilation of Bilateral Fallopian Tubes with Intraluminal Device, Open Approach", "0U770ZZ": "Dilation of Bilateral Fallopian Tubes, Open Approach", "0U773DZ": "Dilation of Bilateral Fallopian Tubes with Intraluminal Device, Percutaneous Approach", "0U773ZZ": "Dilation of Bilateral Fallopian Tubes, Percutaneous Approach", "0U774DZ": "Dilation of Bilateral Fallopian Tubes with Intraluminal Device, Percutaneous Endoscopic Approach", "0U774ZZ": "Dilation of Bilateral Fallopian Tubes, Percutaneous Endoscopic Approach", "0U777DZ": "Dilation of Bilateral Fallopian Tubes with Intraluminal Device, Via Natural or Artificial Opening", "0U777ZZ": "Dilation of Bilateral Fallopian Tubes, Via Natural or Artificial Opening", "0U778DZ": "Dilation of Bilateral Fallopian Tubes with Intraluminal Device, Via Natural or Artificial Opening Endoscopic", "0U778ZZ": "Dilation of Bilateral Fallopian Tubes, Via Natural or Artificial Opening Endoscopic", "0U790DZ": "Dilation of Uterus with Intraluminal Device, Open Approach", "0U790ZZ": "Dilation of Uterus, Open Approach", "0U793DZ": "Dilation of Uterus with Intraluminal Device, Percutaneous Approach", "0U793ZZ": "Dilation of Uterus, Percutaneous Approach", "0U794DZ": "Dilation of Uterus with Intraluminal Device, Percutaneous Endoscopic Approach", "0U794ZZ": "Dilation of Uterus, Percutaneous Endoscopic Approach", "0U797DZ": "Dilation of Uterus with Intraluminal Device, Via Natural or Artificial Opening", "0U797ZZ": "Dilation of Uterus, Via Natural or Artificial Opening", "0U798DZ": "Dilation of Uterus with Intraluminal Device, Via Natural or Artificial Opening Endoscopic", "0U798ZZ": "Dilation of Uterus, Via Natural or Artificial Opening Endoscopic", "0U7C0DZ": "Dilation of Cervix with Intraluminal Device, Open Approach", "0U7C0ZZ": "Dilation of Cervix, Open Approach", "0U7C3DZ": "Dilation of Cervix with Intraluminal Device, Percutaneous Approach", "0U7C3ZZ": "Dilation of Cervix, Percutaneous Approach", "0U7C4DZ": "Dilation of Cervix with Intraluminal Device, Percutaneous Endoscopic Approach", "0U7C4ZZ": "Dilation of Cervix, Percutaneous Endoscopic Approach", "0U7C7DZ": "Dilation of Cervix with Intraluminal Device, Via Natural or Artificial Opening", "0U7C7ZZ": "Dilation of Cervix, Via Natural or Artificial Opening", "0U7C8DZ": "Dilation of Cervix with Intraluminal Device, Via Natural or Artificial Opening Endoscopic", "0U7C8ZZ": "Dilation of Cervix, Via Natural or Artificial Opening Endoscopic", "0U7G0DZ": "Dilation of Vagina with Intraluminal Device, Open Approach", "0U7G0ZZ": "Dilation of Vagina, Open Approach", "0U7G3DZ": "Dilation of Vagina with Intraluminal Device, Percutaneous Approach", "0U7G3ZZ": "Dilation of Vagina, Percutaneous Approach", "0U7G4DZ": "Dilation of Vagina with Intraluminal Device, Percutaneous Endoscopic Approach", "0U7G4ZZ": "Dilation of Vagina, Percutaneous Endoscopic Approach", "0U7G7DZ": "Dilation of Vagina with Intraluminal Device, Via Natural or Artificial Opening", "0U7G7ZZ": "Dilation of Vagina, Via Natural or Artificial Opening", "0U7G8DZ": "Dilation of Vagina with Intraluminal Device, Via Natural or Artificial Opening Endoscopic", "0U7G8ZZ": "Dilation of Vagina, Via Natural or Artificial Opening Endoscopic", "0U7K0DZ": "Dilation of Hymen with Intraluminal Device, Open Approach", "0U7K0ZZ": "Dilation of Hymen, Open Approach", "0U7K3DZ": "Dilation of Hymen with Intraluminal Device, Percutaneous Approach", "0U7K3ZZ": "Dilation of Hymen, Percutaneous Approach", "0U7K4DZ": "Dilation of Hymen with Intraluminal Device, Percutaneous Endoscopic Approach", "0U7K4ZZ": "Dilation of Hymen, Percutaneous Endoscopic Approach", "0U7K7DZ": "Dilation of Hymen with Intraluminal Device, Via Natural or Artificial Opening", "0U7K7ZZ": "Dilation of Hymen, Via Natural or Artificial Opening", "0U7K8DZ": "Dilation of Hymen with Intraluminal Device, Via Natural or Artificial Opening Endoscopic", "0U7K8ZZ": "Dilation of Hymen, Via Natural or Artificial Opening Endoscopic", "0U7KXDZ": "Dilation of Hymen with Intraluminal Device, External Approach", "0U7KXZZ": "Dilation of Hymen, External Approach"}