{"0UC": "Female Reproductive System, Extirpation", "0UC00ZZ": "Extirpation of Matter from Right Ovary, Open Approach", "0UC03ZZ": "Extirpation of Matter from Right Ovary, Percutaneous Approach", "0UC04ZZ": "Extirpation of Matter from Right Ovary, Percutaneous Endoscopic Approach", "0UC08ZZ": "Extirpation of Matter from Right Ovary, Via Natural or Artificial Opening Endoscopic", "0UC10ZZ": "Extirpation of Matter from Left Ovary, Open Approach", "0UC13ZZ": "Extirpation of Matter from Left Ovary, Percutaneous Approach", "0UC14ZZ": "Extirpation of Matter from Left Ovary, Percutaneous Endoscopic Approach", "0UC18ZZ": "Extirpation of Matter from Left Ovary, Via Natural or Artificial Opening Endoscopic", "0UC20ZZ": "Extirpation of Matter from Bilateral Ovaries, Open Approach", "0UC23ZZ": "Extirpation of Matter from Bilateral Ovaries, Percutaneous Approach", "0UC24ZZ": "Extirpation of Matter from Bilateral Ovaries, Percutaneous Endoscopic Approach", "0UC28ZZ": "Extirpation of Matter from Bilateral Ovaries, Via Natural or Artificial Opening Endoscopic", "0UC40ZZ": "Extirpation of Matter from Uterine Supporting Structure, Open Approach", "0UC43ZZ": "Extirpation of Matter from Uterine Supporting Structure, Percutaneous Approach", "0UC44ZZ": "Extirpation of Matter from Uterine Supporting Structure, Percutaneous Endoscopic Approach", "0UC48ZZ": "Extirpation of Matter from Uterine Supporting Structure, Via Natural or Artificial Opening Endoscopic", "0UC50ZZ": "Extirpation of Matter from Right Fallopian Tube, Open Approach", "0UC53ZZ": "Extirpation of Matter from Right Fallopian Tube, Percutaneous Approach", "0UC54ZZ": "Extirpation of Matter from Right Fallopian Tube, Percutaneous Endoscopic Approach", "0UC57ZZ": "Extirpation of Matter from Right Fallopian Tube, Via Natural or Artificial Opening", "0UC58ZZ": "Extirpation of Matter from Right Fallopian Tube, Via Natural or Artificial Opening Endoscopic", "0UC60ZZ": "Extirpation of Matter from Left Fallopian Tube, Open Approach", "0UC63ZZ": "Extirpation of Matter from Left Fallopian Tube, Percutaneous Approach", "0UC64ZZ": "Extirpation of Matter from Left Fallopian Tube, Percutaneous Endoscopic Approach", "0UC67ZZ": "Extirpation of Matter from Left Fallopian Tube, Via Natural or Artificial Opening", "0UC68ZZ": "Extirpation of Matter from Left Fallopian Tube, Via Natural or Artificial Opening Endoscopic", "0UC70ZZ": "Extirpation of Matter from Bilateral Fallopian Tubes, Open Approach", "0UC73ZZ": "Extirpation of Matter from Bilateral Fallopian Tubes, Percutaneous Approach", "0UC74ZZ": "Extirpation of Matter from Bilateral Fallopian Tubes, Percutaneous Endoscopic Approach", "0UC77ZZ": "Extirpation of Matter from Bilateral Fallopian Tubes, Via Natural or Artificial Opening", "0UC78ZZ": "Extirpation of Matter from Bilateral Fallopian Tubes, Via Natural or Artificial Opening Endoscopic", "0UC90ZZ": "Extirpation of Matter from Uterus, Open Approach", "0UC93ZZ": "Extirpation of Matter from Uterus, Percutaneous Approach", "0UC94ZZ": "Extirpation of Matter from Uterus, Percutaneous Endoscopic Approach", "0UC97ZZ": "Extirpation of Matter from Uterus, Via Natural or Artificial Opening", "0UC98ZZ": "Extirpation of Matter from Uterus, Via Natural or Artificial Opening Endoscopic", "0UCB0ZZ": "Extirpation of Matter from Endometrium, Open Approach", "0UCB3ZZ": "Extirpation of Matter from Endometrium, Percutaneous Approach", "0UCB4ZZ": "Extirpation of Matter from Endometrium, Percutaneous Endoscopic Approach", "0UCB7ZZ": "Extirpation of Matter from Endometrium, Via Natural or Artificial Opening", "0UCB8ZZ": "Extirpation of Matter from Endometrium, Via Natural or Artificial Opening Endoscopic", "0UCC0ZZ": "Extirpation of Matter from Cervix, Open Approach", "0UCC3ZZ": "Extirpation of Matter from Cervix, Percutaneous Approach", "0UCC4ZZ": "Extirpation of Matter from Cervix, Percutaneous Endoscopic Approach", "0UCC7ZZ": "Extirpation of Matter from Cervix, Via Natural or Artificial Opening", "0UCC8ZZ": "Extirpation of Matter from Cervix, Via Natural or Artificial Opening Endoscopic", "0UCF0ZZ": "Extirpation of Matter from Cul-de-sac, Open Approach", "0UCF3ZZ": "Extirpation of Matter from Cul-de-sac, Percutaneous Approach", "0UCF4ZZ": "Extirpation of Matter from Cul-de-sac, Percutaneous Endoscopic Approach", "0UCF7ZZ": "Extirpation of Matter from Cul-de-sac, Via Natural or Artificial Opening", "0UCF8ZZ": "Extirpation of Matter from Cul-de-sac, Via Natural or Artificial Opening Endoscopic", "0UCG0ZZ": "Extirpation of Matter from Vagina, Open Approach", "0UCG3ZZ": "Extirpation of Matter from Vagina, Percutaneous Approach", "0UCG4ZZ": "Extirpation of Matter from Vagina, Percutaneous Endoscopic Approach", "0UCG7ZZ": "Extirpation of Matter from Vagina, Via Natural or Artificial Opening", "0UCG8ZZ": "Extirpation of Matter from Vagina, Via Natural or Artificial Opening Endoscopic", "0UCGXZZ": "Extirpation of Matter from Vagina, External Approach", "0UCJ0ZZ": "Extirpation of Matter from Clitoris, Open Approach", "0UCJXZZ": "Extirpation of Matter from Clitoris, External Approach", "0UCK0ZZ": "Extirpation of Matter from Hymen, Open Approach", "0UCK3ZZ": "Extirpation of Matter from Hymen, Percutaneous Approach", "0UCK4ZZ": "Extirpation of Matter from Hymen, Percutaneous Endoscopic Approach", "0UCK7ZZ": "Extirpation of Matter from Hymen, Via Natural or Artificial Opening", "0UCK8ZZ": "Extirpation of Matter from Hymen, Via Natural or Artificial Opening Endoscopic", "0UCKXZZ": "Extirpation of Matter from Hymen, External Approach", "0UCL0ZZ": "Extirpation of Matter from Vestibular Gland, Open Approach", "0UCLXZZ": "Extirpation of Matter from Vestibular Gland, External Approach", "0UCM0ZZ": "Extirpation of Matter from Vulva, Open Approach", "0UCMXZZ": "Extirpation of Matter from Vulva, External Approach"}