{"0UD": "Female Reproductive System, Extraction", "0UDB7ZX": "Extraction of Endometrium, Via Natural or Artificial Opening, Diagnostic", "0UDB7ZZ": "Extraction of Endometrium, Via Natural or Artificial Opening", "0UDB8ZX": "Extraction of Endometrium, Via Natural or Artificial Opening Endoscopic, Diagnostic", "0UDB8ZZ": "Extraction of Endometrium, Via Natural or Artificial Opening Endoscopic", "0UDN0ZZ": "Extraction of Ova, Open", "0UDN3ZZ": "Extraction of Ova, Percutaneous", "0UDN4ZZ": "Extraction of Ova, Percutaneous Endoscopic"}