{"0MQ": "Bursae and Ligaments, Repair", "0MQ00ZZ": "Repair Head and Neck Bursa and Ligament, Open Approach", "0MQ03ZZ": "Repair Head and Neck Bursa and Ligament, Percutaneous Approach", "0MQ04ZZ": "Repair Head and Neck Bursa and Ligament, Percutaneous Endoscopic Approach", "0MQ10ZZ": "Repair Right Shoulder Bursa and Ligament, Open Approach", "0MQ13ZZ": "Repair Right Shoulder Bursa and Ligament, Percutaneous Approach", "0MQ14ZZ": "Repair Right Shoulder Bursa and Ligament, Percutaneous Endoscopic Approach", "0MQ20ZZ": "Repair Left Shoulder Bursa and Ligament, Open Approach", "0MQ23ZZ": "Repair Left Shoulder Bursa and Ligament, Percutaneous Approach", "0MQ24ZZ": "Repair Left Shoulder Bursa and Ligament, Percutaneous Endoscopic Approach", "0MQ30ZZ": "Repair Right Elbow Bursa and Ligament, Open Approach", "0MQ33ZZ": "Repair Right Elbow Bursa and Ligament, Percutaneous Approach", "0MQ34ZZ": "Repair Right Elbow Bursa and Ligament, Percutaneous Endoscopic Approach", "0MQ40ZZ": "Repair Left Elbow Bursa and Ligament, Open Approach", "0MQ43ZZ": "Repair Left Elbow Bursa and Ligament, Percutaneous Approach", "0MQ44ZZ": "Repair Left Elbow Bursa and Ligament, Percutaneous Endoscopic Approach", "0MQ50ZZ": "Repair Right Wrist Bursa and Ligament, Open Approach", "0MQ53ZZ": "Repair Right Wrist Bursa and Ligament, Percutaneous Approach", "0MQ54ZZ": "Repair Right Wrist Bursa and Ligament, Percutaneous Endoscopic Approach", "0MQ60ZZ": "Repair Left Wrist Bursa and Ligament, Open Approach", "0MQ63ZZ": "Repair Left Wrist Bursa and Ligament, Percutaneous Approach", "0MQ64ZZ": "Repair Left Wrist Bursa and Ligament, Percutaneous Endoscopic Approach", "0MQ70ZZ": "Repair Right Hand Bursa and Ligament, Open Approach", "0MQ73ZZ": "Repair Right Hand Bursa and Ligament, Percutaneous Approach", "0MQ74ZZ": "Repair Right Hand Bursa and Ligament, Percutaneous Endoscopic Approach", "0MQ80ZZ": "Repair Left Hand Bursa and Ligament, Open Approach", "0MQ83ZZ": "Repair Left Hand Bursa and Ligament, Percutaneous Approach", "0MQ84ZZ": "Repair Left Hand Bursa and Ligament, Percutaneous Endoscopic Approach", "0MQ90ZZ": "Repair Right Upper Extremity Bursa and Ligament, Open Approach", "0MQ93ZZ": "Repair Right Upper Extremity Bursa and Ligament, Percutaneous Approach", "0MQ94ZZ": "Repair Right Upper Extremity Bursa and Ligament, Percutaneous Endoscopic Approach", "0MQB0ZZ": "Repair Left Upper Extremity Bursa and Ligament, Open Approach", "0MQB3ZZ": "Repair Left Upper Extremity Bursa and Ligament, Percutaneous Approach", "0MQB4ZZ": "Repair Left Upper Extremity Bursa and Ligament, Percutaneous Endoscopic Approach", "0MQC0ZZ": "Repair Upper Spine Bursa and Ligament, Open Approach", "0MQC3ZZ": "Repair Upper Spine Bursa and Ligament, Percutaneous Approach", "0MQC4ZZ": "Repair Upper Spine Bursa and Ligament, Percutaneous Endoscopic Approach", "0MQD0ZZ": "Repair Lower Spine Bursa and Ligament, Open Approach", "0MQD3ZZ": "Repair Lower Spine Bursa and Ligament, Percutaneous Approach", "0MQD4ZZ": "Repair Lower Spine Bursa and Ligament, Percutaneous Endoscopic Approach", "0MQF0ZZ": "Repair Sternum Bursa and Ligament, Open Approach", "0MQF3ZZ": "Repair Sternum Bursa and Ligament, Percutaneous Approach", "0MQF4ZZ": "Repair Sternum Bursa and Ligament, Percutaneous Endoscopic Approach", "0MQG0ZZ": "Repair Rib(s) Bursa and Ligament, Open Approach", "0MQG3ZZ": "Repair Rib(s) Bursa and Ligament, Percutaneous Approach", "0MQG4ZZ": "Repair Rib(s) Bursa and Ligament, Percutaneous Endoscopic Approach", "0MQH0ZZ": "Repair Right Abdomen Bursa and Ligament, Open Approach", "0MQH3ZZ": "Repair Right Abdomen Bursa and Ligament, Percutaneous Approach", "0MQH4ZZ": "Repair Right Abdomen Bursa and Ligament, Percutaneous Endoscopic Approach", "0MQJ0ZZ": "Repair Left Abdomen Bursa and Ligament, Open Approach", "0MQJ3ZZ": "Repair Left Abdomen Bursa and Ligament, Percutaneous Approach", "0MQJ4ZZ": "Repair Left Abdomen Bursa and Ligament, Percutaneous Endoscopic Approach", "0MQK0ZZ": "Repair Perineum Bursa and Ligament, Open Approach", "0MQK3ZZ": "Repair Perineum Bursa and Ligament, Percutaneous Approach", "0MQK4ZZ": "Repair Perineum Bursa and Ligament, Percutaneous Endoscopic Approach", "0MQL0ZZ": "Repair Right Hip Bursa and Ligament, Open Approach", "0MQL3ZZ": "Repair Right Hip Bursa and Ligament, Percutaneous Approach", "0MQL4ZZ": "Repair Right Hip Bursa and Ligament, Percutaneous Endoscopic Approach", "0MQM0ZZ": "Repair Left Hip Bursa and Ligament, Open Approach", "0MQM3ZZ": "Repair Left Hip Bursa and Ligament, Percutaneous Approach", "0MQM4ZZ": "Repair Left Hip Bursa and Ligament, Percutaneous Endoscopic Approach", "0MQN0ZZ": "Repair Right Knee Bursa and Ligament, Open Approach", "0MQN3ZZ": "Repair Right Knee Bursa and Ligament, Percutaneous Approach", "0MQN4ZZ": "Repair Right Knee Bursa and Ligament, Percutaneous Endoscopic Approach", "0MQP0ZZ": "Repair Left Knee Bursa and Ligament, Open Approach", "0MQP3ZZ": "Repair Left Knee Bursa and Ligament, Percutaneous Approach", "0MQP4ZZ": "Repair Left Knee Bursa and Ligament, Percutaneous Endoscopic Approach", "0MQQ0ZZ": "Repair Right Ankle Bursa and Ligament, Open Approach", "0MQQ3ZZ": "Repair Right Ankle Bursa and Ligament, Percutaneous Approach", "0MQQ4ZZ": "Repair Right Ankle Bursa and Ligament, Percutaneous Endoscopic Approach", "0MQR0ZZ": "Repair Left Ankle Bursa and Ligament, Open Approach", "0MQR3ZZ": "Repair Left Ankle Bursa and Ligament, Percutaneous Approach", "0MQR4ZZ": "Repair Left Ankle Bursa and Ligament, Percutaneous Endoscopic Approach", "0MQS0ZZ": "Repair Right Foot Bursa and Ligament, Open Approach", "0MQS3ZZ": "Repair Right Foot Bursa and Ligament, Percutaneous Approach", "0MQS4ZZ": "Repair Right Foot Bursa and Ligament, Percutaneous Endoscopic Approach", "0MQT0ZZ": "Repair Left Foot Bursa and Ligament, Open Approach", "0MQT3ZZ": "Repair Left Foot Bursa and Ligament, Percutaneous Approach", "0MQT4ZZ": "Repair Left Foot Bursa and Ligament, Percutaneous Endoscopic Approach", "0MQV0ZZ": "Repair Right Lower Extremity Bursa and Ligament, Open Approach", "0MQV3ZZ": "Repair Right Lower Extremity Bursa and Ligament, Percutaneous Approach", "0MQV4ZZ": "Repair Right Lower Extremity Bursa and Ligament, Percutaneous Endoscopic Approach", "0MQW0ZZ": "Repair Left Lower Extremity Bursa and Ligament, Open Approach", "0MQW3ZZ": "Repair Left Lower Extremity Bursa and Ligament, Percutaneous Approach", "0MQW4ZZ": "Repair Left Lower Extremity Bursa and Ligament, Percutaneous Endoscopic Approach"}