{"0MR": "Bursae and Ligaments, Replacement", "0MR007Z": "Replacement of Head and Neck Bursa and Ligament with Autologous Tissue Substitute, Open Approach", "0MR00JZ": "Replacement of Head and Neck Bursa and Ligament with Synthetic Substitute, Open Approach", "0MR00KZ": "Replacement of Head and Neck Bursa and Ligament with Nonautologous Tissue Substitute, Open Approach", "0MR047Z": "Replacement of Head and Neck Bursa and Ligament with Autologous Tissue Substitute, Percutaneous Endoscopic Approach", "0MR04JZ": "Replacement of Head and Neck Bursa and Ligament with Synthetic Substitute, Percutaneous Endoscopic Approach", "0MR04KZ": "Replacement of Head and Neck Bursa and Ligament with Nonautologous Tissue Substitute, Percutaneous Endoscopic Approach", "0MR107Z": "Replacement of Right Shoulder Bursa and Ligament with Autologous Tissue Substitute, Open Approach", "0MR10JZ": "Replacement of Right Shoulder Bursa and Ligament with Synthetic Substitute, Open Approach", "0MR10KZ": "Replacement of Right Shoulder Bursa and Ligament with Nonautologous Tissue Substitute, Open Approach", "0MR147Z": "Replacement of Right Shoulder Bursa and Ligament with Autologous Tissue Substitute, Percutaneous Endoscopic Approach", "0MR14JZ": "Replacement of Right Shoulder Bursa and Ligament with Synthetic Substitute, Percutaneous Endoscopic Approach", "0MR14KZ": "Replacement of Right Shoulder Bursa and Ligament with Nonautologous Tissue Substitute, Percutaneous Endoscopic Approach", "0MR207Z": "Replacement of Left Shoulder Bursa and Ligament with Autologous Tissue Substitute, Open Approach", "0MR20JZ": "Replacement of Left Shoulder Bursa and Ligament with Synthetic Substitute, Open Approach", "0MR20KZ": "Replacement of Left Shoulder Bursa and Ligament with Nonautologous Tissue Substitute, Open Approach", "0MR247Z": "Replacement of Left Shoulder Bursa and Ligament with Autologous Tissue Substitute, Percutaneous Endoscopic Approach", "0MR24JZ": "Replacement of Left Shoulder Bursa and Ligament with Synthetic Substitute, Percutaneous Endoscopic Approach", "0MR24KZ": "Replacement of Left Shoulder Bursa and Ligament with Nonautologous Tissue Substitute, Percutaneous Endoscopic Approach", "0MR307Z": "Replacement of Right Elbow Bursa and Ligament with Autologous Tissue Substitute, Open Approach", "0MR30JZ": "Replacement of Right Elbow Bursa and Ligament with Synthetic Substitute, Open Approach", "0MR30KZ": "Replacement of Right Elbow Bursa and Ligament with Nonautologous Tissue Substitute, Open Approach", "0MR347Z": "Replacement of Right Elbow Bursa and Ligament with Autologous Tissue Substitute, Percutaneous Endoscopic Approach", "0MR34JZ": "Replacement of Right Elbow Bursa and Ligament with Synthetic Substitute, Percutaneous Endoscopic Approach", "0MR34KZ": "Replacement of Right Elbow Bursa and Ligament with Nonautologous Tissue Substitute, Percutaneous Endoscopic Approach", "0MR407Z": "Replacement of Left Elbow Bursa and Ligament with Autologous Tissue Substitute, Open Approach", "0MR40JZ": "Replacement of Left Elbow Bursa and Ligament with Synthetic Substitute, Open Approach", "0MR40KZ": "Replacement of Left Elbow Bursa and Ligament with Nonautologous Tissue Substitute, Open Approach", "0MR447Z": "Replacement of Left Elbow Bursa and Ligament with Autologous Tissue Substitute, Percutaneous Endoscopic Approach", "0MR44JZ": "Replacement of Left Elbow Bursa and Ligament with Synthetic Substitute, Percutaneous Endoscopic Approach", "0MR44KZ": "Replacement of Left Elbow Bursa and Ligament with Nonautologous Tissue Substitute, Percutaneous Endoscopic Approach", "0MR507Z": "Replacement of Right Wrist Bursa and Ligament with Autologous Tissue Substitute, Open Approach", "0MR50JZ": "Replacement of Right Wrist Bursa and Ligament with Synthetic Substitute, Open Approach", "0MR50KZ": "Replacement of Right Wrist Bursa and Ligament with Nonautologous Tissue Substitute, Open Approach", "0MR547Z": "Replacement of Right Wrist Bursa and Ligament with Autologous Tissue Substitute, Percutaneous Endoscopic Approach", "0MR54JZ": "Replacement of Right Wrist Bursa and Ligament with Synthetic Substitute, Percutaneous Endoscopic Approach", "0MR54KZ": "Replacement of Right Wrist Bursa and Ligament with Nonautologous Tissue Substitute, Percutaneous Endoscopic Approach", "0MR607Z": "Replacement of Left Wrist Bursa and Ligament with Autologous Tissue Substitute, Open Approach", "0MR60JZ": "Replacement of Left Wrist Bursa and Ligament with Synthetic Substitute, Open Approach", "0MR60KZ": "Replacement of Left Wrist Bursa and Ligament with Nonautologous Tissue Substitute, Open Approach", "0MR647Z": "Replacement of Left Wrist Bursa and Ligament with Autologous Tissue Substitute, Percutaneous Endoscopic Approach", "0MR64JZ": "Replacement of Left Wrist Bursa and Ligament with Synthetic Substitute, Percutaneous Endoscopic Approach", "0MR64KZ": "Replacement of Left Wrist Bursa and Ligament with Nonautologous Tissue Substitute, Percutaneous Endoscopic Approach", "0MR707Z": "Replacement of Right Hand Bursa and Ligament with Autologous Tissue Substitute, Open Approach", "0MR70JZ": "Replacement of Right Hand Bursa and Ligament with Synthetic Substitute, Open Approach", "0MR70KZ": "Replacement of Right Hand Bursa and Ligament with Nonautologous Tissue Substitute, Open Approach", "0MR747Z": "Replacement of Right Hand Bursa and Ligament with Autologous Tissue Substitute, Percutaneous Endoscopic Approach", "0MR74JZ": "Replacement of Right Hand Bursa and Ligament with Synthetic Substitute, Percutaneous Endoscopic Approach", "0MR74KZ": "Replacement of Right Hand Bursa and Ligament with Nonautologous Tissue Substitute, Percutaneous Endoscopic Approach", "0MR807Z": "Replacement of Left Hand Bursa and Ligament with Autologous Tissue Substitute, Open Approach", "0MR80JZ": "Replacement of Left Hand Bursa and Ligament with Synthetic Substitute, Open Approach", "0MR80KZ": "Replacement of Left Hand Bursa and Ligament with Nonautologous Tissue Substitute, Open Approach", "0MR847Z": "Replacement of Left Hand Bursa and Ligament with Autologous Tissue Substitute, Percutaneous Endoscopic Approach", "0MR84JZ": "Replacement of Left Hand Bursa and Ligament with Synthetic Substitute, Percutaneous Endoscopic Approach", "0MR84KZ": "Replacement of Left Hand Bursa and Ligament with Nonautologous Tissue Substitute, Percutaneous Endoscopic Approach", "0MR907Z": "Replacement of Right Upper Extremity Bursa and Ligament with Autologous Tissue Substitute, Open Approach", "0MR90JZ": "Replacement of Right Upper Extremity Bursa and Ligament with Synthetic Substitute, Open Approach", "0MR90KZ": "Replacement of Right Upper Extremity Bursa and Ligament with Nonautologous Tissue Substitute, Open Approach", "0MR947Z": "Replacement of Right Upper Extremity Bursa and Ligament with Autologous Tissue Substitute, Percutaneous Endoscopic Approach", "0MR94JZ": "Replacement of Right Upper Extremity Bursa and Ligament with Synthetic Substitute, Percutaneous Endoscopic Approach", "0MR94KZ": "Replacement of Right Upper Extremity Bursa and Ligament with Nonautologous Tissue Substitute, Percutaneous Endoscopic Approach", "0MRB07Z": "Replacement of Left Upper Extremity Bursa and Ligament with Autologous Tissue Substitute, Open Approach", "0MRB0JZ": "Replacement of Left Upper Extremity Bursa and Ligament with Synthetic Substitute, Open Approach", "0MRB0KZ": "Replacement of Left Upper Extremity Bursa and Ligament with Nonautologous Tissue Substitute, Open Approach", "0MRB47Z": "Replacement of Left Upper Extremity Bursa and Ligament with Autologous Tissue Substitute, Percutaneous Endoscopic Approach", "0MRB4JZ": "Replacement of Left Upper Extremity Bursa and Ligament with Synthetic Substitute, Percutaneous Endoscopic Approach", "0MRB4KZ": "Replacement of Left Upper Extremity Bursa and Ligament with Nonautologous Tissue Substitute, Percutaneous Endoscopic Approach", "0MRC07Z": "Replacement of Upper Spine Bursa and Ligament with Autologous Tissue Substitute, Open Approach", "0MRC0JZ": "Replacement of Upper Spine Bursa and Ligament with Synthetic Substitute, Open Approach", "0MRC0KZ": "Replacement of Upper Spine Bursa and Ligament with Nonautologous Tissue Substitute, Open Approach", "0MRC47Z": "Replacement of Upper Spine Bursa and Ligament with Autologous Tissue Substitute, Percutaneous Endoscopic Approach", "0MRC4JZ": "Replacement of Upper Spine Bursa and Ligament with Synthetic Substitute, Percutaneous Endoscopic Approach", "0MRC4KZ": "Replacement of Upper Spine Bursa and Ligament with Nonautologous Tissue Substitute, Percutaneous Endoscopic Approach", "0MRD07Z": "Replacement of Lower Spine Bursa and Ligament with Autologous Tissue Substitute, Open Approach", "0MRD0JZ": "Replacement of Lower Spine Bursa and Ligament with Synthetic Substitute, Open Approach", "0MRD0KZ": "Replacement of Lower Spine Bursa and Ligament with Nonautologous Tissue Substitute, Open Approach", "0MRD47Z": "Replacement of Lower Spine Bursa and Ligament with Autologous Tissue Substitute, Percutaneous Endoscopic Approach", "0MRD4JZ": "Replacement of Lower Spine Bursa and Ligament with Synthetic Substitute, Percutaneous Endoscopic Approach", "0MRD4KZ": "Replacement of Lower Spine Bursa and Ligament with Nonautologous Tissue Substitute, Percutaneous Endoscopic Approach", "0MRF07Z": "Replacement of Sternum Bursa and Ligament with Autologous Tissue Substitute, Open Approach", "0MRF0JZ": "Replacement of Sternum Bursa and Ligament with Synthetic Substitute, Open Approach", "0MRF0KZ": "Replacement of Sternum Bursa and Ligament with Nonautologous Tissue Substitute, Open Approach", "0MRF47Z": "Replacement of Sternum Bursa and Ligament with Autologous Tissue Substitute, Percutaneous Endoscopic Approach", "0MRF4JZ": "Replacement of Sternum Bursa and Ligament with Synthetic Substitute, Percutaneous Endoscopic Approach", "0MRF4KZ": "Replacement of Sternum Bursa and Ligament with Nonautologous Tissue Substitute, Percutaneous Endoscopic Approach", "0MRG07Z": "Replacement of Rib(s) Bursa and Ligament with Autologous Tissue Substitute, Open Approach", "0MRG0JZ": "Replacement of Rib(s) Bursa and Ligament with Synthetic Substitute, Open Approach", "0MRG0KZ": "Replacement of Rib(s) Bursa and Ligament with Nonautologous Tissue Substitute, Open Approach", "0MRG47Z": "Replacement of Rib(s) Bursa and Ligament with Autologous Tissue Substitute, Percutaneous Endoscopic Approach", "0MRG4JZ": "Replacement of Rib(s) Bursa and Ligament with Synthetic Substitute, Percutaneous Endoscopic Approach", "0MRG4KZ": "Replacement of Rib(s) Bursa and Ligament with Nonautologous Tissue Substitute, Percutaneous Endoscopic Approach", "0MRH07Z": "Replacement of Right Abdomen Bursa and Ligament with Autologous Tissue Substitute, Open Approach", "0MRH0JZ": "Replacement of Right Abdomen Bursa and Ligament with Synthetic Substitute, Open Approach", "0MRH0KZ": "Replacement of Right Abdomen Bursa and Ligament with Nonautologous Tissue Substitute, Open Approach", "0MRH47Z": "Replacement of Right Abdomen Bursa and Ligament with Autologous Tissue Substitute, Percutaneous Endoscopic Approach", "0MRH4JZ": "Replacement of Right Abdomen Bursa and Ligament with Synthetic Substitute, Percutaneous Endoscopic Approach", "0MRH4KZ": "Replacement of Right Abdomen Bursa and Ligament with Nonautologous Tissue Substitute, Percutaneous Endoscopic Approach", "0MRJ07Z": "Replacement of Left Abdomen Bursa and Ligament with Autologous Tissue Substitute, Open Approach", "0MRJ0JZ": "Replacement of Left Abdomen Bursa and Ligament with Synthetic Substitute, Open Approach", "0MRJ0KZ": "Replacement of Left Abdomen Bursa and Ligament with Nonautologous Tissue Substitute, Open Approach", "0MRJ47Z": "Replacement of Left Abdomen Bursa and Ligament with Autologous Tissue Substitute, Percutaneous Endoscopic Approach", "0MRJ4JZ": "Replacement of Left Abdomen Bursa and Ligament with Synthetic Substitute, Percutaneous Endoscopic Approach", "0MRJ4KZ": "Replacement of Left Abdomen Bursa and Ligament with Nonautologous Tissue Substitute, Percutaneous Endoscopic Approach", "0MRK07Z": "Replacement of Perineum Bursa and Ligament with Autologous Tissue Substitute, Open Approach", "0MRK0JZ": "Replacement of Perineum Bursa and Ligament with Synthetic Substitute, Open Approach", "0MRK0KZ": "Replacement of Perineum Bursa and Ligament with Nonautologous Tissue Substitute, Open Approach", "0MRK47Z": "Replacement of Perineum Bursa and Ligament with Autologous Tissue Substitute, Percutaneous Endoscopic Approach", "0MRK4JZ": "Replacement of Perineum Bursa and Ligament with Synthetic Substitute, Percutaneous Endoscopic Approach", "0MRK4KZ": "Replacement of Perineum Bursa and Ligament with Nonautologous Tissue Substitute, Percutaneous Endoscopic Approach", "0MRL07Z": "Replacement of Right Hip Bursa and Ligament with Autologous Tissue Substitute, Open Approach", "0MRL0JZ": "Replacement of Right Hip Bursa and Ligament with Synthetic Substitute, Open Approach", "0MRL0KZ": "Replacement of Right Hip Bursa and Ligament with Nonautologous Tissue Substitute, Open Approach", "0MRL47Z": "Replacement of Right Hip Bursa and Ligament with Autologous Tissue Substitute, Percutaneous Endoscopic Approach", "0MRL4JZ": "Replacement of Right Hip Bursa and Ligament with Synthetic Substitute, Percutaneous Endoscopic Approach", "0MRL4KZ": "Replacement of Right Hip Bursa and Ligament with Nonautologous Tissue Substitute, Percutaneous Endoscopic Approach", "0MRM07Z": "Replacement of Left Hip Bursa and Ligament with Autologous Tissue Substitute, Open Approach", "0MRM0JZ": "Replacement of Left Hip Bursa and Ligament with Synthetic Substitute, Open Approach", "0MRM0KZ": "Replacement of Left Hip Bursa and Ligament with Nonautologous Tissue Substitute, Open Approach", "0MRM47Z": "Replacement of Left Hip Bursa and Ligament with Autologous Tissue Substitute, Percutaneous Endoscopic Approach", "0MRM4JZ": "Replacement of Left Hip Bursa and Ligament with Synthetic Substitute, Percutaneous Endoscopic Approach", "0MRM4KZ": "Replacement of Left Hip Bursa and Ligament with Nonautologous Tissue Substitute, Percutaneous Endoscopic Approach", "0MRN07Z": "Replacement of Right Knee Bursa and Ligament with Autologous Tissue Substitute, Open Approach", "0MRN0JZ": "Replacement of Right Knee Bursa and Ligament with Synthetic Substitute, Open Approach", "0MRN0KZ": "Replacement of Right Knee Bursa and Ligament with Nonautologous Tissue Substitute, Open Approach", "0MRN47Z": "Replacement of Right Knee Bursa and Ligament with Autologous Tissue Substitute, Percutaneous Endoscopic Approach", "0MRN4JZ": "Replacement of Right Knee Bursa and Ligament with Synthetic Substitute, Percutaneous Endoscopic Approach", "0MRN4KZ": "Replacement of Right Knee Bursa and Ligament with Nonautologous Tissue Substitute, Percutaneous Endoscopic Approach", "0MRP07Z": "Replacement of Left Knee Bursa and Ligament with Autologous Tissue Substitute, Open Approach", "0MRP0JZ": "Replacement of Left Knee Bursa and Ligament with Synthetic Substitute, Open Approach", "0MRP0KZ": "Replacement of Left Knee Bursa and Ligament with Nonautologous Tissue Substitute, Open Approach", "0MRP47Z": "Replacement of Left Knee Bursa and Ligament with Autologous Tissue Substitute, Percutaneous Endoscopic Approach", "0MRP4JZ": "Replacement of Left Knee Bursa and Ligament with Synthetic Substitute, Percutaneous Endoscopic Approach", "0MRP4KZ": "Replacement of Left Knee Bursa and Ligament with Nonautologous Tissue Substitute, Percutaneous Endoscopic Approach", "0MRQ07Z": "Replacement of Right Ankle Bursa and Ligament with Autologous Tissue Substitute, Open Approach", "0MRQ0JZ": "Replacement of Right Ankle Bursa and Ligament with Synthetic Substitute, Open Approach", "0MRQ0KZ": "Replacement of Right Ankle Bursa and Ligament with Nonautologous Tissue Substitute, Open Approach", "0MRQ47Z": "Replacement of Right Ankle Bursa and Ligament with Autologous Tissue Substitute, Percutaneous Endoscopic Approach", "0MRQ4JZ": "Replacement of Right Ankle Bursa and Ligament with Synthetic Substitute, Percutaneous Endoscopic Approach", "0MRQ4KZ": "Replacement of Right Ankle Bursa and Ligament with Nonautologous Tissue Substitute, Percutaneous Endoscopic Approach", "0MRR07Z": "Replacement of Left Ankle Bursa and Ligament with Autologous Tissue Substitute, Open Approach", "0MRR0JZ": "Replacement of Left Ankle Bursa and Ligament with Synthetic Substitute, Open Approach", "0MRR0KZ": "Replacement of Left Ankle Bursa and Ligament with Nonautologous Tissue Substitute, Open Approach", "0MRR47Z": "Replacement of Left Ankle Bursa and Ligament with Autologous Tissue Substitute, Percutaneous Endoscopic Approach", "0MRR4JZ": "Replacement of Left Ankle Bursa and Ligament with Synthetic Substitute, Percutaneous Endoscopic Approach", "0MRR4KZ": "Replacement of Left Ankle Bursa and Ligament with Nonautologous Tissue Substitute, Percutaneous Endoscopic Approach", "0MRS07Z": "Replacement of Right Foot Bursa and Ligament with Autologous Tissue Substitute, Open Approach", "0MRS0JZ": "Replacement of Right Foot Bursa and Ligament with Synthetic Substitute, Open Approach", "0MRS0KZ": "Replacement of Right Foot Bursa and Ligament with Nonautologous Tissue Substitute, Open Approach", "0MRS47Z": "Replacement of Right Foot Bursa and Ligament with Autologous Tissue Substitute, Percutaneous Endoscopic Approach", "0MRS4JZ": "Replacement of Right Foot Bursa and Ligament with Synthetic Substitute, Percutaneous Endoscopic Approach", "0MRS4KZ": "Replacement of Right Foot Bursa and Ligament with Nonautologous Tissue Substitute, Percutaneous Endoscopic Approach", "0MRT07Z": "Replacement of Left Foot Bursa and Ligament with Autologous Tissue Substitute, Open Approach", "0MRT0JZ": "Replacement of Left Foot Bursa and Ligament with Synthetic Substitute, Open Approach", "0MRT0KZ": "Replacement of Left Foot Bursa and Ligament with Nonautologous Tissue Substitute, Open Approach", "0MRT47Z": "Replacement of Left Foot Bursa and Ligament with Autologous Tissue Substitute, Percutaneous Endoscopic Approach", "0MRT4JZ": "Replacement of Left Foot Bursa and Ligament with Synthetic Substitute, Percutaneous Endoscopic Approach", "0MRT4KZ": "Replacement of Left Foot Bursa and Ligament with Nonautologous Tissue Substitute, Percutaneous Endoscopic Approach", "0MRV07Z": "Replacement of Right Lower Extremity Bursa and Ligament with Autologous Tissue Substitute, Open Approach", "0MRV0JZ": "Replacement of Right Lower Extremity Bursa and Ligament with Synthetic Substitute, Open Approach", "0MRV0KZ": "Replacement of Right Lower Extremity Bursa and Ligament with Nonautologous Tissue Substitute, Open Approach", "0MRV47Z": "Replacement of Right Lower Extremity Bursa and Ligament with Autologous Tissue Substitute, Percutaneous Endoscopic Approach", "0MRV4JZ": "Replacement of Right Lower Extremity Bursa and Ligament with Synthetic Substitute, Percutaneous Endoscopic Approach", "0MRV4KZ": "Replacement of Right Lower Extremity Bursa and Ligament with Nonautologous Tissue Substitute, Percutaneous Endoscopic Approach", "0MRW07Z": "Replacement of Left Lower Extremity Bursa and Ligament with Autologous Tissue Substitute, Open Approach", "0MRW0JZ": "Replacement of Left Lower Extremity Bursa and Ligament with Synthetic Substitute, Open Approach", "0MRW0KZ": "Replacement of Left Lower Extremity Bursa and Ligament with Nonautologous Tissue Substitute, Open Approach", "0MRW47Z": "Replacement of Left Lower Extremity Bursa and Ligament with Autologous Tissue Substitute, Percutaneous Endoscopic Approach", "0MRW4JZ": "Replacement of Left Lower Extremity Bursa and Ligament with Synthetic Substitute, Percutaneous Endoscopic Approach", "0MRW4KZ": "Replacement of Left Lower Extremity Bursa and Ligament with Nonautologous Tissue Substitute, Percutaneous Endoscopic Approach"}