{"0MU": "Bursae and Ligaments, Supplement", "0MU007Z": "Supplement Head and Neck Bursa and Ligament with Autologous Tissue Substitute, Open Approach", "0MU00JZ": "Supplement Head and Neck Bursa and Ligament with Synthetic Substitute, Open Approach", "0MU00KZ": "Supplement Head and Neck Bursa and Ligament with Nonautologous Tissue Substitute, Open Approach", "0MU047Z": "Supplement Head and Neck Bursa and Ligament with Autologous Tissue Substitute, Percutaneous Endoscopic Approach", "0MU04JZ": "Supplement Head and Neck Bursa and Ligament with Synthetic Substitute, Percutaneous Endoscopic Approach", "0MU04KZ": "Supplement Head and Neck Bursa and Ligament with Nonautologous Tissue Substitute, Percutaneous Endoscopic Approach", "0MU107Z": "Supplement Right Shoulder Bursa and Ligament with Autologous Tissue Substitute, Open Approach", "0MU10JZ": "Supplement Right Shoulder Bursa and Ligament with Synthetic Substitute, Open Approach", "0MU10KZ": "Supplement Right Shoulder Bursa and Ligament with Nonautologous Tissue Substitute, Open Approach", "0MU147Z": "Supplement Right Shoulder Bursa and Ligament with Autologous Tissue Substitute, Percutaneous Endoscopic Approach", "0MU14JZ": "Supplement Right Shoulder Bursa and Ligament with Synthetic Substitute, Percutaneous Endoscopic Approach", "0MU14KZ": "Supplement Right Shoulder Bursa and Ligament with Nonautologous Tissue Substitute, Percutaneous Endoscopic Approach", "0MU207Z": "Supplement Left Shoulder Bursa and Ligament with Autologous Tissue Substitute, Open Approach", "0MU20JZ": "Supplement Left Shoulder Bursa and Ligament with Synthetic Substitute, Open Approach", "0MU20KZ": "Supplement Left Shoulder Bursa and Ligament with Nonautologous Tissue Substitute, Open Approach", "0MU247Z": "Supplement Left Shoulder Bursa and Ligament with Autologous Tissue Substitute, Percutaneous Endoscopic Approach", "0MU24JZ": "Supplement Left Shoulder Bursa and Ligament with Synthetic Substitute, Percutaneous Endoscopic Approach", "0MU24KZ": "Supplement Left Shoulder Bursa and Ligament with Nonautologous Tissue Substitute, Percutaneous Endoscopic Approach", "0MU307Z": "Supplement Right Elbow Bursa and Ligament with Autologous Tissue Substitute, Open Approach", "0MU30JZ": "Supplement Right Elbow Bursa and Ligament with Synthetic Substitute, Open Approach", "0MU30KZ": "Supplement Right Elbow Bursa and Ligament with Nonautologous Tissue Substitute, Open Approach", "0MU347Z": "Supplement Right Elbow Bursa and Ligament with Autologous Tissue Substitute, Percutaneous Endoscopic Approach", "0MU34JZ": "Supplement Right Elbow Bursa and Ligament with Synthetic Substitute, Percutaneous Endoscopic Approach", "0MU34KZ": "Supplement Right Elbow Bursa and Ligament with Nonautologous Tissue Substitute, Percutaneous Endoscopic Approach", "0MU407Z": "Supplement Left Elbow Bursa and Ligament with Autologous Tissue Substitute, Open Approach", "0MU40JZ": "Supplement Left Elbow Bursa and Ligament with Synthetic Substitute, Open Approach", "0MU40KZ": "Supplement Left Elbow Bursa and Ligament with Nonautologous Tissue Substitute, Open Approach", "0MU447Z": "Supplement Left Elbow Bursa and Ligament with Autologous Tissue Substitute, Percutaneous Endoscopic Approach", "0MU44JZ": "Supplement Left Elbow Bursa and Ligament with Synthetic Substitute, Percutaneous Endoscopic Approach", "0MU44KZ": "Supplement Left Elbow Bursa and Ligament with Nonautologous Tissue Substitute, Percutaneous Endoscopic Approach", "0MU507Z": "Supplement Right Wrist Bursa and Ligament with Autologous Tissue Substitute, Open Approach", "0MU50JZ": "Supplement Right Wrist Bursa and Ligament with Synthetic Substitute, Open Approach", "0MU50KZ": "Supplement Right Wrist Bursa and Ligament with Nonautologous Tissue Substitute, Open Approach", "0MU547Z": "Supplement Right Wrist Bursa and Ligament with Autologous Tissue Substitute, Percutaneous Endoscopic Approach", "0MU54JZ": "Supplement Right Wrist Bursa and Ligament with Synthetic Substitute, Percutaneous Endoscopic Approach", "0MU54KZ": "Supplement Right Wrist Bursa and Ligament with Nonautologous Tissue Substitute, Percutaneous Endoscopic Approach", "0MU607Z": "Supplement Left Wrist Bursa and Ligament with Autologous Tissue Substitute, Open Approach", "0MU60JZ": "Supplement Left Wrist Bursa and Ligament with Synthetic Substitute, Open Approach", "0MU60KZ": "Supplement Left Wrist Bursa and Ligament with Nonautologous Tissue Substitute, Open Approach", "0MU647Z": "Supplement Left Wrist Bursa and Ligament with Autologous Tissue Substitute, Percutaneous Endoscopic Approach", "0MU64JZ": "Supplement Left Wrist Bursa and Ligament with Synthetic Substitute, Percutaneous Endoscopic Approach", "0MU64KZ": "Supplement Left Wrist Bursa and Ligament with Nonautologous Tissue Substitute, Percutaneous Endoscopic Approach", "0MU707Z": "Supplement Right Hand Bursa and Ligament with Autologous Tissue Substitute, Open Approach", "0MU70JZ": "Supplement Right Hand Bursa and Ligament with Synthetic Substitute, Open Approach", "0MU70KZ": "Supplement Right Hand Bursa and Ligament with Nonautologous Tissue Substitute, Open Approach", "0MU747Z": "Supplement Right Hand Bursa and Ligament with Autologous Tissue Substitute, Percutaneous Endoscopic Approach", "0MU74JZ": "Supplement Right Hand Bursa and Ligament with Synthetic Substitute, Percutaneous Endoscopic Approach", "0MU74KZ": "Supplement Right Hand Bursa and Ligament with Nonautologous Tissue Substitute, Percutaneous Endoscopic Approach", "0MU807Z": "Supplement Left Hand Bursa and Ligament with Autologous Tissue Substitute, Open Approach", "0MU80JZ": "Supplement Left Hand Bursa and Ligament with Synthetic Substitute, Open Approach", "0MU80KZ": "Supplement Left Hand Bursa and Ligament with Nonautologous Tissue Substitute, Open Approach", "0MU847Z": "Supplement Left Hand Bursa and Ligament with Autologous Tissue Substitute, Percutaneous Endoscopic Approach", "0MU84JZ": "Supplement Left Hand Bursa and Ligament with Synthetic Substitute, Percutaneous Endoscopic Approach", "0MU84KZ": "Supplement Left Hand Bursa and Ligament with Nonautologous Tissue Substitute, Percutaneous Endoscopic Approach", "0MU907Z": "Supplement Right Upper Extremity Bursa and Ligament with Autologous Tissue Substitute, Open Approach", "0MU90JZ": "Supplement Right Upper Extremity Bursa and Ligament with Synthetic Substitute, Open Approach", "0MU90KZ": "Supplement Right Upper Extremity Bursa and Ligament with Nonautologous Tissue Substitute, Open Approach", "0MU947Z": "Supplement Right Upper Extremity Bursa and Ligament with Autologous Tissue Substitute, Percutaneous Endoscopic Approach", "0MU94JZ": "Supplement Right Upper Extremity Bursa and Ligament with Synthetic Substitute, Percutaneous Endoscopic Approach", "0MU94KZ": "Supplement Right Upper Extremity Bursa and Ligament with Nonautologous Tissue Substitute, Percutaneous Endoscopic Approach", "0MUB07Z": "Supplement Left Upper Extremity Bursa and Ligament with Autologous Tissue Substitute, Open Approach", "0MUB0JZ": "Supplement Left Upper Extremity Bursa and Ligament with Synthetic Substitute, Open Approach", "0MUB0KZ": "Supplement Left Upper Extremity Bursa and Ligament with Nonautologous Tissue Substitute, Open Approach", "0MUB47Z": "Supplement Left Upper Extremity Bursa and Ligament with Autologous Tissue Substitute, Percutaneous Endoscopic Approach", "0MUB4JZ": "Supplement Left Upper Extremity Bursa and Ligament with Synthetic Substitute, Percutaneous Endoscopic Approach", "0MUB4KZ": "Supplement Left Upper Extremity Bursa and Ligament with Nonautologous Tissue Substitute, Percutaneous Endoscopic Approach", "0MUC07Z": "Supplement Upper Spine Bursa and Ligament with Autologous Tissue Substitute, Open Approach", "0MUC0JZ": "Supplement Upper Spine Bursa and Ligament with Synthetic Substitute, Open Approach", "0MUC0KZ": "Supplement Upper Spine Bursa and Ligament with Nonautologous Tissue Substitute, Open Approach", "0MUC47Z": "Supplement Upper Spine Bursa and Ligament with Autologous Tissue Substitute, Percutaneous Endoscopic Approach", "0MUC4JZ": "Supplement Upper Spine Bursa and Ligament with Synthetic Substitute, Percutaneous Endoscopic Approach", "0MUC4KZ": "Supplement Upper Spine Bursa and Ligament with Nonautologous Tissue Substitute, Percutaneous Endoscopic Approach", "0MUD07Z": "Supplement Lower Spine Bursa and Ligament with Autologous Tissue Substitute, Open Approach", "0MUD0JZ": "Supplement Lower Spine Bursa and Ligament with Synthetic Substitute, Open Approach", "0MUD0KZ": "Supplement Lower Spine Bursa and Ligament with Nonautologous Tissue Substitute, Open Approach", "0MUD47Z": "Supplement Lower Spine Bursa and Ligament with Autologous Tissue Substitute, Percutaneous Endoscopic Approach", "0MUD4JZ": "Supplement Lower Spine Bursa and Ligament with Synthetic Substitute, Percutaneous Endoscopic Approach", "0MUD4KZ": "Supplement Lower Spine Bursa and Ligament with Nonautologous Tissue Substitute, Percutaneous Endoscopic Approach", "0MUF07Z": "Supplement Sternum Bursa and Ligament with Autologous Tissue Substitute, Open Approach", "0MUF0JZ": "Supplement Sternum Bursa and Ligament with Synthetic Substitute, Open Approach", "0MUF0KZ": "Supplement Sternum Bursa and Ligament with Nonautologous Tissue Substitute, Open Approach", "0MUF47Z": "Supplement Sternum Bursa and Ligament with Autologous Tissue Substitute, Percutaneous Endoscopic Approach", "0MUF4JZ": "Supplement Sternum Bursa and Ligament with Synthetic Substitute, Percutaneous Endoscopic Approach", "0MUF4KZ": "Supplement Sternum Bursa and Ligament with Nonautologous Tissue Substitute, Percutaneous Endoscopic Approach", "0MUG07Z": "Supplement Rib(s) Bursa and Ligament with Autologous Tissue Substitute, Open Approach", "0MUG0JZ": "Supplement Rib(s) Bursa and Ligament with Synthetic Substitute, Open Approach", "0MUG0KZ": "Supplement Rib(s) Bursa and Ligament with Nonautologous Tissue Substitute, Open Approach", "0MUG47Z": "Supplement Rib(s) Bursa and Ligament with Autologous Tissue Substitute, Percutaneous Endoscopic Approach", "0MUG4JZ": "Supplement Rib(s) Bursa and Ligament with Synthetic Substitute, Percutaneous Endoscopic Approach", "0MUG4KZ": "Supplement Rib(s) Bursa and Ligament with Nonautologous Tissue Substitute, Percutaneous Endoscopic Approach", "0MUH07Z": "Supplement Right Abdomen Bursa and Ligament with Autologous Tissue Substitute, Open Approach", "0MUH0JZ": "Supplement Right Abdomen Bursa and Ligament with Synthetic Substitute, Open Approach", "0MUH0KZ": "Supplement Right Abdomen Bursa and Ligament with Nonautologous Tissue Substitute, Open Approach", "0MUH47Z": "Supplement Right Abdomen Bursa and Ligament with Autologous Tissue Substitute, Percutaneous Endoscopic Approach", "0MUH4JZ": "Supplement Right Abdomen Bursa and Ligament with Synthetic Substitute, Percutaneous Endoscopic Approach", "0MUH4KZ": "Supplement Right Abdomen Bursa and Ligament with Nonautologous Tissue Substitute, Percutaneous Endoscopic Approach", "0MUJ07Z": "Supplement Left Abdomen Bursa and Ligament with Autologous Tissue Substitute, Open Approach", "0MUJ0JZ": "Supplement Left Abdomen Bursa and Ligament with Synthetic Substitute, Open Approach", "0MUJ0KZ": "Supplement Left Abdomen Bursa and Ligament with Nonautologous Tissue Substitute, Open Approach", "0MUJ47Z": "Supplement Left Abdomen Bursa and Ligament with Autologous Tissue Substitute, Percutaneous Endoscopic Approach", "0MUJ4JZ": "Supplement Left Abdomen Bursa and Ligament with Synthetic Substitute, Percutaneous Endoscopic Approach", "0MUJ4KZ": "Supplement Left Abdomen Bursa and Ligament with Nonautologous Tissue Substitute, Percutaneous Endoscopic Approach", "0MUK07Z": "Supplement Perineum Bursa and Ligament with Autologous Tissue Substitute, Open Approach", "0MUK0JZ": "Supplement Perineum Bursa and Ligament with Synthetic Substitute, Open Approach", "0MUK0KZ": "Supplement Perineum Bursa and Ligament with Nonautologous Tissue Substitute, Open Approach", "0MUK47Z": "Supplement Perineum Bursa and Ligament with Autologous Tissue Substitute, Percutaneous Endoscopic Approach", "0MUK4JZ": "Supplement Perineum Bursa and Ligament with Synthetic Substitute, Percutaneous Endoscopic Approach", "0MUK4KZ": "Supplement Perineum Bursa and Ligament with Nonautologous Tissue Substitute, Percutaneous Endoscopic Approach", "0MUL07Z": "Supplement Right Hip Bursa and Ligament with Autologous Tissue Substitute, Open Approach", "0MUL0JZ": "Supplement Right Hip Bursa and Ligament with Synthetic Substitute, Open Approach", "0MUL0KZ": "Supplement Right Hip Bursa and Ligament with Nonautologous Tissue Substitute, Open Approach", "0MUL47Z": "Supplement Right Hip Bursa and Ligament with Autologous Tissue Substitute, Percutaneous Endoscopic Approach", "0MUL4JZ": "Supplement Right Hip Bursa and Ligament with Synthetic Substitute, Percutaneous Endoscopic Approach", "0MUL4KZ": "Supplement Right Hip Bursa and Ligament with Nonautologous Tissue Substitute, Percutaneous Endoscopic Approach", "0MUM07Z": "Supplement Left Hip Bursa and Ligament with Autologous Tissue Substitute, Open Approach", "0MUM0JZ": "Supplement Left Hip Bursa and Ligament with Synthetic Substitute, Open Approach", "0MUM0KZ": "Supplement Left Hip Bursa and Ligament with Nonautologous Tissue Substitute, Open Approach", "0MUM47Z": "Supplement Left Hip Bursa and Ligament with Autologous Tissue Substitute, Percutaneous Endoscopic Approach", "0MUM4JZ": "Supplement Left Hip Bursa and Ligament with Synthetic Substitute, Percutaneous Endoscopic Approach", "0MUM4KZ": "Supplement Left Hip Bursa and Ligament with Nonautologous Tissue Substitute, Percutaneous Endoscopic Approach", "0MUN07Z": "Supplement Right Knee Bursa and Ligament with Autologous Tissue Substitute, Open Approach", "0MUN0JZ": "Supplement Right Knee Bursa and Ligament with Synthetic Substitute, Open Approach", "0MUN0KZ": "Supplement Right Knee Bursa and Ligament with Nonautologous Tissue Substitute, Open Approach", "0MUN47Z": "Supplement Right Knee Bursa and Ligament with Autologous Tissue Substitute, Percutaneous Endoscopic Approach", "0MUN4JZ": "Supplement Right Knee Bursa and Ligament with Synthetic Substitute, Percutaneous Endoscopic Approach", "0MUN4KZ": "Supplement Right Knee Bursa and Ligament with Nonautologous Tissue Substitute, Percutaneous Endoscopic Approach", "0MUP07Z": "Supplement Left Knee Bursa and Ligament with Autologous Tissue Substitute, Open Approach", "0MUP0JZ": "Supplement Left Knee Bursa and Ligament with Synthetic Substitute, Open Approach", "0MUP0KZ": "Supplement Left Knee Bursa and Ligament with Nonautologous Tissue Substitute, Open Approach", "0MUP47Z": "Supplement Left Knee Bursa and Ligament with Autologous Tissue Substitute, Percutaneous Endoscopic Approach", "0MUP4JZ": "Supplement Left Knee Bursa and Ligament with Synthetic Substitute, Percutaneous Endoscopic Approach", "0MUP4KZ": "Supplement Left Knee Bursa and Ligament with Nonautologous Tissue Substitute, Percutaneous Endoscopic Approach", "0MUQ07Z": "Supplement Right Ankle Bursa and Ligament with Autologous Tissue Substitute, Open Approach", "0MUQ0JZ": "Supplement Right Ankle Bursa and Ligament with Synthetic Substitute, Open Approach", "0MUQ0KZ": "Supplement Right Ankle Bursa and Ligament with Nonautologous Tissue Substitute, Open Approach", "0MUQ47Z": "Supplement Right Ankle Bursa and Ligament with Autologous Tissue Substitute, Percutaneous Endoscopic Approach", "0MUQ4JZ": "Supplement Right Ankle Bursa and Ligament with Synthetic Substitute, Percutaneous Endoscopic Approach", "0MUQ4KZ": "Supplement Right Ankle Bursa and Ligament with Nonautologous Tissue Substitute, Percutaneous Endoscopic Approach", "0MUR07Z": "Supplement Left Ankle Bursa and Ligament with Autologous Tissue Substitute, Open Approach", "0MUR0JZ": "Supplement Left Ankle Bursa and Ligament with Synthetic Substitute, Open Approach", "0MUR0KZ": "Supplement Left Ankle Bursa and Ligament with Nonautologous Tissue Substitute, Open Approach", "0MUR47Z": "Supplement Left Ankle Bursa and Ligament with Autologous Tissue Substitute, Percutaneous Endoscopic Approach", "0MUR4JZ": "Supplement Left Ankle Bursa and Ligament with Synthetic Substitute, Percutaneous Endoscopic Approach", "0MUR4KZ": "Supplement Left Ankle Bursa and Ligament with Nonautologous Tissue Substitute, Percutaneous Endoscopic Approach", "0MUS07Z": "Supplement Right Foot Bursa and Ligament with Autologous Tissue Substitute, Open Approach", "0MUS0JZ": "Supplement Right Foot Bursa and Ligament with Synthetic Substitute, Open Approach", "0MUS0KZ": "Supplement Right Foot Bursa and Ligament with Nonautologous Tissue Substitute, Open Approach", "0MUS47Z": "Supplement Right Foot Bursa and Ligament with Autologous Tissue Substitute, Percutaneous Endoscopic Approach", "0MUS4JZ": "Supplement Right Foot Bursa and Ligament with Synthetic Substitute, Percutaneous Endoscopic Approach", "0MUS4KZ": "Supplement Right Foot Bursa and Ligament with Nonautologous Tissue Substitute, Percutaneous Endoscopic Approach", "0MUT07Z": "Supplement Left Foot Bursa and Ligament with Autologous Tissue Substitute, Open Approach", "0MUT0JZ": "Supplement Left Foot Bursa and Ligament with Synthetic Substitute, Open Approach", "0MUT0KZ": "Supplement Left Foot Bursa and Ligament with Nonautologous Tissue Substitute, Open Approach", "0MUT47Z": "Supplement Left Foot Bursa and Ligament with Autologous Tissue Substitute, Percutaneous Endoscopic Approach", "0MUT4JZ": "Supplement Left Foot Bursa and Ligament with Synthetic Substitute, Percutaneous Endoscopic Approach", "0MUT4KZ": "Supplement Left Foot Bursa and Ligament with Nonautologous Tissue Substitute, Percutaneous Endoscopic Approach", "0MUV07Z": "Supplement Right Lower Extremity Bursa and Ligament with Autologous Tissue Substitute, Open Approach", "0MUV0JZ": "Supplement Right Lower Extremity Bursa and Ligament with Synthetic Substitute, Open Approach", "0MUV0KZ": "Supplement Right Lower Extremity Bursa and Ligament with Nonautologous Tissue Substitute, Open Approach", "0MUV47Z": "Supplement Right Lower Extremity Bursa and Ligament with Autologous Tissue Substitute, Percutaneous Endoscopic Approach", "0MUV4JZ": "Supplement Right Lower Extremity Bursa and Ligament with Synthetic Substitute, Percutaneous Endoscopic Approach", "0MUV4KZ": "Supplement Right Lower Extremity Bursa and Ligament with Nonautologous Tissue Substitute, Percutaneous Endoscopic Approach", "0MUW07Z": "Supplement Left Lower Extremity Bursa and Ligament with Autologous Tissue Substitute, Open Approach", "0MUW0JZ": "Supplement Left Lower Extremity Bursa and Ligament with Synthetic Substitute, Open Approach", "0MUW0KZ": "Supplement Left Lower Extremity Bursa and Ligament with Nonautologous Tissue Substitute, Open Approach", "0MUW47Z": "Supplement Left Lower Extremity Bursa and Ligament with Autologous Tissue Substitute, Percutaneous Endoscopic Approach", "0MUW4JZ": "Supplement Left Lower Extremity Bursa and Ligament with Synthetic Substitute, Percutaneous Endoscopic Approach", "0MUW4KZ": "Supplement Left Lower Extremity Bursa and Ligament with Nonautologous Tissue Substitute, Percutaneous Endoscopic Approach"}