{"0MX": "Bursae and Ligaments, Transfer", "0MX00ZZ": "Transfer Head and Neck Bursa and Ligament, Open Approach", "0MX04ZZ": "Transfer Head and Neck Bursa and Ligament, Percutaneous Endoscopic Approach", "0MX10ZZ": "Transfer Right Shoulder Bursa and Ligament, Open Approach", "0MX14ZZ": "Transfer Right Shoulder Bursa and Ligament, Percutaneous Endoscopic Approach", "0MX20ZZ": "Transfer Left Shoulder Bursa and Ligament, Open Approach", "0MX24ZZ": "Transfer Left Shoulder Bursa and Ligament, Percutaneous Endoscopic Approach", "0MX30ZZ": "Transfer Right Elbow Bursa and Ligament, Open Approach", "0MX34ZZ": "Transfer Right Elbow Bursa and Ligament, Percutaneous Endoscopic Approach", "0MX40ZZ": "Transfer Left Elbow Bursa and Ligament, Open Approach", "0MX44ZZ": "Transfer Left Elbow Bursa and Ligament, Percutaneous Endoscopic Approach", "0MX50ZZ": "Transfer Right Wrist Bursa and Ligament, Open Approach", "0MX54ZZ": "Transfer Right Wrist Bursa and Ligament, Percutaneous Endoscopic Approach", "0MX60ZZ": "Transfer Left Wrist Bursa and Ligament, Open Approach", "0MX64ZZ": "Transfer Left Wrist Bursa and Ligament, Percutaneous Endoscopic Approach", "0MX70ZZ": "Transfer Right Hand Bursa and Ligament, Open Approach", "0MX74ZZ": "Transfer Right Hand Bursa and Ligament, Percutaneous Endoscopic Approach", "0MX80ZZ": "Transfer Left Hand Bursa and Ligament, Open Approach", "0MX84ZZ": "Transfer Left Hand Bursa and Ligament, Percutaneous Endoscopic Approach", "0MX90ZZ": "Transfer Right Upper Extremity Bursa and Ligament, Open Approach", "0MX94ZZ": "Transfer Right Upper Extremity Bursa and Ligament, Percutaneous Endoscopic Approach", "0MXB0ZZ": "Transfer Left Upper Extremity Bursa and Ligament, Open Approach", "0MXB4ZZ": "Transfer Left Upper Extremity Bursa and Ligament, Percutaneous Endoscopic Approach", "0MXC0ZZ": "Transfer Upper Spine Bursa and Ligament, Open Approach", "0MXC4ZZ": "Transfer Upper Spine Bursa and Ligament, Percutaneous Endoscopic Approach", "0MXD0ZZ": "Transfer Lower Spine Bursa and Ligament, Open Approach", "0MXD4ZZ": "Transfer Lower Spine Bursa and Ligament, Percutaneous Endoscopic Approach", "0MXF0ZZ": "Transfer Sternum Bursa and Ligament, Open Approach", "0MXF4ZZ": "Transfer Sternum Bursa and Ligament, Percutaneous Endoscopic Approach", "0MXG0ZZ": "Transfer Rib(s) Bursa and Ligament, Open Approach", "0MXG4ZZ": "Transfer Rib(s) Bursa and Ligament, Percutaneous Endoscopic Approach", "0MXH0ZZ": "Transfer Right Abdomen Bursa and Ligament, Open Approach", "0MXH4ZZ": "Transfer Right Abdomen Bursa and Ligament, Percutaneous Endoscopic Approach", "0MXJ0ZZ": "Transfer Left Abdomen Bursa and Ligament, Open Approach", "0MXJ4ZZ": "Transfer Left Abdomen Bursa and Ligament, Percutaneous Endoscopic Approach", "0MXK0ZZ": "Transfer Perineum Bursa and Ligament, Open Approach", "0MXK4ZZ": "Transfer Perineum Bursa and Ligament, Percutaneous Endoscopic Approach", "0MXL0ZZ": "Transfer Right Hip Bursa and Ligament, Open Approach", "0MXL4ZZ": "Transfer Right Hip Bursa and Ligament, Percutaneous Endoscopic Approach", "0MXM0ZZ": "Transfer Left Hip Bursa and Ligament, Open Approach", "0MXM4ZZ": "Transfer Left Hip Bursa and Ligament, Percutaneous Endoscopic Approach", "0MXN0ZZ": "Transfer Right Knee Bursa and Ligament, Open Approach", "0MXN4ZZ": "Transfer Right Knee Bursa and Ligament, Percutaneous Endoscopic Approach", "0MXP0ZZ": "Transfer Left Knee Bursa and Ligament, Open Approach", "0MXP4ZZ": "Transfer Left Knee Bursa and Ligament, Percutaneous Endoscopic Approach", "0MXQ0ZZ": "Transfer Right Ankle Bursa and Ligament, Open Approach", "0MXQ4ZZ": "Transfer Right Ankle Bursa and Ligament, Percutaneous Endoscopic Approach", "0MXR0ZZ": "Transfer Left Ankle Bursa and Ligament, Open Approach", "0MXR4ZZ": "Transfer Left Ankle Bursa and Ligament, Percutaneous Endoscopic Approach", "0MXS0ZZ": "Transfer Right Foot Bursa and Ligament, Open Approach", "0MXS4ZZ": "Transfer Right Foot Bursa and Ligament, Percutaneous Endoscopic Approach", "0MXT0ZZ": "Transfer Left Foot Bursa and Ligament, Open Approach", "0MXT4ZZ": "Transfer Left Foot Bursa and Ligament, Percutaneous Endoscopic Approach", "0MXV0ZZ": "Transfer Right Lower Extremity Bursa and Ligament, Open Approach", "0MXV4ZZ": "Transfer Right Lower Extremity Bursa and Ligament, Percutaneous Endoscopic Approach", "0MXW0ZZ": "Transfer Left Lower Extremity Bursa and Ligament, Open Approach", "0MXW4ZZ": "Transfer Left Lower Extremity Bursa and Ligament, Percutaneous Endoscopic Approach"}