{"0SS": "Lower Joints, Reposition", "0SS004Z": "Reposition Lumbar Vertebral Joint with Internal Fixation Device, Open Approach", "0SS00ZZ": "Reposition Lumbar Vertebral Joint, Open Approach", "0SS034Z": "Reposition Lumbar Vertebral Joint with Internal Fixation Device, Percutaneous Approach", "0SS03ZZ": "Reposition Lumbar Vertebral Joint, Percutaneous Approach", "0SS044Z": "Reposition Lumbar Vertebral Joint with Internal Fixation Device, Percutaneous Endoscopic Approach", "0SS04ZZ": "Reposition Lumbar Vertebral Joint, Percutaneous Endoscopic Approach", "0SS0X4Z": "Reposition Lumbar Vertebral Joint with Internal Fixation Device, External Approach", "0SS0XZZ": "Reposition Lumbar Vertebral Joint, External Approach", "0SS304Z": "Reposition Lumbosacral Joint with Internal Fixation Device, Open Approach", "0SS30ZZ": "Reposition Lumbosacral Joint, Open Approach", "0SS334Z": "Reposition Lumbosacral Joint with Internal Fixation Device, Percutaneous Approach", "0SS33ZZ": "Reposition Lumbosacral Joint, Percutaneous Approach", "0SS344Z": "Reposition Lumbosacral Joint with Internal Fixation Device, Percutaneous Endoscopic Approach", "0SS34ZZ": "Reposition Lumbosacral Joint, Percutaneous Endoscopic Approach", "0SS3X4Z": "Reposition Lumbosacral Joint with Internal Fixation Device, External Approach", "0SS3XZZ": "Reposition Lumbosacral Joint, External Approach", "0SS504Z": "Reposition Sacrococcygeal Joint with Internal Fixation Device, Open Approach", "0SS50ZZ": "Reposition Sacrococcygeal Joint, Open Approach", "0SS534Z": "Reposition Sacrococcygeal Joint with Internal Fixation Device, Percutaneous Approach", "0SS53ZZ": "Reposition Sacrococcygeal Joint, Percutaneous Approach", "0SS544Z": "Reposition Sacrococcygeal Joint with Internal Fixation Device, Percutaneous Endoscopic Approach", "0SS54ZZ": "Reposition Sacrococcygeal Joint, Percutaneous Endoscopic Approach", "0SS5X4Z": "Reposition Sacrococcygeal Joint with Internal Fixation Device, External Approach", "0SS5XZZ": "Reposition Sacrococcygeal Joint, External Approach", "0SS604Z": "Reposition Coccygeal Joint with Internal Fixation Device, Open Approach", "0SS60ZZ": "Reposition Coccygeal Joint, Open Approach", "0SS634Z": "Reposition Coccygeal Joint with Internal Fixation Device, Percutaneous Approach", "0SS63ZZ": "Reposition Coccygeal Joint, Percutaneous Approach", "0SS644Z": "Reposition Coccygeal Joint with Internal Fixation Device, Percutaneous Endoscopic Approach", "0SS64ZZ": "Reposition Coccygeal Joint, Percutaneous Endoscopic Approach", "0SS6X4Z": "Reposition Coccygeal Joint with Internal Fixation Device, External Approach", "0SS6XZZ": "Reposition Coccygeal Joint, External Approach", "0SS704Z": "Reposition Right Sacroiliac Joint with Internal Fixation Device, Open Approach", "0SS70ZZ": "Reposition Right Sacroiliac Joint, Open Approach", "0SS734Z": "Reposition Right Sacroiliac Joint with Internal Fixation Device, Percutaneous Approach", "0SS73ZZ": "Reposition Right Sacroiliac Joint, Percutaneous Approach", "0SS744Z": "Reposition Right Sacroiliac Joint with Internal Fixation Device, Percutaneous Endoscopic Approach", "0SS74ZZ": "Reposition Right Sacroiliac Joint, Percutaneous Endoscopic Approach", "0SS7X4Z": "Reposition Right Sacroiliac Joint with Internal Fixation Device, External Approach", "0SS7XZZ": "Reposition Right Sacroiliac Joint, External Approach", "0SS804Z": "Reposition Left Sacroiliac Joint with Internal Fixation Device, Open Approach", "0SS80ZZ": "Reposition Left Sacroiliac Joint, Open Approach", "0SS834Z": "Reposition Left Sacroiliac Joint with Internal Fixation Device, Percutaneous Approach", "0SS83ZZ": "Reposition Left Sacroiliac Joint, Percutaneous Approach", "0SS844Z": "Reposition Left Sacroiliac Joint with Internal Fixation Device, Percutaneous Endoscopic Approach", "0SS84ZZ": "Reposition Left Sacroiliac Joint, Percutaneous Endoscopic Approach", "0SS8X4Z": "Reposition Left Sacroiliac Joint with Internal Fixation Device, External Approach", "0SS8XZZ": "Reposition Left Sacroiliac Joint, External Approach", "0SS904Z": "Reposition Right Hip Joint with Internal Fixation Device, Open Approach", "0SS905Z": "Reposition Right Hip Joint with External Fixation Device, Open Approach", "0SS90ZZ": "Reposition Right Hip Joint, Open Approach", "0SS934Z": "Reposition Right Hip Joint with Internal Fixation Device, Percutaneous Approach", "0SS935Z": "Reposition Right Hip Joint with External Fixation Device, Percutaneous Approach", "0SS93ZZ": "Reposition Right Hip Joint, Percutaneous Approach", "0SS944Z": "Reposition Right Hip Joint with Internal Fixation Device, Percutaneous Endoscopic Approach", "0SS945Z": "Reposition Right Hip Joint with External Fixation Device, Percutaneous Endoscopic Approach", "0SS94ZZ": "Reposition Right Hip Joint, Percutaneous Endoscopic Approach", "0SS9X4Z": "Reposition Right Hip Joint with Internal Fixation Device, External Approach", "0SS9X5Z": "Reposition Right Hip Joint with External Fixation Device, External Approach", "0SS9XZZ": "Reposition Right Hip Joint, External Approach", "0SSB04Z": "Reposition Left Hip Joint with Internal Fixation Device, Open Approach", "0SSB05Z": "Reposition Left Hip Joint with External Fixation Device, Open Approach", "0SSB0ZZ": "Reposition Left Hip Joint, Open Approach", "0SSB34Z": "Reposition Left Hip Joint with Internal Fixation Device, Percutaneous Approach", "0SSB35Z": "Reposition Left Hip Joint with External Fixation Device, Percutaneous Approach", "0SSB3ZZ": "Reposition Left Hip Joint, Percutaneous Approach", "0SSB44Z": "Reposition Left Hip Joint with Internal Fixation Device, Percutaneous Endoscopic Approach", "0SSB45Z": "Reposition Left Hip Joint with External Fixation Device, Percutaneous Endoscopic Approach", "0SSB4ZZ": "Reposition Left Hip Joint, Percutaneous Endoscopic Approach", "0SSBX4Z": "Reposition Left Hip Joint with Internal Fixation Device, External Approach", "0SSBX5Z": "Reposition Left Hip Joint with External Fixation Device, External Approach", "0SSBXZZ": "Reposition Left Hip Joint, External Approach", "0SSC04Z": "Reposition Right Knee Joint with Internal Fixation Device, Open Approach", "0SSC05Z": "Reposition Right Knee Joint with External Fixation Device, Open Approach", "0SSC0ZZ": "Reposition Right Knee Joint, Open Approach", "0SSC34Z": "Reposition Right Knee Joint with Internal Fixation Device, Percutaneous Approach", "0SSC35Z": "Reposition Right Knee Joint with External Fixation Device, Percutaneous Approach", "0SSC3ZZ": "Reposition Right Knee Joint, Percutaneous Approach", "0SSC44Z": "Reposition Right Knee Joint with Internal Fixation Device, Percutaneous Endoscopic Approach", "0SSC45Z": "Reposition Right Knee Joint with External Fixation Device, Percutaneous Endoscopic Approach", "0SSC4ZZ": "Reposition Right Knee Joint, Percutaneous Endoscopic Approach", "0SSCX4Z": "Reposition Right Knee Joint with Internal Fixation Device, External Approach", "0SSCX5Z": "Reposition Right Knee Joint with External Fixation Device, External Approach", "0SSCXZZ": "Reposition Right Knee Joint, External Approach", "0SSD04Z": "Reposition Left Knee Joint with Internal Fixation Device, Open Approach", "0SSD05Z": "Reposition Left Knee Joint with External Fixation Device, Open Approach", "0SSD0ZZ": "Reposition Left Knee Joint, Open Approach", "0SSD34Z": "Reposition Left Knee Joint with Internal Fixation Device, Percutaneous Approach", "0SSD35Z": "Reposition Left Knee Joint with External Fixation Device, Percutaneous Approach", "0SSD3ZZ": "Reposition Left Knee Joint, Percutaneous Approach", "0SSD44Z": "Reposition Left Knee Joint with Internal Fixation Device, Percutaneous Endoscopic Approach", "0SSD45Z": "Reposition Left Knee Joint with External Fixation Device, Percutaneous Endoscopic Approach", "0SSD4ZZ": "Reposition Left Knee Joint, Percutaneous Endoscopic Approach", "0SSDX4Z": "Reposition Left Knee Joint with Internal Fixation Device, External Approach", "0SSDX5Z": "Reposition Left Knee Joint with External Fixation Device, External Approach", "0SSDXZZ": "Reposition Left Knee Joint, External Approach", "0SSF04Z": "Reposition Right Ankle Joint with Internal Fixation Device, Open Approach", "0SSF05Z": "Reposition Right Ankle Joint with External Fixation Device, Open Approach", "0SSF0ZZ": "Reposition Right Ankle Joint, Open Approach", "0SSF34Z": "Reposition Right Ankle Joint with Internal Fixation Device, Percutaneous Approach", "0SSF35Z": "Reposition Right Ankle Joint with External Fixation Device, Percutaneous Approach", "0SSF3ZZ": "Reposition Right Ankle Joint, Percutaneous Approach", "0SSF44Z": "Reposition Right Ankle Joint with Internal Fixation Device, Percutaneous Endoscopic Approach", "0SSF45Z": "Reposition Right Ankle Joint with External Fixation Device, Percutaneous Endoscopic Approach", "0SSF4ZZ": "Reposition Right Ankle Joint, Percutaneous Endoscopic Approach", "0SSFX4Z": "Reposition Right Ankle Joint with Internal Fixation Device, External Approach", "0SSFX5Z": "Reposition Right Ankle Joint with External Fixation Device, External Approach", "0SSFXZZ": "Reposition Right Ankle Joint, External Approach", "0SSG04Z": "Reposition Left Ankle Joint with Internal Fixation Device, Open Approach", "0SSG05Z": "Reposition Left Ankle Joint with External Fixation Device, Open Approach", "0SSG0ZZ": "Reposition Left Ankle Joint, Open Approach", "0SSG34Z": "Reposition Left Ankle Joint with Internal Fixation Device, Percutaneous Approach", "0SSG35Z": "Reposition Left Ankle Joint with External Fixation Device, Percutaneous Approach", "0SSG3ZZ": "Reposition Left Ankle Joint, Percutaneous Approach", "0SSG44Z": "Reposition Left Ankle Joint with Internal Fixation Device, Percutaneous Endoscopic Approach", "0SSG45Z": "Reposition Left Ankle Joint with External Fixation Device, Percutaneous Endoscopic Approach", "0SSG4ZZ": "Reposition Left Ankle Joint, Percutaneous Endoscopic Approach", "0SSGX4Z": "Reposition Left Ankle Joint with Internal Fixation Device, External Approach", "0SSGX5Z": "Reposition Left Ankle Joint with External Fixation Device, External Approach", "0SSGXZZ": "Reposition Left Ankle Joint, External Approach", "0SSH04Z": "Reposition Right Tarsal Joint with Internal Fixation Device, Open Approach", "0SSH05Z": "Reposition Right Tarsal Joint with External Fixation Device, Open Approach", "0SSH0ZZ": "Reposition Right Tarsal Joint, Open Approach", "0SSH34Z": "Reposition Right Tarsal Joint with Internal Fixation Device, Percutaneous Approach", "0SSH35Z": "Reposition Right Tarsal Joint with External Fixation Device, Percutaneous Approach", "0SSH3ZZ": "Reposition Right Tarsal Joint, Percutaneous Approach", "0SSH44Z": "Reposition Right Tarsal Joint with Internal Fixation Device, Percutaneous Endoscopic Approach", "0SSH45Z": "Reposition Right Tarsal Joint with External Fixation Device, Percutaneous Endoscopic Approach", "0SSH4ZZ": "Reposition Right Tarsal Joint, Percutaneous Endoscopic Approach", "0SSHX4Z": "Reposition Right Tarsal Joint with Internal Fixation Device, External Approach", "0SSHX5Z": "Reposition Right Tarsal Joint with External Fixation Device, External Approach", "0SSHXZZ": "Reposition Right Tarsal Joint, External Approach", "0SSJ04Z": "Reposition Left Tarsal Joint with Internal Fixation Device, Open Approach", "0SSJ05Z": "Reposition Left Tarsal Joint with External Fixation Device, Open Approach", "0SSJ0ZZ": "Reposition Left Tarsal Joint, Open Approach", "0SSJ34Z": "Reposition Left Tarsal Joint with Internal Fixation Device, Percutaneous Approach", "0SSJ35Z": "Reposition Left Tarsal Joint with External Fixation Device, Percutaneous Approach", "0SSJ3ZZ": "Reposition Left Tarsal Joint, Percutaneous Approach", "0SSJ44Z": "Reposition Left Tarsal Joint with Internal Fixation Device, Percutaneous Endoscopic Approach", "0SSJ45Z": "Reposition Left Tarsal Joint with External Fixation Device, Percutaneous Endoscopic Approach", "0SSJ4ZZ": "Reposition Left Tarsal Joint, Percutaneous Endoscopic Approach", "0SSJX4Z": "Reposition Left Tarsal Joint with Internal Fixation Device, External Approach", "0SSJX5Z": "Reposition Left Tarsal Joint with External Fixation Device, External Approach", "0SSJXZZ": "Reposition Left Tarsal Joint, External Approach", "0SSK04Z": "Reposition Right Tarsometatarsal Joint with Internal Fixation Device, Open Approach", "0SSK05Z": "Reposition Right Tarsometatarsal Joint with External Fixation Device, Open Approach", "0SSK0ZZ": "Reposition Right Tarsometatarsal Joint, Open Approach", "0SSK34Z": "Reposition Right Tarsometatarsal Joint with Internal Fixation Device, Percutaneous Approach", "0SSK35Z": "Reposition Right Tarsometatarsal Joint with External Fixation Device, Percutaneous Approach", "0SSK3ZZ": "Reposition Right Tarsometatarsal Joint, Percutaneous Approach", "0SSK44Z": "Reposition Right Tarsometatarsal Joint with Internal Fixation Device, Percutaneous Endoscopic Approach", "0SSK45Z": "Reposition Right Tarsometatarsal Joint with External Fixation Device, Percutaneous Endoscopic Approach", "0SSK4ZZ": "Reposition Right Tarsometatarsal Joint, Percutaneous Endoscopic Approach", "0SSKX4Z": "Reposition Right Tarsometatarsal Joint with Internal Fixation Device, External Approach", "0SSKX5Z": "Reposition Right Tarsometatarsal Joint with External Fixation Device, External Approach", "0SSKXZZ": "Reposition Right Tarsometatarsal Joint, External Approach", "0SSL04Z": "Reposition Left Tarsometatarsal Joint with Internal Fixation Device, Open Approach", "0SSL05Z": "Reposition Left Tarsometatarsal Joint with External Fixation Device, Open Approach", "0SSL0ZZ": "Reposition Left Tarsometatarsal Joint, Open Approach", "0SSL34Z": "Reposition Left Tarsometatarsal Joint with Internal Fixation Device, Percutaneous Approach", "0SSL35Z": "Reposition Left Tarsometatarsal Joint with External Fixation Device, Percutaneous Approach", "0SSL3ZZ": "Reposition Left Tarsometatarsal Joint, Percutaneous Approach", "0SSL44Z": "Reposition Left Tarsometatarsal Joint with Internal Fixation Device, Percutaneous Endoscopic Approach", "0SSL45Z": "Reposition Left Tarsometatarsal Joint with External Fixation Device, Percutaneous Endoscopic Approach", "0SSL4ZZ": "Reposition Left Tarsometatarsal Joint, Percutaneous Endoscopic Approach", "0SSLX4Z": "Reposition Left Tarsometatarsal Joint with Internal Fixation Device, External Approach", "0SSLX5Z": "Reposition Left Tarsometatarsal Joint with External Fixation Device, External Approach", "0SSLXZZ": "Reposition Left Tarsometatarsal Joint, External Approach", "0SSM04Z": "Reposition Right Metatarsal-Phalangeal Joint with Internal Fixation Device, Open Approach", "0SSM05Z": "Reposition Right Metatarsal-Phalangeal Joint with External Fixation Device, Open Approach", "0SSM0ZZ": "Reposition Right Metatarsal-Phalangeal Joint, Open Approach", "0SSM34Z": "Reposition Right Metatarsal-Phalangeal Joint with Internal Fixation Device, Percutaneous Approach", "0SSM35Z": "Reposition Right Metatarsal-Phalangeal Joint with External Fixation Device, Percutaneous Approach", "0SSM3ZZ": "Reposition Right Metatarsal-Phalangeal Joint, Percutaneous Approach", "0SSM44Z": "Reposition Right Metatarsal-Phalangeal Joint with Internal Fixation Device, Percutaneous Endoscopic Approach", "0SSM45Z": "Reposition Right Metatarsal-Phalangeal Joint with External Fixation Device, Percutaneous Endoscopic Approach", "0SSM4ZZ": "Reposition Right Metatarsal-Phalangeal Joint, Percutaneous Endoscopic Approach", "0SSMX4Z": "Reposition Right Metatarsal-Phalangeal Joint with Internal Fixation Device, External Approach", "0SSMX5Z": "Reposition Right Metatarsal-Phalangeal Joint with External Fixation Device, External Approach", "0SSMXZZ": "Reposition Right Metatarsal-Phalangeal Joint, External Approach", "0SSN04Z": "Reposition Left Metatarsal-Phalangeal Joint with Internal Fixation Device, Open Approach", "0SSN05Z": "Reposition Left Metatarsal-Phalangeal Joint with External Fixation Device, Open Approach", "0SSN0ZZ": "Reposition Left Metatarsal-Phalangeal Joint, Open Approach", "0SSN34Z": "Reposition Left Metatarsal-Phalangeal Joint with Internal Fixation Device, Percutaneous Approach", "0SSN35Z": "Reposition Left Metatarsal-Phalangeal Joint with External Fixation Device, Percutaneous Approach", "0SSN3ZZ": "Reposition Left Metatarsal-Phalangeal Joint, Percutaneous Approach", "0SSN44Z": "Reposition Left Metatarsal-Phalangeal Joint with Internal Fixation Device, Percutaneous Endoscopic Approach", "0SSN45Z": "Reposition Left Metatarsal-Phalangeal Joint with External Fixation Device, Percutaneous Endoscopic Approach", "0SSN4ZZ": "Reposition Left Metatarsal-Phalangeal Joint, Percutaneous Endoscopic Approach", "0SSNX4Z": "Reposition Left Metatarsal-Phalangeal Joint with Internal Fixation Device, External Approach", "0SSNX5Z": "Reposition Left Metatarsal-Phalangeal Joint with External Fixation Device, External Approach", "0SSNXZZ": "Reposition Left Metatarsal-Phalangeal Joint, External Approach", "0SSP04Z": "Reposition Right Toe Phalangeal Joint with Internal Fixation Device, Open Approach", "0SSP05Z": "Reposition Right Toe Phalangeal Joint with External Fixation Device, Open Approach", "0SSP0ZZ": "Reposition Right Toe Phalangeal Joint, Open Approach", "0SSP34Z": "Reposition Right Toe Phalangeal Joint with Internal Fixation Device, Percutaneous Approach", "0SSP35Z": "Reposition Right Toe Phalangeal Joint with External Fixation Device, Percutaneous Approach", "0SSP3ZZ": "Reposition Right Toe Phalangeal Joint, Percutaneous Approach", "0SSP44Z": "Reposition Right Toe Phalangeal Joint with Internal Fixation Device, Percutaneous Endoscopic Approach", "0SSP45Z": "Reposition Right Toe Phalangeal Joint with External Fixation Device, Percutaneous Endoscopic Approach", "0SSP4ZZ": "Reposition Right Toe Phalangeal Joint, Percutaneous Endoscopic Approach", "0SSPX4Z": "Reposition Right Toe Phalangeal Joint with Internal Fixation Device, External Approach", "0SSPX5Z": "Reposition Right Toe Phalangeal Joint with External Fixation Device, External Approach", "0SSPXZZ": "Reposition Right Toe Phalangeal Joint, External Approach", "0SSQ04Z": "Reposition Left Toe Phalangeal Joint with Internal Fixation Device, Open Approach", "0SSQ05Z": "Reposition Left Toe Phalangeal Joint with External Fixation Device, Open Approach", "0SSQ0ZZ": "Reposition Left Toe Phalangeal Joint, Open Approach", "0SSQ34Z": "Reposition Left Toe Phalangeal Joint with Internal Fixation Device, Percutaneous Approach", "0SSQ35Z": "Reposition Left Toe Phalangeal Joint with External Fixation Device, Percutaneous Approach", "0SSQ3ZZ": "Reposition Left Toe Phalangeal Joint, Percutaneous Approach", "0SSQ44Z": "Reposition Left Toe Phalangeal Joint with Internal Fixation Device, Percutaneous Endoscopic Approach", "0SSQ45Z": "Reposition Left Toe Phalangeal Joint with External Fixation Device, Percutaneous Endoscopic Approach", "0SSQ4ZZ": "Reposition Left Toe Phalangeal Joint, Percutaneous Endoscopic Approach", "0SSQX4Z": "Reposition Left Toe Phalangeal Joint with Internal Fixation Device, External Approach", "0SSQX5Z": "Reposition Left Toe Phalangeal Joint with External Fixation Device, External Approach", "0SSQXZZ": "Reposition Left Toe Phalangeal Joint, External Approach"}