{"0SW": "Lower Joints, Revision", "0SW000Z": "Revision of Drainage Device in Lumbar Vertebral Joint, Open Approach", "0SW003Z": "Revision of Infusion Device in Lumbar Vertebral Joint, Open Approach", "0SW004Z": "Revision of Internal Fixation Device in Lumbar Vertebral Joint, Open Approach", "0SW007Z": "Revision of Autologous Tissue Substitute in Lumbar Vertebral Joint, Open Approach", "0SW008Z": "Revision of Spacer in Lumbar Vertebral Joint, Open Approach", "0SW00AZ": "Revision of Interbody Fusion Device in Lumbar Vertebral Joint, Open Approach", "0SW00JZ": "Revision of Synthetic Substitute in Lumbar Vertebral Joint, Open Approach", "0SW00KZ": "Revision of Nonautologous Tissue Substitute in Lumbar Vertebral Joint, Open Approach", "0SW030Z": "Revision of Drainage Device in Lumbar Vertebral Joint, Percutaneous Approach", "0SW033Z": "Revision of Infusion Device in Lumbar Vertebral Joint, Percutaneous Approach", "0SW034Z": "Revision of Internal Fixation Device in Lumbar Vertebral Joint, Percutaneous Approach", "0SW037Z": "Revision of Autologous Tissue Substitute in Lumbar Vertebral Joint, Percutaneous Approach", "0SW038Z": "Revision of Spacer in Lumbar Vertebral Joint, Percutaneous Approach", "0SW03AZ": "Revision of Interbody Fusion Device in Lumbar Vertebral Joint, Percutaneous Approach", "0SW03JZ": "Revision of Synthetic Substitute in Lumbar Vertebral Joint, Percutaneous Approach", "0SW03KZ": "Revision of Nonautologous Tissue Substitute in Lumbar Vertebral Joint, Percutaneous Approach", "0SW040Z": "Revision of Drainage Device in Lumbar Vertebral Joint, Percutaneous Endoscopic Approach", "0SW043Z": "Revision of Infusion Device in Lumbar Vertebral Joint, Percutaneous Endoscopic Approach", "0SW044Z": "Revision of Internal Fixation Device in Lumbar Vertebral Joint, Percutaneous Endoscopic Approach", "0SW047Z": "Revision of Autologous Tissue Substitute in Lumbar Vertebral Joint, Percutaneous Endoscopic Approach", "0SW048Z": "Revision of Spacer in Lumbar Vertebral Joint, Percutaneous Endoscopic Approach", "0SW04AZ": "Revision of Interbody Fusion Device in Lumbar Vertebral Joint, Percutaneous Endoscopic Approach", "0SW04JZ": "Revision of Synthetic Substitute in Lumbar Vertebral Joint, Percutaneous Endoscopic Approach", "0SW04KZ": "Revision of Nonautologous Tissue Substitute in Lumbar Vertebral Joint, Percutaneous Endoscopic Approach", "0SW0X0Z": "Revision of Drainage Device in Lumbar Vertebral Joint, External Approach", "0SW0X3Z": "Revision of Infusion Device in Lumbar Vertebral Joint, External Approach", "0SW0X4Z": "Revision of Internal Fixation Device in Lumbar Vertebral Joint, External Approach", "0SW0X7Z": "Revision of Autologous Tissue Substitute in Lumbar Vertebral Joint, External Approach", "0SW0X8Z": "Revision of Spacer in Lumbar Vertebral Joint, External Approach", "0SW0XAZ": "Revision of Interbody Fusion Device in Lumbar Vertebral Joint, External Approach", "0SW0XJZ": "Revision of Synthetic Substitute in Lumbar Vertebral Joint, External Approach", "0SW0XKZ": "Revision of Nonautologous Tissue Substitute in Lumbar Vertebral Joint, External Approach", "0SW200Z": "Revision of Drainage Device in Lumbar Vertebral Disc, Open Approach", "0SW203Z": "Revision of Infusion Device in Lumbar Vertebral Disc, Open Approach", "0SW207Z": "Revision of Autologous Tissue Substitute in Lumbar Vertebral Disc, Open Approach", "0SW20JZ": "Revision of Synthetic Substitute in Lumbar Vertebral Disc, Open Approach", "0SW20KZ": "Revision of Nonautologous Tissue Substitute in Lumbar Vertebral Disc, Open Approach", "0SW230Z": "Revision of Drainage Device in Lumbar Vertebral Disc, Percutaneous Approach", "0SW233Z": "Revision of Infusion Device in Lumbar Vertebral Disc, Percutaneous Approach", "0SW237Z": "Revision of Autologous Tissue Substitute in Lumbar Vertebral Disc, Percutaneous Approach", "0SW23JZ": "Revision of Synthetic Substitute in Lumbar Vertebral Disc, Percutaneous Approach", "0SW23KZ": "Revision of Nonautologous Tissue Substitute in Lumbar Vertebral Disc, Percutaneous Approach", "0SW240Z": "Revision of Drainage Device in Lumbar Vertebral Disc, Percutaneous Endoscopic Approach", "0SW243Z": "Revision of Infusion Device in Lumbar Vertebral Disc, Percutaneous Endoscopic Approach", "0SW247Z": "Revision of Autologous Tissue Substitute in Lumbar Vertebral Disc, Percutaneous Endoscopic Approach", "0SW24JZ": "Revision of Synthetic Substitute in Lumbar Vertebral Disc, Percutaneous Endoscopic Approach", "0SW24KZ": "Revision of Nonautologous Tissue Substitute in Lumbar Vertebral Disc, Percutaneous Endoscopic Approach", "0SW2X0Z": "Revision of Drainage Device in Lumbar Vertebral Disc, External Approach", "0SW2X3Z": "Revision of Infusion Device in Lumbar Vertebral Disc, External Approach", "0SW2X7Z": "Revision of Autologous Tissue Substitute in Lumbar Vertebral Disc, External Approach", "0SW2XJZ": "Revision of Synthetic Substitute in Lumbar Vertebral Disc, External Approach", "0SW2XKZ": "Revision of Nonautologous Tissue Substitute in Lumbar Vertebral Disc, External Approach", "0SW300Z": "Revision of Drainage Device in Lumbosacral Joint, Open Approach", "0SW303Z": "Revision of Infusion Device in Lumbosacral Joint, Open Approach", "0SW304Z": "Revision of Internal Fixation Device in Lumbosacral Joint, Open Approach", "0SW307Z": "Revision of Autologous Tissue Substitute in Lumbosacral Joint, Open Approach", "0SW308Z": "Revision of Spacer in Lumbosacral Joint, Open Approach", "0SW30AZ": "Revision of Interbody Fusion Device in Lumbosacral Joint, Open Approach", "0SW30JZ": "Revision of Synthetic Substitute in Lumbosacral Joint, Open Approach", "0SW30KZ": "Revision of Nonautologous Tissue Substitute in Lumbosacral Joint, Open Approach", "0SW330Z": "Revision of Drainage Device in Lumbosacral Joint, Percutaneous Approach", "0SW333Z": "Revision of Infusion Device in Lumbosacral Joint, Percutaneous Approach", "0SW334Z": "Revision of Internal Fixation Device in Lumbosacral Joint, Percutaneous Approach", "0SW337Z": "Revision of Autologous Tissue Substitute in Lumbosacral Joint, Percutaneous Approach", "0SW338Z": "Revision of Spacer in Lumbosacral Joint, Percutaneous Approach", "0SW33AZ": "Revision of Interbody Fusion Device in Lumbosacral Joint, Percutaneous Approach", "0SW33JZ": "Revision of Synthetic Substitute in Lumbosacral Joint, Percutaneous Approach", "0SW33KZ": "Revision of Nonautologous Tissue Substitute in Lumbosacral Joint, Percutaneous Approach", "0SW340Z": "Revision of Drainage Device in Lumbosacral Joint, Percutaneous Endoscopic Approach", "0SW343Z": "Revision of Infusion Device in Lumbosacral Joint, Percutaneous Endoscopic Approach", "0SW344Z": "Revision of Internal Fixation Device in Lumbosacral Joint, Percutaneous Endoscopic Approach", "0SW347Z": "Revision of Autologous Tissue Substitute in Lumbosacral Joint, Percutaneous Endoscopic Approach", "0SW348Z": "Revision of Spacer in Lumbosacral Joint, Percutaneous Endoscopic Approach", "0SW34AZ": "Revision of Interbody Fusion Device in Lumbosacral Joint, Percutaneous Endoscopic Approach", "0SW34JZ": "Revision of Synthetic Substitute in Lumbosacral Joint, Percutaneous Endoscopic Approach", "0SW34KZ": "Revision of Nonautologous Tissue Substitute in Lumbosacral Joint, Percutaneous Endoscopic Approach", "0SW3X0Z": "Revision of Drainage Device in Lumbosacral Joint, External Approach", "0SW3X3Z": "Revision of Infusion Device in Lumbosacral Joint, External Approach", "0SW3X4Z": "Revision of Internal Fixation Device in Lumbosacral Joint, External Approach", "0SW3X7Z": "Revision of Autologous Tissue Substitute in Lumbosacral Joint, External Approach", "0SW3X8Z": "Revision of Spacer in Lumbosacral Joint, External Approach", "0SW3XAZ": "Revision of Interbody Fusion Device in Lumbosacral Joint, External Approach", "0SW3XJZ": "Revision of Synthetic Substitute in Lumbosacral Joint, External Approach", "0SW3XKZ": "Revision of Nonautologous Tissue Substitute in Lumbosacral Joint, External Approach", "0SW400Z": "Revision of Drainage Device in Lumbosacral Disc, Open Approach", "0SW403Z": "Revision of Infusion Device in Lumbosacral Disc, Open Approach", "0SW407Z": "Revision of Autologous Tissue Substitute in Lumbosacral Disc, Open Approach", "0SW40JZ": "Revision of Synthetic Substitute in Lumbosacral Disc, Open Approach", "0SW40KZ": "Revision of Nonautologous Tissue Substitute in Lumbosacral Disc, Open Approach", "0SW430Z": "Revision of Drainage Device in Lumbosacral Disc, Percutaneous Approach", "0SW433Z": "Revision of Infusion Device in Lumbosacral Disc, Percutaneous Approach", "0SW437Z": "Revision of Autologous Tissue Substitute in Lumbosacral Disc, Percutaneous Approach", "0SW43JZ": "Revision of Synthetic Substitute in Lumbosacral Disc, Percutaneous Approach", "0SW43KZ": "Revision of Nonautologous Tissue Substitute in Lumbosacral Disc, Percutaneous Approach", "0SW440Z": "Revision of Drainage Device in Lumbosacral Disc, Percutaneous Endoscopic Approach", "0SW443Z": "Revision of Infusion Device in Lumbosacral Disc, Percutaneous Endoscopic Approach", "0SW447Z": "Revision of Autologous Tissue Substitute in Lumbosacral Disc, Percutaneous Endoscopic Approach", "0SW44JZ": "Revision of Synthetic Substitute in Lumbosacral Disc, Percutaneous Endoscopic Approach", "0SW44KZ": "Revision of Nonautologous Tissue Substitute in Lumbosacral Disc, Percutaneous Endoscopic Approach", "0SW4X0Z": "Revision of Drainage Device in Lumbosacral Disc, External Approach", "0SW4X3Z": "Revision of Infusion Device in Lumbosacral Disc, External Approach", "0SW4X7Z": "Revision of Autologous Tissue Substitute in Lumbosacral Disc, External Approach", "0SW4XJZ": "Revision of Synthetic Substitute in Lumbosacral Disc, External Approach", "0SW4XKZ": "Revision of Nonautologous Tissue Substitute in Lumbosacral Disc, External Approach", "0SW500Z": "Revision of Drainage Device in Sacrococcygeal Joint, Open Approach", "0SW503Z": "Revision of Infusion Device in Sacrococcygeal Joint, Open Approach", "0SW504Z": "Revision of Internal Fixation Device in Sacrococcygeal Joint, Open Approach", "0SW507Z": "Revision of Autologous Tissue Substitute in Sacrococcygeal Joint, Open Approach", "0SW508Z": "Revision of Spacer in Sacrococcygeal Joint, Open Approach", "0SW50JZ": "Revision of Synthetic Substitute in Sacrococcygeal Joint, Open Approach", "0SW50KZ": "Revision of Nonautologous Tissue Substitute in Sacrococcygeal Joint, Open Approach", "0SW530Z": "Revision of Drainage Device in Sacrococcygeal Joint, Percutaneous Approach", "0SW533Z": "Revision of Infusion Device in Sacrococcygeal Joint, Percutaneous Approach", "0SW534Z": "Revision of Internal Fixation Device in Sacrococcygeal Joint, Percutaneous Approach", "0SW537Z": "Revision of Autologous Tissue Substitute in Sacrococcygeal Joint, Percutaneous Approach", "0SW538Z": "Revision of Spacer in Sacrococcygeal Joint, Percutaneous Approach", "0SW53JZ": "Revision of Synthetic Substitute in Sacrococcygeal Joint, Percutaneous Approach", "0SW53KZ": "Revision of Nonautologous Tissue Substitute in Sacrococcygeal Joint, Percutaneous Approach", "0SW540Z": "Revision of Drainage Device in Sacrococcygeal Joint, Percutaneous Endoscopic Approach", "0SW543Z": "Revision of Infusion Device in Sacrococcygeal Joint, Percutaneous Endoscopic Approach", "0SW544Z": "Revision of Internal Fixation Device in Sacrococcygeal Joint, Percutaneous Endoscopic Approach", "0SW547Z": "Revision of Autologous Tissue Substitute in Sacrococcygeal Joint, Percutaneous Endoscopic Approach", "0SW548Z": "Revision of Spacer in Sacrococcygeal Joint, Percutaneous Endoscopic Approach", "0SW54JZ": "Revision of Synthetic Substitute in Sacrococcygeal Joint, Percutaneous Endoscopic Approach", "0SW54KZ": "Revision of Nonautologous Tissue Substitute in Sacrococcygeal Joint, Percutaneous Endoscopic Approach", "0SW5X0Z": "Revision of Drainage Device in Sacrococcygeal Joint, External Approach", "0SW5X3Z": "Revision of Infusion Device in Sacrococcygeal Joint, External Approach", "0SW5X4Z": "Revision of Internal Fixation Device in Sacrococcygeal Joint, External Approach", "0SW5X7Z": "Revision of Autologous Tissue Substitute in Sacrococcygeal Joint, External Approach", "0SW5X8Z": "Revision of Spacer in Sacrococcygeal Joint, External Approach", "0SW5XJZ": "Revision of Synthetic Substitute in Sacrococcygeal Joint, External Approach", "0SW5XKZ": "Revision of Nonautologous Tissue Substitute in Sacrococcygeal Joint, External Approach", "0SW600Z": "Revision of Drainage Device in Coccygeal Joint, Open Approach", "0SW603Z": "Revision of Infusion Device in Coccygeal Joint, Open Approach", "0SW604Z": "Revision of Internal Fixation Device in Coccygeal Joint, Open Approach", "0SW607Z": "Revision of Autologous Tissue Substitute in Coccygeal Joint, Open Approach", "0SW608Z": "Revision of Spacer in Coccygeal Joint, Open Approach", "0SW60JZ": "Revision of Synthetic Substitute in Coccygeal Joint, Open Approach", "0SW60KZ": "Revision of Nonautologous Tissue Substitute in Coccygeal Joint, Open Approach", "0SW630Z": "Revision of Drainage Device in Coccygeal Joint, Percutaneous Approach", "0SW633Z": "Revision of Infusion Device in Coccygeal Joint, Percutaneous Approach", "0SW634Z": "Revision of Internal Fixation Device in Coccygeal Joint, Percutaneous Approach", "0SW637Z": "Revision of Autologous Tissue Substitute in Coccygeal Joint, Percutaneous Approach", "0SW638Z": "Revision of Spacer in Coccygeal Joint, Percutaneous Approach", "0SW63JZ": "Revision of Synthetic Substitute in Coccygeal Joint, Percutaneous Approach", "0SW63KZ": "Revision of Nonautologous Tissue Substitute in Coccygeal Joint, Percutaneous Approach", "0SW640Z": "Revision of Drainage Device in Coccygeal Joint, Percutaneous Endoscopic Approach", "0SW643Z": "Revision of Infusion Device in Coccygeal Joint, Percutaneous Endoscopic Approach", "0SW644Z": "Revision of Internal Fixation Device in Coccygeal Joint, Percutaneous Endoscopic Approach", "0SW647Z": "Revision of Autologous Tissue Substitute in Coccygeal Joint, Percutaneous Endoscopic Approach", "0SW648Z": "Revision of Spacer in Coccygeal Joint, Percutaneous Endoscopic Approach", "0SW64JZ": "Revision of Synthetic Substitute in Coccygeal Joint, Percutaneous Endoscopic Approach", "0SW64KZ": "Revision of Nonautologous Tissue Substitute in Coccygeal Joint, Percutaneous Endoscopic Approach", "0SW6X0Z": "Revision of Drainage Device in Coccygeal Joint, External Approach", "0SW6X3Z": "Revision of Infusion Device in Coccygeal Joint, External Approach", "0SW6X4Z": "Revision of Internal Fixation Device in Coccygeal Joint, External Approach", "0SW6X7Z": "Revision of Autologous Tissue Substitute in Coccygeal Joint, External Approach", "0SW6X8Z": "Revision of Spacer in Coccygeal Joint, External Approach", "0SW6XJZ": "Revision of Synthetic Substitute in Coccygeal Joint, External Approach", "0SW6XKZ": "Revision of Nonautologous Tissue Substitute in Coccygeal Joint, External Approach", "0SW700Z": "Revision of Drainage Device in Right Sacroiliac Joint, Open Approach", "0SW703Z": "Revision of Infusion Device in Right Sacroiliac Joint, Open Approach", "0SW704Z": "Revision of Internal Fixation Device in Right Sacroiliac Joint, Open Approach", "0SW707Z": "Revision of Autologous Tissue Substitute in Right Sacroiliac Joint, Open Approach", "0SW708Z": "Revision of Spacer in Right Sacroiliac Joint, Open Approach", "0SW70JZ": "Revision of Synthetic Substitute in Right Sacroiliac Joint, Open Approach", "0SW70KZ": "Revision of Nonautologous Tissue Substitute in Right Sacroiliac Joint, Open Approach", "0SW730Z": "Revision of Drainage Device in Right Sacroiliac Joint, Percutaneous Approach", "0SW733Z": "Revision of Infusion Device in Right Sacroiliac Joint, Percutaneous Approach", "0SW734Z": "Revision of Internal Fixation Device in Right Sacroiliac Joint, Percutaneous Approach", "0SW737Z": "Revision of Autologous Tissue Substitute in Right Sacroiliac Joint, Percutaneous Approach", "0SW738Z": "Revision of Spacer in Right Sacroiliac Joint, Percutaneous Approach", "0SW73JZ": "Revision of Synthetic Substitute in Right Sacroiliac Joint, Percutaneous Approach", "0SW73KZ": "Revision of Nonautologous Tissue Substitute in Right Sacroiliac Joint, Percutaneous Approach", "0SW740Z": "Revision of Drainage Device in Right Sacroiliac Joint, Percutaneous Endoscopic Approach", "0SW743Z": "Revision of Infusion Device in Right Sacroiliac Joint, Percutaneous Endoscopic Approach", "0SW744Z": "Revision of Internal Fixation Device in Right Sacroiliac Joint, Percutaneous Endoscopic Approach", "0SW747Z": "Revision of Autologous Tissue Substitute in Right Sacroiliac Joint, Percutaneous Endoscopic Approach", "0SW748Z": "Revision of Spacer in Right Sacroiliac Joint, Percutaneous Endoscopic Approach", "0SW74JZ": "Revision of Synthetic Substitute in Right Sacroiliac Joint, Percutaneous Endoscopic Approach", "0SW74KZ": "Revision of Nonautologous Tissue Substitute in Right Sacroiliac Joint, Percutaneous Endoscopic Approach", "0SW7X0Z": "Revision of Drainage Device in Right Sacroiliac Joint, External Approach", "0SW7X3Z": "Revision of Infusion Device in Right Sacroiliac Joint, External Approach", "0SW7X4Z": "Revision of Internal Fixation Device in Right Sacroiliac Joint, External Approach", "0SW7X7Z": "Revision of Autologous Tissue Substitute in Right Sacroiliac Joint, External Approach", "0SW7X8Z": "Revision of Spacer in Right Sacroiliac Joint, External Approach", "0SW7XJZ": "Revision of Synthetic Substitute in Right Sacroiliac Joint, External Approach", "0SW7XKZ": "Revision of Nonautologous Tissue Substitute in Right Sacroiliac Joint, External Approach", "0SW800Z": "Revision of Drainage Device in Left Sacroiliac Joint, Open Approach", "0SW803Z": "Revision of Infusion Device in Left Sacroiliac Joint, Open Approach", "0SW804Z": "Revision of Internal Fixation Device in Left Sacroiliac Joint, Open Approach", "0SW807Z": "Revision of Autologous Tissue Substitute in Left Sacroiliac Joint, Open Approach", "0SW808Z": "Revision of Spacer in Left Sacroiliac Joint, Open Approach", "0SW80JZ": "Revision of Synthetic Substitute in Left Sacroiliac Joint, Open Approach", "0SW80KZ": "Revision of Nonautologous Tissue Substitute in Left Sacroiliac Joint, Open Approach", "0SW830Z": "Revision of Drainage Device in Left Sacroiliac Joint, Percutaneous Approach", "0SW833Z": "Revision of Infusion Device in Left Sacroiliac Joint, Percutaneous Approach", "0SW834Z": "Revision of Internal Fixation Device in Left Sacroiliac Joint, Percutaneous Approach", "0SW837Z": "Revision of Autologous Tissue Substitute in Left Sacroiliac Joint, Percutaneous Approach", "0SW838Z": "Revision of Spacer in Left Sacroiliac Joint, Percutaneous Approach", "0SW83JZ": "Revision of Synthetic Substitute in Left Sacroiliac Joint, Percutaneous Approach", "0SW83KZ": "Revision of Nonautologous Tissue Substitute in Left Sacroiliac Joint, Percutaneous Approach", "0SW840Z": "Revision of Drainage Device in Left Sacroiliac Joint, Percutaneous Endoscopic Approach", "0SW843Z": "Revision of Infusion Device in Left Sacroiliac Joint, Percutaneous Endoscopic Approach", "0SW844Z": "Revision of Internal Fixation Device in Left Sacroiliac Joint, Percutaneous Endoscopic Approach", "0SW847Z": "Revision of Autologous Tissue Substitute in Left Sacroiliac Joint, Percutaneous Endoscopic Approach", "0SW848Z": "Revision of Spacer in Left Sacroiliac Joint, Percutaneous Endoscopic Approach", "0SW84JZ": "Revision of Synthetic Substitute in Left Sacroiliac Joint, Percutaneous Endoscopic Approach", "0SW84KZ": "Revision of Nonautologous Tissue Substitute in Left Sacroiliac Joint, Percutaneous Endoscopic Approach", "0SW8X0Z": "Revision of Drainage Device in Left Sacroiliac Joint, External Approach", "0SW8X3Z": "Revision of Infusion Device in Left Sacroiliac Joint, External Approach", "0SW8X4Z": "Revision of Internal Fixation Device in Left Sacroiliac Joint, External Approach", "0SW8X7Z": "Revision of Autologous Tissue Substitute in Left Sacroiliac Joint, External Approach", "0SW8X8Z": "Revision of Spacer in Left Sacroiliac Joint, External Approach", "0SW8XJZ": "Revision of Synthetic Substitute in Left Sacroiliac Joint, External Approach", "0SW8XKZ": "Revision of Nonautologous Tissue Substitute in Left Sacroiliac Joint, External Approach", "0SW900Z": "Revision of Drainage Device in Right Hip Joint, Open Approach", "0SW903Z": "Revision of Infusion Device in Right Hip Joint, Open Approach", "0SW904Z": "Revision of Internal Fixation Device in Right Hip Joint, Open Approach", "0SW905Z": "Revision of External Fixation Device in Right Hip Joint, Open Approach", "0SW907Z": "Revision of Autologous Tissue Substitute in Right Hip Joint, Open Approach", "0SW908Z": "Revision of Spacer in Right Hip Joint, Open Approach", "0SW909Z": "Revision of Liner in Right Hip Joint, Open Approach", "0SW90BZ": "Revision of Resurfacing Device in Right Hip Joint, Open Approach", "0SW90JZ": "Revision of Synthetic Substitute in Right Hip Joint, Open Approach", "0SW90KZ": "Revision of Nonautologous Tissue Substitute in Right Hip Joint, Open Approach", "0SW930Z": "Revision of Drainage Device in Right Hip Joint, Percutaneous Approach", "0SW933Z": "Revision of Infusion Device in Right Hip Joint, Percutaneous Approach", "0SW934Z": "Revision of Internal Fixation Device in Right Hip Joint, Percutaneous Approach", "0SW935Z": "Revision of External Fixation Device in Right Hip Joint, Percutaneous Approach", "0SW937Z": "Revision of Autologous Tissue Substitute in Right Hip Joint, Percutaneous Approach", "0SW938Z": "Revision of Spacer in Right Hip Joint, Percutaneous Approach", "0SW93JZ": "Revision of Synthetic Substitute in Right Hip Joint, Percutaneous Approach", "0SW93KZ": "Revision of Nonautologous Tissue Substitute in Right Hip Joint, Percutaneous Approach", "0SW940Z": "Revision of Drainage Device in Right Hip Joint, Percutaneous Endoscopic Approach", "0SW943Z": "Revision of Infusion Device in Right Hip Joint, Percutaneous Endoscopic Approach", "0SW944Z": "Revision of Internal Fixation Device in Right Hip Joint, Percutaneous Endoscopic Approach", "0SW945Z": "Revision of External Fixation Device in Right Hip Joint, Percutaneous Endoscopic Approach", "0SW947Z": "Revision of Autologous Tissue Substitute in Right Hip Joint, Percutaneous Endoscopic Approach", "0SW948Z": "Revision of Spacer in Right Hip Joint, Percutaneous Endoscopic Approach", "0SW94JZ": "Revision of Synthetic Substitute in Right Hip Joint, Percutaneous Endoscopic Approach", "0SW94KZ": "Revision of Nonautologous Tissue Substitute in Right Hip Joint, Percutaneous Endoscopic Approach", "0SW9X0Z": "Revision of Drainage Device in Right Hip Joint, External Approach", "0SW9X3Z": "Revision of Infusion Device in Right Hip Joint, External Approach", "0SW9X4Z": "Revision of Internal Fixation Device in Right Hip Joint, External Approach", "0SW9X5Z": "Revision of External Fixation Device in Right Hip Joint, External Approach", "0SW9X7Z": "Revision of Autologous Tissue Substitute in Right Hip Joint, External Approach", "0SW9X8Z": "Revision of Spacer in Right Hip Joint, External Approach", "0SW9XJZ": "Revision of Synthetic Substitute in Right Hip Joint, External Approach", "0SW9XKZ": "Revision of Nonautologous Tissue Substitute in Right Hip Joint, External Approach", "0SWA0JZ": "Revision of Synthetic Substitute in Right Hip Joint, Acetabular Surface, Open Approach", "0SWA3JZ": "Revision of Synthetic Substitute in Right Hip Joint, Acetabular Surface, Percutaneous Approach", "0SWA4JZ": "Revision of Synthetic Substitute in Right Hip Joint, Acetabular Surface, Percutaneous Endoscopic Approach", "0SWAXJZ": "Revision of Synthetic Substitute in Right Hip Joint, Acetabular Surface, External Approach", "0SWB00Z": "Revision of Drainage Device in Left Hip Joint, Open Approach", "0SWB03Z": "Revision of Infusion Device in Left Hip Joint, Open Approach", "0SWB04Z": "Revision of Internal Fixation Device in Left Hip Joint, Open Approach", "0SWB05Z": "Revision of External Fixation Device in Left Hip Joint, Open Approach", "0SWB07Z": "Revision of Autologous Tissue Substitute in Left Hip Joint, Open Approach", "0SWB08Z": "Revision of Spacer in Left Hip Joint, Open Approach", "0SWB09Z": "Revision of Liner in Left Hip Joint, Open Approach", "0SWB0BZ": "Revision of Resurfacing Device in Left Hip Joint, Open Approach", "0SWB0JZ": "Revision of Synthetic Substitute in Left Hip Joint, Open Approach", "0SWB0KZ": "Revision of Nonautologous Tissue Substitute in Left Hip Joint, Open Approach", "0SWB30Z": "Revision of Drainage Device in Left Hip Joint, Percutaneous Approach", "0SWB33Z": "Revision of Infusion Device in Left Hip Joint, Percutaneous Approach", "0SWB34Z": "Revision of Internal Fixation Device in Left Hip Joint, Percutaneous Approach", "0SWB35Z": "Revision of External Fixation Device in Left Hip Joint, Percutaneous Approach", "0SWB37Z": "Revision of Autologous Tissue Substitute in Left Hip Joint, Percutaneous Approach", "0SWB38Z": "Revision of Spacer in Left Hip Joint, Percutaneous Approach", "0SWB3JZ": "Revision of Synthetic Substitute in Left Hip Joint, Percutaneous Approach", "0SWB3KZ": "Revision of Nonautologous Tissue Substitute in Left Hip Joint, Percutaneous Approach", "0SWB40Z": "Revision of Drainage Device in Left Hip Joint, Percutaneous Endoscopic Approach", "0SWB43Z": "Revision of Infusion Device in Left Hip Joint, Percutaneous Endoscopic Approach", "0SWB44Z": "Revision of Internal Fixation Device in Left Hip Joint, Percutaneous Endoscopic Approach", "0SWB45Z": "Revision of External Fixation Device in Left Hip Joint, Percutaneous Endoscopic Approach", "0SWB47Z": "Revision of Autologous Tissue Substitute in Left Hip Joint, Percutaneous Endoscopic Approach", "0SWB48Z": "Revision of Spacer in Left Hip Joint, Percutaneous Endoscopic Approach", "0SWB4JZ": "Revision of Synthetic Substitute in Left Hip Joint, Percutaneous Endoscopic Approach", "0SWB4KZ": "Revision of Nonautologous Tissue Substitute in Left Hip Joint, Percutaneous Endoscopic Approach", "0SWBX0Z": "Revision of Drainage Device in Left Hip Joint, External Approach", "0SWBX3Z": "Revision of Infusion Device in Left Hip Joint, External Approach", "0SWBX4Z": "Revision of Internal Fixation Device in Left Hip Joint, External Approach", "0SWBX5Z": "Revision of External Fixation Device in Left Hip Joint, External Approach", "0SWBX7Z": "Revision of Autologous Tissue Substitute in Left Hip Joint, External Approach", "0SWBX8Z": "Revision of Spacer in Left Hip Joint, External Approach", "0SWBXJZ": "Revision of Synthetic Substitute in Left Hip Joint, External Approach", "0SWBXKZ": "Revision of Nonautologous Tissue Substitute in Left Hip Joint, External Approach", "0SWC00Z": "Revision of Drainage Device in Right Knee Joint, Open Approach", "0SWC03Z": "Revision of Infusion Device in Right Knee Joint, Open Approach", "0SWC04Z": "Revision of Internal Fixation Device in Right Knee Joint, Open Approach", "0SWC05Z": "Revision of External Fixation Device in Right Knee Joint, Open Approach", "0SWC07Z": "Revision of Autologous Tissue Substitute in Right Knee Joint, Open Approach", "0SWC08Z": "Revision of Spacer in Right Knee Joint, Open Approach", "0SWC09Z": "Revision of Liner in Right Knee Joint, Open Approach", "0SWC0JC": "Revision of Synthetic Substitute in Right Knee Joint, Patellar Surface, Open Approach", "0SWC0JZ": "Revision of Synthetic Substitute in Right Knee Joint, Open Approach", "0SWC0KZ": "Revision of Nonautologous Tissue Substitute in Right Knee Joint, Open Approach", "0SWC30Z": "Revision of Drainage Device in Right Knee Joint, Percutaneous Approach", "0SWC33Z": "Revision of Infusion Device in Right Knee Joint, Percutaneous Approach", "0SWC34Z": "Revision of Internal Fixation Device in Right Knee Joint, Percutaneous Approach", "0SWC35Z": "Revision of External Fixation Device in Right Knee Joint, Percutaneous Approach", "0SWC37Z": "Revision of Autologous Tissue Substitute in Right Knee Joint, Percutaneous Approach", "0SWC38Z": "Revision of Spacer in Right Knee Joint, Percutaneous Approach", "0SWC3JC": "Revision of Synthetic Substitute in Right Knee Joint, Patellar Surface, Percutaneous Approach", "0SWC3JZ": "Revision of Synthetic Substitute in Right Knee Joint, Percutaneous Approach", "0SWC3KZ": "Revision of Nonautologous Tissue Substitute in Right Knee Joint, Percutaneous Approach", "0SWC40Z": "Revision of Drainage Device in Right Knee Joint, Percutaneous Endoscopic Approach", "0SWC43Z": "Revision of Infusion Device in Right Knee Joint, Percutaneous Endoscopic Approach", "0SWC44Z": "Revision of Internal Fixation Device in Right Knee Joint, Percutaneous Endoscopic Approach", "0SWC45Z": "Revision of External Fixation Device in Right Knee Joint, Percutaneous Endoscopic Approach", "0SWC47Z": "Revision of Autologous Tissue Substitute in Right Knee Joint, Percutaneous Endoscopic Approach", "0SWC48Z": "Revision of Spacer in Right Knee Joint, Percutaneous Endoscopic Approach", "0SWC4JC": "Revision of Synthetic Substitute in Right Knee Joint, Patellar Surface, Percutaneous Endoscopic Approach", "0SWC4JZ": "Revision of Synthetic Substitute in Right Knee Joint, Percutaneous Endoscopic Approach", "0SWC4KZ": "Revision of Nonautologous Tissue Substitute in Right Knee Joint, Percutaneous Endoscopic Approach", "0SWCX0Z": "Revision of Drainage Device in Right Knee Joint, External Approach", "0SWCX3Z": "Revision of Infusion Device in Right Knee Joint, External Approach", "0SWCX4Z": "Revision of Internal Fixation Device in Right Knee Joint, External Approach", "0SWCX5Z": "Revision of External Fixation Device in Right Knee Joint, External Approach", "0SWCX7Z": "Revision of Autologous Tissue Substitute in Right Knee Joint, External Approach", "0SWCX8Z": "Revision of Spacer in Right Knee Joint, External Approach", "0SWCXJC": "Revision of Synthetic Substitute in Right Knee Joint, Patellar Surface, External Approach", "0SWCXJZ": "Revision of Synthetic Substitute in Right Knee Joint, External Approach", "0SWCXKZ": "Revision of Nonautologous Tissue Substitute in Right Knee Joint, External Approach", "0SWD00Z": "Revision of Drainage Device in Left Knee Joint, Open Approach", "0SWD03Z": "Revision of Infusion Device in Left Knee Joint, Open Approach", "0SWD04Z": "Revision of Internal Fixation Device in Left Knee Joint, Open Approach", "0SWD05Z": "Revision of External Fixation Device in Left Knee Joint, Open Approach", "0SWD07Z": "Revision of Autologous Tissue Substitute in Left Knee Joint, Open Approach", "0SWD08Z": "Revision of Spacer in Left Knee Joint, Open Approach", "0SWD09Z": "Revision of Liner in Left Knee Joint, Open Approach", "0SWD0JC": "Revision of Synthetic Substitute in Left Knee Joint, Patellar Surface, Open Approach", "0SWD0JZ": "Revision of Synthetic Substitute in Left Knee Joint, Open Approach", "0SWD0KZ": "Revision of Nonautologous Tissue Substitute in Left Knee Joint, Open Approach", "0SWD30Z": "Revision of Drainage Device in Left Knee Joint, Percutaneous Approach", "0SWD33Z": "Revision of Infusion Device in Left Knee Joint, Percutaneous Approach", "0SWD34Z": "Revision of Internal Fixation Device in Left Knee Joint, Percutaneous Approach", "0SWD35Z": "Revision of External Fixation Device in Left Knee Joint, Percutaneous Approach", "0SWD37Z": "Revision of Autologous Tissue Substitute in Left Knee Joint, Percutaneous Approach", "0SWD38Z": "Revision of Spacer in Left Knee Joint, Percutaneous Approach", "0SWD3JC": "Revision of Synthetic Substitute in Left Knee Joint, Patellar Surface, Percutaneous Approach", "0SWD3JZ": "Revision of Synthetic Substitute in Left Knee Joint, Percutaneous Approach", "0SWD3KZ": "Revision of Nonautologous Tissue Substitute in Left Knee Joint, Percutaneous Approach", "0SWD40Z": "Revision of Drainage Device in Left Knee Joint, Percutaneous Endoscopic Approach", "0SWD43Z": "Revision of Infusion Device in Left Knee Joint, Percutaneous Endoscopic Approach", "0SWD44Z": "Revision of Internal Fixation Device in Left Knee Joint, Percutaneous Endoscopic Approach", "0SWD45Z": "Revision of External Fixation Device in Left Knee Joint, Percutaneous Endoscopic Approach", "0SWD47Z": "Revision of Autologous Tissue Substitute in Left Knee Joint, Percutaneous Endoscopic Approach", "0SWD48Z": "Revision of Spacer in Left Knee Joint, Percutaneous Endoscopic Approach", "0SWD4JC": "Revision of Synthetic Substitute in Left Knee Joint, Patellar Surface, Percutaneous Endoscopic Approach", "0SWD4JZ": "Revision of Synthetic Substitute in Left Knee Joint, Percutaneous Endoscopic Approach", "0SWD4KZ": "Revision of Nonautologous Tissue Substitute in Left Knee Joint, Percutaneous Endoscopic Approach", "0SWDX0Z": "Revision of Drainage Device in Left Knee Joint, External Approach", "0SWDX3Z": "Revision of Infusion Device in Left Knee Joint, External Approach", "0SWDX4Z": "Revision of Internal Fixation Device in Left Knee Joint, External Approach", "0SWDX5Z": "Revision of External Fixation Device in Left Knee Joint, External Approach", "0SWDX7Z": "Revision of Autologous Tissue Substitute in Left Knee Joint, External Approach", "0SWDX8Z": "Revision of Spacer in Left Knee Joint, External Approach", "0SWDXJC": "Revision of Synthetic Substitute in Left Knee Joint, Patellar Surface, External Approach", "0SWDXJZ": "Revision of Synthetic Substitute in Left Knee Joint, External Approach", "0SWDXKZ": "Revision of Nonautologous Tissue Substitute in Left Knee Joint, External Approach", "0SWE0JZ": "Revision of Synthetic Substitute in Left Hip Joint, Acetabular Surface, Open Approach", "0SWE3JZ": "Revision of Synthetic Substitute in Left Hip Joint, Acetabular Surface, Percutaneous Approach", "0SWE4JZ": "Revision of Synthetic Substitute in Left Hip Joint, Acetabular Surface, Percutaneous Endoscopic Approach", "0SWEXJZ": "Revision of Synthetic Substitute in Left Hip Joint, Acetabular Surface, External Approach", "0SWF00Z": "Revision of Drainage Device in Right Ankle Joint, Open Approach", "0SWF03Z": "Revision of Infusion Device in Right Ankle Joint, Open Approach", "0SWF04Z": "Revision of Internal Fixation Device in Right Ankle Joint, Open Approach", "0SWF05Z": "Revision of External Fixation Device in Right Ankle Joint, Open Approach", "0SWF07Z": "Revision of Autologous Tissue Substitute in Right Ankle Joint, Open Approach", "0SWF08Z": "Revision of Spacer in Right Ankle Joint, Open Approach", "0SWF0JZ": "Revision of Synthetic Substitute in Right Ankle Joint, Open Approach", "0SWF0KZ": "Revision of Nonautologous Tissue Substitute in Right Ankle Joint, Open Approach", "0SWF30Z": "Revision of Drainage Device in Right Ankle Joint, Percutaneous Approach", "0SWF33Z": "Revision of Infusion Device in Right Ankle Joint, Percutaneous Approach", "0SWF34Z": "Revision of Internal Fixation Device in Right Ankle Joint, Percutaneous Approach", "0SWF35Z": "Revision of External Fixation Device in Right Ankle Joint, Percutaneous Approach", "0SWF37Z": "Revision of Autologous Tissue Substitute in Right Ankle Joint, Percutaneous Approach", "0SWF38Z": "Revision of Spacer in Right Ankle Joint, Percutaneous Approach", "0SWF3JZ": "Revision of Synthetic Substitute in Right Ankle Joint, Percutaneous Approach", "0SWF3KZ": "Revision of Nonautologous Tissue Substitute in Right Ankle Joint, Percutaneous Approach", "0SWF40Z": "Revision of Drainage Device in Right Ankle Joint, Percutaneous Endoscopic Approach", "0SWF43Z": "Revision of Infusion Device in Right Ankle Joint, Percutaneous Endoscopic Approach", "0SWF44Z": "Revision of Internal Fixation Device in Right Ankle Joint, Percutaneous Endoscopic Approach", "0SWF45Z": "Revision of External Fixation Device in Right Ankle Joint, Percutaneous Endoscopic Approach", "0SWF47Z": "Revision of Autologous Tissue Substitute in Right Ankle Joint, Percutaneous Endoscopic Approach", "0SWF48Z": "Revision of Spacer in Right Ankle Joint, Percutaneous Endoscopic Approach", "0SWF4JZ": "Revision of Synthetic Substitute in Right Ankle Joint, Percutaneous Endoscopic Approach", "0SWF4KZ": "Revision of Nonautologous Tissue Substitute in Right Ankle Joint, Percutaneous Endoscopic Approach", "0SWFX0Z": "Revision of Drainage Device in Right Ankle Joint, External Approach", "0SWFX3Z": "Revision of Infusion Device in Right Ankle Joint, External Approach", "0SWFX4Z": "Revision of Internal Fixation Device in Right Ankle Joint, External Approach", "0SWFX5Z": "Revision of External Fixation Device in Right Ankle Joint, External Approach", "0SWFX7Z": "Revision of Autologous Tissue Substitute in Right Ankle Joint, External Approach", "0SWFX8Z": "Revision of Spacer in Right Ankle Joint, External Approach", "0SWFXJZ": "Revision of Synthetic Substitute in Right Ankle Joint, External Approach", "0SWFXKZ": "Revision of Nonautologous Tissue Substitute in Right Ankle Joint, External Approach", "0SWG00Z": "Revision of Drainage Device in Left Ankle Joint, Open Approach", "0SWG03Z": "Revision of Infusion Device in Left Ankle Joint, Open Approach", "0SWG04Z": "Revision of Internal Fixation Device in Left Ankle Joint, Open Approach", "0SWG05Z": "Revision of External Fixation Device in Left Ankle Joint, Open Approach", "0SWG07Z": "Revision of Autologous Tissue Substitute in Left Ankle Joint, Open Approach", "0SWG08Z": "Revision of Spacer in Left Ankle Joint, Open Approach", "0SWG0JZ": "Revision of Synthetic Substitute in Left Ankle Joint, Open Approach", "0SWG0KZ": "Revision of Nonautologous Tissue Substitute in Left Ankle Joint, Open Approach", "0SWG30Z": "Revision of Drainage Device in Left Ankle Joint, Percutaneous Approach", "0SWG33Z": "Revision of Infusion Device in Left Ankle Joint, Percutaneous Approach", "0SWG34Z": "Revision of Internal Fixation Device in Left Ankle Joint, Percutaneous Approach", "0SWG35Z": "Revision of External Fixation Device in Left Ankle Joint, Percutaneous Approach", "0SWG37Z": "Revision of Autologous Tissue Substitute in Left Ankle Joint, Percutaneous Approach", "0SWG38Z": "Revision of Spacer in Left Ankle Joint, Percutaneous Approach", "0SWG3JZ": "Revision of Synthetic Substitute in Left Ankle Joint, Percutaneous Approach", "0SWG3KZ": "Revision of Nonautologous Tissue Substitute in Left Ankle Joint, Percutaneous Approach", "0SWG40Z": "Revision of Drainage Device in Left Ankle Joint, Percutaneous Endoscopic Approach", "0SWG43Z": "Revision of Infusion Device in Left Ankle Joint, Percutaneous Endoscopic Approach", "0SWG44Z": "Revision of Internal Fixation Device in Left Ankle Joint, Percutaneous Endoscopic Approach", "0SWG45Z": "Revision of External Fixation Device in Left Ankle Joint, Percutaneous Endoscopic Approach", "0SWG47Z": "Revision of Autologous Tissue Substitute in Left Ankle Joint, Percutaneous Endoscopic Approach", "0SWG48Z": "Revision of Spacer in Left Ankle Joint, Percutaneous Endoscopic Approach", "0SWG4JZ": "Revision of Synthetic Substitute in Left Ankle Joint, Percutaneous Endoscopic Approach", "0SWG4KZ": "Revision of Nonautologous Tissue Substitute in Left Ankle Joint, Percutaneous Endoscopic Approach", "0SWGX0Z": "Revision of Drainage Device in Left Ankle Joint, External Approach", "0SWGX3Z": "Revision of Infusion Device in Left Ankle Joint, External Approach", "0SWGX4Z": "Revision of Internal Fixation Device in Left Ankle Joint, External Approach", "0SWGX5Z": "Revision of External Fixation Device in Left Ankle Joint, External Approach", "0SWGX7Z": "Revision of Autologous Tissue Substitute in Left Ankle Joint, External Approach", "0SWGX8Z": "Revision of Spacer in Left Ankle Joint, External Approach", "0SWGXJZ": "Revision of Synthetic Substitute in Left Ankle Joint, External Approach", "0SWGXKZ": "Revision of Nonautologous Tissue Substitute in Left Ankle Joint, External Approach", "0SWH00Z": "Revision of Drainage Device in Right Tarsal Joint, Open Approach", "0SWH03Z": "Revision of Infusion Device in Right Tarsal Joint, Open Approach", "0SWH04Z": "Revision of Internal Fixation Device in Right Tarsal Joint, Open Approach", "0SWH05Z": "Revision of External Fixation Device in Right Tarsal Joint, Open Approach", "0SWH07Z": "Revision of Autologous Tissue Substitute in Right Tarsal Joint, Open Approach", "0SWH08Z": "Revision of Spacer in Right Tarsal Joint, Open Approach", "0SWH0JZ": "Revision of Synthetic Substitute in Right Tarsal Joint, Open Approach", "0SWH0KZ": "Revision of Nonautologous Tissue Substitute in Right Tarsal Joint, Open Approach", "0SWH30Z": "Revision of Drainage Device in Right Tarsal Joint, Percutaneous Approach", "0SWH33Z": "Revision of Infusion Device in Right Tarsal Joint, Percutaneous Approach", "0SWH34Z": "Revision of Internal Fixation Device in Right Tarsal Joint, Percutaneous Approach", "0SWH35Z": "Revision of External Fixation Device in Right Tarsal Joint, Percutaneous Approach", "0SWH37Z": "Revision of Autologous Tissue Substitute in Right Tarsal Joint, Percutaneous Approach", "0SWH38Z": "Revision of Spacer in Right Tarsal Joint, Percutaneous Approach", "0SWH3JZ": "Revision of Synthetic Substitute in Right Tarsal Joint, Percutaneous Approach", "0SWH3KZ": "Revision of Nonautologous Tissue Substitute in Right Tarsal Joint, Percutaneous Approach", "0SWH40Z": "Revision of Drainage Device in Right Tarsal Joint, Percutaneous Endoscopic Approach", "0SWH43Z": "Revision of Infusion Device in Right Tarsal Joint, Percutaneous Endoscopic Approach", "0SWH44Z": "Revision of Internal Fixation Device in Right Tarsal Joint, Percutaneous Endoscopic Approach", "0SWH45Z": "Revision of External Fixation Device in Right Tarsal Joint, Percutaneous Endoscopic Approach", "0SWH47Z": "Revision of Autologous Tissue Substitute in Right Tarsal Joint, Percutaneous Endoscopic Approach", "0SWH48Z": "Revision of Spacer in Right Tarsal Joint, Percutaneous Endoscopic Approach", "0SWH4JZ": "Revision of Synthetic Substitute in Right Tarsal Joint, Percutaneous Endoscopic Approach", "0SWH4KZ": "Revision of Nonautologous Tissue Substitute in Right Tarsal Joint, Percutaneous Endoscopic Approach", "0SWHX0Z": "Revision of Drainage Device in Right Tarsal Joint, External Approach", "0SWHX3Z": "Revision of Infusion Device in Right Tarsal Joint, External Approach", "0SWHX4Z": "Revision of Internal Fixation Device in Right Tarsal Joint, External Approach", "0SWHX5Z": "Revision of External Fixation Device in Right Tarsal Joint, External Approach", "0SWHX7Z": "Revision of Autologous Tissue Substitute in Right Tarsal Joint, External Approach", "0SWHX8Z": "Revision of Spacer in Right Tarsal Joint, External Approach", "0SWHXJZ": "Revision of Synthetic Substitute in Right Tarsal Joint, External Approach", "0SWHXKZ": "Revision of Nonautologous Tissue Substitute in Right Tarsal Joint, External Approach", "0SWJ00Z": "Revision of Drainage Device in Left Tarsal Joint, Open Approach", "0SWJ03Z": "Revision of Infusion Device in Left Tarsal Joint, Open Approach", "0SWJ04Z": "Revision of Internal Fixation Device in Left Tarsal Joint, Open Approach", "0SWJ05Z": "Revision of External Fixation Device in Left Tarsal Joint, Open Approach", "0SWJ07Z": "Revision of Autologous Tissue Substitute in Left Tarsal Joint, Open Approach", "0SWJ08Z": "Revision of Spacer in Left Tarsal Joint, Open Approach", "0SWJ0JZ": "Revision of Synthetic Substitute in Left Tarsal Joint, Open Approach", "0SWJ0KZ": "Revision of Nonautologous Tissue Substitute in Left Tarsal Joint, Open Approach", "0SWJ30Z": "Revision of Drainage Device in Left Tarsal Joint, Percutaneous Approach", "0SWJ33Z": "Revision of Infusion Device in Left Tarsal Joint, Percutaneous Approach", "0SWJ34Z": "Revision of Internal Fixation Device in Left Tarsal Joint, Percutaneous Approach", "0SWJ35Z": "Revision of External Fixation Device in Left Tarsal Joint, Percutaneous Approach", "0SWJ37Z": "Revision of Autologous Tissue Substitute in Left Tarsal Joint, Percutaneous Approach", "0SWJ38Z": "Revision of Spacer in Left Tarsal Joint, Percutaneous Approach", "0SWJ3JZ": "Revision of Synthetic Substitute in Left Tarsal Joint, Percutaneous Approach", "0SWJ3KZ": "Revision of Nonautologous Tissue Substitute in Left Tarsal Joint, Percutaneous Approach", "0SWJ40Z": "Revision of Drainage Device in Left Tarsal Joint, Percutaneous Endoscopic Approach", "0SWJ43Z": "Revision of Infusion Device in Left Tarsal Joint, Percutaneous Endoscopic Approach", "0SWJ44Z": "Revision of Internal Fixation Device in Left Tarsal Joint, Percutaneous Endoscopic Approach", "0SWJ45Z": "Revision of External Fixation Device in Left Tarsal Joint, Percutaneous Endoscopic Approach", "0SWJ47Z": "Revision of Autologous Tissue Substitute in Left Tarsal Joint, Percutaneous Endoscopic Approach", "0SWJ48Z": "Revision of Spacer in Left Tarsal Joint, Percutaneous Endoscopic Approach", "0SWJ4JZ": "Revision of Synthetic Substitute in Left Tarsal Joint, Percutaneous Endoscopic Approach", "0SWJ4KZ": "Revision of Nonautologous Tissue Substitute in Left Tarsal Joint, Percutaneous Endoscopic Approach", "0SWJX0Z": "Revision of Drainage Device in Left Tarsal Joint, External Approach", "0SWJX3Z": "Revision of Infusion Device in Left Tarsal Joint, External Approach", "0SWJX4Z": "Revision of Internal Fixation Device in Left Tarsal Joint, External Approach", "0SWJX5Z": "Revision of External Fixation Device in Left Tarsal Joint, External Approach", "0SWJX7Z": "Revision of Autologous Tissue Substitute in Left Tarsal Joint, External Approach", "0SWJX8Z": "Revision of Spacer in Left Tarsal Joint, External Approach", "0SWJXJZ": "Revision of Synthetic Substitute in Left Tarsal Joint, External Approach", "0SWJXKZ": "Revision of Nonautologous Tissue Substitute in Left Tarsal Joint, External Approach", "0SWK00Z": "Revision of Drainage Device in Right Tarsometatarsal Joint, Open Approach", "0SWK03Z": "Revision of Infusion Device in Right Tarsometatarsal Joint, Open Approach", "0SWK04Z": "Revision of Internal Fixation Device in Right Tarsometatarsal Joint, Open Approach", "0SWK05Z": "Revision of External Fixation Device in Right Tarsometatarsal Joint, Open Approach", "0SWK07Z": "Revision of Autologous Tissue Substitute in Right Tarsometatarsal Joint, Open Approach", "0SWK08Z": "Revision of Spacer in Right Tarsometatarsal Joint, Open Approach", "0SWK0JZ": "Revision of Synthetic Substitute in Right Tarsometatarsal Joint, Open Approach", "0SWK0KZ": "Revision of Nonautologous Tissue Substitute in Right Tarsometatarsal Joint, Open Approach", "0SWK30Z": "Revision of Drainage Device in Right Tarsometatarsal Joint, Percutaneous Approach", "0SWK33Z": "Revision of Infusion Device in Right Tarsometatarsal Joint, Percutaneous Approach", "0SWK34Z": "Revision of Internal Fixation Device in Right Tarsometatarsal Joint, Percutaneous Approach", "0SWK35Z": "Revision of External Fixation Device in Right Tarsometatarsal Joint, Percutaneous Approach", "0SWK37Z": "Revision of Autologous Tissue Substitute in Right Tarsometatarsal Joint, Percutaneous Approach", "0SWK38Z": "Revision of Spacer in Right Tarsometatarsal Joint, Percutaneous Approach", "0SWK3JZ": "Revision of Synthetic Substitute in Right Tarsometatarsal Joint, Percutaneous Approach", "0SWK3KZ": "Revision of Nonautologous Tissue Substitute in Right Tarsometatarsal Joint, Percutaneous Approach", "0SWK40Z": "Revision of Drainage Device in Right Tarsometatarsal Joint, Percutaneous Endoscopic Approach", "0SWK43Z": "Revision of Infusion Device in Right Tarsometatarsal Joint, Percutaneous Endoscopic Approach", "0SWK44Z": "Revision of Internal Fixation Device in Right Tarsometatarsal Joint, Percutaneous Endoscopic Approach", "0SWK45Z": "Revision of External Fixation Device in Right Tarsometatarsal Joint, Percutaneous Endoscopic Approach", "0SWK47Z": "Revision of Autologous Tissue Substitute in Right Tarsometatarsal Joint, Percutaneous Endoscopic Approach", "0SWK48Z": "Revision of Spacer in Right Tarsometatarsal Joint, Percutaneous Endoscopic Approach", "0SWK4JZ": "Revision of Synthetic Substitute in Right Tarsometatarsal Joint, Percutaneous Endoscopic Approach", "0SWK4KZ": "Revision of Nonautologous Tissue Substitute in Right Tarsometatarsal Joint, Percutaneous Endoscopic Approach", "0SWKX0Z": "Revision of Drainage Device in Right Tarsometatarsal Joint, External Approach", "0SWKX3Z": "Revision of Infusion Device in Right Tarsometatarsal Joint, External Approach", "0SWKX4Z": "Revision of Internal Fixation Device in Right Tarsometatarsal Joint, External Approach", "0SWKX5Z": "Revision of External Fixation Device in Right Tarsometatarsal Joint, External Approach", "0SWKX7Z": "Revision of Autologous Tissue Substitute in Right Tarsometatarsal Joint, External Approach", "0SWKX8Z": "Revision of Spacer in Right Tarsometatarsal Joint, External Approach", "0SWKXJZ": "Revision of Synthetic Substitute in Right Tarsometatarsal Joint, External Approach", "0SWKXKZ": "Revision of Nonautologous Tissue Substitute in Right Tarsometatarsal Joint, External Approach", "0SWL00Z": "Revision of Drainage Device in Left Tarsometatarsal Joint, Open Approach", "0SWL03Z": "Revision of Infusion Device in Left Tarsometatarsal Joint, Open Approach", "0SWL04Z": "Revision of Internal Fixation Device in Left Tarsometatarsal Joint, Open Approach", "0SWL05Z": "Revision of External Fixation Device in Left Tarsometatarsal Joint, Open Approach", "0SWL07Z": "Revision of Autologous Tissue Substitute in Left Tarsometatarsal Joint, Open Approach", "0SWL08Z": "Revision of Spacer in Left Tarsometatarsal Joint, Open Approach", "0SWL0JZ": "Revision of Synthetic Substitute in Left Tarsometatarsal Joint, Open Approach", "0SWL0KZ": "Revision of Nonautologous Tissue Substitute in Left Tarsometatarsal Joint, Open Approach", "0SWL30Z": "Revision of Drainage Device in Left Tarsometatarsal Joint, Percutaneous Approach", "0SWL33Z": "Revision of Infusion Device in Left Tarsometatarsal Joint, Percutaneous Approach", "0SWL34Z": "Revision of Internal Fixation Device in Left Tarsometatarsal Joint, Percutaneous Approach", "0SWL35Z": "Revision of External Fixation Device in Left Tarsometatarsal Joint, Percutaneous Approach", "0SWL37Z": "Revision of Autologous Tissue Substitute in Left Tarsometatarsal Joint, Percutaneous Approach", "0SWL38Z": "Revision of Spacer in Left Tarsometatarsal Joint, Percutaneous Approach", "0SWL3JZ": "Revision of Synthetic Substitute in Left Tarsometatarsal Joint, Percutaneous Approach", "0SWL3KZ": "Revision of Nonautologous Tissue Substitute in Left Tarsometatarsal Joint, Percutaneous Approach", "0SWL40Z": "Revision of Drainage Device in Left Tarsometatarsal Joint, Percutaneous Endoscopic Approach", "0SWL43Z": "Revision of Infusion Device in Left Tarsometatarsal Joint, Percutaneous Endoscopic Approach", "0SWL44Z": "Revision of Internal Fixation Device in Left Tarsometatarsal Joint, Percutaneous Endoscopic Approach", "0SWL45Z": "Revision of External Fixation Device in Left Tarsometatarsal Joint, Percutaneous Endoscopic Approach", "0SWL47Z": "Revision of Autologous Tissue Substitute in Left Tarsometatarsal Joint, Percutaneous Endoscopic Approach", "0SWL48Z": "Revision of Spacer in Left Tarsometatarsal Joint, Percutaneous Endoscopic Approach", "0SWL4JZ": "Revision of Synthetic Substitute in Left Tarsometatarsal Joint, Percutaneous Endoscopic Approach", "0SWL4KZ": "Revision of Nonautologous Tissue Substitute in Left Tarsometatarsal Joint, Percutaneous Endoscopic Approach", "0SWLX0Z": "Revision of Drainage Device in Left Tarsometatarsal Joint, External Approach", "0SWLX3Z": "Revision of Infusion Device in Left Tarsometatarsal Joint, External Approach", "0SWLX4Z": "Revision of Internal Fixation Device in Left Tarsometatarsal Joint, External Approach", "0SWLX5Z": "Revision of External Fixation Device in Left Tarsometatarsal Joint, External Approach", "0SWLX7Z": "Revision of Autologous Tissue Substitute in Left Tarsometatarsal Joint, External Approach", "0SWLX8Z": "Revision of Spacer in Left Tarsometatarsal Joint, External Approach", "0SWLXJZ": "Revision of Synthetic Substitute in Left Tarsometatarsal Joint, External Approach", "0SWLXKZ": "Revision of Nonautologous Tissue Substitute in Left Tarsometatarsal Joint, External Approach", "0SWM00Z": "Revision of Drainage Device in Right Metatarsal-Phalangeal Joint, Open Approach", "0SWM03Z": "Revision of Infusion Device in Right Metatarsal-Phalangeal Joint, Open Approach", "0SWM04Z": "Revision of Internal Fixation Device in Right Metatarsal-Phalangeal Joint, Open Approach", "0SWM05Z": "Revision of External Fixation Device in Right Metatarsal-Phalangeal Joint, Open Approach", "0SWM07Z": "Revision of Autologous Tissue Substitute in Right Metatarsal-Phalangeal Joint, Open Approach", "0SWM08Z": "Revision of Spacer in Right Metatarsal-Phalangeal Joint, Open Approach", "0SWM0JZ": "Revision of Synthetic Substitute in Right Metatarsal-Phalangeal Joint, Open Approach", "0SWM0KZ": "Revision of Nonautologous Tissue Substitute in Right Metatarsal-Phalangeal Joint, Open Approach", "0SWM30Z": "Revision of Drainage Device in Right Metatarsal-Phalangeal Joint, Percutaneous Approach", "0SWM33Z": "Revision of Infusion Device in Right Metatarsal-Phalangeal Joint, Percutaneous Approach", "0SWM34Z": "Revision of Internal Fixation Device in Right Metatarsal-Phalangeal Joint, Percutaneous Approach", "0SWM35Z": "Revision of External Fixation Device in Right Metatarsal-Phalangeal Joint, Percutaneous Approach", "0SWM37Z": "Revision of Autologous Tissue Substitute in Right Metatarsal-Phalangeal Joint, Percutaneous Approach", "0SWM38Z": "Revision of Spacer in Right Metatarsal-Phalangeal Joint, Percutaneous Approach", "0SWM3JZ": "Revision of Synthetic Substitute in Right Metatarsal-Phalangeal Joint, Percutaneous Approach", "0SWM3KZ": "Revision of Nonautologous Tissue Substitute in Right Metatarsal-Phalangeal Joint, Percutaneous Approach", "0SWM40Z": "Revision of Drainage Device in Right Metatarsal-Phalangeal Joint, Percutaneous Endoscopic Approach", "0SWM43Z": "Revision of Infusion Device in Right Metatarsal-Phalangeal Joint, Percutaneous Endoscopic Approach", "0SWM44Z": "Revision of Internal Fixation Device in Right Metatarsal-Phalangeal Joint, Percutaneous Endoscopic Approach", "0SWM45Z": "Revision of External Fixation Device in Right Metatarsal-Phalangeal Joint, Percutaneous Endoscopic Approach", "0SWM47Z": "Revision of Autologous Tissue Substitute in Right Metatarsal-Phalangeal Joint, Percutaneous Endoscopic Approach", "0SWM48Z": "Revision of Spacer in Right Metatarsal-Phalangeal Joint, Percutaneous Endoscopic Approach", "0SWM4JZ": "Revision of Synthetic Substitute in Right Metatarsal-Phalangeal Joint, Percutaneous Endoscopic Approach", "0SWM4KZ": "Revision of Nonautologous Tissue Substitute in Right Metatarsal-Phalangeal Joint, Percutaneous Endoscopic Approach", "0SWMX0Z": "Revision of Drainage Device in Right Metatarsal-Phalangeal Joint, External Approach", "0SWMX3Z": "Revision of Infusion Device in Right Metatarsal-Phalangeal Joint, External Approach", "0SWMX4Z": "Revision of Internal Fixation Device in Right Metatarsal-Phalangeal Joint, External Approach", "0SWMX5Z": "Revision of External Fixation Device in Right Metatarsal-Phalangeal Joint, External Approach", "0SWMX7Z": "Revision of Autologous Tissue Substitute in Right Metatarsal-Phalangeal Joint, External Approach", "0SWMX8Z": "Revision of Spacer in Right Metatarsal-Phalangeal Joint, External Approach", "0SWMXJZ": "Revision of Synthetic Substitute in Right Metatarsal-Phalangeal Joint, External Approach", "0SWMXKZ": "Revision of Nonautologous Tissue Substitute in Right Metatarsal-Phalangeal Joint, External Approach", "0SWN00Z": "Revision of Drainage Device in Left Metatarsal-Phalangeal Joint, Open Approach", "0SWN03Z": "Revision of Infusion Device in Left Metatarsal-Phalangeal Joint, Open Approach", "0SWN04Z": "Revision of Internal Fixation Device in Left Metatarsal-Phalangeal Joint, Open Approach", "0SWN05Z": "Revision of External Fixation Device in Left Metatarsal-Phalangeal Joint, Open Approach", "0SWN07Z": "Revision of Autologous Tissue Substitute in Left Metatarsal-Phalangeal Joint, Open Approach", "0SWN08Z": "Revision of Spacer in Left Metatarsal-Phalangeal Joint, Open Approach", "0SWN0JZ": "Revision of Synthetic Substitute in Left Metatarsal-Phalangeal Joint, Open Approach", "0SWN0KZ": "Revision of Nonautologous Tissue Substitute in Left Metatarsal-Phalangeal Joint, Open Approach", "0SWN30Z": "Revision of Drainage Device in Left Metatarsal-Phalangeal Joint, Percutaneous Approach", "0SWN33Z": "Revision of Infusion Device in Left Metatarsal-Phalangeal Joint, Percutaneous Approach", "0SWN34Z": "Revision of Internal Fixation Device in Left Metatarsal-Phalangeal Joint, Percutaneous Approach", "0SWN35Z": "Revision of External Fixation Device in Left Metatarsal-Phalangeal Joint, Percutaneous Approach", "0SWN37Z": "Revision of Autologous Tissue Substitute in Left Metatarsal-Phalangeal Joint, Percutaneous Approach", "0SWN38Z": "Revision of Spacer in Left Metatarsal-Phalangeal Joint, Percutaneous Approach", "0SWN3JZ": "Revision of Synthetic Substitute in Left Metatarsal-Phalangeal Joint, Percutaneous Approach", "0SWN3KZ": "Revision of Nonautologous Tissue Substitute in Left Metatarsal-Phalangeal Joint, Percutaneous Approach", "0SWN40Z": "Revision of Drainage Device in Left Metatarsal-Phalangeal Joint, Percutaneous Endoscopic Approach", "0SWN43Z": "Revision of Infusion Device in Left Metatarsal-Phalangeal Joint, Percutaneous Endoscopic Approach", "0SWN44Z": "Revision of Internal Fixation Device in Left Metatarsal-Phalangeal Joint, Percutaneous Endoscopic Approach", "0SWN45Z": "Revision of External Fixation Device in Left Metatarsal-Phalangeal Joint, Percutaneous Endoscopic Approach", "0SWN47Z": "Revision of Autologous Tissue Substitute in Left Metatarsal-Phalangeal Joint, Percutaneous Endoscopic Approach", "0SWN48Z": "Revision of Spacer in Left Metatarsal-Phalangeal Joint, Percutaneous Endoscopic Approach", "0SWN4JZ": "Revision of Synthetic Substitute in Left Metatarsal-Phalangeal Joint, Percutaneous Endoscopic Approach", "0SWN4KZ": "Revision of Nonautologous Tissue Substitute in Left Metatarsal-Phalangeal Joint, Percutaneous Endoscopic Approach", "0SWNX0Z": "Revision of Drainage Device in Left Metatarsal-Phalangeal Joint, External Approach", "0SWNX3Z": "Revision of Infusion Device in Left Metatarsal-Phalangeal Joint, External Approach", "0SWNX4Z": "Revision of Internal Fixation Device in Left Metatarsal-Phalangeal Joint, External Approach", "0SWNX5Z": "Revision of External Fixation Device in Left Metatarsal-Phalangeal Joint, External Approach", "0SWNX7Z": "Revision of Autologous Tissue Substitute in Left Metatarsal-Phalangeal Joint, External Approach", "0SWNX8Z": "Revision of Spacer in Left Metatarsal-Phalangeal Joint, External Approach", "0SWNXJZ": "Revision of Synthetic Substitute in Left Metatarsal-Phalangeal Joint, External Approach", "0SWNXKZ": "Revision of Nonautologous Tissue Substitute in Left Metatarsal-Phalangeal Joint, External Approach", "0SWP00Z": "Revision of Drainage Device in Right Toe Phalangeal Joint, Open Approach", "0SWP03Z": "Revision of Infusion Device in Right Toe Phalangeal Joint, Open Approach", "0SWP04Z": "Revision of Internal Fixation Device in Right Toe Phalangeal Joint, Open Approach", "0SWP05Z": "Revision of External Fixation Device in Right Toe Phalangeal Joint, Open Approach", "0SWP07Z": "Revision of Autologous Tissue Substitute in Right Toe Phalangeal Joint, Open Approach", "0SWP08Z": "Revision of Spacer in Right Toe Phalangeal Joint, Open Approach", "0SWP0JZ": "Revision of Synthetic Substitute in Right Toe Phalangeal Joint, Open Approach", "0SWP0KZ": "Revision of Nonautologous Tissue Substitute in Right Toe Phalangeal Joint, Open Approach", "0SWP30Z": "Revision of Drainage Device in Right Toe Phalangeal Joint, Percutaneous Approach", "0SWP33Z": "Revision of Infusion Device in Right Toe Phalangeal Joint, Percutaneous Approach", "0SWP34Z": "Revision of Internal Fixation Device in Right Toe Phalangeal Joint, Percutaneous Approach", "0SWP35Z": "Revision of External Fixation Device in Right Toe Phalangeal Joint, Percutaneous Approach", "0SWP37Z": "Revision of Autologous Tissue Substitute in Right Toe Phalangeal Joint, Percutaneous Approach", "0SWP38Z": "Revision of Spacer in Right Toe Phalangeal Joint, Percutaneous Approach", "0SWP3JZ": "Revision of Synthetic Substitute in Right Toe Phalangeal Joint, Percutaneous Approach", "0SWP3KZ": "Revision of Nonautologous Tissue Substitute in Right Toe Phalangeal Joint, Percutaneous Approach", "0SWP40Z": "Revision of Drainage Device in Right Toe Phalangeal Joint, Percutaneous Endoscopic Approach", "0SWP43Z": "Revision of Infusion Device in Right Toe Phalangeal Joint, Percutaneous Endoscopic Approach", "0SWP44Z": "Revision of Internal Fixation Device in Right Toe Phalangeal Joint, Percutaneous Endoscopic Approach", "0SWP45Z": "Revision of External Fixation Device in Right Toe Phalangeal Joint, Percutaneous Endoscopic Approach", "0SWP47Z": "Revision of Autologous Tissue Substitute in Right Toe Phalangeal Joint, Percutaneous Endoscopic Approach", "0SWP48Z": "Revision of Spacer in Right Toe Phalangeal Joint, Percutaneous Endoscopic Approach", "0SWP4JZ": "Revision of Synthetic Substitute in Right Toe Phalangeal Joint, Percutaneous Endoscopic Approach", "0SWP4KZ": "Revision of Nonautologous Tissue Substitute in Right Toe Phalangeal Joint, Percutaneous Endoscopic Approach", "0SWPX0Z": "Revision of Drainage Device in Right Toe Phalangeal Joint, External Approach", "0SWPX3Z": "Revision of Infusion Device in Right Toe Phalangeal Joint, External Approach", "0SWPX4Z": "Revision of Internal Fixation Device in Right Toe Phalangeal Joint, External Approach", "0SWPX5Z": "Revision of External Fixation Device in Right Toe Phalangeal Joint, External Approach", "0SWPX7Z": "Revision of Autologous Tissue Substitute in Right Toe Phalangeal Joint, External Approach", "0SWPX8Z": "Revision of Spacer in Right Toe Phalangeal Joint, External Approach", "0SWPXJZ": "Revision of Synthetic Substitute in Right Toe Phalangeal Joint, External Approach", "0SWPXKZ": "Revision of Nonautologous Tissue Substitute in Right Toe Phalangeal Joint, External Approach", "0SWQ00Z": "Revision of Drainage Device in Left Toe Phalangeal Joint, Open Approach", "0SWQ03Z": "Revision of Infusion Device in Left Toe Phalangeal Joint, Open Approach", "0SWQ04Z": "Revision of Internal Fixation Device in Left Toe Phalangeal Joint, Open Approach", "0SWQ05Z": "Revision of External Fixation Device in Left Toe Phalangeal Joint, Open Approach", "0SWQ07Z": "Revision of Autologous Tissue Substitute in Left Toe Phalangeal Joint, Open Approach", "0SWQ08Z": "Revision of Spacer in Left Toe Phalangeal Joint, Open Approach", "0SWQ0JZ": "Revision of Synthetic Substitute in Left Toe Phalangeal Joint, Open Approach", "0SWQ0KZ": "Revision of Nonautologous Tissue Substitute in Left Toe Phalangeal Joint, Open Approach", "0SWQ30Z": "Revision of Drainage Device in Left Toe Phalangeal Joint, Percutaneous Approach", "0SWQ33Z": "Revision of Infusion Device in Left Toe Phalangeal Joint, Percutaneous Approach", "0SWQ34Z": "Revision of Internal Fixation Device in Left Toe Phalangeal Joint, Percutaneous Approach", "0SWQ35Z": "Revision of External Fixation Device in Left Toe Phalangeal Joint, Percutaneous Approach", "0SWQ37Z": "Revision of Autologous Tissue Substitute in Left Toe Phalangeal Joint, Percutaneous Approach", "0SWQ38Z": "Revision of Spacer in Left Toe Phalangeal Joint, Percutaneous Approach", "0SWQ3JZ": "Revision of Synthetic Substitute in Left Toe Phalangeal Joint, Percutaneous Approach", "0SWQ3KZ": "Revision of Nonautologous Tissue Substitute in Left Toe Phalangeal Joint, Percutaneous Approach", "0SWQ40Z": "Revision of Drainage Device in Left Toe Phalangeal Joint, Percutaneous Endoscopic Approach", "0SWQ43Z": "Revision of Infusion Device in Left Toe Phalangeal Joint, Percutaneous Endoscopic Approach", "0SWQ44Z": "Revision of Internal Fixation Device in Left Toe Phalangeal Joint, Percutaneous Endoscopic Approach", "0SWQ45Z": "Revision of External Fixation Device in Left Toe Phalangeal Joint, Percutaneous Endoscopic Approach", "0SWQ47Z": "Revision of Autologous Tissue Substitute in Left Toe Phalangeal Joint, Percutaneous Endoscopic Approach", "0SWQ48Z": "Revision of Spacer in Left Toe Phalangeal Joint, Percutaneous Endoscopic Approach", "0SWQ4JZ": "Revision of Synthetic Substitute in Left Toe Phalangeal Joint, Percutaneous Endoscopic Approach", "0SWQ4KZ": "Revision of Nonautologous Tissue Substitute in Left Toe Phalangeal Joint, Percutaneous Endoscopic Approach", "0SWQX0Z": "Revision of Drainage Device in Left Toe Phalangeal Joint, External Approach", "0SWQX3Z": "Revision of Infusion Device in Left Toe Phalangeal Joint, External Approach", "0SWQX4Z": "Revision of Internal Fixation Device in Left Toe Phalangeal Joint, External Approach", "0SWQX5Z": "Revision of External Fixation Device in Left Toe Phalangeal Joint, External Approach", "0SWQX7Z": "Revision of Autologous Tissue Substitute in Left Toe Phalangeal Joint, External Approach", "0SWQX8Z": "Revision of Spacer in Left Toe Phalangeal Joint, External Approach", "0SWQXJZ": "Revision of Synthetic Substitute in Left Toe Phalangeal Joint, External Approach", "0SWQXKZ": "Revision of Nonautologous Tissue Substitute in Left Toe Phalangeal Joint, External Approach", "0SWR0JZ": "Revision of Synthetic Substitute in Right Hip Joint, Femoral Surface, Open Approach", "0SWR3JZ": "Revision of Synthetic Substitute in Right Hip Joint, Femoral Surface, Percutaneous Approach", "0SWR4JZ": "Revision of Synthetic Substitute in Right Hip Joint, Femoral Surface, Percutaneous Endoscopic Approach", "0SWRXJZ": "Revision of Synthetic Substitute in Right Hip Joint, Femoral Surface, External Approach", "0SWS0JZ": "Revision of Synthetic Substitute in Left Hip Joint, Femoral Surface, Open Approach", "0SWS3JZ": "Revision of Synthetic Substitute in Left Hip Joint, Femoral Surface, Percutaneous Approach", "0SWS4JZ": "Revision of Synthetic Substitute in Left Hip Joint, Femoral Surface, Percutaneous Endoscopic Approach", "0SWSXJZ": "Revision of Synthetic Substitute in Left Hip Joint, Femoral Surface, External Approach", "0SWT0JZ": "Revision of Synthetic Substitute in Right Knee Joint, Femoral Surface, Open Approach", "0SWT3JZ": "Revision of Synthetic Substitute in Right Knee Joint, Femoral Surface, Percutaneous Approach", "0SWT4JZ": "Revision of Synthetic Substitute in Right Knee Joint, Femoral Surface, Percutaneous Endoscopic Approach", "0SWTXJZ": "Revision of Synthetic Substitute in Right Knee Joint, Femoral Surface, External Approach", "0SWU0JZ": "Revision of Synthetic Substitute in Left Knee Joint, Femoral Surface, Open Approach", "0SWU3JZ": "Revision of Synthetic Substitute in Left Knee Joint, Femoral Surface, Percutaneous Approach", "0SWU4JZ": "Revision of Synthetic Substitute in Left Knee Joint, Femoral Surface, Percutaneous Endoscopic Approach", "0SWUXJZ": "Revision of Synthetic Substitute in Left Knee Joint, Femoral Surface, External Approach", "0SWV0JZ": "Revision of Synthetic Substitute in Right Knee Joint, Tibial Surface, Open Approach", "0SWV3JZ": "Revision of Synthetic Substitute in Right Knee Joint, Tibial Surface, Percutaneous Approach", "0SWV4JZ": "Revision of Synthetic Substitute in Right Knee Joint, Tibial Surface, Percutaneous Endoscopic Approach", "0SWVXJZ": "Revision of Synthetic Substitute in Right Knee Joint, Tibial Surface, External Approach", "0SWW0JZ": "Revision of Synthetic Substitute in Left Knee Joint, Tibial Surface, Open Approach", "0SWW3JZ": "Revision of Synthetic Substitute in Left Knee Joint, Tibial Surface, Percutaneous Approach", "0SWW4JZ": "Revision of Synthetic Substitute in Left Knee Joint, Tibial Surface, Percutaneous Endoscopic Approach", "0SWWXJZ": "Revision of Synthetic Substitute in Left Knee Joint, Tibial Surface, External Approach"}