{"0KQ": "Muscles, Repair", "0KQ00ZZ": "Repair Head Muscle, Open Approach", "0KQ03ZZ": "Repair Head Muscle, Percutaneous Approach", "0KQ04ZZ": "Repair Head Muscle, Percutaneous Endoscopic Approach", "0KQ10ZZ": "Repair Facial Muscle, Open Approach", "0KQ13ZZ": "Repair Facial Muscle, Percutaneous Approach", "0KQ14ZZ": "Repair Facial Muscle, Percutaneous Endoscopic Approach", "0KQ20ZZ": "Repair Right Neck Muscle, Open Approach", "0KQ23ZZ": "Repair Right Neck Muscle, Percutaneous Approach", "0KQ24ZZ": "Repair Right Neck Muscle, Percutaneous Endoscopic Approach", "0KQ30ZZ": "Repair Left Neck Muscle, Open Approach", "0KQ33ZZ": "Repair Left Neck Muscle, Percutaneous Approach", "0KQ34ZZ": "Repair Left Neck Muscle, Percutaneous Endoscopic Approach", "0KQ40ZZ": "Repair Tongue, Palate, Pharynx Muscle, Open Approach", "0KQ43ZZ": "Repair Tongue, Palate, Pharynx Muscle, Percutaneous Approach", "0KQ44ZZ": "Repair Tongue, Palate, Pharynx Muscle, Percutaneous Endoscopic Approach", "0KQ50ZZ": "Repair Right Shoulder Muscle, Open Approach", "0KQ53ZZ": "Repair Right Shoulder Muscle, Percutaneous Approach", "0KQ54ZZ": "Repair Right Shoulder Muscle, Percutaneous Endoscopic Approach", "0KQ60ZZ": "Repair Left Shoulder Muscle, Open Approach", "0KQ63ZZ": "Repair Left Shoulder Muscle, Percutaneous Approach", "0KQ64ZZ": "Repair Left Shoulder Muscle, Percutaneous Endoscopic Approach", "0KQ70ZZ": "Repair Right Upper Arm Muscle, Open Approach", "0KQ73ZZ": "Repair Right Upper Arm Muscle, Percutaneous Approach", "0KQ74ZZ": "Repair Right Upper Arm Muscle, Percutaneous Endoscopic Approach", "0KQ80ZZ": "Repair Left Upper Arm Muscle, Open Approach", "0KQ83ZZ": "Repair Left Upper Arm Muscle, Percutaneous Approach", "0KQ84ZZ": "Repair Left Upper Arm Muscle, Percutaneous Endoscopic Approach", "0KQ90ZZ": "Repair Right Lower Arm and Wrist Muscle, Open Approach", "0KQ93ZZ": "Repair Right Lower Arm and Wrist Muscle, Percutaneous Approach", "0KQ94ZZ": "Repair Right Lower Arm and Wrist Muscle, Percutaneous Endoscopic Approach", "0KQB0ZZ": "Repair Left Lower Arm and Wrist Muscle, Open Approach", "0KQB3ZZ": "Repair Left Lower Arm and Wrist Muscle, Percutaneous Approach", "0KQB4ZZ": "Repair Left Lower Arm and Wrist Muscle, Percutaneous Endoscopic Approach", "0KQC0ZZ": "Repair Right Hand Muscle, Open Approach", "0KQC3ZZ": "Repair Right Hand Muscle, Percutaneous Approach", "0KQC4ZZ": "Repair Right Hand Muscle, Percutaneous Endoscopic Approach", "0KQD0ZZ": "Repair Left Hand Muscle, Open Approach", "0KQD3ZZ": "Repair Left Hand Muscle, Percutaneous Approach", "0KQD4ZZ": "Repair Left Hand Muscle, Percutaneous Endoscopic Approach", "0KQF0ZZ": "Repair Right Trunk Muscle, Open Approach", "0KQF3ZZ": "Repair Right Trunk Muscle, Percutaneous Approach", "0KQF4ZZ": "Repair Right Trunk Muscle, Percutaneous Endoscopic Approach", "0KQG0ZZ": "Repair Left Trunk Muscle, Open Approach", "0KQG3ZZ": "Repair Left Trunk Muscle, Percutaneous Approach", "0KQG4ZZ": "Repair Left Trunk Muscle, Percutaneous Endoscopic Approach", "0KQH0ZZ": "Repair Right Thorax Muscle, Open Approach", "0KQH3ZZ": "Repair Right Thorax Muscle, Percutaneous Approach", "0KQH4ZZ": "Repair Right Thorax Muscle, Percutaneous Endoscopic Approach", "0KQJ0ZZ": "Repair Left Thorax Muscle, Open Approach", "0KQJ3ZZ": "Repair Left Thorax Muscle, Percutaneous Approach", "0KQJ4ZZ": "Repair Left Thorax Muscle, Percutaneous Endoscopic Approach", "0KQK0ZZ": "Repair Right Abdomen Muscle, Open Approach", "0KQK3ZZ": "Repair Right Abdomen Muscle, Percutaneous Approach", "0KQK4ZZ": "Repair Right Abdomen Muscle, Percutaneous Endoscopic Approach", "0KQL0ZZ": "Repair Left Abdomen Muscle, Open Approach", "0KQL3ZZ": "Repair Left Abdomen Muscle, Percutaneous Approach", "0KQL4ZZ": "Repair Left Abdomen Muscle, Percutaneous Endoscopic Approach", "0KQM0ZZ": "Repair Perineum Muscle, Open Approach", "0KQM3ZZ": "Repair Perineum Muscle, Percutaneous Approach", "0KQM4ZZ": "Repair Perineum Muscle, Percutaneous Endoscopic Approach", "0KQN0ZZ": "Repair Right Hip Muscle, Open Approach", "0KQN3ZZ": "Repair Right Hip Muscle, Percutaneous Approach", "0KQN4ZZ": "Repair Right Hip Muscle, Percutaneous Endoscopic Approach", "0KQP0ZZ": "Repair Left Hip Muscle, Open Approach", "0KQP3ZZ": "Repair Left Hip Muscle, Percutaneous Approach", "0KQP4ZZ": "Repair Left Hip Muscle, Percutaneous Endoscopic Approach", "0KQQ0ZZ": "Repair Right Upper Leg Muscle, Open Approach", "0KQQ3ZZ": "Repair Right Upper Leg Muscle, Percutaneous Approach", "0KQQ4ZZ": "Repair Right Upper Leg Muscle, Percutaneous Endoscopic Approach", "0KQR0ZZ": "Repair Left Upper Leg Muscle, Open Approach", "0KQR3ZZ": "Repair Left Upper Leg Muscle, Percutaneous Approach", "0KQR4ZZ": "Repair Left Upper Leg Muscle, Percutaneous Endoscopic Approach", "0KQS0ZZ": "Repair Right Lower Leg Muscle, Open Approach", "0KQS3ZZ": "Repair Right Lower Leg Muscle, Percutaneous Approach", "0KQS4ZZ": "Repair Right Lower Leg Muscle, Percutaneous Endoscopic Approach", "0KQT0ZZ": "Repair Left Lower Leg Muscle, Open Approach", "0KQT3ZZ": "Repair Left Lower Leg Muscle, Percutaneous Approach", "0KQT4ZZ": "Repair Left Lower Leg Muscle, Percutaneous Endoscopic Approach", "0KQV0ZZ": "Repair Right Foot Muscle, Open Approach", "0KQV3ZZ": "Repair Right Foot Muscle, Percutaneous Approach", "0KQV4ZZ": "Repair Right Foot Muscle, Percutaneous Endoscopic Approach", "0KQW0ZZ": "Repair Left Foot Muscle, Open Approach", "0KQW3ZZ": "Repair Left Foot Muscle, Percutaneous Approach", "0KQW4ZZ": "Repair Left Foot Muscle, Percutaneous Endoscopic Approach"}