{"0KU": "Muscles, Supplement", "0KU007Z": "Supplement Head Muscle with Autologous Tissue Substitute, Open Approach", "0KU00JZ": "Supplement Head Muscle with Synthetic Substitute, Open Approach", "0KU00KZ": "Supplement Head Muscle with Nonautologous Tissue Substitute, Open Approach", "0KU047Z": "Supplement Head Muscle with Autologous Tissue Substitute, Percutaneous Endoscopic Approach", "0KU04JZ": "Supplement Head Muscle with Synthetic Substitute, Percutaneous Endoscopic Approach", "0KU04KZ": "Supplement Head Muscle with Nonautologous Tissue Substitute, Percutaneous Endoscopic Approach", "0KU107Z": "Supplement Facial Muscle with Autologous Tissue Substitute, Open Approach", "0KU10JZ": "Supplement Facial Muscle with Synthetic Substitute, Open Approach", "0KU10KZ": "Supplement Facial Muscle with Nonautologous Tissue Substitute, Open Approach", "0KU147Z": "Supplement Facial Muscle with Autologous Tissue Substitute, Percutaneous Endoscopic Approach", "0KU14JZ": "Supplement Facial Muscle with Synthetic Substitute, Percutaneous Endoscopic Approach", "0KU14KZ": "Supplement Facial Muscle with Nonautologous Tissue Substitute, Percutaneous Endoscopic Approach", "0KU207Z": "Supplement Right Neck Muscle with Autologous Tissue Substitute, Open Approach", "0KU20JZ": "Supplement Right Neck Muscle with Synthetic Substitute, Open Approach", "0KU20KZ": "Supplement Right Neck Muscle with Nonautologous Tissue Substitute, Open Approach", "0KU247Z": "Supplement Right Neck Muscle with Autologous Tissue Substitute, Percutaneous Endoscopic Approach", "0KU24JZ": "Supplement Right Neck Muscle with Synthetic Substitute, Percutaneous Endoscopic Approach", "0KU24KZ": "Supplement Right Neck Muscle with Nonautologous Tissue Substitute, Percutaneous Endoscopic Approach", "0KU307Z": "Supplement Left Neck Muscle with Autologous Tissue Substitute, Open Approach", "0KU30JZ": "Supplement Left Neck Muscle with Synthetic Substitute, Open Approach", "0KU30KZ": "Supplement Left Neck Muscle with Nonautologous Tissue Substitute, Open Approach", "0KU347Z": "Supplement Left Neck Muscle with Autologous Tissue Substitute, Percutaneous Endoscopic Approach", "0KU34JZ": "Supplement Left Neck Muscle with Synthetic Substitute, Percutaneous Endoscopic Approach", "0KU34KZ": "Supplement Left Neck Muscle with Nonautologous Tissue Substitute, Percutaneous Endoscopic Approach", "0KU407Z": "Supplement Tongue, Palate, Pharynx Muscle with Autologous Tissue Substitute, Open Approach", "0KU40JZ": "Supplement Tongue, Palate, Pharynx Muscle with Synthetic Substitute, Open Approach", "0KU40KZ": "Supplement Tongue, Palate, Pharynx Muscle with Nonautologous Tissue Substitute, Open Approach", "0KU447Z": "Supplement Tongue, Palate, Pharynx Muscle with Autologous Tissue Substitute, Percutaneous Endoscopic Approach", "0KU44JZ": "Supplement Tongue, Palate, Pharynx Muscle with Synthetic Substitute, Percutaneous Endoscopic Approach", "0KU44KZ": "Supplement Tongue, Palate, Pharynx Muscle with Nonautologous Tissue Substitute, Percutaneous Endoscopic Approach", "0KU507Z": "Supplement Right Shoulder Muscle with Autologous Tissue Substitute, Open Approach", "0KU50JZ": "Supplement Right Shoulder Muscle with Synthetic Substitute, Open Approach", "0KU50KZ": "Supplement Right Shoulder Muscle with Nonautologous Tissue Substitute, Open Approach", "0KU547Z": "Supplement Right Shoulder Muscle with Autologous Tissue Substitute, Percutaneous Endoscopic Approach", "0KU54JZ": "Supplement Right Shoulder Muscle with Synthetic Substitute, Percutaneous Endoscopic Approach", "0KU54KZ": "Supplement Right Shoulder Muscle with Nonautologous Tissue Substitute, Percutaneous Endoscopic Approach", "0KU607Z": "Supplement Left Shoulder Muscle with Autologous Tissue Substitute, Open Approach", "0KU60JZ": "Supplement Left Shoulder Muscle with Synthetic Substitute, Open Approach", "0KU60KZ": "Supplement Left Shoulder Muscle with Nonautologous Tissue Substitute, Open Approach", "0KU647Z": "Supplement Left Shoulder Muscle with Autologous Tissue Substitute, Percutaneous Endoscopic Approach", "0KU64JZ": "Supplement Left Shoulder Muscle with Synthetic Substitute, Percutaneous Endoscopic Approach", "0KU64KZ": "Supplement Left Shoulder Muscle with Nonautologous Tissue Substitute, Percutaneous Endoscopic Approach", "0KU707Z": "Supplement Right Upper Arm Muscle with Autologous Tissue Substitute, Open Approach", "0KU70JZ": "Supplement Right Upper Arm Muscle with Synthetic Substitute, Open Approach", "0KU70KZ": "Supplement Right Upper Arm Muscle with Nonautologous Tissue Substitute, Open Approach", "0KU747Z": "Supplement Right Upper Arm Muscle with Autologous Tissue Substitute, Percutaneous Endoscopic Approach", "0KU74JZ": "Supplement Right Upper Arm Muscle with Synthetic Substitute, Percutaneous Endoscopic Approach", "0KU74KZ": "Supplement Right Upper Arm Muscle with Nonautologous Tissue Substitute, Percutaneous Endoscopic Approach", "0KU807Z": "Supplement Left Upper Arm Muscle with Autologous Tissue Substitute, Open Approach", "0KU80JZ": "Supplement Left Upper Arm Muscle with Synthetic Substitute, Open Approach", "0KU80KZ": "Supplement Left Upper Arm Muscle with Nonautologous Tissue Substitute, Open Approach", "0KU847Z": "Supplement Left Upper Arm Muscle with Autologous Tissue Substitute, Percutaneous Endoscopic Approach", "0KU84JZ": "Supplement Left Upper Arm Muscle with Synthetic Substitute, Percutaneous Endoscopic Approach", "0KU84KZ": "Supplement Left Upper Arm Muscle with Nonautologous Tissue Substitute, Percutaneous Endoscopic Approach", "0KU907Z": "Supplement Right Lower Arm and Wrist Muscle with Autologous Tissue Substitute, Open Approach", "0KU90JZ": "Supplement Right Lower Arm and Wrist Muscle with Synthetic Substitute, Open Approach", "0KU90KZ": "Supplement Right Lower Arm and Wrist Muscle with Nonautologous Tissue Substitute, Open Approach", "0KU947Z": "Supplement Right Lower Arm and Wrist Muscle with Autologous Tissue Substitute, Percutaneous Endoscopic Approach", "0KU94JZ": "Supplement Right Lower Arm and Wrist Muscle with Synthetic Substitute, Percutaneous Endoscopic Approach", "0KU94KZ": "Supplement Right Lower Arm and Wrist Muscle with Nonautologous Tissue Substitute, Percutaneous Endoscopic Approach", "0KUB07Z": "Supplement Left Lower Arm and Wrist Muscle with Autologous Tissue Substitute, Open Approach", "0KUB0JZ": "Supplement Left Lower Arm and Wrist Muscle with Synthetic Substitute, Open Approach", "0KUB0KZ": "Supplement Left Lower Arm and Wrist Muscle with Nonautologous Tissue Substitute, Open Approach", "0KUB47Z": "Supplement Left Lower Arm and Wrist Muscle with Autologous Tissue Substitute, Percutaneous Endoscopic Approach", "0KUB4JZ": "Supplement Left Lower Arm and Wrist Muscle with Synthetic Substitute, Percutaneous Endoscopic Approach", "0KUB4KZ": "Supplement Left Lower Arm and Wrist Muscle with Nonautologous Tissue Substitute, Percutaneous Endoscopic Approach", "0KUC07Z": "Supplement Right Hand Muscle with Autologous Tissue Substitute, Open Approach", "0KUC0JZ": "Supplement Right Hand Muscle with Synthetic Substitute, Open Approach", "0KUC0KZ": "Supplement Right Hand Muscle with Nonautologous Tissue Substitute, Open Approach", "0KUC47Z": "Supplement Right Hand Muscle with Autologous Tissue Substitute, Percutaneous Endoscopic Approach", "0KUC4JZ": "Supplement Right Hand Muscle with Synthetic Substitute, Percutaneous Endoscopic Approach", "0KUC4KZ": "Supplement Right Hand Muscle with Nonautologous Tissue Substitute, Percutaneous Endoscopic Approach", "0KUD07Z": "Supplement Left Hand Muscle with Autologous Tissue Substitute, Open Approach", "0KUD0JZ": "Supplement Left Hand Muscle with Synthetic Substitute, Open Approach", "0KUD0KZ": "Supplement Left Hand Muscle with Nonautologous Tissue Substitute, Open Approach", "0KUD47Z": "Supplement Left Hand Muscle with Autologous Tissue Substitute, Percutaneous Endoscopic Approach", "0KUD4JZ": "Supplement Left Hand Muscle with Synthetic Substitute, Percutaneous Endoscopic Approach", "0KUD4KZ": "Supplement Left Hand Muscle with Nonautologous Tissue Substitute, Percutaneous Endoscopic Approach", "0KUF07Z": "Supplement Right Trunk Muscle with Autologous Tissue Substitute, Open Approach", "0KUF0JZ": "Supplement Right Trunk Muscle with Synthetic Substitute, Open Approach", "0KUF0KZ": "Supplement Right Trunk Muscle with Nonautologous Tissue Substitute, Open Approach", "0KUF47Z": "Supplement Right Trunk Muscle with Autologous Tissue Substitute, Percutaneous Endoscopic Approach", "0KUF4JZ": "Supplement Right Trunk Muscle with Synthetic Substitute, Percutaneous Endoscopic Approach", "0KUF4KZ": "Supplement Right Trunk Muscle with Nonautologous Tissue Substitute, Percutaneous Endoscopic Approach", "0KUG07Z": "Supplement Left Trunk Muscle with Autologous Tissue Substitute, Open Approach", "0KUG0JZ": "Supplement Left Trunk Muscle with Synthetic Substitute, Open Approach", "0KUG0KZ": "Supplement Left Trunk Muscle with Nonautologous Tissue Substitute, Open Approach", "0KUG47Z": "Supplement Left Trunk Muscle with Autologous Tissue Substitute, Percutaneous Endoscopic Approach", "0KUG4JZ": "Supplement Left Trunk Muscle with Synthetic Substitute, Percutaneous Endoscopic Approach", "0KUG4KZ": "Supplement Left Trunk Muscle with Nonautologous Tissue Substitute, Percutaneous Endoscopic Approach", "0KUH07Z": "Supplement Right Thorax Muscle with Autologous Tissue Substitute, Open Approach", "0KUH0JZ": "Supplement Right Thorax Muscle with Synthetic Substitute, Open Approach", "0KUH0KZ": "Supplement Right Thorax Muscle with Nonautologous Tissue Substitute, Open Approach", "0KUH47Z": "Supplement Right Thorax Muscle with Autologous Tissue Substitute, Percutaneous Endoscopic Approach", "0KUH4JZ": "Supplement Right Thorax Muscle with Synthetic Substitute, Percutaneous Endoscopic Approach", "0KUH4KZ": "Supplement Right Thorax Muscle with Nonautologous Tissue Substitute, Percutaneous Endoscopic Approach", "0KUJ07Z": "Supplement Left Thorax Muscle with Autologous Tissue Substitute, Open Approach", "0KUJ0JZ": "Supplement Left Thorax Muscle with Synthetic Substitute, Open Approach", "0KUJ0KZ": "Supplement Left Thorax Muscle with Nonautologous Tissue Substitute, Open Approach", "0KUJ47Z": "Supplement Left Thorax Muscle with Autologous Tissue Substitute, Percutaneous Endoscopic Approach", "0KUJ4JZ": "Supplement Left Thorax Muscle with Synthetic Substitute, Percutaneous Endoscopic Approach", "0KUJ4KZ": "Supplement Left Thorax Muscle with Nonautologous Tissue Substitute, Percutaneous Endoscopic Approach", "0KUK07Z": "Supplement Right Abdomen Muscle with Autologous Tissue Substitute, Open Approach", "0KUK0JZ": "Supplement Right Abdomen Muscle with Synthetic Substitute, Open Approach", "0KUK0KZ": "Supplement Right Abdomen Muscle with Nonautologous Tissue Substitute, Open Approach", "0KUK47Z": "Supplement Right Abdomen Muscle with Autologous Tissue Substitute, Percutaneous Endoscopic Approach", "0KUK4JZ": "Supplement Right Abdomen Muscle with Synthetic Substitute, Percutaneous Endoscopic Approach", "0KUK4KZ": "Supplement Right Abdomen Muscle with Nonautologous Tissue Substitute, Percutaneous Endoscopic Approach", "0KUL07Z": "Supplement Left Abdomen Muscle with Autologous Tissue Substitute, Open Approach", "0KUL0JZ": "Supplement Left Abdomen Muscle with Synthetic Substitute, Open Approach", "0KUL0KZ": "Supplement Left Abdomen Muscle with Nonautologous Tissue Substitute, Open Approach", "0KUL47Z": "Supplement Left Abdomen Muscle with Autologous Tissue Substitute, Percutaneous Endoscopic Approach", "0KUL4JZ": "Supplement Left Abdomen Muscle with Synthetic Substitute, Percutaneous Endoscopic Approach", "0KUL4KZ": "Supplement Left Abdomen Muscle with Nonautologous Tissue Substitute, Percutaneous Endoscopic Approach", "0KUM07Z": "Supplement Perineum Muscle with Autologous Tissue Substitute, Open Approach", "0KUM0JZ": "Supplement Perineum Muscle with Synthetic Substitute, Open Approach", "0KUM0KZ": "Supplement Perineum Muscle with Nonautologous Tissue Substitute, Open Approach", "0KUM47Z": "Supplement Perineum Muscle with Autologous Tissue Substitute, Percutaneous Endoscopic Approach", "0KUM4JZ": "Supplement Perineum Muscle with Synthetic Substitute, Percutaneous Endoscopic Approach", "0KUM4KZ": "Supplement Perineum Muscle with Nonautologous Tissue Substitute, Percutaneous Endoscopic Approach", "0KUN07Z": "Supplement Right Hip Muscle with Autologous Tissue Substitute, Open Approach", "0KUN0JZ": "Supplement Right Hip Muscle with Synthetic Substitute, Open Approach", "0KUN0KZ": "Supplement Right Hip Muscle with Nonautologous Tissue Substitute, Open Approach", "0KUN47Z": "Supplement Right Hip Muscle with Autologous Tissue Substitute, Percutaneous Endoscopic Approach", "0KUN4JZ": "Supplement Right Hip Muscle with Synthetic Substitute, Percutaneous Endoscopic Approach", "0KUN4KZ": "Supplement Right Hip Muscle with Nonautologous Tissue Substitute, Percutaneous Endoscopic Approach", "0KUP07Z": "Supplement Left Hip Muscle with Autologous Tissue Substitute, Open Approach", "0KUP0JZ": "Supplement Left Hip Muscle with Synthetic Substitute, Open Approach", "0KUP0KZ": "Supplement Left Hip Muscle with Nonautologous Tissue Substitute, Open Approach", "0KUP47Z": "Supplement Left Hip Muscle with Autologous Tissue Substitute, Percutaneous Endoscopic Approach", "0KUP4JZ": "Supplement Left Hip Muscle with Synthetic Substitute, Percutaneous Endoscopic Approach", "0KUP4KZ": "Supplement Left Hip Muscle with Nonautologous Tissue Substitute, Percutaneous Endoscopic Approach", "0KUQ07Z": "Supplement Right Upper Leg Muscle with Autologous Tissue Substitute, Open Approach", "0KUQ0JZ": "Supplement Right Upper Leg Muscle with Synthetic Substitute, Open Approach", "0KUQ0KZ": "Supplement Right Upper Leg Muscle with Nonautologous Tissue Substitute, Open Approach", "0KUQ47Z": "Supplement Right Upper Leg Muscle with Autologous Tissue Substitute, Percutaneous Endoscopic Approach", "0KUQ4JZ": "Supplement Right Upper Leg Muscle with Synthetic Substitute, Percutaneous Endoscopic Approach", "0KUQ4KZ": "Supplement Right Upper Leg Muscle with Nonautologous Tissue Substitute, Percutaneous Endoscopic Approach", "0KUR07Z": "Supplement Left Upper Leg Muscle with Autologous Tissue Substitute, Open Approach", "0KUR0JZ": "Supplement Left Upper Leg Muscle with Synthetic Substitute, Open Approach", "0KUR0KZ": "Supplement Left Upper Leg Muscle with Nonautologous Tissue Substitute, Open Approach", "0KUR47Z": "Supplement Left Upper Leg Muscle with Autologous Tissue Substitute, Percutaneous Endoscopic Approach", "0KUR4JZ": "Supplement Left Upper Leg Muscle with Synthetic Substitute, Percutaneous Endoscopic Approach", "0KUR4KZ": "Supplement Left Upper Leg Muscle with Nonautologous Tissue Substitute, Percutaneous Endoscopic Approach", "0KUS07Z": "Supplement Right Lower Leg Muscle with Autologous Tissue Substitute, Open Approach", "0KUS0JZ": "Supplement Right Lower Leg Muscle with Synthetic Substitute, Open Approach", "0KUS0KZ": "Supplement Right Lower Leg Muscle with Nonautologous Tissue Substitute, Open Approach", "0KUS47Z": "Supplement Right Lower Leg Muscle with Autologous Tissue Substitute, Percutaneous Endoscopic Approach", "0KUS4JZ": "Supplement Right Lower Leg Muscle with Synthetic Substitute, Percutaneous Endoscopic Approach", "0KUS4KZ": "Supplement Right Lower Leg Muscle with Nonautologous Tissue Substitute, Percutaneous Endoscopic Approach", "0KUT07Z": "Supplement Left Lower Leg Muscle with Autologous Tissue Substitute, Open Approach", "0KUT0JZ": "Supplement Left Lower Leg Muscle with Synthetic Substitute, Open Approach", "0KUT0KZ": "Supplement Left Lower Leg Muscle with Nonautologous Tissue Substitute, Open Approach", "0KUT47Z": "Supplement Left Lower Leg Muscle with Autologous Tissue Substitute, Percutaneous Endoscopic Approach", "0KUT4JZ": "Supplement Left Lower Leg Muscle with Synthetic Substitute, Percutaneous Endoscopic Approach", "0KUT4KZ": "Supplement Left Lower Leg Muscle with Nonautologous Tissue Substitute, Percutaneous Endoscopic Approach", "0KUV07Z": "Supplement Right Foot Muscle with Autologous Tissue Substitute, Open Approach", "0KUV0JZ": "Supplement Right Foot Muscle with Synthetic Substitute, Open Approach", "0KUV0KZ": "Supplement Right Foot Muscle with Nonautologous Tissue Substitute, Open Approach", "0KUV47Z": "Supplement Right Foot Muscle with Autologous Tissue Substitute, Percutaneous Endoscopic Approach", "0KUV4JZ": "Supplement Right Foot Muscle with Synthetic Substitute, Percutaneous Endoscopic Approach", "0KUV4KZ": "Supplement Right Foot Muscle with Nonautologous Tissue Substitute, Percutaneous Endoscopic Approach", "0KUW07Z": "Supplement Left Foot Muscle with Autologous Tissue Substitute, Open Approach", "0KUW0JZ": "Supplement Left Foot Muscle with Synthetic Substitute, Open Approach", "0KUW0KZ": "Supplement Left Foot Muscle with Nonautologous Tissue Substitute, Open Approach", "0KUW47Z": "Supplement Left Foot Muscle with Autologous Tissue Substitute, Percutaneous Endoscopic Approach", "0KUW4JZ": "Supplement Left Foot Muscle with Synthetic Substitute, Percutaneous Endoscopic Approach", "0KUW4KZ": "Supplement Left Foot Muscle with Nonautologous Tissue Substitute, Percutaneous Endoscopic Approach"}