{"0KW": "Muscles, Revision", "0KWX00Z": "Revision of Drainage Device in Upper Muscle, Open Approach", "0KWX07Z": "Revision of Autologous Tissue Substitute in Upper Muscle, Open Approach", "0KWX0JZ": "Revision of Synthetic Substitute in Upper Muscle, Open Approach", "0KWX0KZ": "Revision of Nonautologous Tissue Substitute in Upper Muscle, Open Approach", "0KWX0MZ": "Revision of Stimulator Lead in Upper Muscle, Open Approach", "0KWX0YZ": "Revision of Other Device in Upper Muscle, Open Approach", "0KWX30Z": "Revision of Drainage Device in Upper Muscle, Percutaneous Approach", "0KWX37Z": "Revision of Autologous Tissue Substitute in Upper Muscle, Percutaneous Approach", "0KWX3JZ": "Revision of Synthetic Substitute in Upper Muscle, Percutaneous Approach", "0KWX3KZ": "Revision of Nonautologous Tissue Substitute in Upper Muscle, Percutaneous Approach", "0KWX3MZ": "Revision of Stimulator Lead in Upper Muscle, Percutaneous Approach", "0KWX3YZ": "Revision of Other Device in Upper Muscle, Percutaneous Approach", "0KWX40Z": "Revision of Drainage Device in Upper Muscle, Percutaneous Endoscopic Approach", "0KWX47Z": "Revision of Autologous Tissue Substitute in Upper Muscle, Percutaneous Endoscopic Approach", "0KWX4JZ": "Revision of Synthetic Substitute in Upper Muscle, Percutaneous Endoscopic Approach", "0KWX4KZ": "Revision of Nonautologous Tissue Substitute in Upper Muscle, Percutaneous Endoscopic Approach", "0KWX4MZ": "Revision of Stimulator Lead in Upper Muscle, Percutaneous Endoscopic Approach", "0KWX4YZ": "Revision of Other Device in Upper Muscle, Percutaneous Endoscopic Approach", "0KWXX0Z": "Revision of Drainage Device in Upper Muscle, External Approach", "0KWXX7Z": "Revision of Autologous Tissue Substitute in Upper Muscle, External Approach", "0KWXXJZ": "Revision of Synthetic Substitute in Upper Muscle, External Approach", "0KWXXKZ": "Revision of Nonautologous Tissue Substitute in Upper Muscle, External Approach", "0KWXXMZ": "Revision of Stimulator Lead in Upper Muscle, External Approach", "0KWY00Z": "Revision of Drainage Device in Lower Muscle, Open Approach", "0KWY07Z": "Revision of Autologous Tissue Substitute in Lower Muscle, Open Approach", "0KWY0JZ": "Revision of Synthetic Substitute in Lower Muscle, Open Approach", "0KWY0KZ": "Revision of Nonautologous Tissue Substitute in Lower Muscle, Open Approach", "0KWY0MZ": "Revision of Stimulator Lead in Lower Muscle, Open Approach", "0KWY0YZ": "Revision of Other Device in Lower Muscle, Open Approach", "0KWY30Z": "Revision of Drainage Device in Lower Muscle, Percutaneous Approach", "0KWY37Z": "Revision of Autologous Tissue Substitute in Lower Muscle, Percutaneous Approach", "0KWY3JZ": "Revision of Synthetic Substitute in Lower Muscle, Percutaneous Approach", "0KWY3KZ": "Revision of Nonautologous Tissue Substitute in Lower Muscle, Percutaneous Approach", "0KWY3MZ": "Revision of Stimulator Lead in Lower Muscle, Percutaneous Approach", "0KWY3YZ": "Revision of Other Device in Lower Muscle, Percutaneous Approach", "0KWY40Z": "Revision of Drainage Device in Lower Muscle, Percutaneous Endoscopic Approach", "0KWY47Z": "Revision of Autologous Tissue Substitute in Lower Muscle, Percutaneous Endoscopic Approach", "0KWY4JZ": "Revision of Synthetic Substitute in Lower Muscle, Percutaneous Endoscopic Approach", "0KWY4KZ": "Revision of Nonautologous Tissue Substitute in Lower Muscle, Percutaneous Endoscopic Approach", "0KWY4MZ": "Revision of Stimulator Lead in Lower Muscle, Percutaneous Endoscopic Approach", "0KWY4YZ": "Revision of Other Device in Lower Muscle, Percutaneous Endoscopic Approach", "0KWYX0Z": "Revision of Drainage Device in Lower Muscle, External Approach", "0KWYX7Z": "Revision of Autologous Tissue Substitute in Lower Muscle, External Approach", "0KWYXJZ": "Revision of Synthetic Substitute in Lower Muscle, External Approach", "0KWYXKZ": "Revision of Nonautologous Tissue Substitute in Lower Muscle, External Approach", "0KWYXMZ": "Revision of Stimulator Lead in Lower Muscle, External Approach"}