{"0B1": "Respiratory System, Bypass", "0B110D6": "Bypass Trachea to Esophagus with Intraluminal Device, Open Approach", "0B110F4": "Bypass Trachea to Cutaneous with Tracheostomy Device, Open Approach", "0B110Z4": "Bypass Trachea to Cutaneous, Open Approach", "0B113F4": "Bypass Trachea to Cutaneous with Tracheostomy Device, Percutaneous Approach", "0B113Z4": "Bypass Trachea to Cutaneous, Percutaneous Approach", "0B114F4": "Bypass Trachea to Cutaneous with Tracheostomy Device, Percutaneous Endoscopic Approach", "0B114Z4": "Bypass Trachea to Cutaneous, Percutaneous Endoscopic Approach"}