{"0B7": "Respiratory System, Dilation", "0B710DZ": "Dilation of Trachea with Intraluminal Device, Open Approach", "0B710ZZ": "Dilation of Trachea, Open Approach", "0B713DZ": "Dilation of Trachea with Intraluminal Device, Percutaneous Approach", "0B713ZZ": "Dilation of Trachea, Percutaneous Approach", "0B714DZ": "Dilation of Trachea with Intraluminal Device, Percutaneous Endoscopic Approach", "0B714ZZ": "Dilation of Trachea, Percutaneous Endoscopic Approach", "0B717DZ": "Dilation of Trachea with Intraluminal Device, Via Natural or Artificial Opening", "0B717ZZ": "Dilation of Trachea, Via Natural or Artificial Opening", "0B718DZ": "Dilation of Trachea with Intraluminal Device, Via Natural or Artificial Opening Endoscopic", "0B718ZZ": "Dilation of Trachea, Via Natural or Artificial Opening Endoscopic", "0B720DZ": "Dilation of Carina with Intraluminal Device, Open Approach", "0B720ZZ": "Dilation of Carina, Open Approach", "0B723DZ": "Dilation of Carina with Intraluminal Device, Percutaneous Approach", "0B723ZZ": "Dilation of Carina, Percutaneous Approach", "0B724DZ": "Dilation of Carina with Intraluminal Device, Percutaneous Endoscopic Approach", "0B724ZZ": "Dilation of Carina, Percutaneous Endoscopic Approach", "0B727DZ": "Dilation of Carina with Intraluminal Device, Via Natural or Artificial Opening", "0B727ZZ": "Dilation of Carina, Via Natural or Artificial Opening", "0B728DZ": "Dilation of Carina with Intraluminal Device, Via Natural or Artificial Opening Endoscopic", "0B728ZZ": "Dilation of Carina, Via Natural or Artificial Opening Endoscopic", "0B730DZ": "Dilation of Right Main Bronchus with Intraluminal Device, Open Approach", "0B730ZZ": "Dilation of Right Main Bronchus, Open Approach", "0B733DZ": "Dilation of Right Main Bronchus with Intraluminal Device, Percutaneous Approach", "0B733ZZ": "Dilation of Right Main Bronchus, Percutaneous Approach", "0B734DZ": "Dilation of Right Main Bronchus with Intraluminal Device, Percutaneous Endoscopic Approach", "0B734ZZ": "Dilation of Right Main Bronchus, Percutaneous Endoscopic Approach", "0B737DZ": "Dilation of Right Main Bronchus with Intraluminal Device, Via Natural or Artificial Opening", "0B737ZZ": "Dilation of Right Main Bronchus, Via Natural or Artificial Opening", "0B738DZ": "Dilation of Right Main Bronchus with Intraluminal Device, Via Natural or Artificial Opening Endoscopic", "0B738ZZ": "Dilation of Right Main Bronchus, Via Natural or Artificial Opening Endoscopic", "0B740DZ": "Dilation of Right Upper Lobe Bronchus with Intraluminal Device, Open Approach", "0B740ZZ": "Dilation of Right Upper Lobe Bronchus, Open Approach", "0B743DZ": "Dilation of Right Upper Lobe Bronchus with Intraluminal Device, Percutaneous Approach", "0B743ZZ": "Dilation of Right Upper Lobe Bronchus, Percutaneous Approach", "0B744DZ": "Dilation of Right Upper Lobe Bronchus with Intraluminal Device, Percutaneous Endoscopic Approach", "0B744ZZ": "Dilation of Right Upper Lobe Bronchus, Percutaneous Endoscopic Approach", "0B747DZ": "Dilation of Right Upper Lobe Bronchus with Intraluminal Device, Via Natural or Artificial Opening", "0B747ZZ": "Dilation of Right Upper Lobe Bronchus, Via Natural or Artificial Opening", "0B748DZ": "Dilation of Right Upper Lobe Bronchus with Intraluminal Device, Via Natural or Artificial Opening Endoscopic", "0B748ZZ": "Dilation of Right Upper Lobe Bronchus, Via Natural or Artificial Opening Endoscopic", "0B750DZ": "Dilation of Right Middle Lobe Bronchus with Intraluminal Device, Open Approach", "0B750ZZ": "Dilation of Right Middle Lobe Bronchus, Open Approach", "0B753DZ": "Dilation of Right Middle Lobe Bronchus with Intraluminal Device, Percutaneous Approach", "0B753ZZ": "Dilation of Right Middle Lobe Bronchus, Percutaneous Approach", "0B754DZ": "Dilation of Right Middle Lobe Bronchus with Intraluminal Device, Percutaneous Endoscopic Approach", "0B754ZZ": "Dilation of Right Middle Lobe Bronchus, Percutaneous Endoscopic Approach", "0B757DZ": "Dilation of Right Middle Lobe Bronchus with Intraluminal Device, Via Natural or Artificial Opening", "0B757ZZ": "Dilation of Right Middle Lobe Bronchus, Via Natural or Artificial Opening", "0B758DZ": "Dilation of Right Middle Lobe Bronchus with Intraluminal Device, Via Natural or Artificial Opening Endoscopic", "0B758ZZ": "Dilation of Right Middle Lobe Bronchus, Via Natural or Artificial Opening Endoscopic", "0B760DZ": "Dilation of Right Lower Lobe Bronchus with Intraluminal Device, Open Approach", "0B760ZZ": "Dilation of Right Lower Lobe Bronchus, Open Approach", "0B763DZ": "Dilation of Right Lower Lobe Bronchus with Intraluminal Device, Percutaneous Approach", "0B763ZZ": "Dilation of Right Lower Lobe Bronchus, Percutaneous Approach", "0B764DZ": "Dilation of Right Lower Lobe Bronchus with Intraluminal Device, Percutaneous Endoscopic Approach", "0B764ZZ": "Dilation of Right Lower Lobe Bronchus, Percutaneous Endoscopic Approach", "0B767DZ": "Dilation of Right Lower Lobe Bronchus with Intraluminal Device, Via Natural or Artificial Opening", "0B767ZZ": "Dilation of Right Lower Lobe Bronchus, Via Natural or Artificial Opening", "0B768DZ": "Dilation of Right Lower Lobe Bronchus with Intraluminal Device, Via Natural or Artificial Opening Endoscopic", "0B768ZZ": "Dilation of Right Lower Lobe Bronchus, Via Natural or Artificial Opening Endoscopic", "0B770DZ": "Dilation of Left Main Bronchus with Intraluminal Device, Open Approach", "0B770ZZ": "Dilation of Left Main Bronchus, Open Approach", "0B773DZ": "Dilation of Left Main Bronchus with Intraluminal Device, Percutaneous Approach", "0B773ZZ": "Dilation of Left Main Bronchus, Percutaneous Approach", "0B774DZ": "Dilation of Left Main Bronchus with Intraluminal Device, Percutaneous Endoscopic Approach", "0B774ZZ": "Dilation of Left Main Bronchus, Percutaneous Endoscopic Approach", "0B777DZ": "Dilation of Left Main Bronchus with Intraluminal Device, Via Natural or Artificial Opening", "0B777ZZ": "Dilation of Left Main Bronchus, Via Natural or Artificial Opening", "0B778DZ": "Dilation of Left Main Bronchus with Intraluminal Device, Via Natural or Artificial Opening Endoscopic", "0B778ZZ": "Dilation of Left Main Bronchus, Via Natural or Artificial Opening Endoscopic", "0B780DZ": "Dilation of Left Upper Lobe Bronchus with Intraluminal Device, Open Approach", "0B780ZZ": "Dilation of Left Upper Lobe Bronchus, Open Approach", "0B783DZ": "Dilation of Left Upper Lobe Bronchus with Intraluminal Device, Percutaneous Approach", "0B783ZZ": "Dilation of Left Upper Lobe Bronchus, Percutaneous Approach", "0B784DZ": "Dilation of Left Upper Lobe Bronchus with Intraluminal Device, Percutaneous Endoscopic Approach", "0B784ZZ": "Dilation of Left Upper Lobe Bronchus, Percutaneous Endoscopic Approach", "0B787DZ": "Dilation of Left Upper Lobe Bronchus with Intraluminal Device, Via Natural or Artificial Opening", "0B787ZZ": "Dilation of Left Upper Lobe Bronchus, Via Natural or Artificial Opening", "0B788DZ": "Dilation of Left Upper Lobe Bronchus with Intraluminal Device, Via Natural or Artificial Opening Endoscopic", "0B788ZZ": "Dilation of Left Upper Lobe Bronchus, Via Natural or Artificial Opening Endoscopic", "0B790DZ": "Dilation of Lingula Bronchus with Intraluminal Device, Open Approach", "0B790ZZ": "Dilation of Lingula Bronchus, Open Approach", "0B793DZ": "Dilation of Lingula Bronchus with Intraluminal Device, Percutaneous Approach", "0B793ZZ": "Dilation of Lingula Bronchus, Percutaneous Approach", "0B794DZ": "Dilation of Lingula Bronchus with Intraluminal Device, Percutaneous Endoscopic Approach", "0B794ZZ": "Dilation of Lingula Bronchus, Percutaneous Endoscopic Approach", "0B797DZ": "Dilation of Lingula Bronchus with Intraluminal Device, Via Natural or Artificial Opening", "0B797ZZ": "Dilation of Lingula Bronchus, Via Natural or Artificial Opening", "0B798DZ": "Dilation of Lingula Bronchus with Intraluminal Device, Via Natural or Artificial Opening Endoscopic", "0B798ZZ": "Dilation of Lingula Bronchus, Via Natural or Artificial Opening Endoscopic", "0B7B0DZ": "Dilation of Left Lower Lobe Bronchus with Intraluminal Device, Open Approach", "0B7B0ZZ": "Dilation of Left Lower Lobe Bronchus, Open Approach", "0B7B3DZ": "Dilation of Left Lower Lobe Bronchus with Intraluminal Device, Percutaneous Approach", "0B7B3ZZ": "Dilation of Left Lower Lobe Bronchus, Percutaneous Approach", "0B7B4DZ": "Dilation of Left Lower Lobe Bronchus with Intraluminal Device, Percutaneous Endoscopic Approach", "0B7B4ZZ": "Dilation of Left Lower Lobe Bronchus, Percutaneous Endoscopic Approach", "0B7B7DZ": "Dilation of Left Lower Lobe Bronchus with Intraluminal Device, Via Natural or Artificial Opening", "0B7B7ZZ": "Dilation of Left Lower Lobe Bronchus, Via Natural or Artificial Opening", "0B7B8DZ": "Dilation of Left Lower Lobe Bronchus with Intraluminal Device, Via Natural or Artificial Opening Endoscopic", "0B7B8ZZ": "Dilation of Left Lower Lobe Bronchus, Via Natural or Artificial Opening Endoscopic"}