{"0BD": "Respiratory System, Extraction", "0BD14ZX": "Extraction of Trachea, Percutaneous Endoscopic Approach, Diagnostic", "0BD18ZX": "Extraction of Trachea, Via Natural or Artificial Opening Endoscopic, Diagnostic", "0BD24ZX": "Extraction of Carina, Percutaneous Endoscopic Approach, Diagnostic", "0BD28ZX": "Extraction of Carina, Via Natural or Artificial Opening Endoscopic, Diagnostic", "0BD34ZX": "Extraction of Right Main Bronchus, Percutaneous Endoscopic Approach, Diagnostic", "0BD38ZX": "Extraction of Right Main Bronchus, Via Natural or Artificial Opening Endoscopic, Diagnostic", "0BD44ZX": "Extraction of Right Upper Lobe Bronchus, Percutaneous Endoscopic Approach, Diagnostic", "0BD48ZX": "Extraction of Right Upper Lobe Bronchus, Via Natural or Artificial Opening Endoscopic, Diagnostic", "0BD54ZX": "Extraction of Right Middle Lobe Bronchus, Percutaneous Endoscopic Approach, Diagnostic", "0BD58ZX": "Extraction of Right Middle Lobe Bronchus, Via Natural or Artificial Opening Endoscopic, Diagnostic", "0BD64ZX": "Extraction of Right Lower Lobe Bronchus, Percutaneous Endoscopic Approach, Diagnostic", "0BD68ZX": "Extraction of Right Lower Lobe Bronchus, Via Natural or Artificial Opening Endoscopic, Diagnostic", "0BD74ZX": "Extraction of Left Main Bronchus, Percutaneous Endoscopic Approach, Diagnostic", "0BD78ZX": "Extraction of Left Main Bronchus, Via Natural or Artificial Opening Endoscopic, Diagnostic", "0BD84ZX": "Extraction of Left Upper Lobe Bronchus, Percutaneous Endoscopic Approach, Diagnostic", "0BD88ZX": "Extraction of Left Upper Lobe Bronchus, Via Natural or Artificial Opening Endoscopic, Diagnostic", "0BD94ZX": "Extraction of Lingula Bronchus, Percutaneous Endoscopic Approach, Diagnostic", "0BD98ZX": "Extraction of Lingula Bronchus, Via Natural or Artificial Opening Endoscopic, Diagnostic", "0BDB4ZX": "Extraction of Left Lower Lobe Bronchus, Percutaneous Endoscopic Approach, Diagnostic", "0BDB8ZX": "Extraction of Left Lower Lobe Bronchus, Via Natural or Artificial Opening Endoscopic, Diagnostic", "0BDC4ZX": "Extraction of Right Upper Lung Lobe, Percutaneous Endoscopic Approach, Diagnostic", "0BDC8ZX": "Extraction of Right Upper Lung Lobe, Via Natural or Artificial Opening Endoscopic, Diagnostic", "0BDD4ZX": "Extraction of Right Middle Lung Lobe, Percutaneous Endoscopic Approach, Diagnostic", "0BDD8ZX": "Extraction of Right Middle Lung Lobe, Via Natural or Artificial Opening Endoscopic, Diagnostic", "0BDF4ZX": "Extraction of Right Lower Lung Lobe, Percutaneous Endoscopic Approach, Diagnostic", "0BDF8ZX": "Extraction of Right Lower Lung Lobe, Via Natural or Artificial Opening Endoscopic, Diagnostic", "0BDG4ZX": "Extraction of Left Upper Lung Lobe, Percutaneous Endoscopic Approach, Diagnostic", "0BDG8ZX": "Extraction of Left Upper Lung Lobe, Via Natural or Artificial Opening Endoscopic, Diagnostic", "0BDH4ZX": "Extraction of Lung Lingula, Percutaneous Endoscopic Approach, Diagnostic", "0BDH8ZX": "Extraction of Lung Lingula, Via Natural or Artificial Opening Endoscopic, Diagnostic", "0BDJ4ZX": "Extraction of Left Lower Lung Lobe, Percutaneous Endoscopic Approach, Diagnostic", "0BDJ8ZX": "Extraction of Left Lower Lung Lobe, Via Natural or Artificial Opening Endoscopic, Diagnostic", "0BDK4ZX": "Extraction of Right Lung, Percutaneous Endoscopic Approach, Diagnostic", "0BDK8ZX": "Extraction of Right Lung, Via Natural or Artificial Opening Endoscopic, Diagnostic", "0BDL4ZX": "Extraction of Left Lung, Percutaneous Endoscopic Approach, Diagnostic", "0BDL8ZX": "Extraction of Left Lung, Via Natural or Artificial Opening Endoscopic, Diagnostic", "0BDM4ZX": "Extraction of Bilateral Lungs, Percutaneous Endoscopic Approach, Diagnostic", "0BDM8ZX": "Extraction of Bilateral Lungs, Via Natural or Artificial Opening Endoscopic, Diagnostic", "0BDN0ZX": "Extraction of Right Pleura, Open Approach, Diagnostic", "0BDN0ZZ": "Extraction of Right Pleura, Open Approach", "0BDN3ZX": "Extraction of Right Pleura, Percutaneous Approach, Diagnostic", "0BDN3ZZ": "Extraction of Right Pleura, Percutaneous Approach", "0BDN4ZX": "Extraction of Right Pleura, Percutaneous Endoscopic Approach, Diagnostic", "0BDN4ZZ": "Extraction of Right Pleura, Percutaneous Endoscopic Approach", "0BDP0ZX": "Extraction of Left Pleura, Open Approach, Diagnostic", "0BDP0ZZ": "Extraction of Left Pleura, Open Approach", "0BDP3ZX": "Extraction of Left Pleura, Percutaneous Approach, Diagnostic", "0BDP3ZZ": "Extraction of Left Pleura, Percutaneous Approach", "0BDP4ZX": "Extraction of Left Pleura, Percutaneous Endoscopic Approach, Diagnostic", "0BDP4ZZ": "Extraction of Left Pleura, Percutaneous Endoscopic Approach"}