{"0BQ": "Respiratory System, Repair", "0BQ10ZZ": "Repair Trachea, Open Approach", "0BQ13ZZ": "Repair Trachea, Percutaneous Approach", "0BQ14ZZ": "Repair Trachea, Percutaneous Endoscopic Approach", "0BQ17ZZ": "Repair Trachea, Via Natural or Artificial Opening", "0BQ18ZZ": "Repair Trachea, Via Natural or Artificial Opening Endoscopic", "0BQ20ZZ": "Repair Carina, Open Approach", "0BQ23ZZ": "Repair Carina, Percutaneous Approach", "0BQ24ZZ": "Repair Carina, Percutaneous Endoscopic Approach", "0BQ27ZZ": "Repair Carina, Via Natural or Artificial Opening", "0BQ28ZZ": "Repair Carina, Via Natural or Artificial Opening Endoscopic", "0BQ30ZZ": "Repair Right Main Bronchus, Open Approach", "0BQ33ZZ": "Repair Right Main Bronchus, Percutaneous Approach", "0BQ34ZZ": "Repair Right Main Bronchus, Percutaneous Endoscopic Approach", "0BQ37ZZ": "Repair Right Main Bronchus, Via Natural or Artificial Opening", "0BQ38ZZ": "Repair Right Main Bronchus, Via Natural or Artificial Opening Endoscopic", "0BQ40ZZ": "Repair Right Upper Lobe Bronchus, Open Approach", "0BQ43ZZ": "Repair Right Upper Lobe Bronchus, Percutaneous Approach", "0BQ44ZZ": "Repair Right Upper Lobe Bronchus, Percutaneous Endoscopic Approach", "0BQ47ZZ": "Repair Right Upper Lobe Bronchus, Via Natural or Artificial Opening", "0BQ48ZZ": "Repair Right Upper Lobe Bronchus, Via Natural or Artificial Opening Endoscopic", "0BQ50ZZ": "Repair Right Middle Lobe Bronchus, Open Approach", "0BQ53ZZ": "Repair Right Middle Lobe Bronchus, Percutaneous Approach", "0BQ54ZZ": "Repair Right Middle Lobe Bronchus, Percutaneous Endoscopic Approach", "0BQ57ZZ": "Repair Right Middle Lobe Bronchus, Via Natural or Artificial Opening", "0BQ58ZZ": "Repair Right Middle Lobe Bronchus, Via Natural or Artificial Opening Endoscopic", "0BQ60ZZ": "Repair Right Lower Lobe Bronchus, Open Approach", "0BQ63ZZ": "Repair Right Lower Lobe Bronchus, Percutaneous Approach", "0BQ64ZZ": "Repair Right Lower Lobe Bronchus, Percutaneous Endoscopic Approach", "0BQ67ZZ": "Repair Right Lower Lobe Bronchus, Via Natural or Artificial Opening", "0BQ68ZZ": "Repair Right Lower Lobe Bronchus, Via Natural or Artificial Opening Endoscopic", "0BQ70ZZ": "Repair Left Main Bronchus, Open Approach", "0BQ73ZZ": "Repair Left Main Bronchus, Percutaneous Approach", "0BQ74ZZ": "Repair Left Main Bronchus, Percutaneous Endoscopic Approach", "0BQ77ZZ": "Repair Left Main Bronchus, Via Natural or Artificial Opening", "0BQ78ZZ": "Repair Left Main Bronchus, Via Natural or Artificial Opening Endoscopic", "0BQ80ZZ": "Repair Left Upper Lobe Bronchus, Open Approach", "0BQ83ZZ": "Repair Left Upper Lobe Bronchus, Percutaneous Approach", "0BQ84ZZ": "Repair Left Upper Lobe Bronchus, Percutaneous Endoscopic Approach", "0BQ87ZZ": "Repair Left Upper Lobe Bronchus, Via Natural or Artificial Opening", "0BQ88ZZ": "Repair Left Upper Lobe Bronchus, Via Natural or Artificial Opening Endoscopic", "0BQ90ZZ": "Repair Lingula Bronchus, Open Approach", "0BQ93ZZ": "Repair Lingula Bronchus, Percutaneous Approach", "0BQ94ZZ": "Repair Lingula Bronchus, Percutaneous Endoscopic Approach", "0BQ97ZZ": "Repair Lingula Bronchus, Via Natural or Artificial Opening", "0BQ98ZZ": "Repair Lingula Bronchus, Via Natural or Artificial Opening Endoscopic", "0BQB0ZZ": "Repair Left Lower Lobe Bronchus, Open Approach", "0BQB3ZZ": "Repair Left Lower Lobe Bronchus, Percutaneous Approach", "0BQB4ZZ": "Repair Left Lower Lobe Bronchus, Percutaneous Endoscopic Approach", "0BQB7ZZ": "Repair Left Lower Lobe Bronchus, Via Natural or Artificial Opening", "0BQB8ZZ": "Repair Left Lower Lobe Bronchus, Via Natural or Artificial Opening Endoscopic", "0BQC0ZZ": "Repair Right Upper Lung Lobe, Open Approach", "0BQC3ZZ": "Repair Right Upper Lung Lobe, Percutaneous Approach", "0BQC4ZZ": "Repair Right Upper Lung Lobe, Percutaneous Endoscopic Approach", "0BQC7ZZ": "Repair Right Upper Lung Lobe, Via Natural or Artificial Opening", "0BQC8ZZ": "Repair Right Upper Lung Lobe, Via Natural or Artificial Opening Endoscopic", "0BQD0ZZ": "Repair Right Middle Lung Lobe, Open Approach", "0BQD3ZZ": "Repair Right Middle Lung Lobe, Percutaneous Approach", "0BQD4ZZ": "Repair Right Middle Lung Lobe, Percutaneous Endoscopic Approach", "0BQD7ZZ": "Repair Right Middle Lung Lobe, Via Natural or Artificial Opening", "0BQD8ZZ": "Repair Right Middle Lung Lobe, Via Natural or Artificial Opening Endoscopic", "0BQF0ZZ": "Repair Right Lower Lung Lobe, Open Approach", "0BQF3ZZ": "Repair Right Lower Lung Lobe, Percutaneous Approach", "0BQF4ZZ": "Repair Right Lower Lung Lobe, Percutaneous Endoscopic Approach", "0BQF7ZZ": "Repair Right Lower Lung Lobe, Via Natural or Artificial Opening", "0BQF8ZZ": "Repair Right Lower Lung Lobe, Via Natural or Artificial Opening Endoscopic", "0BQG0ZZ": "Repair Left Upper Lung Lobe, Open Approach", "0BQG3ZZ": "Repair Left Upper Lung Lobe, Percutaneous Approach", "0BQG4ZZ": "Repair Left Upper Lung Lobe, Percutaneous Endoscopic Approach", "0BQG7ZZ": "Repair Left Upper Lung Lobe, Via Natural or Artificial Opening", "0BQG8ZZ": "Repair Left Upper Lung Lobe, Via Natural or Artificial Opening Endoscopic", "0BQH0ZZ": "Repair Lung Lingula, Open Approach", "0BQH3ZZ": "Repair Lung Lingula, Percutaneous Approach", "0BQH4ZZ": "Repair Lung Lingula, Percutaneous Endoscopic Approach", "0BQH7ZZ": "Repair Lung Lingula, Via Natural or Artificial Opening", "0BQH8ZZ": "Repair Lung Lingula, Via Natural or Artificial Opening Endoscopic", "0BQJ0ZZ": "Repair Left Lower Lung Lobe, Open Approach", "0BQJ3ZZ": "Repair Left Lower Lung Lobe, Percutaneous Approach", "0BQJ4ZZ": "Repair Left Lower Lung Lobe, Percutaneous Endoscopic Approach", "0BQJ7ZZ": "Repair Left Lower Lung Lobe, Via Natural or Artificial Opening", "0BQJ8ZZ": "Repair Left Lower Lung Lobe, Via Natural or Artificial Opening Endoscopic", "0BQK0ZZ": "Repair Right Lung, Open Approach", "0BQK3ZZ": "Repair Right Lung, Percutaneous Approach", "0BQK4ZZ": "Repair Right Lung, Percutaneous Endoscopic Approach", "0BQK7ZZ": "Repair Right Lung, Via Natural or Artificial Opening", "0BQK8ZZ": "Repair Right Lung, Via Natural or Artificial Opening Endoscopic", "0BQL0ZZ": "Repair Left Lung, Open Approach", "0BQL3ZZ": "Repair Left Lung, Percutaneous Approach", "0BQL4ZZ": "Repair Left Lung, Percutaneous Endoscopic Approach", "0BQL7ZZ": "Repair Left Lung, Via Natural or Artificial Opening", "0BQL8ZZ": "Repair Left Lung, Via Natural or Artificial Opening Endoscopic", "0BQM0ZZ": "Repair Bilateral Lungs, Open Approach", "0BQM3ZZ": "Repair Bilateral Lungs, Percutaneous Approach", "0BQM4ZZ": "Repair Bilateral Lungs, Percutaneous Endoscopic Approach", "0BQM7ZZ": "Repair Bilateral Lungs, Via Natural or Artificial Opening", "0BQM8ZZ": "Repair Bilateral Lungs, Via Natural or Artificial Opening Endoscopic", "0BQN0ZZ": "Repair Right Pleura, Open Approach", "0BQN3ZZ": "Repair Right Pleura, Percutaneous Approach", "0BQN4ZZ": "Repair Right Pleura, Percutaneous Endoscopic Approach", "0BQP0ZZ": "Repair Left Pleura, Open Approach", "0BQP3ZZ": "Repair Left Pleura, Percutaneous Approach", "0BQP4ZZ": "Repair Left Pleura, Percutaneous Endoscopic Approach", "0BQT0ZZ": "Repair Diaphragm, Open Approach", "0BQT3ZZ": "Repair Diaphragm, Percutaneous Approach", "0BQT4ZZ": "Repair Diaphragm, Percutaneous Endoscopic Approach"}