{"0BR": "Respiratory System, Replacement", "0BR107Z": "Replacement of Trachea with Autologous Tissue Substitute, Open Approach", "0BR10JZ": "Replacement of Trachea with Synthetic Substitute, Open Approach", "0BR10KZ": "Replacement of Trachea with Nonautologous Tissue Substitute, Open Approach", "0BR147Z": "Replacement of Trachea with Autologous Tissue Substitute, Percutaneous Endoscopic Approach", "0BR14JZ": "Replacement of Trachea with Synthetic Substitute, Percutaneous Endoscopic Approach", "0BR14KZ": "Replacement of Trachea with Nonautologous Tissue Substitute, Percutaneous Endoscopic Approach", "0BR207Z": "Replacement of Carina with Autologous Tissue Substitute, Open Approach", "0BR20JZ": "Replacement of Carina with Synthetic Substitute, Open Approach", "0BR20KZ": "Replacement of Carina with Nonautologous Tissue Substitute, Open Approach", "0BR247Z": "Replacement of Carina with Autologous Tissue Substitute, Percutaneous Endoscopic Approach", "0BR24JZ": "Replacement of Carina with Synthetic Substitute, Percutaneous Endoscopic Approach", "0BR24KZ": "Replacement of Carina with Nonautologous Tissue Substitute, Percutaneous Endoscopic Approach", "0BR307Z": "Replacement of Right Main Bronchus with Autologous Tissue Substitute, Open Approach", "0BR30JZ": "Replacement of Right Main Bronchus with Synthetic Substitute, Open Approach", "0BR30KZ": "Replacement of Right Main Bronchus with Nonautologous Tissue Substitute, Open Approach", "0BR347Z": "Replacement of Right Main Bronchus with Autologous Tissue Substitute, Percutaneous Endoscopic Approach", "0BR34JZ": "Replacement of Right Main Bronchus with Synthetic Substitute, Percutaneous Endoscopic Approach", "0BR34KZ": "Replacement of Right Main Bronchus with Nonautologous Tissue Substitute, Percutaneous Endoscopic Approach", "0BR407Z": "Replacement of Right Upper Lobe Bronchus with Autologous Tissue Substitute, Open Approach", "0BR40JZ": "Replacement of Right Upper Lobe Bronchus with Synthetic Substitute, Open Approach", "0BR40KZ": "Replacement of Right Upper Lobe Bronchus with Nonautologous Tissue Substitute, Open Approach", "0BR447Z": "Replacement of Right Upper Lobe Bronchus with Autologous Tissue Substitute, Percutaneous Endoscopic Approach", "0BR44JZ": "Replacement of Right Upper Lobe Bronchus with Synthetic Substitute, Percutaneous Endoscopic Approach", "0BR44KZ": "Replacement of Right Upper Lobe Bronchus with Nonautologous Tissue Substitute, Percutaneous Endoscopic Approach", "0BR507Z": "Replacement of Right Middle Lobe Bronchus with Autologous Tissue Substitute, Open Approach", "0BR50JZ": "Replacement of Right Middle Lobe Bronchus with Synthetic Substitute, Open Approach", "0BR50KZ": "Replacement of Right Middle Lobe Bronchus with Nonautologous Tissue Substitute, Open Approach", "0BR547Z": "Replacement of Right Middle Lobe Bronchus with Autologous Tissue Substitute, Percutaneous Endoscopic Approach", "0BR54JZ": "Replacement of Right Middle Lobe Bronchus with Synthetic Substitute, Percutaneous Endoscopic Approach", "0BR54KZ": "Replacement of Right Middle Lobe Bronchus with Nonautologous Tissue Substitute, Percutaneous Endoscopic Approach", "0BR607Z": "Replacement of Right Lower Lobe Bronchus with Autologous Tissue Substitute, Open Approach", "0BR60JZ": "Replacement of Right Lower Lobe Bronchus with Synthetic Substitute, Open Approach", "0BR60KZ": "Replacement of Right Lower Lobe Bronchus with Nonautologous Tissue Substitute, Open Approach", "0BR647Z": "Replacement of Right Lower Lobe Bronchus with Autologous Tissue Substitute, Percutaneous Endoscopic Approach", "0BR64JZ": "Replacement of Right Lower Lobe Bronchus with Synthetic Substitute, Percutaneous Endoscopic Approach", "0BR64KZ": "Replacement of Right Lower Lobe Bronchus with Nonautologous Tissue Substitute, Percutaneous Endoscopic Approach", "0BR707Z": "Replacement of Left Main Bronchus with Autologous Tissue Substitute, Open Approach", "0BR70JZ": "Replacement of Left Main Bronchus with Synthetic Substitute, Open Approach", "0BR70KZ": "Replacement of Left Main Bronchus with Nonautologous Tissue Substitute, Open Approach", "0BR747Z": "Replacement of Left Main Bronchus with Autologous Tissue Substitute, Percutaneous Endoscopic Approach", "0BR74JZ": "Replacement of Left Main Bronchus with Synthetic Substitute, Percutaneous Endoscopic Approach", "0BR74KZ": "Replacement of Left Main Bronchus with Nonautologous Tissue Substitute, Percutaneous Endoscopic Approach", "0BR807Z": "Replacement of Left Upper Lobe Bronchus with Autologous Tissue Substitute, Open Approach", "0BR80JZ": "Replacement of Left Upper Lobe Bronchus with Synthetic Substitute, Open Approach", "0BR80KZ": "Replacement of Left Upper Lobe Bronchus with Nonautologous Tissue Substitute, Open Approach", "0BR847Z": "Replacement of Left Upper Lobe Bronchus with Autologous Tissue Substitute, Percutaneous Endoscopic Approach", "0BR84JZ": "Replacement of Left Upper Lobe Bronchus with Synthetic Substitute, Percutaneous Endoscopic Approach", "0BR84KZ": "Replacement of Left Upper Lobe Bronchus with Nonautologous Tissue Substitute, Percutaneous Endoscopic Approach", "0BR907Z": "Replacement of Lingula Bronchus with Autologous Tissue Substitute, Open Approach", "0BR90JZ": "Replacement of Lingula Bronchus with Synthetic Substitute, Open Approach", "0BR90KZ": "Replacement of Lingula Bronchus with Nonautologous Tissue Substitute, Open Approach", "0BR947Z": "Replacement of Lingula Bronchus with Autologous Tissue Substitute, Percutaneous Endoscopic Approach", "0BR94JZ": "Replacement of Lingula Bronchus with Synthetic Substitute, Percutaneous Endoscopic Approach", "0BR94KZ": "Replacement of Lingula Bronchus with Nonautologous Tissue Substitute, Percutaneous Endoscopic Approach", "0BRB07Z": "Replacement of Left Lower Lobe Bronchus with Autologous Tissue Substitute, Open Approach", "0BRB0JZ": "Replacement of Left Lower Lobe Bronchus with Synthetic Substitute, Open Approach", "0BRB0KZ": "Replacement of Left Lower Lobe Bronchus with Nonautologous Tissue Substitute, Open Approach", "0BRB47Z": "Replacement of Left Lower Lobe Bronchus with Autologous Tissue Substitute, Percutaneous Endoscopic Approach", "0BRB4JZ": "Replacement of Left Lower Lobe Bronchus with Synthetic Substitute, Percutaneous Endoscopic Approach", "0BRB4KZ": "Replacement of Left Lower Lobe Bronchus with Nonautologous Tissue Substitute, Percutaneous Endoscopic Approach", "0BRT07Z": "Replacement of Diaphragm with Autologous Tissue Substitute, Open Approach", "0BRT0JZ": "Replacement of Diaphragm with Synthetic Substitute, Open Approach", "0BRT0KZ": "Replacement of Diaphragm with Nonautologous Tissue Substitute, Open Approach", "0BRT47Z": "Replacement of Diaphragm with Autologous Tissue Substitute, Percutaneous Endoscopic Approach", "0BRT4JZ": "Replacement of Diaphragm with Synthetic Substitute, Percutaneous Endoscopic Approach", "0BRT4KZ": "Replacement of Diaphragm with Nonautologous Tissue Substitute, Percutaneous Endoscopic Approach"}