{"0BU": "Respiratory System, Supplement", "0BU107Z": "Supplement Trachea with Autologous Tissue Substitute, Open Approach", "0BU10JZ": "Supplement Trachea with Synthetic Substitute, Open Approach", "0BU10KZ": "Supplement Trachea with Nonautologous Tissue Substitute, Open Approach", "0BU147Z": "Supplement Trachea with Autologous Tissue Substitute, Percutaneous Endoscopic Approach", "0BU14JZ": "Supplement Trachea with Synthetic Substitute, Percutaneous Endoscopic Approach", "0BU14KZ": "Supplement Trachea with Nonautologous Tissue Substitute, Percutaneous Endoscopic Approach", "0BU187Z": "Supplement Trachea with Autologous Tissue Substitute, Via Natural or Artificial Opening Endoscopic", "0BU18JZ": "Supplement Trachea with Synthetic Substitute, Via Natural or Artificial Opening Endoscopic", "0BU18KZ": "Supplement Trachea with Nonautologous Tissue Substitute, Via Natural or Artificial Opening Endoscopic", "0BU207Z": "Supplement Carina with Autologous Tissue Substitute, Open Approach", "0BU20JZ": "Supplement Carina with Synthetic Substitute, Open Approach", "0BU20KZ": "Supplement Carina with Nonautologous Tissue Substitute, Open Approach", "0BU247Z": "Supplement Carina with Autologous Tissue Substitute, Percutaneous Endoscopic Approach", "0BU24JZ": "Supplement Carina with Synthetic Substitute, Percutaneous Endoscopic Approach", "0BU24KZ": "Supplement Carina with Nonautologous Tissue Substitute, Percutaneous Endoscopic Approach", "0BU287Z": "Supplement Carina with Autologous Tissue Substitute, Via Natural or Artificial Opening Endoscopic", "0BU28JZ": "Supplement Carina with Synthetic Substitute, Via Natural or Artificial Opening Endoscopic", "0BU28KZ": "Supplement Carina with Nonautologous Tissue Substitute, Via Natural or Artificial Opening Endoscopic", "0BU307Z": "Supplement Right Main Bronchus with Autologous Tissue Substitute, Open Approach", "0BU30JZ": "Supplement Right Main Bronchus with Synthetic Substitute, Open Approach", "0BU30KZ": "Supplement Right Main Bronchus with Nonautologous Tissue Substitute, Open Approach", "0BU347Z": "Supplement Right Main Bronchus with Autologous Tissue Substitute, Percutaneous Endoscopic Approach", "0BU34JZ": "Supplement Right Main Bronchus with Synthetic Substitute, Percutaneous Endoscopic Approach", "0BU34KZ": "Supplement Right Main Bronchus with Nonautologous Tissue Substitute, Percutaneous Endoscopic Approach", "0BU387Z": "Supplement Right Main Bronchus with Autologous Tissue Substitute, Via Natural or Artificial Opening Endoscopic", "0BU38JZ": "Supplement Right Main Bronchus with Synthetic Substitute, Via Natural or Artificial Opening Endoscopic", "0BU38KZ": "Supplement Right Main Bronchus with Nonautologous Tissue Substitute, Via Natural or Artificial Opening Endoscopic", "0BU407Z": "Supplement Right Upper Lobe Bronchus with Autologous Tissue Substitute, Open Approach", "0BU40JZ": "Supplement Right Upper Lobe Bronchus with Synthetic Substitute, Open Approach", "0BU40KZ": "Supplement Right Upper Lobe Bronchus with Nonautologous Tissue Substitute, Open Approach", "0BU447Z": "Supplement Right Upper Lobe Bronchus with Autologous Tissue Substitute, Percutaneous Endoscopic Approach", "0BU44JZ": "Supplement Right Upper Lobe Bronchus with Synthetic Substitute, Percutaneous Endoscopic Approach", "0BU44KZ": "Supplement Right Upper Lobe Bronchus with Nonautologous Tissue Substitute, Percutaneous Endoscopic Approach", "0BU487Z": "Supplement Right Upper Lobe Bronchus with Autologous Tissue Substitute, Via Natural or Artificial Opening Endoscopic", "0BU48JZ": "Supplement Right Upper Lobe Bronchus with Synthetic Substitute, Via Natural or Artificial Opening Endoscopic", "0BU48KZ": "Supplement Right Upper Lobe Bronchus with Nonautologous Tissue Substitute, Via Natural or Artificial Opening Endoscopic", "0BU507Z": "Supplement Right Middle Lobe Bronchus with Autologous Tissue Substitute, Open Approach", "0BU50JZ": "Supplement Right Middle Lobe Bronchus with Synthetic Substitute, Open Approach", "0BU50KZ": "Supplement Right Middle Lobe Bronchus with Nonautologous Tissue Substitute, Open Approach", "0BU547Z": "Supplement Right Middle Lobe Bronchus with Autologous Tissue Substitute, Percutaneous Endoscopic Approach", "0BU54JZ": "Supplement Right Middle Lobe Bronchus with Synthetic Substitute, Percutaneous Endoscopic Approach", "0BU54KZ": "Supplement Right Middle Lobe Bronchus with Nonautologous Tissue Substitute, Percutaneous Endoscopic Approach", "0BU587Z": "Supplement Right Middle Lobe Bronchus with Autologous Tissue Substitute, Via Natural or Artificial Opening Endoscopic", "0BU58JZ": "Supplement Right Middle Lobe Bronchus with Synthetic Substitute, Via Natural or Artificial Opening Endoscopic", "0BU58KZ": "Supplement Right Middle Lobe Bronchus with Nonautologous Tissue Substitute, Via Natural or Artificial Opening Endoscopic", "0BU607Z": "Supplement Right Lower Lobe Bronchus with Autologous Tissue Substitute, Open Approach", "0BU60JZ": "Supplement Right Lower Lobe Bronchus with Synthetic Substitute, Open Approach", "0BU60KZ": "Supplement Right Lower Lobe Bronchus with Nonautologous Tissue Substitute, Open Approach", "0BU647Z": "Supplement Right Lower Lobe Bronchus with Autologous Tissue Substitute, Percutaneous Endoscopic Approach", "0BU64JZ": "Supplement Right Lower Lobe Bronchus with Synthetic Substitute, Percutaneous Endoscopic Approach", "0BU64KZ": "Supplement Right Lower Lobe Bronchus with Nonautologous Tissue Substitute, Percutaneous Endoscopic Approach", "0BU687Z": "Supplement Right Lower Lobe Bronchus with Autologous Tissue Substitute, Via Natural or Artificial Opening Endoscopic", "0BU68JZ": "Supplement Right Lower Lobe Bronchus with Synthetic Substitute, Via Natural or Artificial Opening Endoscopic", "0BU68KZ": "Supplement Right Lower Lobe Bronchus with Nonautologous Tissue Substitute, Via Natural or Artificial Opening Endoscopic", "0BU707Z": "Supplement Left Main Bronchus with Autologous Tissue Substitute, Open Approach", "0BU70JZ": "Supplement Left Main Bronchus with Synthetic Substitute, Open Approach", "0BU70KZ": "Supplement Left Main Bronchus with Nonautologous Tissue Substitute, Open Approach", "0BU747Z": "Supplement Left Main Bronchus with Autologous Tissue Substitute, Percutaneous Endoscopic Approach", "0BU74JZ": "Supplement Left Main Bronchus with Synthetic Substitute, Percutaneous Endoscopic Approach", "0BU74KZ": "Supplement Left Main Bronchus with Nonautologous Tissue Substitute, Percutaneous Endoscopic Approach", "0BU787Z": "Supplement Left Main Bronchus with Autologous Tissue Substitute, Via Natural or Artificial Opening Endoscopic", "0BU78JZ": "Supplement Left Main Bronchus with Synthetic Substitute, Via Natural or Artificial Opening Endoscopic", "0BU78KZ": "Supplement Left Main Bronchus with Nonautologous Tissue Substitute, Via Natural or Artificial Opening Endoscopic", "0BU807Z": "Supplement Left Upper Lobe Bronchus with Autologous Tissue Substitute, Open Approach", "0BU80JZ": "Supplement Left Upper Lobe Bronchus with Synthetic Substitute, Open Approach", "0BU80KZ": "Supplement Left Upper Lobe Bronchus with Nonautologous Tissue Substitute, Open Approach", "0BU847Z": "Supplement Left Upper Lobe Bronchus with Autologous Tissue Substitute, Percutaneous Endoscopic Approach", "0BU84JZ": "Supplement Left Upper Lobe Bronchus with Synthetic Substitute, Percutaneous Endoscopic Approach", "0BU84KZ": "Supplement Left Upper Lobe Bronchus with Nonautologous Tissue Substitute, Percutaneous Endoscopic Approach", "0BU887Z": "Supplement Left Upper Lobe Bronchus with Autologous Tissue Substitute, Via Natural or Artificial Opening Endoscopic", "0BU88JZ": "Supplement Left Upper Lobe Bronchus with Synthetic Substitute, Via Natural or Artificial Opening Endoscopic", "0BU88KZ": "Supplement Left Upper Lobe Bronchus with Nonautologous Tissue Substitute, Via Natural or Artificial Opening Endoscopic", "0BU907Z": "Supplement Lingula Bronchus with Autologous Tissue Substitute, Open Approach", "0BU90JZ": "Supplement Lingula Bronchus with Synthetic Substitute, Open Approach", "0BU90KZ": "Supplement Lingula Bronchus with Nonautologous Tissue Substitute, Open Approach", "0BU947Z": "Supplement Lingula Bronchus with Autologous Tissue Substitute, Percutaneous Endoscopic Approach", "0BU94JZ": "Supplement Lingula Bronchus with Synthetic Substitute, Percutaneous Endoscopic Approach", "0BU94KZ": "Supplement Lingula Bronchus with Nonautologous Tissue Substitute, Percutaneous Endoscopic Approach", "0BU987Z": "Supplement Lingula Bronchus with Autologous Tissue Substitute, Via Natural or Artificial Opening Endoscopic", "0BU98JZ": "Supplement Lingula Bronchus with Synthetic Substitute, Via Natural or Artificial Opening Endoscopic", "0BU98KZ": "Supplement Lingula Bronchus with Nonautologous Tissue Substitute, Via Natural or Artificial Opening Endoscopic", "0BUB07Z": "Supplement Left Lower Lobe Bronchus with Autologous Tissue Substitute, Open Approach", "0BUB0JZ": "Supplement Left Lower Lobe Bronchus with Synthetic Substitute, Open Approach", "0BUB0KZ": "Supplement Left Lower Lobe Bronchus with Nonautologous Tissue Substitute, Open Approach", "0BUB47Z": "Supplement Left Lower Lobe Bronchus with Autologous Tissue Substitute, Percutaneous Endoscopic Approach", "0BUB4JZ": "Supplement Left Lower Lobe Bronchus with Synthetic Substitute, Percutaneous Endoscopic Approach", "0BUB4KZ": "Supplement Left Lower Lobe Bronchus with Nonautologous Tissue Substitute, Percutaneous Endoscopic Approach", "0BUB87Z": "Supplement Left Lower Lobe Bronchus with Autologous Tissue Substitute, Via Natural or Artificial Opening Endoscopic", "0BUB8JZ": "Supplement Left Lower Lobe Bronchus with Synthetic Substitute, Via Natural or Artificial Opening Endoscopic", "0BUB8KZ": "Supplement Left Lower Lobe Bronchus with Nonautologous Tissue Substitute, Via Natural or Artificial Opening Endoscopic", "0BUT07Z": "Supplement Diaphragm with Autologous Tissue Substitute, Open Approach", "0BUT0JZ": "Supplement Diaphragm with Synthetic Substitute, Open Approach", "0BUT0KZ": "Supplement Diaphragm with Nonautologous Tissue Substitute, Open Approach", "0BUT47Z": "Supplement Diaphragm with Autologous Tissue Substitute, Percutaneous Endoscopic Approach", "0BUT4JZ": "Supplement Diaphragm with Synthetic Substitute, Percutaneous Endoscopic Approach", "0BUT4KZ": "Supplement Diaphragm with Nonautologous Tissue Substitute, Percutaneous Endoscopic Approach"}