{"0RP": "Upper Joints, Removal", "0RP000Z": "Removal of Drainage Device from Occipital-cervical Joint, Open Approach", "0RP003Z": "Removal of Infusion Device from Occipital-cervical Joint, Open Approach", "0RP004Z": "Removal of Internal Fixation Device from Occipital-cervical Joint, Open Approach", "0RP007Z": "Removal of Autologous Tissue Substitute from Occipital-cervical Joint, Open Approach", "0RP008Z": "Removal of Spacer from Occipital-cervical Joint, Open Approach", "0RP00AZ": "Removal of Interbody Fusion Device from Occipital-cervical Joint, Open Approach", "0RP00JZ": "Removal of Synthetic Substitute from Occipital-cervical Joint, Open Approach", "0RP00KZ": "Removal of Nonautologous Tissue Substitute from Occipital-cervical Joint, Open Approach", "0RP030Z": "Removal of Drainage Device from Occipital-cervical Joint, Percutaneous Approach", "0RP033Z": "Removal of Infusion Device from Occipital-cervical Joint, Percutaneous Approach", "0RP034Z": "Removal of Internal Fixation Device from Occipital-cervical Joint, Percutaneous Approach", "0RP037Z": "Removal of Autologous Tissue Substitute from Occipital-cervical Joint, Percutaneous Approach", "0RP038Z": "Removal of Spacer from Occipital-cervical Joint, Percutaneous Approach", "0RP03AZ": "Removal of Interbody Fusion Device from Occipital-cervical Joint, Percutaneous Approach", "0RP03JZ": "Removal of Synthetic Substitute from Occipital-cervical Joint, Percutaneous Approach", "0RP03KZ": "Removal of Nonautologous Tissue Substitute from Occipital-cervical Joint, Percutaneous Approach", "0RP040Z": "Removal of Drainage Device from Occipital-cervical Joint, Percutaneous Endoscopic Approach", "0RP043Z": "Removal of Infusion Device from Occipital-cervical Joint, Percutaneous Endoscopic Approach", "0RP044Z": "Removal of Internal Fixation Device from Occipital-cervical Joint, Percutaneous Endoscopic Approach", "0RP047Z": "Removal of Autologous Tissue Substitute from Occipital-cervical Joint, Percutaneous Endoscopic Approach", "0RP048Z": "Removal of Spacer from Occipital-cervical Joint, Percutaneous Endoscopic Approach", "0RP04AZ": "Removal of Interbody Fusion Device from Occipital-cervical Joint, Percutaneous Endoscopic Approach", "0RP04JZ": "Removal of Synthetic Substitute from Occipital-cervical Joint, Percutaneous Endoscopic Approach", "0RP04KZ": "Removal of Nonautologous Tissue Substitute from Occipital-cervical Joint, Percutaneous Endoscopic Approach", "0RP0X0Z": "Removal of Drainage Device from Occipital-cervical Joint, External Approach", "0RP0X3Z": "Removal of Infusion Device from Occipital-cervical Joint, External Approach", "0RP0X4Z": "Removal of Internal Fixation Device from Occipital-cervical Joint, External Approach", "0RP100Z": "Removal of Drainage Device from Cervical Vertebral Joint, Open Approach", "0RP103Z": "Removal of Infusion Device from Cervical Vertebral Joint, Open Approach", "0RP104Z": "Removal of Internal Fixation Device from Cervical Vertebral Joint, Open Approach", "0RP107Z": "Removal of Autologous Tissue Substitute from Cervical Vertebral Joint, Open Approach", "0RP108Z": "Removal of Spacer from Cervical Vertebral Joint, Open Approach", "0RP10AZ": "Removal of Interbody Fusion Device from Cervical Vertebral Joint, Open Approach", "0RP10JZ": "Removal of Synthetic Substitute from Cervical Vertebral Joint, Open Approach", "0RP10KZ": "Removal of Nonautologous Tissue Substitute from Cervical Vertebral Joint, Open Approach", "0RP130Z": "Removal of Drainage Device from Cervical Vertebral Joint, Percutaneous Approach", "0RP133Z": "Removal of Infusion Device from Cervical Vertebral Joint, Percutaneous Approach", "0RP134Z": "Removal of Internal Fixation Device from Cervical Vertebral Joint, Percutaneous Approach", "0RP137Z": "Removal of Autologous Tissue Substitute from Cervical Vertebral Joint, Percutaneous Approach", "0RP138Z": "Removal of Spacer from Cervical Vertebral Joint, Percutaneous Approach", "0RP13AZ": "Removal of Interbody Fusion Device from Cervical Vertebral Joint, Percutaneous Approach", "0RP13JZ": "Removal of Synthetic Substitute from Cervical Vertebral Joint, Percutaneous Approach", "0RP13KZ": "Removal of Nonautologous Tissue Substitute from Cervical Vertebral Joint, Percutaneous Approach", "0RP140Z": "Removal of Drainage Device from Cervical Vertebral Joint, Percutaneous Endoscopic Approach", "0RP143Z": "Removal of Infusion Device from Cervical Vertebral Joint, Percutaneous Endoscopic Approach", "0RP144Z": "Removal of Internal Fixation Device from Cervical Vertebral Joint, Percutaneous Endoscopic Approach", "0RP147Z": "Removal of Autologous Tissue Substitute from Cervical Vertebral Joint, Percutaneous Endoscopic Approach", "0RP148Z": "Removal of Spacer from Cervical Vertebral Joint, Percutaneous Endoscopic Approach", "0RP14AZ": "Removal of Interbody Fusion Device from Cervical Vertebral Joint, Percutaneous Endoscopic Approach", "0RP14JZ": "Removal of Synthetic Substitute from Cervical Vertebral Joint, Percutaneous Endoscopic Approach", "0RP14KZ": "Removal of Nonautologous Tissue Substitute from Cervical Vertebral Joint, Percutaneous Endoscopic Approach", "0RP1X0Z": "Removal of Drainage Device from Cervical Vertebral Joint, External Approach", "0RP1X3Z": "Removal of Infusion Device from Cervical Vertebral Joint, External Approach", "0RP1X4Z": "Removal of Internal Fixation Device from Cervical Vertebral Joint, External Approach", "0RP300Z": "Removal of Drainage Device from Cervical Vertebral Disc, Open Approach", "0RP303Z": "Removal of Infusion Device from Cervical Vertebral Disc, Open Approach", "0RP307Z": "Removal of Autologous Tissue Substitute from Cervical Vertebral Disc, Open Approach", "0RP30JZ": "Removal of Synthetic Substitute from Cervical Vertebral Disc, Open Approach", "0RP30KZ": "Removal of Nonautologous Tissue Substitute from Cervical Vertebral Disc, Open Approach", "0RP330Z": "Removal of Drainage Device from Cervical Vertebral Disc, Percutaneous Approach", "0RP333Z": "Removal of Infusion Device from Cervical Vertebral Disc, Percutaneous Approach", "0RP337Z": "Removal of Autologous Tissue Substitute from Cervical Vertebral Disc, Percutaneous Approach", "0RP33JZ": "Removal of Synthetic Substitute from Cervical Vertebral Disc, Percutaneous Approach", "0RP33KZ": "Removal of Nonautologous Tissue Substitute from Cervical Vertebral Disc, Percutaneous Approach", "0RP340Z": "Removal of Drainage Device from Cervical Vertebral Disc, Percutaneous Endoscopic Approach", "0RP343Z": "Removal of Infusion Device from Cervical Vertebral Disc, Percutaneous Endoscopic Approach", "0RP347Z": "Removal of Autologous Tissue Substitute from Cervical Vertebral Disc, Percutaneous Endoscopic Approach", "0RP34JZ": "Removal of Synthetic Substitute from Cervical Vertebral Disc, Percutaneous Endoscopic Approach", "0RP34KZ": "Removal of Nonautologous Tissue Substitute from Cervical Vertebral Disc, Percutaneous Endoscopic Approach", "0RP3X0Z": "Removal of Drainage Device from Cervical Vertebral Disc, External Approach", "0RP3X3Z": "Removal of Infusion Device from Cervical Vertebral Disc, External Approach", "0RP400Z": "Removal of Drainage Device from Cervicothoracic Vertebral Joint, Open Approach", "0RP403Z": "Removal of Infusion Device from Cervicothoracic Vertebral Joint, Open Approach", "0RP404Z": "Removal of Internal Fixation Device from Cervicothoracic Vertebral Joint, Open Approach", "0RP407Z": "Removal of Autologous Tissue Substitute from Cervicothoracic Vertebral Joint, Open Approach", "0RP408Z": "Removal of Spacer from Cervicothoracic Vertebral Joint, Open Approach", "0RP40AZ": "Removal of Interbody Fusion Device from Cervicothoracic Vertebral Joint, Open Approach", "0RP40JZ": "Removal of Synthetic Substitute from Cervicothoracic Vertebral Joint, Open Approach", "0RP40KZ": "Removal of Nonautologous Tissue Substitute from Cervicothoracic Vertebral Joint, Open Approach", "0RP430Z": "Removal of Drainage Device from Cervicothoracic Vertebral Joint, Percutaneous Approach", "0RP433Z": "Removal of Infusion Device from Cervicothoracic Vertebral Joint, Percutaneous Approach", "0RP434Z": "Removal of Internal Fixation Device from Cervicothoracic Vertebral Joint, Percutaneous Approach", "0RP437Z": "Removal of Autologous Tissue Substitute from Cervicothoracic Vertebral Joint, Percutaneous Approach", "0RP438Z": "Removal of Spacer from Cervicothoracic Vertebral Joint, Percutaneous Approach", "0RP43AZ": "Removal of Interbody Fusion Device from Cervicothoracic Vertebral Joint, Percutaneous Approach", "0RP43JZ": "Removal of Synthetic Substitute from Cervicothoracic Vertebral Joint, Percutaneous Approach", "0RP43KZ": "Removal of Nonautologous Tissue Substitute from Cervicothoracic Vertebral Joint, Percutaneous Approach", "0RP440Z": "Removal of Drainage Device from Cervicothoracic Vertebral Joint, Percutaneous Endoscopic Approach", "0RP443Z": "Removal of Infusion Device from Cervicothoracic Vertebral Joint, Percutaneous Endoscopic Approach", "0RP444Z": "Removal of Internal Fixation Device from Cervicothoracic Vertebral Joint, Percutaneous Endoscopic Approach", "0RP447Z": "Removal of Autologous Tissue Substitute from Cervicothoracic Vertebral Joint, Percutaneous Endoscopic Approach", "0RP448Z": "Removal of Spacer from Cervicothoracic Vertebral Joint, Percutaneous Endoscopic Approach", "0RP44AZ": "Removal of Interbody Fusion Device from Cervicothoracic Vertebral Joint, Percutaneous Endoscopic Approach", "0RP44JZ": "Removal of Synthetic Substitute from Cervicothoracic Vertebral Joint, Percutaneous Endoscopic Approach", "0RP44KZ": "Removal of Nonautologous Tissue Substitute from Cervicothoracic Vertebral Joint, Percutaneous Endoscopic Approach", "0RP4X0Z": "Removal of Drainage Device from Cervicothoracic Vertebral Joint, External Approach", "0RP4X3Z": "Removal of Infusion Device from Cervicothoracic Vertebral Joint, External Approach", "0RP4X4Z": "Removal of Internal Fixation Device from Cervicothoracic Vertebral Joint, External Approach", "0RP500Z": "Removal of Drainage Device from Cervicothoracic Vertebral Disc, Open Approach", "0RP503Z": "Removal of Infusion Device from Cervicothoracic Vertebral Disc, Open Approach", "0RP507Z": "Removal of Autologous Tissue Substitute from Cervicothoracic Vertebral Disc, Open Approach", "0RP50JZ": "Removal of Synthetic Substitute from Cervicothoracic Vertebral Disc, Open Approach", "0RP50KZ": "Removal of Nonautologous Tissue Substitute from Cervicothoracic Vertebral Disc, Open Approach", "0RP530Z": "Removal of Drainage Device from Cervicothoracic Vertebral Disc, Percutaneous Approach", "0RP533Z": "Removal of Infusion Device from Cervicothoracic Vertebral Disc, Percutaneous Approach", "0RP537Z": "Removal of Autologous Tissue Substitute from Cervicothoracic Vertebral Disc, Percutaneous Approach", "0RP53JZ": "Removal of Synthetic Substitute from Cervicothoracic Vertebral Disc, Percutaneous Approach", "0RP53KZ": "Removal of Nonautologous Tissue Substitute from Cervicothoracic Vertebral Disc, Percutaneous Approach", "0RP540Z": "Removal of Drainage Device from Cervicothoracic Vertebral Disc, Percutaneous Endoscopic Approach", "0RP543Z": "Removal of Infusion Device from Cervicothoracic Vertebral Disc, Percutaneous Endoscopic Approach", "0RP547Z": "Removal of Autologous Tissue Substitute from Cervicothoracic Vertebral Disc, Percutaneous Endoscopic Approach", "0RP54JZ": "Removal of Synthetic Substitute from Cervicothoracic Vertebral Disc, Percutaneous Endoscopic Approach", "0RP54KZ": "Removal of Nonautologous Tissue Substitute from Cervicothoracic Vertebral Disc, Percutaneous Endoscopic Approach", "0RP5X0Z": "Removal of Drainage Device from Cervicothoracic Vertebral Disc, External Approach", "0RP5X3Z": "Removal of Infusion Device from Cervicothoracic Vertebral Disc, External Approach", "0RP600Z": "Removal of Drainage Device from Thoracic Vertebral Joint, Open Approach", "0RP603Z": "Removal of Infusion Device from Thoracic Vertebral Joint, Open Approach", "0RP604Z": "Removal of Internal Fixation Device from Thoracic Vertebral Joint, Open Approach", "0RP607Z": "Removal of Autologous Tissue Substitute from Thoracic Vertebral Joint, Open Approach", "0RP608Z": "Removal of Spacer from Thoracic Vertebral Joint, Open Approach", "0RP60AZ": "Removal of Interbody Fusion Device from Thoracic Vertebral Joint, Open Approach", "0RP60JZ": "Removal of Synthetic Substitute from Thoracic Vertebral Joint, Open Approach", "0RP60KZ": "Removal of Nonautologous Tissue Substitute from Thoracic Vertebral Joint, Open Approach", "0RP630Z": "Removal of Drainage Device from Thoracic Vertebral Joint, Percutaneous Approach", "0RP633Z": "Removal of Infusion Device from Thoracic Vertebral Joint, Percutaneous Approach", "0RP634Z": "Removal of Internal Fixation Device from Thoracic Vertebral Joint, Percutaneous Approach", "0RP637Z": "Removal of Autologous Tissue Substitute from Thoracic Vertebral Joint, Percutaneous Approach", "0RP638Z": "Removal of Spacer from Thoracic Vertebral Joint, Percutaneous Approach", "0RP63AZ": "Removal of Interbody Fusion Device from Thoracic Vertebral Joint, Percutaneous Approach", "0RP63JZ": "Removal of Synthetic Substitute from Thoracic Vertebral Joint, Percutaneous Approach", "0RP63KZ": "Removal of Nonautologous Tissue Substitute from Thoracic Vertebral Joint, Percutaneous Approach", "0RP640Z": "Removal of Drainage Device from Thoracic Vertebral Joint, Percutaneous Endoscopic Approach", "0RP643Z": "Removal of Infusion Device from Thoracic Vertebral Joint, Percutaneous Endoscopic Approach", "0RP644Z": "Removal of Internal Fixation Device from Thoracic Vertebral Joint, Percutaneous Endoscopic Approach", "0RP647Z": "Removal of Autologous Tissue Substitute from Thoracic Vertebral Joint, Percutaneous Endoscopic Approach", "0RP648Z": "Removal of Spacer from Thoracic Vertebral Joint, Percutaneous Endoscopic Approach", "0RP64AZ": "Removal of Interbody Fusion Device from Thoracic Vertebral Joint, Percutaneous Endoscopic Approach", "0RP64JZ": "Removal of Synthetic Substitute from Thoracic Vertebral Joint, Percutaneous Endoscopic Approach", "0RP64KZ": "Removal of Nonautologous Tissue Substitute from Thoracic Vertebral Joint, Percutaneous Endoscopic Approach", "0RP6X0Z": "Removal of Drainage Device from Thoracic Vertebral Joint, External Approach", "0RP6X3Z": "Removal of Infusion Device from Thoracic Vertebral Joint, External Approach", "0RP6X4Z": "Removal of Internal Fixation Device from Thoracic Vertebral Joint, External Approach", "0RP900Z": "Removal of Drainage Device from Thoracic Vertebral Disc, Open Approach", "0RP903Z": "Removal of Infusion Device from Thoracic Vertebral Disc, Open Approach", "0RP907Z": "Removal of Autologous Tissue Substitute from Thoracic Vertebral Disc, Open Approach", "0RP90JZ": "Removal of Synthetic Substitute from Thoracic Vertebral Disc, Open Approach", "0RP90KZ": "Removal of Nonautologous Tissue Substitute from Thoracic Vertebral Disc, Open Approach", "0RP930Z": "Removal of Drainage Device from Thoracic Vertebral Disc, Percutaneous Approach", "0RP933Z": "Removal of Infusion Device from Thoracic Vertebral Disc, Percutaneous Approach", "0RP937Z": "Removal of Autologous Tissue Substitute from Thoracic Vertebral Disc, Percutaneous Approach", "0RP93JZ": "Removal of Synthetic Substitute from Thoracic Vertebral Disc, Percutaneous Approach", "0RP93KZ": "Removal of Nonautologous Tissue Substitute from Thoracic Vertebral Disc, Percutaneous Approach", "0RP940Z": "Removal of Drainage Device from Thoracic Vertebral Disc, Percutaneous Endoscopic Approach", "0RP943Z": "Removal of Infusion Device from Thoracic Vertebral Disc, Percutaneous Endoscopic Approach", "0RP947Z": "Removal of Autologous Tissue Substitute from Thoracic Vertebral Disc, Percutaneous Endoscopic Approach", "0RP94JZ": "Removal of Synthetic Substitute from Thoracic Vertebral Disc, Percutaneous Endoscopic Approach", "0RP94KZ": "Removal of Nonautologous Tissue Substitute from Thoracic Vertebral Disc, Percutaneous Endoscopic Approach", "0RP9X0Z": "Removal of Drainage Device from Thoracic Vertebral Disc, External Approach", "0RP9X3Z": "Removal of Infusion Device from Thoracic Vertebral Disc, External Approach", "0RPA00Z": "Removal of Drainage Device from Thoracolumbar Vertebral Joint, Open Approach", "0RPA03Z": "Removal of Infusion Device from Thoracolumbar Vertebral Joint, Open Approach", "0RPA04Z": "Removal of Internal Fixation Device from Thoracolumbar Vertebral Joint, Open Approach", "0RPA07Z": "Removal of Autologous Tissue Substitute from Thoracolumbar Vertebral Joint, Open Approach", "0RPA08Z": "Removal of Spacer from Thoracolumbar Vertebral Joint, Open Approach", "0RPA0AZ": "Removal of Interbody Fusion Device from Thoracolumbar Vertebral Joint, Open Approach", "0RPA0JZ": "Removal of Synthetic Substitute from Thoracolumbar Vertebral Joint, Open Approach", "0RPA0KZ": "Removal of Nonautologous Tissue Substitute from Thoracolumbar Vertebral Joint, Open Approach", "0RPA30Z": "Removal of Drainage Device from Thoracolumbar Vertebral Joint, Percutaneous Approach", "0RPA33Z": "Removal of Infusion Device from Thoracolumbar Vertebral Joint, Percutaneous Approach", "0RPA34Z": "Removal of Internal Fixation Device from Thoracolumbar Vertebral Joint, Percutaneous Approach", "0RPA37Z": "Removal of Autologous Tissue Substitute from Thoracolumbar Vertebral Joint, Percutaneous Approach", "0RPA38Z": "Removal of Spacer from Thoracolumbar Vertebral Joint, Percutaneous Approach", "0RPA3AZ": "Removal of Interbody Fusion Device from Thoracolumbar Vertebral Joint, Percutaneous Approach", "0RPA3JZ": "Removal of Synthetic Substitute from Thoracolumbar Vertebral Joint, Percutaneous Approach", "0RPA3KZ": "Removal of Nonautologous Tissue Substitute from Thoracolumbar Vertebral Joint, Percutaneous Approach", "0RPA40Z": "Removal of Drainage Device from Thoracolumbar Vertebral Joint, Percutaneous Endoscopic Approach", "0RPA43Z": "Removal of Infusion Device from Thoracolumbar Vertebral Joint, Percutaneous Endoscopic Approach", "0RPA44Z": "Removal of Internal Fixation Device from Thoracolumbar Vertebral Joint, Percutaneous Endoscopic Approach", "0RPA47Z": "Removal of Autologous Tissue Substitute from Thoracolumbar Vertebral Joint, Percutaneous Endoscopic Approach", "0RPA48Z": "Removal of Spacer from Thoracolumbar Vertebral Joint, Percutaneous Endoscopic Approach", "0RPA4AZ": "Removal of Interbody Fusion Device from Thoracolumbar Vertebral Joint, Percutaneous Endoscopic Approach", "0RPA4JZ": "Removal of Synthetic Substitute from Thoracolumbar Vertebral Joint, Percutaneous Endoscopic Approach", "0RPA4KZ": "Removal of Nonautologous Tissue Substitute from Thoracolumbar Vertebral Joint, Percutaneous Endoscopic Approach", "0RPAX0Z": "Removal of Drainage Device from Thoracolumbar Vertebral Joint, External Approach", "0RPAX3Z": "Removal of Infusion Device from Thoracolumbar Vertebral Joint, External Approach", "0RPAX4Z": "Removal of Internal Fixation Device from Thoracolumbar Vertebral Joint, External Approach", "0RPB00Z": "Removal of Drainage Device from Thoracolumbar Vertebral Disc, Open Approach", "0RPB03Z": "Removal of Infusion Device from Thoracolumbar Vertebral Disc, Open Approach", "0RPB07Z": "Removal of Autologous Tissue Substitute from Thoracolumbar Vertebral Disc, Open Approach", "0RPB0JZ": "Removal of Synthetic Substitute from Thoracolumbar Vertebral Disc, Open Approach", "0RPB0KZ": "Removal of Nonautologous Tissue Substitute from Thoracolumbar Vertebral Disc, Open Approach", "0RPB30Z": "Removal of Drainage Device from Thoracolumbar Vertebral Disc, Percutaneous Approach", "0RPB33Z": "Removal of Infusion Device from Thoracolumbar Vertebral Disc, Percutaneous Approach", "0RPB37Z": "Removal of Autologous Tissue Substitute from Thoracolumbar Vertebral Disc, Percutaneous Approach", "0RPB3JZ": "Removal of Synthetic Substitute from Thoracolumbar Vertebral Disc, Percutaneous Approach", "0RPB3KZ": "Removal of Nonautologous Tissue Substitute from Thoracolumbar Vertebral Disc, Percutaneous Approach", "0RPB40Z": "Removal of Drainage Device from Thoracolumbar Vertebral Disc, Percutaneous Endoscopic Approach", "0RPB43Z": "Removal of Infusion Device from Thoracolumbar Vertebral Disc, Percutaneous Endoscopic Approach", "0RPB47Z": "Removal of Autologous Tissue Substitute from Thoracolumbar Vertebral Disc, Percutaneous Endoscopic Approach", "0RPB4JZ": "Removal of Synthetic Substitute from Thoracolumbar Vertebral Disc, Percutaneous Endoscopic Approach", "0RPB4KZ": "Removal of Nonautologous Tissue Substitute from Thoracolumbar Vertebral Disc, Percutaneous Endoscopic Approach", "0RPBX0Z": "Removal of Drainage Device from Thoracolumbar Vertebral Disc, External Approach", "0RPBX3Z": "Removal of Infusion Device from Thoracolumbar Vertebral Disc, External Approach", "0RPC00Z": "Removal of Drainage Device from Right Temporomandibular Joint, Open Approach", "0RPC03Z": "Removal of Infusion Device from Right Temporomandibular Joint, Open Approach", "0RPC04Z": "Removal of Internal Fixation Device from Right Temporomandibular Joint, Open Approach", "0RPC07Z": "Removal of Autologous Tissue Substitute from Right Temporomandibular Joint, Open Approach", "0RPC08Z": "Removal of Spacer from Right Temporomandibular Joint, Open Approach", "0RPC0JZ": "Removal of Synthetic Substitute from Right Temporomandibular Joint, Open Approach", "0RPC0KZ": "Removal of Nonautologous Tissue Substitute from Right Temporomandibular Joint, Open Approach", "0RPC30Z": "Removal of Drainage Device from Right Temporomandibular Joint, Percutaneous Approach", "0RPC33Z": "Removal of Infusion Device from Right Temporomandibular Joint, Percutaneous Approach", "0RPC34Z": "Removal of Internal Fixation Device from Right Temporomandibular Joint, Percutaneous Approach", "0RPC37Z": "Removal of Autologous Tissue Substitute from Right Temporomandibular Joint, Percutaneous Approach", "0RPC38Z": "Removal of Spacer from Right Temporomandibular Joint, Percutaneous Approach", "0RPC3JZ": "Removal of Synthetic Substitute from Right Temporomandibular Joint, Percutaneous Approach", "0RPC3KZ": "Removal of Nonautologous Tissue Substitute from Right Temporomandibular Joint, Percutaneous Approach", "0RPC40Z": "Removal of Drainage Device from Right Temporomandibular Joint, Percutaneous Endoscopic Approach", "0RPC43Z": "Removal of Infusion Device from Right Temporomandibular Joint, Percutaneous Endoscopic Approach", "0RPC44Z": "Removal of Internal Fixation Device from Right Temporomandibular Joint, Percutaneous Endoscopic Approach", "0RPC47Z": "Removal of Autologous Tissue Substitute from Right Temporomandibular Joint, Percutaneous Endoscopic Approach", "0RPC48Z": "Removal of Spacer from Right Temporomandibular Joint, Percutaneous Endoscopic Approach", "0RPC4JZ": "Removal of Synthetic Substitute from Right Temporomandibular Joint, Percutaneous Endoscopic Approach", "0RPC4KZ": "Removal of Nonautologous Tissue Substitute from Right Temporomandibular Joint, Percutaneous Endoscopic Approach", "0RPCX0Z": "Removal of Drainage Device from Right Temporomandibular Joint, External Approach", "0RPCX3Z": "Removal of Infusion Device from Right Temporomandibular Joint, External Approach", "0RPCX4Z": "Removal of Internal Fixation Device from Right Temporomandibular Joint, External Approach", "0RPD00Z": "Removal of Drainage Device from Left Temporomandibular Joint, Open Approach", "0RPD03Z": "Removal of Infusion Device from Left Temporomandibular Joint, Open Approach", "0RPD04Z": "Removal of Internal Fixation Device from Left Temporomandibular Joint, Open Approach", "0RPD07Z": "Removal of Autologous Tissue Substitute from Left Temporomandibular Joint, Open Approach", "0RPD08Z": "Removal of Spacer from Left Temporomandibular Joint, Open Approach", "0RPD0JZ": "Removal of Synthetic Substitute from Left Temporomandibular Joint, Open Approach", "0RPD0KZ": "Removal of Nonautologous Tissue Substitute from Left Temporomandibular Joint, Open Approach", "0RPD30Z": "Removal of Drainage Device from Left Temporomandibular Joint, Percutaneous Approach", "0RPD33Z": "Removal of Infusion Device from Left Temporomandibular Joint, Percutaneous Approach", "0RPD34Z": "Removal of Internal Fixation Device from Left Temporomandibular Joint, Percutaneous Approach", "0RPD37Z": "Removal of Autologous Tissue Substitute from Left Temporomandibular Joint, Percutaneous Approach", "0RPD38Z": "Removal of Spacer from Left Temporomandibular Joint, Percutaneous Approach", "0RPD3JZ": "Removal of Synthetic Substitute from Left Temporomandibular Joint, Percutaneous Approach", "0RPD3KZ": "Removal of Nonautologous Tissue Substitute from Left Temporomandibular Joint, Percutaneous Approach", "0RPD40Z": "Removal of Drainage Device from Left Temporomandibular Joint, Percutaneous Endoscopic Approach", "0RPD43Z": "Removal of Infusion Device from Left Temporomandibular Joint, Percutaneous Endoscopic Approach", "0RPD44Z": "Removal of Internal Fixation Device from Left Temporomandibular Joint, Percutaneous Endoscopic Approach", "0RPD47Z": "Removal of Autologous Tissue Substitute from Left Temporomandibular Joint, Percutaneous Endoscopic Approach", "0RPD48Z": "Removal of Spacer from Left Temporomandibular Joint, Percutaneous Endoscopic Approach", "0RPD4JZ": "Removal of Synthetic Substitute from Left Temporomandibular Joint, Percutaneous Endoscopic Approach", "0RPD4KZ": "Removal of Nonautologous Tissue Substitute from Left Temporomandibular Joint, Percutaneous Endoscopic Approach", "0RPDX0Z": "Removal of Drainage Device from Left Temporomandibular Joint, External Approach", "0RPDX3Z": "Removal of Infusion Device from Left Temporomandibular Joint, External Approach", "0RPDX4Z": "Removal of Internal Fixation Device from Left Temporomandibular Joint, External Approach", "0RPE00Z": "Removal of Drainage Device from Right Sternoclavicular Joint, Open Approach", "0RPE03Z": "Removal of Infusion Device from Right Sternoclavicular Joint, Open Approach", "0RPE04Z": "Removal of Internal Fixation Device from Right Sternoclavicular Joint, Open Approach", "0RPE07Z": "Removal of Autologous Tissue Substitute from Right Sternoclavicular Joint, Open Approach", "0RPE08Z": "Removal of Spacer from Right Sternoclavicular Joint, Open Approach", "0RPE0JZ": "Removal of Synthetic Substitute from Right Sternoclavicular Joint, Open Approach", "0RPE0KZ": "Removal of Nonautologous Tissue Substitute from Right Sternoclavicular Joint, Open Approach", "0RPE30Z": "Removal of Drainage Device from Right Sternoclavicular Joint, Percutaneous Approach", "0RPE33Z": "Removal of Infusion Device from Right Sternoclavicular Joint, Percutaneous Approach", "0RPE34Z": "Removal of Internal Fixation Device from Right Sternoclavicular Joint, Percutaneous Approach", "0RPE37Z": "Removal of Autologous Tissue Substitute from Right Sternoclavicular Joint, Percutaneous Approach", "0RPE38Z": "Removal of Spacer from Right Sternoclavicular Joint, Percutaneous Approach", "0RPE3JZ": "Removal of Synthetic Substitute from Right Sternoclavicular Joint, Percutaneous Approach", "0RPE3KZ": "Removal of Nonautologous Tissue Substitute from Right Sternoclavicular Joint, Percutaneous Approach", "0RPE40Z": "Removal of Drainage Device from Right Sternoclavicular Joint, Percutaneous Endoscopic Approach", "0RPE43Z": "Removal of Infusion Device from Right Sternoclavicular Joint, Percutaneous Endoscopic Approach", "0RPE44Z": "Removal of Internal Fixation Device from Right Sternoclavicular Joint, Percutaneous Endoscopic Approach", "0RPE47Z": "Removal of Autologous Tissue Substitute from Right Sternoclavicular Joint, Percutaneous Endoscopic Approach", "0RPE48Z": "Removal of Spacer from Right Sternoclavicular Joint, Percutaneous Endoscopic Approach", "0RPE4JZ": "Removal of Synthetic Substitute from Right Sternoclavicular Joint, Percutaneous Endoscopic Approach", "0RPE4KZ": "Removal of Nonautologous Tissue Substitute from Right Sternoclavicular Joint, Percutaneous Endoscopic Approach", "0RPEX0Z": "Removal of Drainage Device from Right Sternoclavicular Joint, External Approach", "0RPEX3Z": "Removal of Infusion Device from Right Sternoclavicular Joint, External Approach", "0RPEX4Z": "Removal of Internal Fixation Device from Right Sternoclavicular Joint, External Approach", "0RPF00Z": "Removal of Drainage Device from Left Sternoclavicular Joint, Open Approach", "0RPF03Z": "Removal of Infusion Device from Left Sternoclavicular Joint, Open Approach", "0RPF04Z": "Removal of Internal Fixation Device from Left Sternoclavicular Joint, Open Approach", "0RPF07Z": "Removal of Autologous Tissue Substitute from Left Sternoclavicular Joint, Open Approach", "0RPF08Z": "Removal of Spacer from Left Sternoclavicular Joint, Open Approach", "0RPF0JZ": "Removal of Synthetic Substitute from Left Sternoclavicular Joint, Open Approach", "0RPF0KZ": "Removal of Nonautologous Tissue Substitute from Left Sternoclavicular Joint, Open Approach", "0RPF30Z": "Removal of Drainage Device from Left Sternoclavicular Joint, Percutaneous Approach", "0RPF33Z": "Removal of Infusion Device from Left Sternoclavicular Joint, Percutaneous Approach", "0RPF34Z": "Removal of Internal Fixation Device from Left Sternoclavicular Joint, Percutaneous Approach", "0RPF37Z": "Removal of Autologous Tissue Substitute from Left Sternoclavicular Joint, Percutaneous Approach", "0RPF38Z": "Removal of Spacer from Left Sternoclavicular Joint, Percutaneous Approach", "0RPF3JZ": "Removal of Synthetic Substitute from Left Sternoclavicular Joint, Percutaneous Approach", "0RPF3KZ": "Removal of Nonautologous Tissue Substitute from Left Sternoclavicular Joint, Percutaneous Approach", "0RPF40Z": "Removal of Drainage Device from Left Sternoclavicular Joint, Percutaneous Endoscopic Approach", "0RPF43Z": "Removal of Infusion Device from Left Sternoclavicular Joint, Percutaneous Endoscopic Approach", "0RPF44Z": "Removal of Internal Fixation Device from Left Sternoclavicular Joint, Percutaneous Endoscopic Approach", "0RPF47Z": "Removal of Autologous Tissue Substitute from Left Sternoclavicular Joint, Percutaneous Endoscopic Approach", "0RPF48Z": "Removal of Spacer from Left Sternoclavicular Joint, Percutaneous Endoscopic Approach", "0RPF4JZ": "Removal of Synthetic Substitute from Left Sternoclavicular Joint, Percutaneous Endoscopic Approach", "0RPF4KZ": "Removal of Nonautologous Tissue Substitute from Left Sternoclavicular Joint, Percutaneous Endoscopic Approach", "0RPFX0Z": "Removal of Drainage Device from Left Sternoclavicular Joint, External Approach", "0RPFX3Z": "Removal of Infusion Device from Left Sternoclavicular Joint, External Approach", "0RPFX4Z": "Removal of Internal Fixation Device from Left Sternoclavicular Joint, External Approach", "0RPG00Z": "Removal of Drainage Device from Right Acromioclavicular Joint, Open Approach", "0RPG03Z": "Removal of Infusion Device from Right Acromioclavicular Joint, Open Approach", "0RPG04Z": "Removal of Internal Fixation Device from Right Acromioclavicular Joint, Open Approach", "0RPG07Z": "Removal of Autologous Tissue Substitute from Right Acromioclavicular Joint, Open Approach", "0RPG08Z": "Removal of Spacer from Right Acromioclavicular Joint, Open Approach", "0RPG0JZ": "Removal of Synthetic Substitute from Right Acromioclavicular Joint, Open Approach", "0RPG0KZ": "Removal of Nonautologous Tissue Substitute from Right Acromioclavicular Joint, Open Approach", "0RPG30Z": "Removal of Drainage Device from Right Acromioclavicular Joint, Percutaneous Approach", "0RPG33Z": "Removal of Infusion Device from Right Acromioclavicular Joint, Percutaneous Approach", "0RPG34Z": "Removal of Internal Fixation Device from Right Acromioclavicular Joint, Percutaneous Approach", "0RPG37Z": "Removal of Autologous Tissue Substitute from Right Acromioclavicular Joint, Percutaneous Approach", "0RPG38Z": "Removal of Spacer from Right Acromioclavicular Joint, Percutaneous Approach", "0RPG3JZ": "Removal of Synthetic Substitute from Right Acromioclavicular Joint, Percutaneous Approach", "0RPG3KZ": "Removal of Nonautologous Tissue Substitute from Right Acromioclavicular Joint, Percutaneous Approach", "0RPG40Z": "Removal of Drainage Device from Right Acromioclavicular Joint, Percutaneous Endoscopic Approach", "0RPG43Z": "Removal of Infusion Device from Right Acromioclavicular Joint, Percutaneous Endoscopic Approach", "0RPG44Z": "Removal of Internal Fixation Device from Right Acromioclavicular Joint, Percutaneous Endoscopic Approach", "0RPG47Z": "Removal of Autologous Tissue Substitute from Right Acromioclavicular Joint, Percutaneous Endoscopic Approach", "0RPG48Z": "Removal of Spacer from Right Acromioclavicular Joint, Percutaneous Endoscopic Approach", "0RPG4JZ": "Removal of Synthetic Substitute from Right Acromioclavicular Joint, Percutaneous Endoscopic Approach", "0RPG4KZ": "Removal of Nonautologous Tissue Substitute from Right Acromioclavicular Joint, Percutaneous Endoscopic Approach", "0RPGX0Z": "Removal of Drainage Device from Right Acromioclavicular Joint, External Approach", "0RPGX3Z": "Removal of Infusion Device from Right Acromioclavicular Joint, External Approach", "0RPGX4Z": "Removal of Internal Fixation Device from Right Acromioclavicular Joint, External Approach", "0RPH00Z": "Removal of Drainage Device from Left Acromioclavicular Joint, Open Approach", "0RPH03Z": "Removal of Infusion Device from Left Acromioclavicular Joint, Open Approach", "0RPH04Z": "Removal of Internal Fixation Device from Left Acromioclavicular Joint, Open Approach", "0RPH07Z": "Removal of Autologous Tissue Substitute from Left Acromioclavicular Joint, Open Approach", "0RPH08Z": "Removal of Spacer from Left Acromioclavicular Joint, Open Approach", "0RPH0JZ": "Removal of Synthetic Substitute from Left Acromioclavicular Joint, Open Approach", "0RPH0KZ": "Removal of Nonautologous Tissue Substitute from Left Acromioclavicular Joint, Open Approach", "0RPH30Z": "Removal of Drainage Device from Left Acromioclavicular Joint, Percutaneous Approach", "0RPH33Z": "Removal of Infusion Device from Left Acromioclavicular Joint, Percutaneous Approach", "0RPH34Z": "Removal of Internal Fixation Device from Left Acromioclavicular Joint, Percutaneous Approach", "0RPH37Z": "Removal of Autologous Tissue Substitute from Left Acromioclavicular Joint, Percutaneous Approach", "0RPH38Z": "Removal of Spacer from Left Acromioclavicular Joint, Percutaneous Approach", "0RPH3JZ": "Removal of Synthetic Substitute from Left Acromioclavicular Joint, Percutaneous Approach", "0RPH3KZ": "Removal of Nonautologous Tissue Substitute from Left Acromioclavicular Joint, Percutaneous Approach", "0RPH40Z": "Removal of Drainage Device from Left Acromioclavicular Joint, Percutaneous Endoscopic Approach", "0RPH43Z": "Removal of Infusion Device from Left Acromioclavicular Joint, Percutaneous Endoscopic Approach", "0RPH44Z": "Removal of Internal Fixation Device from Left Acromioclavicular Joint, Percutaneous Endoscopic Approach", "0RPH47Z": "Removal of Autologous Tissue Substitute from Left Acromioclavicular Joint, Percutaneous Endoscopic Approach", "0RPH48Z": "Removal of Spacer from Left Acromioclavicular Joint, Percutaneous Endoscopic Approach", "0RPH4JZ": "Removal of Synthetic Substitute from Left Acromioclavicular Joint, Percutaneous Endoscopic Approach", "0RPH4KZ": "Removal of Nonautologous Tissue Substitute from Left Acromioclavicular Joint, Percutaneous Endoscopic Approach", "0RPHX0Z": "Removal of Drainage Device from Left Acromioclavicular Joint, External Approach", "0RPHX3Z": "Removal of Infusion Device from Left Acromioclavicular Joint, External Approach", "0RPHX4Z": "Removal of Internal Fixation Device from Left Acromioclavicular Joint, External Approach", "0RPJ00Z": "Removal of Drainage Device from Right Shoulder Joint, Open Approach", "0RPJ03Z": "Removal of Infusion Device from Right Shoulder Joint, Open Approach", "0RPJ04Z": "Removal of Internal Fixation Device from Right Shoulder Joint, Open Approach", "0RPJ07Z": "Removal of Autologous Tissue Substitute from Right Shoulder Joint, Open Approach", "0RPJ08Z": "Removal of Spacer from Right Shoulder Joint, Open Approach", "0RPJ0JZ": "Removal of Synthetic Substitute from Right Shoulder Joint, Open Approach", "0RPJ0KZ": "Removal of Nonautologous Tissue Substitute from Right Shoulder Joint, Open Approach", "0RPJ30Z": "Removal of Drainage Device from Right Shoulder Joint, Percutaneous Approach", "0RPJ33Z": "Removal of Infusion Device from Right Shoulder Joint, Percutaneous Approach", "0RPJ34Z": "Removal of Internal Fixation Device from Right Shoulder Joint, Percutaneous Approach", "0RPJ37Z": "Removal of Autologous Tissue Substitute from Right Shoulder Joint, Percutaneous Approach", "0RPJ38Z": "Removal of Spacer from Right Shoulder Joint, Percutaneous Approach", "0RPJ3JZ": "Removal of Synthetic Substitute from Right Shoulder Joint, Percutaneous Approach", "0RPJ3KZ": "Removal of Nonautologous Tissue Substitute from Right Shoulder Joint, Percutaneous Approach", "0RPJ40Z": "Removal of Drainage Device from Right Shoulder Joint, Percutaneous Endoscopic Approach", "0RPJ43Z": "Removal of Infusion Device from Right Shoulder Joint, Percutaneous Endoscopic Approach", "0RPJ44Z": "Removal of Internal Fixation Device from Right Shoulder Joint, Percutaneous Endoscopic Approach", "0RPJ47Z": "Removal of Autologous Tissue Substitute from Right Shoulder Joint, Percutaneous Endoscopic Approach", "0RPJ48Z": "Removal of Spacer from Right Shoulder Joint, Percutaneous Endoscopic Approach", "0RPJ4JZ": "Removal of Synthetic Substitute from Right Shoulder Joint, Percutaneous Endoscopic Approach", "0RPJ4KZ": "Removal of Nonautologous Tissue Substitute from Right Shoulder Joint, Percutaneous Endoscopic Approach", "0RPJX0Z": "Removal of Drainage Device from Right Shoulder Joint, External Approach", "0RPJX3Z": "Removal of Infusion Device from Right Shoulder Joint, External Approach", "0RPJX4Z": "Removal of Internal Fixation Device from Right Shoulder Joint, External Approach", "0RPK00Z": "Removal of Drainage Device from Left Shoulder Joint, Open Approach", "0RPK03Z": "Removal of Infusion Device from Left Shoulder Joint, Open Approach", "0RPK04Z": "Removal of Internal Fixation Device from Left Shoulder Joint, Open Approach", "0RPK07Z": "Removal of Autologous Tissue Substitute from Left Shoulder Joint, Open Approach", "0RPK08Z": "Removal of Spacer from Left Shoulder Joint, Open Approach", "0RPK0JZ": "Removal of Synthetic Substitute from Left Shoulder Joint, Open Approach", "0RPK0KZ": "Removal of Nonautologous Tissue Substitute from Left Shoulder Joint, Open Approach", "0RPK30Z": "Removal of Drainage Device from Left Shoulder Joint, Percutaneous Approach", "0RPK33Z": "Removal of Infusion Device from Left Shoulder Joint, Percutaneous Approach", "0RPK34Z": "Removal of Internal Fixation Device from Left Shoulder Joint, Percutaneous Approach", "0RPK37Z": "Removal of Autologous Tissue Substitute from Left Shoulder Joint, Percutaneous Approach", "0RPK38Z": "Removal of Spacer from Left Shoulder Joint, Percutaneous Approach", "0RPK3JZ": "Removal of Synthetic Substitute from Left Shoulder Joint, Percutaneous Approach", "0RPK3KZ": "Removal of Nonautologous Tissue Substitute from Left Shoulder Joint, Percutaneous Approach", "0RPK40Z": "Removal of Drainage Device from Left Shoulder Joint, Percutaneous Endoscopic Approach", "0RPK43Z": "Removal of Infusion Device from Left Shoulder Joint, Percutaneous Endoscopic Approach", "0RPK44Z": "Removal of Internal Fixation Device from Left Shoulder Joint, Percutaneous Endoscopic Approach", "0RPK47Z": "Removal of Autologous Tissue Substitute from Left Shoulder Joint, Percutaneous Endoscopic Approach", "0RPK48Z": "Removal of Spacer from Left Shoulder Joint, Percutaneous Endoscopic Approach", "0RPK4JZ": "Removal of Synthetic Substitute from Left Shoulder Joint, Percutaneous Endoscopic Approach", "0RPK4KZ": "Removal of Nonautologous Tissue Substitute from Left Shoulder Joint, Percutaneous Endoscopic Approach", "0RPKX0Z": "Removal of Drainage Device from Left Shoulder Joint, External Approach", "0RPKX3Z": "Removal of Infusion Device from Left Shoulder Joint, External Approach", "0RPKX4Z": "Removal of Internal Fixation Device from Left Shoulder Joint, External Approach", "0RPL00Z": "Removal of Drainage Device from Right Elbow Joint, Open Approach", "0RPL03Z": "Removal of Infusion Device from Right Elbow Joint, Open Approach", "0RPL04Z": "Removal of Internal Fixation Device from Right Elbow Joint, Open Approach", "0RPL05Z": "Removal of External Fixation Device from Right Elbow Joint, Open Approach", "0RPL07Z": "Removal of Autologous Tissue Substitute from Right Elbow Joint, Open Approach", "0RPL08Z": "Removal of Spacer from Right Elbow Joint, Open Approach", "0RPL0JZ": "Removal of Synthetic Substitute from Right Elbow Joint, Open Approach", "0RPL0KZ": "Removal of Nonautologous Tissue Substitute from Right Elbow Joint, Open Approach", "0RPL30Z": "Removal of Drainage Device from Right Elbow Joint, Percutaneous Approach", "0RPL33Z": "Removal of Infusion Device from Right Elbow Joint, Percutaneous Approach", "0RPL34Z": "Removal of Internal Fixation Device from Right Elbow Joint, Percutaneous Approach", "0RPL35Z": "Removal of External Fixation Device from Right Elbow Joint, Percutaneous Approach", "0RPL37Z": "Removal of Autologous Tissue Substitute from Right Elbow Joint, Percutaneous Approach", "0RPL38Z": "Removal of Spacer from Right Elbow Joint, Percutaneous Approach", "0RPL3JZ": "Removal of Synthetic Substitute from Right Elbow Joint, Percutaneous Approach", "0RPL3KZ": "Removal of Nonautologous Tissue Substitute from Right Elbow Joint, Percutaneous Approach", "0RPL40Z": "Removal of Drainage Device from Right Elbow Joint, Percutaneous Endoscopic Approach", "0RPL43Z": "Removal of Infusion Device from Right Elbow Joint, Percutaneous Endoscopic Approach", "0RPL44Z": "Removal of Internal Fixation Device from Right Elbow Joint, Percutaneous Endoscopic Approach", "0RPL45Z": "Removal of External Fixation Device from Right Elbow Joint, Percutaneous Endoscopic Approach", "0RPL47Z": "Removal of Autologous Tissue Substitute from Right Elbow Joint, Percutaneous Endoscopic Approach", "0RPL48Z": "Removal of Spacer from Right Elbow Joint, Percutaneous Endoscopic Approach", "0RPL4JZ": "Removal of Synthetic Substitute from Right Elbow Joint, Percutaneous Endoscopic Approach", "0RPL4KZ": "Removal of Nonautologous Tissue Substitute from Right Elbow Joint, Percutaneous Endoscopic Approach", "0RPLX0Z": "Removal of Drainage Device from Right Elbow Joint, External Approach", "0RPLX3Z": "Removal of Infusion Device from Right Elbow Joint, External Approach", "0RPLX4Z": "Removal of Internal Fixation Device from Right Elbow Joint, External Approach", "0RPLX5Z": "Removal of External Fixation Device from Right Elbow Joint, External Approach", "0RPM00Z": "Removal of Drainage Device from Left Elbow Joint, Open Approach", "0RPM03Z": "Removal of Infusion Device from Left Elbow Joint, Open Approach", "0RPM04Z": "Removal of Internal Fixation Device from Left Elbow Joint, Open Approach", "0RPM05Z": "Removal of External Fixation Device from Left Elbow Joint, Open Approach", "0RPM07Z": "Removal of Autologous Tissue Substitute from Left Elbow Joint, Open Approach", "0RPM08Z": "Removal of Spacer from Left Elbow Joint, Open Approach", "0RPM0JZ": "Removal of Synthetic Substitute from Left Elbow Joint, Open Approach", "0RPM0KZ": "Removal of Nonautologous Tissue Substitute from Left Elbow Joint, Open Approach", "0RPM30Z": "Removal of Drainage Device from Left Elbow Joint, Percutaneous Approach", "0RPM33Z": "Removal of Infusion Device from Left Elbow Joint, Percutaneous Approach", "0RPM34Z": "Removal of Internal Fixation Device from Left Elbow Joint, Percutaneous Approach", "0RPM35Z": "Removal of External Fixation Device from Left Elbow Joint, Percutaneous Approach", "0RPM37Z": "Removal of Autologous Tissue Substitute from Left Elbow Joint, Percutaneous Approach", "0RPM38Z": "Removal of Spacer from Left Elbow Joint, Percutaneous Approach", "0RPM3JZ": "Removal of Synthetic Substitute from Left Elbow Joint, Percutaneous Approach", "0RPM3KZ": "Removal of Nonautologous Tissue Substitute from Left Elbow Joint, Percutaneous Approach", "0RPM40Z": "Removal of Drainage Device from Left Elbow Joint, Percutaneous Endoscopic Approach", "0RPM43Z": "Removal of Infusion Device from Left Elbow Joint, Percutaneous Endoscopic Approach", "0RPM44Z": "Removal of Internal Fixation Device from Left Elbow Joint, Percutaneous Endoscopic Approach", "0RPM45Z": "Removal of External Fixation Device from Left Elbow Joint, Percutaneous Endoscopic Approach", "0RPM47Z": "Removal of Autologous Tissue Substitute from Left Elbow Joint, Percutaneous Endoscopic Approach", "0RPM48Z": "Removal of Spacer from Left Elbow Joint, Percutaneous Endoscopic Approach", "0RPM4JZ": "Removal of Synthetic Substitute from Left Elbow Joint, Percutaneous Endoscopic Approach", "0RPM4KZ": "Removal of Nonautologous Tissue Substitute from Left Elbow Joint, Percutaneous Endoscopic Approach", "0RPMX0Z": "Removal of Drainage Device from Left Elbow Joint, External Approach", "0RPMX3Z": "Removal of Infusion Device from Left Elbow Joint, External Approach", "0RPMX4Z": "Removal of Internal Fixation Device from Left Elbow Joint, External Approach", "0RPMX5Z": "Removal of External Fixation Device from Left Elbow Joint, External Approach", "0RPN00Z": "Removal of Drainage Device from Right Wrist Joint, Open Approach", "0RPN03Z": "Removal of Infusion Device from Right Wrist Joint, Open Approach", "0RPN04Z": "Removal of Internal Fixation Device from Right Wrist Joint, Open Approach", "0RPN05Z": "Removal of External Fixation Device from Right Wrist Joint, Open Approach", "0RPN07Z": "Removal of Autologous Tissue Substitute from Right Wrist Joint, Open Approach", "0RPN08Z": "Removal of Spacer from Right Wrist Joint, Open Approach", "0RPN0JZ": "Removal of Synthetic Substitute from Right Wrist Joint, Open Approach", "0RPN0KZ": "Removal of Nonautologous Tissue Substitute from Right Wrist Joint, Open Approach", "0RPN30Z": "Removal of Drainage Device from Right Wrist Joint, Percutaneous Approach", "0RPN33Z": "Removal of Infusion Device from Right Wrist Joint, Percutaneous Approach", "0RPN34Z": "Removal of Internal Fixation Device from Right Wrist Joint, Percutaneous Approach", "0RPN35Z": "Removal of External Fixation Device from Right Wrist Joint, Percutaneous Approach", "0RPN37Z": "Removal of Autologous Tissue Substitute from Right Wrist Joint, Percutaneous Approach", "0RPN38Z": "Removal of Spacer from Right Wrist Joint, Percutaneous Approach", "0RPN3JZ": "Removal of Synthetic Substitute from Right Wrist Joint, Percutaneous Approach", "0RPN3KZ": "Removal of Nonautologous Tissue Substitute from Right Wrist Joint, Percutaneous Approach", "0RPN40Z": "Removal of Drainage Device from Right Wrist Joint, Percutaneous Endoscopic Approach", "0RPN43Z": "Removal of Infusion Device from Right Wrist Joint, Percutaneous Endoscopic Approach", "0RPN44Z": "Removal of Internal Fixation Device from Right Wrist Joint, Percutaneous Endoscopic Approach", "0RPN45Z": "Removal of External Fixation Device from Right Wrist Joint, Percutaneous Endoscopic Approach", "0RPN47Z": "Removal of Autologous Tissue Substitute from Right Wrist Joint, Percutaneous Endoscopic Approach", "0RPN48Z": "Removal of Spacer from Right Wrist Joint, Percutaneous Endoscopic Approach", "0RPN4JZ": "Removal of Synthetic Substitute from Right Wrist Joint, Percutaneous Endoscopic Approach", "0RPN4KZ": "Removal of Nonautologous Tissue Substitute from Right Wrist Joint, Percutaneous Endoscopic Approach", "0RPNX0Z": "Removal of Drainage Device from Right Wrist Joint, External Approach", "0RPNX3Z": "Removal of Infusion Device from Right Wrist Joint, External Approach", "0RPNX4Z": "Removal of Internal Fixation Device from Right Wrist Joint, External Approach", "0RPNX5Z": "Removal of External Fixation Device from Right Wrist Joint, External Approach", "0RPP00Z": "Removal of Drainage Device from Left Wrist Joint, Open Approach", "0RPP03Z": "Removal of Infusion Device from Left Wrist Joint, Open Approach", "0RPP04Z": "Removal of Internal Fixation Device from Left Wrist Joint, Open Approach", "0RPP05Z": "Removal of External Fixation Device from Left Wrist Joint, Open Approach", "0RPP07Z": "Removal of Autologous Tissue Substitute from Left Wrist Joint, Open Approach", "0RPP08Z": "Removal of Spacer from Left Wrist Joint, Open Approach", "0RPP0JZ": "Removal of Synthetic Substitute from Left Wrist Joint, Open Approach", "0RPP0KZ": "Removal of Nonautologous Tissue Substitute from Left Wrist Joint, Open Approach", "0RPP30Z": "Removal of Drainage Device from Left Wrist Joint, Percutaneous Approach", "0RPP33Z": "Removal of Infusion Device from Left Wrist Joint, Percutaneous Approach", "0RPP34Z": "Removal of Internal Fixation Device from Left Wrist Joint, Percutaneous Approach", "0RPP35Z": "Removal of External Fixation Device from Left Wrist Joint, Percutaneous Approach", "0RPP37Z": "Removal of Autologous Tissue Substitute from Left Wrist Joint, Percutaneous Approach", "0RPP38Z": "Removal of Spacer from Left Wrist Joint, Percutaneous Approach", "0RPP3JZ": "Removal of Synthetic Substitute from Left Wrist Joint, Percutaneous Approach", "0RPP3KZ": "Removal of Nonautologous Tissue Substitute from Left Wrist Joint, Percutaneous Approach", "0RPP40Z": "Removal of Drainage Device from Left Wrist Joint, Percutaneous Endoscopic Approach", "0RPP43Z": "Removal of Infusion Device from Left Wrist Joint, Percutaneous Endoscopic Approach", "0RPP44Z": "Removal of Internal Fixation Device from Left Wrist Joint, Percutaneous Endoscopic Approach", "0RPP45Z": "Removal of External Fixation Device from Left Wrist Joint, Percutaneous Endoscopic Approach", "0RPP47Z": "Removal of Autologous Tissue Substitute from Left Wrist Joint, Percutaneous Endoscopic Approach", "0RPP48Z": "Removal of Spacer from Left Wrist Joint, Percutaneous Endoscopic Approach", "0RPP4JZ": "Removal of Synthetic Substitute from Left Wrist Joint, Percutaneous Endoscopic Approach", "0RPP4KZ": "Removal of Nonautologous Tissue Substitute from Left Wrist Joint, Percutaneous Endoscopic Approach", "0RPPX0Z": "Removal of Drainage Device from Left Wrist Joint, External Approach", "0RPPX3Z": "Removal of Infusion Device from Left Wrist Joint, External Approach", "0RPPX4Z": "Removal of Internal Fixation Device from Left Wrist Joint, External Approach", "0RPPX5Z": "Removal of External Fixation Device from Left Wrist Joint, External Approach", "0RPQ00Z": "Removal of Drainage Device from Right Carpal Joint, Open Approach", "0RPQ03Z": "Removal of Infusion Device from Right Carpal Joint, Open Approach", "0RPQ04Z": "Removal of Internal Fixation Device from Right Carpal Joint, Open Approach", "0RPQ05Z": "Removal of External Fixation Device from Right Carpal Joint, Open Approach", "0RPQ07Z": "Removal of Autologous Tissue Substitute from Right Carpal Joint, Open Approach", "0RPQ08Z": "Removal of Spacer from Right Carpal Joint, Open Approach", "0RPQ0JZ": "Removal of Synthetic Substitute from Right Carpal Joint, Open Approach", "0RPQ0KZ": "Removal of Nonautologous Tissue Substitute from Right Carpal Joint, Open Approach", "0RPQ30Z": "Removal of Drainage Device from Right Carpal Joint, Percutaneous Approach", "0RPQ33Z": "Removal of Infusion Device from Right Carpal Joint, Percutaneous Approach", "0RPQ34Z": "Removal of Internal Fixation Device from Right Carpal Joint, Percutaneous Approach", "0RPQ35Z": "Removal of External Fixation Device from Right Carpal Joint, Percutaneous Approach", "0RPQ37Z": "Removal of Autologous Tissue Substitute from Right Carpal Joint, Percutaneous Approach", "0RPQ38Z": "Removal of Spacer from Right Carpal Joint, Percutaneous Approach", "0RPQ3JZ": "Removal of Synthetic Substitute from Right Carpal Joint, Percutaneous Approach", "0RPQ3KZ": "Removal of Nonautologous Tissue Substitute from Right Carpal Joint, Percutaneous Approach", "0RPQ40Z": "Removal of Drainage Device from Right Carpal Joint, Percutaneous Endoscopic Approach", "0RPQ43Z": "Removal of Infusion Device from Right Carpal Joint, Percutaneous Endoscopic Approach", "0RPQ44Z": "Removal of Internal Fixation Device from Right Carpal Joint, Percutaneous Endoscopic Approach", "0RPQ45Z": "Removal of External Fixation Device from Right Carpal Joint, Percutaneous Endoscopic Approach", "0RPQ47Z": "Removal of Autologous Tissue Substitute from Right Carpal Joint, Percutaneous Endoscopic Approach", "0RPQ48Z": "Removal of Spacer from Right Carpal Joint, Percutaneous Endoscopic Approach", "0RPQ4JZ": "Removal of Synthetic Substitute from Right Carpal Joint, Percutaneous Endoscopic Approach", "0RPQ4KZ": "Removal of Nonautologous Tissue Substitute from Right Carpal Joint, Percutaneous Endoscopic Approach", "0RPQX0Z": "Removal of Drainage Device from Right Carpal Joint, External Approach", "0RPQX3Z": "Removal of Infusion Device from Right Carpal Joint, External Approach", "0RPQX4Z": "Removal of Internal Fixation Device from Right Carpal Joint, External Approach", "0RPQX5Z": "Removal of External Fixation Device from Right Carpal Joint, External Approach", "0RPR00Z": "Removal of Drainage Device from Left Carpal Joint, Open Approach", "0RPR03Z": "Removal of Infusion Device from Left Carpal Joint, Open Approach", "0RPR04Z": "Removal of Internal Fixation Device from Left Carpal Joint, Open Approach", "0RPR05Z": "Removal of External Fixation Device from Left Carpal Joint, Open Approach", "0RPR07Z": "Removal of Autologous Tissue Substitute from Left Carpal Joint, Open Approach", "0RPR08Z": "Removal of Spacer from Left Carpal Joint, Open Approach", "0RPR0JZ": "Removal of Synthetic Substitute from Left Carpal Joint, Open Approach", "0RPR0KZ": "Removal of Nonautologous Tissue Substitute from Left Carpal Joint, Open Approach", "0RPR30Z": "Removal of Drainage Device from Left Carpal Joint, Percutaneous Approach", "0RPR33Z": "Removal of Infusion Device from Left Carpal Joint, Percutaneous Approach", "0RPR34Z": "Removal of Internal Fixation Device from Left Carpal Joint, Percutaneous Approach", "0RPR35Z": "Removal of External Fixation Device from Left Carpal Joint, Percutaneous Approach", "0RPR37Z": "Removal of Autologous Tissue Substitute from Left Carpal Joint, Percutaneous Approach", "0RPR38Z": "Removal of Spacer from Left Carpal Joint, Percutaneous Approach", "0RPR3JZ": "Removal of Synthetic Substitute from Left Carpal Joint, Percutaneous Approach", "0RPR3KZ": "Removal of Nonautologous Tissue Substitute from Left Carpal Joint, Percutaneous Approach", "0RPR40Z": "Removal of Drainage Device from Left Carpal Joint, Percutaneous Endoscopic Approach", "0RPR43Z": "Removal of Infusion Device from Left Carpal Joint, Percutaneous Endoscopic Approach", "0RPR44Z": "Removal of Internal Fixation Device from Left Carpal Joint, Percutaneous Endoscopic Approach", "0RPR45Z": "Removal of External Fixation Device from Left Carpal Joint, Percutaneous Endoscopic Approach", "0RPR47Z": "Removal of Autologous Tissue Substitute from Left Carpal Joint, Percutaneous Endoscopic Approach", "0RPR48Z": "Removal of Spacer from Left Carpal Joint, Percutaneous Endoscopic Approach", "0RPR4JZ": "Removal of Synthetic Substitute from Left Carpal Joint, Percutaneous Endoscopic Approach", "0RPR4KZ": "Removal of Nonautologous Tissue Substitute from Left Carpal Joint, Percutaneous Endoscopic Approach", "0RPRX0Z": "Removal of Drainage Device from Left Carpal Joint, External Approach", "0RPRX3Z": "Removal of Infusion Device from Left Carpal Joint, External Approach", "0RPRX4Z": "Removal of Internal Fixation Device from Left Carpal Joint, External Approach", "0RPRX5Z": "Removal of External Fixation Device from Left Carpal Joint, External Approach", "0RPS00Z": "Removal of Drainage Device from Right Carpometacarpal Joint, Open Approach", "0RPS03Z": "Removal of Infusion Device from Right Carpometacarpal Joint, Open Approach", "0RPS04Z": "Removal of Internal Fixation Device from Right Carpometacarpal Joint, Open Approach", "0RPS05Z": "Removal of External Fixation Device from Right Carpometacarpal Joint, Open Approach", "0RPS07Z": "Removal of Autologous Tissue Substitute from Right Carpometacarpal Joint, Open Approach", "0RPS08Z": "Removal of Spacer from Right Carpometacarpal Joint, Open Approach", "0RPS0JZ": "Removal of Synthetic Substitute from Right Carpometacarpal Joint, Open Approach", "0RPS0KZ": "Removal of Nonautologous Tissue Substitute from Right Carpometacarpal Joint, Open Approach", "0RPS30Z": "Removal of Drainage Device from Right Carpometacarpal Joint, Percutaneous Approach", "0RPS33Z": "Removal of Infusion Device from Right Carpometacarpal Joint, Percutaneous Approach", "0RPS34Z": "Removal of Internal Fixation Device from Right Carpometacarpal Joint, Percutaneous Approach", "0RPS35Z": "Removal of External Fixation Device from Right Carpometacarpal Joint, Percutaneous Approach", "0RPS37Z": "Removal of Autologous Tissue Substitute from Right Carpometacarpal Joint, Percutaneous Approach", "0RPS38Z": "Removal of Spacer from Right Carpometacarpal Joint, Percutaneous Approach", "0RPS3JZ": "Removal of Synthetic Substitute from Right Carpometacarpal Joint, Percutaneous Approach", "0RPS3KZ": "Removal of Nonautologous Tissue Substitute from Right Carpometacarpal Joint, Percutaneous Approach", "0RPS40Z": "Removal of Drainage Device from Right Carpometacarpal Joint, Percutaneous Endoscopic Approach", "0RPS43Z": "Removal of Infusion Device from Right Carpometacarpal Joint, Percutaneous Endoscopic Approach", "0RPS44Z": "Removal of Internal Fixation Device from Right Carpometacarpal Joint, Percutaneous Endoscopic Approach", "0RPS45Z": "Removal of External Fixation Device from Right Carpometacarpal Joint, Percutaneous Endoscopic Approach", "0RPS47Z": "Removal of Autologous Tissue Substitute from Right Carpometacarpal Joint, Percutaneous Endoscopic Approach", "0RPS48Z": "Removal of Spacer from Right Carpometacarpal Joint, Percutaneous Endoscopic Approach", "0RPS4JZ": "Removal of Synthetic Substitute from Right Carpometacarpal Joint, Percutaneous Endoscopic Approach", "0RPS4KZ": "Removal of Nonautologous Tissue Substitute from Right Carpometacarpal Joint, Percutaneous Endoscopic Approach", "0RPSX0Z": "Removal of Drainage Device from Right Carpometacarpal Joint, External Approach", "0RPSX3Z": "Removal of Infusion Device from Right Carpometacarpal Joint, External Approach", "0RPSX4Z": "Removal of Internal Fixation Device from Right Carpometacarpal Joint, External Approach", "0RPSX5Z": "Removal of External Fixation Device from Right Carpometacarpal Joint, External Approach", "0RPT00Z": "Removal of Drainage Device from Left Carpometacarpal Joint, Open Approach", "0RPT03Z": "Removal of Infusion Device from Left Carpometacarpal Joint, Open Approach", "0RPT04Z": "Removal of Internal Fixation Device from Left Carpometacarpal Joint, Open Approach", "0RPT05Z": "Removal of External Fixation Device from Left Carpometacarpal Joint, Open Approach", "0RPT07Z": "Removal of Autologous Tissue Substitute from Left Carpometacarpal Joint, Open Approach", "0RPT08Z": "Removal of Spacer from Left Carpometacarpal Joint, Open Approach", "0RPT0JZ": "Removal of Synthetic Substitute from Left Carpometacarpal Joint, Open Approach", "0RPT0KZ": "Removal of Nonautologous Tissue Substitute from Left Carpometacarpal Joint, Open Approach", "0RPT30Z": "Removal of Drainage Device from Left Carpometacarpal Joint, Percutaneous Approach", "0RPT33Z": "Removal of Infusion Device from Left Carpometacarpal Joint, Percutaneous Approach", "0RPT34Z": "Removal of Internal Fixation Device from Left Carpometacarpal Joint, Percutaneous Approach", "0RPT35Z": "Removal of External Fixation Device from Left Carpometacarpal Joint, Percutaneous Approach", "0RPT37Z": "Removal of Autologous Tissue Substitute from Left Carpometacarpal Joint, Percutaneous Approach", "0RPT38Z": "Removal of Spacer from Left Carpometacarpal Joint, Percutaneous Approach", "0RPT3JZ": "Removal of Synthetic Substitute from Left Carpometacarpal Joint, Percutaneous Approach", "0RPT3KZ": "Removal of Nonautologous Tissue Substitute from Left Carpometacarpal Joint, Percutaneous Approach", "0RPT40Z": "Removal of Drainage Device from Left Carpometacarpal Joint, Percutaneous Endoscopic Approach", "0RPT43Z": "Removal of Infusion Device from Left Carpometacarpal Joint, Percutaneous Endoscopic Approach", "0RPT44Z": "Removal of Internal Fixation Device from Left Carpometacarpal Joint, Percutaneous Endoscopic Approach", "0RPT45Z": "Removal of External Fixation Device from Left Carpometacarpal Joint, Percutaneous Endoscopic Approach", "0RPT47Z": "Removal of Autologous Tissue Substitute from Left Carpometacarpal Joint, Percutaneous Endoscopic Approach", "0RPT48Z": "Removal of Spacer from Left Carpometacarpal Joint, Percutaneous Endoscopic Approach", "0RPT4JZ": "Removal of Synthetic Substitute from Left Carpometacarpal Joint, Percutaneous Endoscopic Approach", "0RPT4KZ": "Removal of Nonautologous Tissue Substitute from Left Carpometacarpal Joint, Percutaneous Endoscopic Approach", "0RPTX0Z": "Removal of Drainage Device from Left Carpometacarpal Joint, External Approach", "0RPTX3Z": "Removal of Infusion Device from Left Carpometacarpal Joint, External Approach", "0RPTX4Z": "Removal of Internal Fixation Device from Left Carpometacarpal Joint, External Approach", "0RPTX5Z": "Removal of External Fixation Device from Left Carpometacarpal Joint, External Approach", "0RPU00Z": "Removal of Drainage Device from Right Metacarpophalangeal Joint, Open Approach", "0RPU03Z": "Removal of Infusion Device from Right Metacarpophalangeal Joint, Open Approach", "0RPU04Z": "Removal of Internal Fixation Device from Right Metacarpophalangeal Joint, Open Approach", "0RPU05Z": "Removal of External Fixation Device from Right Metacarpophalangeal Joint, Open Approach", "0RPU07Z": "Removal of Autologous Tissue Substitute from Right Metacarpophalangeal Joint, Open Approach", "0RPU08Z": "Removal of Spacer from Right Metacarpophalangeal Joint, Open Approach", "0RPU0JZ": "Removal of Synthetic Substitute from Right Metacarpophalangeal Joint, Open Approach", "0RPU0KZ": "Removal of Nonautologous Tissue Substitute from Right Metacarpophalangeal Joint, Open Approach", "0RPU30Z": "Removal of Drainage Device from Right Metacarpophalangeal Joint, Percutaneous Approach", "0RPU33Z": "Removal of Infusion Device from Right Metacarpophalangeal Joint, Percutaneous Approach", "0RPU34Z": "Removal of Internal Fixation Device from Right Metacarpophalangeal Joint, Percutaneous Approach", "0RPU35Z": "Removal of External Fixation Device from Right Metacarpophalangeal Joint, Percutaneous Approach", "0RPU37Z": "Removal of Autologous Tissue Substitute from Right Metacarpophalangeal Joint, Percutaneous Approach", "0RPU38Z": "Removal of Spacer from Right Metacarpophalangeal Joint, Percutaneous Approach", "0RPU3JZ": "Removal of Synthetic Substitute from Right Metacarpophalangeal Joint, Percutaneous Approach", "0RPU3KZ": "Removal of Nonautologous Tissue Substitute from Right Metacarpophalangeal Joint, Percutaneous Approach", "0RPU40Z": "Removal of Drainage Device from Right Metacarpophalangeal Joint, Percutaneous Endoscopic Approach", "0RPU43Z": "Removal of Infusion Device from Right Metacarpophalangeal Joint, Percutaneous Endoscopic Approach", "0RPU44Z": "Removal of Internal Fixation Device from Right Metacarpophalangeal Joint, Percutaneous Endoscopic Approach", "0RPU45Z": "Removal of External Fixation Device from Right Metacarpophalangeal Joint, Percutaneous Endoscopic Approach", "0RPU47Z": "Removal of Autologous Tissue Substitute from Right Metacarpophalangeal Joint, Percutaneous Endoscopic Approach", "0RPU48Z": "Removal of Spacer from Right Metacarpophalangeal Joint, Percutaneous Endoscopic Approach", "0RPU4JZ": "Removal of Synthetic Substitute from Right Metacarpophalangeal Joint, Percutaneous Endoscopic Approach", "0RPU4KZ": "Removal of Nonautologous Tissue Substitute from Right Metacarpophalangeal Joint, Percutaneous Endoscopic Approach", "0RPUX0Z": "Removal of Drainage Device from Right Metacarpophalangeal Joint, External Approach", "0RPUX3Z": "Removal of Infusion Device from Right Metacarpophalangeal Joint, External Approach", "0RPUX4Z": "Removal of Internal Fixation Device from Right Metacarpophalangeal Joint, External Approach", "0RPUX5Z": "Removal of External Fixation Device from Right Metacarpophalangeal Joint, External Approach", "0RPV00Z": "Removal of Drainage Device from Left Metacarpophalangeal Joint, Open Approach", "0RPV03Z": "Removal of Infusion Device from Left Metacarpophalangeal Joint, Open Approach", "0RPV04Z": "Removal of Internal Fixation Device from Left Metacarpophalangeal Joint, Open Approach", "0RPV05Z": "Removal of External Fixation Device from Left Metacarpophalangeal Joint, Open Approach", "0RPV07Z": "Removal of Autologous Tissue Substitute from Left Metacarpophalangeal Joint, Open Approach", "0RPV08Z": "Removal of Spacer from Left Metacarpophalangeal Joint, Open Approach", "0RPV0JZ": "Removal of Synthetic Substitute from Left Metacarpophalangeal Joint, Open Approach", "0RPV0KZ": "Removal of Nonautologous Tissue Substitute from Left Metacarpophalangeal Joint, Open Approach", "0RPV30Z": "Removal of Drainage Device from Left Metacarpophalangeal Joint, Percutaneous Approach", "0RPV33Z": "Removal of Infusion Device from Left Metacarpophalangeal Joint, Percutaneous Approach", "0RPV34Z": "Removal of Internal Fixation Device from Left Metacarpophalangeal Joint, Percutaneous Approach", "0RPV35Z": "Removal of External Fixation Device from Left Metacarpophalangeal Joint, Percutaneous Approach", "0RPV37Z": "Removal of Autologous Tissue Substitute from Left Metacarpophalangeal Joint, Percutaneous Approach", "0RPV38Z": "Removal of Spacer from Left Metacarpophalangeal Joint, Percutaneous Approach", "0RPV3JZ": "Removal of Synthetic Substitute from Left Metacarpophalangeal Joint, Percutaneous Approach", "0RPV3KZ": "Removal of Nonautologous Tissue Substitute from Left Metacarpophalangeal Joint, Percutaneous Approach", "0RPV40Z": "Removal of Drainage Device from Left Metacarpophalangeal Joint, Percutaneous Endoscopic Approach", "0RPV43Z": "Removal of Infusion Device from Left Metacarpophalangeal Joint, Percutaneous Endoscopic Approach", "0RPV44Z": "Removal of Internal Fixation Device from Left Metacarpophalangeal Joint, Percutaneous Endoscopic Approach", "0RPV45Z": "Removal of External Fixation Device from Left Metacarpophalangeal Joint, Percutaneous Endoscopic Approach", "0RPV47Z": "Removal of Autologous Tissue Substitute from Left Metacarpophalangeal Joint, Percutaneous Endoscopic Approach", "0RPV48Z": "Removal of Spacer from Left Metacarpophalangeal Joint, Percutaneous Endoscopic Approach", "0RPV4JZ": "Removal of Synthetic Substitute from Left Metacarpophalangeal Joint, Percutaneous Endoscopic Approach", "0RPV4KZ": "Removal of Nonautologous Tissue Substitute from Left Metacarpophalangeal Joint, Percutaneous Endoscopic Approach", "0RPVX0Z": "Removal of Drainage Device from Left Metacarpophalangeal Joint, External Approach", "0RPVX3Z": "Removal of Infusion Device from Left Metacarpophalangeal Joint, External Approach", "0RPVX4Z": "Removal of Internal Fixation Device from Left Metacarpophalangeal Joint, External Approach", "0RPVX5Z": "Removal of External Fixation Device from Left Metacarpophalangeal Joint, External Approach", "0RPW00Z": "Removal of Drainage Device from Right Finger Phalangeal Joint, Open Approach", "0RPW03Z": "Removal of Infusion Device from Right Finger Phalangeal Joint, Open Approach", "0RPW04Z": "Removal of Internal Fixation Device from Right Finger Phalangeal Joint, Open Approach", "0RPW05Z": "Removal of External Fixation Device from Right Finger Phalangeal Joint, Open Approach", "0RPW07Z": "Removal of Autologous Tissue Substitute from Right Finger Phalangeal Joint, Open Approach", "0RPW08Z": "Removal of Spacer from Right Finger Phalangeal Joint, Open Approach", "0RPW0JZ": "Removal of Synthetic Substitute from Right Finger Phalangeal Joint, Open Approach", "0RPW0KZ": "Removal of Nonautologous Tissue Substitute from Right Finger Phalangeal Joint, Open Approach", "0RPW30Z": "Removal of Drainage Device from Right Finger Phalangeal Joint, Percutaneous Approach", "0RPW33Z": "Removal of Infusion Device from Right Finger Phalangeal Joint, Percutaneous Approach", "0RPW34Z": "Removal of Internal Fixation Device from Right Finger Phalangeal Joint, Percutaneous Approach", "0RPW35Z": "Removal of External Fixation Device from Right Finger Phalangeal Joint, Percutaneous Approach", "0RPW37Z": "Removal of Autologous Tissue Substitute from Right Finger Phalangeal Joint, Percutaneous Approach", "0RPW38Z": "Removal of Spacer from Right Finger Phalangeal Joint, Percutaneous Approach", "0RPW3JZ": "Removal of Synthetic Substitute from Right Finger Phalangeal Joint, Percutaneous Approach", "0RPW3KZ": "Removal of Nonautologous Tissue Substitute from Right Finger Phalangeal Joint, Percutaneous Approach", "0RPW40Z": "Removal of Drainage Device from Right Finger Phalangeal Joint, Percutaneous Endoscopic Approach", "0RPW43Z": "Removal of Infusion Device from Right Finger Phalangeal Joint, Percutaneous Endoscopic Approach", "0RPW44Z": "Removal of Internal Fixation Device from Right Finger Phalangeal Joint, Percutaneous Endoscopic Approach", "0RPW45Z": "Removal of External Fixation Device from Right Finger Phalangeal Joint, Percutaneous Endoscopic Approach", "0RPW47Z": "Removal of Autologous Tissue Substitute from Right Finger Phalangeal Joint, Percutaneous Endoscopic Approach", "0RPW48Z": "Removal of Spacer from Right Finger Phalangeal Joint, Percutaneous Endoscopic Approach", "0RPW4JZ": "Removal of Synthetic Substitute from Right Finger Phalangeal Joint, Percutaneous Endoscopic Approach", "0RPW4KZ": "Removal of Nonautologous Tissue Substitute from Right Finger Phalangeal Joint, Percutaneous Endoscopic Approach", "0RPWX0Z": "Removal of Drainage Device from Right Finger Phalangeal Joint, External Approach", "0RPWX3Z": "Removal of Infusion Device from Right Finger Phalangeal Joint, External Approach", "0RPWX4Z": "Removal of Internal Fixation Device from Right Finger Phalangeal Joint, External Approach", "0RPWX5Z": "Removal of External Fixation Device from Right Finger Phalangeal Joint, External Approach", "0RPX00Z": "Removal of Drainage Device from Left Finger Phalangeal Joint, Open Approach", "0RPX03Z": "Removal of Infusion Device from Left Finger Phalangeal Joint, Open Approach", "0RPX04Z": "Removal of Internal Fixation Device from Left Finger Phalangeal Joint, Open Approach", "0RPX05Z": "Removal of External Fixation Device from Left Finger Phalangeal Joint, Open Approach", "0RPX07Z": "Removal of Autologous Tissue Substitute from Left Finger Phalangeal Joint, Open Approach", "0RPX08Z": "Removal of Spacer from Left Finger Phalangeal Joint, Open Approach", "0RPX0JZ": "Removal of Synthetic Substitute from Left Finger Phalangeal Joint, Open Approach", "0RPX0KZ": "Removal of Nonautologous Tissue Substitute from Left Finger Phalangeal Joint, Open Approach", "0RPX30Z": "Removal of Drainage Device from Left Finger Phalangeal Joint, Percutaneous Approach", "0RPX33Z": "Removal of Infusion Device from Left Finger Phalangeal Joint, Percutaneous Approach", "0RPX34Z": "Removal of Internal Fixation Device from Left Finger Phalangeal Joint, Percutaneous Approach", "0RPX35Z": "Removal of External Fixation Device from Left Finger Phalangeal Joint, Percutaneous Approach", "0RPX37Z": "Removal of Autologous Tissue Substitute from Left Finger Phalangeal Joint, Percutaneous Approach", "0RPX38Z": "Removal of Spacer from Left Finger Phalangeal Joint, Percutaneous Approach", "0RPX3JZ": "Removal of Synthetic Substitute from Left Finger Phalangeal Joint, Percutaneous Approach", "0RPX3KZ": "Removal of Nonautologous Tissue Substitute from Left Finger Phalangeal Joint, Percutaneous Approach", "0RPX40Z": "Removal of Drainage Device from Left Finger Phalangeal Joint, Percutaneous Endoscopic Approach", "0RPX43Z": "Removal of Infusion Device from Left Finger Phalangeal Joint, Percutaneous Endoscopic Approach", "0RPX44Z": "Removal of Internal Fixation Device from Left Finger Phalangeal Joint, Percutaneous Endoscopic Approach", "0RPX45Z": "Removal of External Fixation Device from Left Finger Phalangeal Joint, Percutaneous Endoscopic Approach", "0RPX47Z": "Removal of Autologous Tissue Substitute from Left Finger Phalangeal Joint, Percutaneous Endoscopic Approach", "0RPX48Z": "Removal of Spacer from Left Finger Phalangeal Joint, Percutaneous Endoscopic Approach", "0RPX4JZ": "Removal of Synthetic Substitute from Left Finger Phalangeal Joint, Percutaneous Endoscopic Approach", "0RPX4KZ": "Removal of Nonautologous Tissue Substitute from Left Finger Phalangeal Joint, Percutaneous Endoscopic Approach", "0RPXX0Z": "Removal of Drainage Device from Left Finger Phalangeal Joint, External Approach", "0RPXX3Z": "Removal of Infusion Device from Left Finger Phalangeal Joint, External Approach", "0RPXX4Z": "Removal of Internal Fixation Device from Left Finger Phalangeal Joint, External Approach", "0RPXX5Z": "Removal of External Fixation Device from Left Finger Phalangeal Joint, External Approach"}