{"0RQ": "Upper Joints, Repair", "0RQ00ZZ": "Repair Occipital-cervical Joint, Open Approach", "0RQ03ZZ": "Repair Occipital-cervical Joint, Percutaneous Approach", "0RQ04ZZ": "Repair Occipital-cervical Joint, Percutaneous Endoscopic Approach", "0RQ0XZZ": "Repair Occipital-cervical Joint, External Approach", "0RQ10ZZ": "Repair Cervical Vertebral Joint, Open Approach", "0RQ13ZZ": "Repair Cervical Vertebral Joint, Percutaneous Approach", "0RQ14ZZ": "Repair Cervical Vertebral Joint, Percutaneous Endoscopic Approach", "0RQ1XZZ": "Repair Cervical Vertebral Joint, External Approach", "0RQ30ZZ": "Repair Cervical Vertebral Disc, Open Approach", "0RQ33ZZ": "Repair Cervical Vertebral Disc, Percutaneous Approach", "0RQ34ZZ": "Repair Cervical Vertebral Disc, Percutaneous Endoscopic Approach", "0RQ3XZZ": "Repair Cervical Vertebral Disc, External Approach", "0RQ40ZZ": "Repair Cervicothoracic Vertebral Joint, Open Approach", "0RQ43ZZ": "Repair Cervicothoracic Vertebral Joint, Percutaneous Approach", "0RQ44ZZ": "Repair Cervicothoracic Vertebral Joint, Percutaneous Endoscopic Approach", "0RQ4XZZ": "Repair Cervicothoracic Vertebral Joint, External Approach", "0RQ50ZZ": "Repair Cervicothoracic Vertebral Disc, Open Approach", "0RQ53ZZ": "Repair Cervicothoracic Vertebral Disc, Percutaneous Approach", "0RQ54ZZ": "Repair Cervicothoracic Vertebral Disc, Percutaneous Endoscopic Approach", "0RQ5XZZ": "Repair Cervicothoracic Vertebral Disc, External Approach", "0RQ60ZZ": "Repair Thoracic Vertebral Joint, Open Approach", "0RQ63ZZ": "Repair Thoracic Vertebral Joint, Percutaneous Approach", "0RQ64ZZ": "Repair Thoracic Vertebral Joint, Percutaneous Endoscopic Approach", "0RQ6XZZ": "Repair Thoracic Vertebral Joint, External Approach", "0RQ90ZZ": "Repair Thoracic Vertebral Disc, Open Approach", "0RQ93ZZ": "Repair Thoracic Vertebral Disc, Percutaneous Approach", "0RQ94ZZ": "Repair Thoracic Vertebral Disc, Percutaneous Endoscopic Approach", "0RQ9XZZ": "Repair Thoracic Vertebral Disc, External Approach", "0RQA0ZZ": "Repair Thoracolumbar Vertebral Joint, Open Approach", "0RQA3ZZ": "Repair Thoracolumbar Vertebral Joint, Percutaneous Approach", "0RQA4ZZ": "Repair Thoracolumbar Vertebral Joint, Percutaneous Endoscopic Approach", "0RQAXZZ": "Repair Thoracolumbar Vertebral Joint, External Approach", "0RQB0ZZ": "Repair Thoracolumbar Vertebral Disc, Open Approach", "0RQB3ZZ": "Repair Thoracolumbar Vertebral Disc, Percutaneous Approach", "0RQB4ZZ": "Repair Thoracolumbar Vertebral Disc, Percutaneous Endoscopic Approach", "0RQBXZZ": "Repair Thoracolumbar Vertebral Disc, External Approach", "0RQC0ZZ": "Repair Right Temporomandibular Joint, Open Approach", "0RQC3ZZ": "Repair Right Temporomandibular Joint, Percutaneous Approach", "0RQC4ZZ": "Repair Right Temporomandibular Joint, Percutaneous Endoscopic Approach", "0RQCXZZ": "Repair Right Temporomandibular Joint, External Approach", "0RQD0ZZ": "Repair Left Temporomandibular Joint, Open Approach", "0RQD3ZZ": "Repair Left Temporomandibular Joint, Percutaneous Approach", "0RQD4ZZ": "Repair Left Temporomandibular Joint, Percutaneous Endoscopic Approach", "0RQDXZZ": "Repair Left Temporomandibular Joint, External Approach", "0RQE0ZZ": "Repair Right Sternoclavicular Joint, Open Approach", "0RQE3ZZ": "Repair Right Sternoclavicular Joint, Percutaneous Approach", "0RQE4ZZ": "Repair Right Sternoclavicular Joint, Percutaneous Endoscopic Approach", "0RQEXZZ": "Repair Right Sternoclavicular Joint, External Approach", "0RQF0ZZ": "Repair Left Sternoclavicular Joint, Open Approach", "0RQF3ZZ": "Repair Left Sternoclavicular Joint, Percutaneous Approach", "0RQF4ZZ": "Repair Left Sternoclavicular Joint, Percutaneous Endoscopic Approach", "0RQFXZZ": "Repair Left Sternoclavicular Joint, External Approach", "0RQG0ZZ": "Repair Right Acromioclavicular Joint, Open Approach", "0RQG3ZZ": "Repair Right Acromioclavicular Joint, Percutaneous Approach", "0RQG4ZZ": "Repair Right Acromioclavicular Joint, Percutaneous Endoscopic Approach", "0RQGXZZ": "Repair Right Acromioclavicular Joint, External Approach", "0RQH0ZZ": "Repair Left Acromioclavicular Joint, Open Approach", "0RQH3ZZ": "Repair Left Acromioclavicular Joint, Percutaneous Approach", "0RQH4ZZ": "Repair Left Acromioclavicular Joint, Percutaneous Endoscopic Approach", "0RQHXZZ": "Repair Left Acromioclavicular Joint, External Approach", "0RQJ0ZZ": "Repair Right Shoulder Joint, Open Approach", "0RQJ3ZZ": "Repair Right Shoulder Joint, Percutaneous Approach", "0RQJ4ZZ": "Repair Right Shoulder Joint, Percutaneous Endoscopic Approach", "0RQJXZZ": "Repair Right Shoulder Joint, External Approach", "0RQK0ZZ": "Repair Left Shoulder Joint, Open Approach", "0RQK3ZZ": "Repair Left Shoulder Joint, Percutaneous Approach", "0RQK4ZZ": "Repair Left Shoulder Joint, Percutaneous Endoscopic Approach", "0RQKXZZ": "Repair Left Shoulder Joint, External Approach", "0RQL0ZZ": "Repair Right Elbow Joint, Open Approach", "0RQL3ZZ": "Repair Right Elbow Joint, Percutaneous Approach", "0RQL4ZZ": "Repair Right Elbow Joint, Percutaneous Endoscopic Approach", "0RQLXZZ": "Repair Right Elbow Joint, External Approach", "0RQM0ZZ": "Repair Left Elbow Joint, Open Approach", "0RQM3ZZ": "Repair Left Elbow Joint, Percutaneous Approach", "0RQM4ZZ": "Repair Left Elbow Joint, Percutaneous Endoscopic Approach", "0RQMXZZ": "Repair Left Elbow Joint, External Approach", "0RQN0ZZ": "Repair Right Wrist Joint, Open Approach", "0RQN3ZZ": "Repair Right Wrist Joint, Percutaneous Approach", "0RQN4ZZ": "Repair Right Wrist Joint, Percutaneous Endoscopic Approach", "0RQNXZZ": "Repair Right Wrist Joint, External Approach", "0RQP0ZZ": "Repair Left Wrist Joint, Open Approach", "0RQP3ZZ": "Repair Left Wrist Joint, Percutaneous Approach", "0RQP4ZZ": "Repair Left Wrist Joint, Percutaneous Endoscopic Approach", "0RQPXZZ": "Repair Left Wrist Joint, External Approach", "0RQQ0ZZ": "Repair Right Carpal Joint, Open Approach", "0RQQ3ZZ": "Repair Right Carpal Joint, Percutaneous Approach", "0RQQ4ZZ": "Repair Right Carpal Joint, Percutaneous Endoscopic Approach", "0RQQXZZ": "Repair Right Carpal Joint, External Approach", "0RQR0ZZ": "Repair Left Carpal Joint, Open Approach", "0RQR3ZZ": "Repair Left Carpal Joint, Percutaneous Approach", "0RQR4ZZ": "Repair Left Carpal Joint, Percutaneous Endoscopic Approach", "0RQRXZZ": "Repair Left Carpal Joint, External Approach", "0RQS0ZZ": "Repair Right Carpometacarpal Joint, Open Approach", "0RQS3ZZ": "Repair Right Carpometacarpal Joint, Percutaneous Approach", "0RQS4ZZ": "Repair Right Carpometacarpal Joint, Percutaneous Endoscopic Approach", "0RQSXZZ": "Repair Right Carpometacarpal Joint, External Approach", "0RQT0ZZ": "Repair Left Carpometacarpal Joint, Open Approach", "0RQT3ZZ": "Repair Left Carpometacarpal Joint, Percutaneous Approach", "0RQT4ZZ": "Repair Left Carpometacarpal Joint, Percutaneous Endoscopic Approach", "0RQTXZZ": "Repair Left Carpometacarpal Joint, External Approach", "0RQU0ZZ": "Repair Right Metacarpophalangeal Joint, Open Approach", "0RQU3ZZ": "Repair Right Metacarpophalangeal Joint, Percutaneous Approach", "0RQU4ZZ": "Repair Right Metacarpophalangeal Joint, Percutaneous Endoscopic Approach", "0RQUXZZ": "Repair Right Metacarpophalangeal Joint, External Approach", "0RQV0ZZ": "Repair Left Metacarpophalangeal Joint, Open Approach", "0RQV3ZZ": "Repair Left Metacarpophalangeal Joint, Percutaneous Approach", "0RQV4ZZ": "Repair Left Metacarpophalangeal Joint, Percutaneous Endoscopic Approach", "0RQVXZZ": "Repair Left Metacarpophalangeal Joint, External Approach", "0RQW0ZZ": "Repair Right Finger Phalangeal Joint, Open Approach", "0RQW3ZZ": "Repair Right Finger Phalangeal Joint, Percutaneous Approach", "0RQW4ZZ": "Repair Right Finger Phalangeal Joint, Percutaneous Endoscopic Approach", "0RQWXZZ": "Repair Right Finger Phalangeal Joint, External Approach", "0RQX0ZZ": "Repair Left Finger Phalangeal Joint, Open Approach", "0RQX3ZZ": "Repair Left Finger Phalangeal Joint, Percutaneous Approach", "0RQX4ZZ": "Repair Left Finger Phalangeal Joint, Percutaneous Endoscopic Approach", "0RQXXZZ": "Repair Left Finger Phalangeal Joint, External Approach"}