{"0RU": "Upper Joints, Supplement", "0RU007Z": "Supplement Occipital-cervical Joint with Autologous Tissue Substitute, Open Approach", "0RU00JZ": "Supplement Occipital-cervical Joint with Synthetic Substitute, Open Approach", "0RU00KZ": "Supplement Occipital-cervical Joint with Nonautologous Tissue Substitute, Open Approach", "0RU037Z": "Supplement Occipital-cervical Joint with Autologous Tissue Substitute, Percutaneous Approach", "0RU03JZ": "Supplement Occipital-cervical Joint with Synthetic Substitute, Percutaneous Approach", "0RU03KZ": "Supplement Occipital-cervical Joint with Nonautologous Tissue Substitute, Percutaneous Approach", "0RU047Z": "Supplement Occipital-cervical Joint with Autologous Tissue Substitute, Percutaneous Endoscopic Approach", "0RU04JZ": "Supplement Occipital-cervical Joint with Synthetic Substitute, Percutaneous Endoscopic Approach", "0RU04KZ": "Supplement Occipital-cervical Joint with Nonautologous Tissue Substitute, Percutaneous Endoscopic Approach", "0RU107Z": "Supplement Cervical Vertebral Joint with Autologous Tissue Substitute, Open Approach", "0RU10JZ": "Supplement Cervical Vertebral Joint with Synthetic Substitute, Open Approach", "0RU10KZ": "Supplement Cervical Vertebral Joint with Nonautologous Tissue Substitute, Open Approach", "0RU137Z": "Supplement Cervical Vertebral Joint with Autologous Tissue Substitute, Percutaneous Approach", "0RU13JZ": "Supplement Cervical Vertebral Joint with Synthetic Substitute, Percutaneous Approach", "0RU13KZ": "Supplement Cervical Vertebral Joint with Nonautologous Tissue Substitute, Percutaneous Approach", "0RU147Z": "Supplement Cervical Vertebral Joint with Autologous Tissue Substitute, Percutaneous Endoscopic Approach", "0RU14JZ": "Supplement Cervical Vertebral Joint with Synthetic Substitute, Percutaneous Endoscopic Approach", "0RU14KZ": "Supplement Cervical Vertebral Joint with Nonautologous Tissue Substitute, Percutaneous Endoscopic Approach", "0RU307Z": "Supplement Cervical Vertebral Disc with Autologous Tissue Substitute, Open Approach", "0RU30JZ": "Supplement Cervical Vertebral Disc with Synthetic Substitute, Open Approach", "0RU30KZ": "Supplement Cervical Vertebral Disc with Nonautologous Tissue Substitute, Open Approach", "0RU337Z": "Supplement Cervical Vertebral Disc with Autologous Tissue Substitute, Percutaneous Approach", "0RU33JZ": "Supplement Cervical Vertebral Disc with Synthetic Substitute, Percutaneous Approach", "0RU33KZ": "Supplement Cervical Vertebral Disc with Nonautologous Tissue Substitute, Percutaneous Approach", "0RU347Z": "Supplement Cervical Vertebral Disc with Autologous Tissue Substitute, Percutaneous Endoscopic Approach", "0RU34JZ": "Supplement Cervical Vertebral Disc with Synthetic Substitute, Percutaneous Endoscopic Approach", "0RU34KZ": "Supplement Cervical Vertebral Disc with Nonautologous Tissue Substitute, Percutaneous Endoscopic Approach", "0RU407Z": "Supplement Cervicothoracic Vertebral Joint with Autologous Tissue Substitute, Open Approach", "0RU40JZ": "Supplement Cervicothoracic Vertebral Joint with Synthetic Substitute, Open Approach", "0RU40KZ": "Supplement Cervicothoracic Vertebral Joint with Nonautologous Tissue Substitute, Open Approach", "0RU437Z": "Supplement Cervicothoracic Vertebral Joint with Autologous Tissue Substitute, Percutaneous Approach", "0RU43JZ": "Supplement Cervicothoracic Vertebral Joint with Synthetic Substitute, Percutaneous Approach", "0RU43KZ": "Supplement Cervicothoracic Vertebral Joint with Nonautologous Tissue Substitute, Percutaneous Approach", "0RU447Z": "Supplement Cervicothoracic Vertebral Joint with Autologous Tissue Substitute, Percutaneous Endoscopic Approach", "0RU44JZ": "Supplement Cervicothoracic Vertebral Joint with Synthetic Substitute, Percutaneous Endoscopic Approach", "0RU44KZ": "Supplement Cervicothoracic Vertebral Joint with Nonautologous Tissue Substitute, Percutaneous Endoscopic Approach", "0RU507Z": "Supplement Cervicothoracic Vertebral Disc with Autologous Tissue Substitute, Open Approach", "0RU50JZ": "Supplement Cervicothoracic Vertebral Disc with Synthetic Substitute, Open Approach", "0RU50KZ": "Supplement Cervicothoracic Vertebral Disc with Nonautologous Tissue Substitute, Open Approach", "0RU537Z": "Supplement Cervicothoracic Vertebral Disc with Autologous Tissue Substitute, Percutaneous Approach", "0RU53JZ": "Supplement Cervicothoracic Vertebral Disc with Synthetic Substitute, Percutaneous Approach", "0RU53KZ": "Supplement Cervicothoracic Vertebral Disc with Nonautologous Tissue Substitute, Percutaneous Approach", "0RU547Z": "Supplement Cervicothoracic Vertebral Disc with Autologous Tissue Substitute, Percutaneous Endoscopic Approach", "0RU54JZ": "Supplement Cervicothoracic Vertebral Disc with Synthetic Substitute, Percutaneous Endoscopic Approach", "0RU54KZ": "Supplement Cervicothoracic Vertebral Disc with Nonautologous Tissue Substitute, Percutaneous Endoscopic Approach", "0RU607Z": "Supplement Thoracic Vertebral Joint with Autologous Tissue Substitute, Open Approach", "0RU60JZ": "Supplement Thoracic Vertebral Joint with Synthetic Substitute, Open Approach", "0RU60KZ": "Supplement Thoracic Vertebral Joint with Nonautologous Tissue Substitute, Open Approach", "0RU637Z": "Supplement Thoracic Vertebral Joint with Autologous Tissue Substitute, Percutaneous Approach", "0RU63JZ": "Supplement Thoracic Vertebral Joint with Synthetic Substitute, Percutaneous Approach", "0RU63KZ": "Supplement Thoracic Vertebral Joint with Nonautologous Tissue Substitute, Percutaneous Approach", "0RU647Z": "Supplement Thoracic Vertebral Joint with Autologous Tissue Substitute, Percutaneous Endoscopic Approach", "0RU64JZ": "Supplement Thoracic Vertebral Joint with Synthetic Substitute, Percutaneous Endoscopic Approach", "0RU64KZ": "Supplement Thoracic Vertebral Joint with Nonautologous Tissue Substitute, Percutaneous Endoscopic Approach", "0RU907Z": "Supplement Thoracic Vertebral Disc with Autologous Tissue Substitute, Open Approach", "0RU90JZ": "Supplement Thoracic Vertebral Disc with Synthetic Substitute, Open Approach", "0RU90KZ": "Supplement Thoracic Vertebral Disc with Nonautologous Tissue Substitute, Open Approach", "0RU937Z": "Supplement Thoracic Vertebral Disc with Autologous Tissue Substitute, Percutaneous Approach", "0RU93JZ": "Supplement Thoracic Vertebral Disc with Synthetic Substitute, Percutaneous Approach", "0RU93KZ": "Supplement Thoracic Vertebral Disc with Nonautologous Tissue Substitute, Percutaneous Approach", "0RU947Z": "Supplement Thoracic Vertebral Disc with Autologous Tissue Substitute, Percutaneous Endoscopic Approach", "0RU94JZ": "Supplement Thoracic Vertebral Disc with Synthetic Substitute, Percutaneous Endoscopic Approach", "0RU94KZ": "Supplement Thoracic Vertebral Disc with Nonautologous Tissue Substitute, Percutaneous Endoscopic Approach", "0RUA07Z": "Supplement Thoracolumbar Vertebral Joint with Autologous Tissue Substitute, Open Approach", "0RUA0JZ": "Supplement Thoracolumbar Vertebral Joint with Synthetic Substitute, Open Approach", "0RUA0KZ": "Supplement Thoracolumbar Vertebral Joint with Nonautologous Tissue Substitute, Open Approach", "0RUA37Z": "Supplement Thoracolumbar Vertebral Joint with Autologous Tissue Substitute, Percutaneous Approach", "0RUA3JZ": "Supplement Thoracolumbar Vertebral Joint with Synthetic Substitute, Percutaneous Approach", "0RUA3KZ": "Supplement Thoracolumbar Vertebral Joint with Nonautologous Tissue Substitute, Percutaneous Approach", "0RUA47Z": "Supplement Thoracolumbar Vertebral Joint with Autologous Tissue Substitute, Percutaneous Endoscopic Approach", "0RUA4JZ": "Supplement Thoracolumbar Vertebral Joint with Synthetic Substitute, Percutaneous Endoscopic Approach", "0RUA4KZ": "Supplement Thoracolumbar Vertebral Joint with Nonautologous Tissue Substitute, Percutaneous Endoscopic Approach", "0RUB07Z": "Supplement Thoracolumbar Vertebral Disc with Autologous Tissue Substitute, Open Approach", "0RUB0JZ": "Supplement Thoracolumbar Vertebral Disc with Synthetic Substitute, Open Approach", "0RUB0KZ": "Supplement Thoracolumbar Vertebral Disc with Nonautologous Tissue Substitute, Open Approach", "0RUB37Z": "Supplement Thoracolumbar Vertebral Disc with Autologous Tissue Substitute, Percutaneous Approach", "0RUB3JZ": "Supplement Thoracolumbar Vertebral Disc with Synthetic Substitute, Percutaneous Approach", "0RUB3KZ": "Supplement Thoracolumbar Vertebral Disc with Nonautologous Tissue Substitute, Percutaneous Approach", "0RUB47Z": "Supplement Thoracolumbar Vertebral Disc with Autologous Tissue Substitute, Percutaneous Endoscopic Approach", "0RUB4JZ": "Supplement Thoracolumbar Vertebral Disc with Synthetic Substitute, Percutaneous Endoscopic Approach", "0RUB4KZ": "Supplement Thoracolumbar Vertebral Disc with Nonautologous Tissue Substitute, Percutaneous Endoscopic Approach", "0RUC07Z": "Supplement Right Temporomandibular Joint with Autologous Tissue Substitute, Open Approach", "0RUC0JZ": "Supplement Right Temporomandibular Joint with Synthetic Substitute, Open Approach", "0RUC0KZ": "Supplement Right Temporomandibular Joint with Nonautologous Tissue Substitute, Open Approach", "0RUC37Z": "Supplement Right Temporomandibular Joint with Autologous Tissue Substitute, Percutaneous Approach", "0RUC3JZ": "Supplement Right Temporomandibular Joint with Synthetic Substitute, Percutaneous Approach", "0RUC3KZ": "Supplement Right Temporomandibular Joint with Nonautologous Tissue Substitute, Percutaneous Approach", "0RUC47Z": "Supplement Right Temporomandibular Joint with Autologous Tissue Substitute, Percutaneous Endoscopic Approach", "0RUC4JZ": "Supplement Right Temporomandibular Joint with Synthetic Substitute, Percutaneous Endoscopic Approach", "0RUC4KZ": "Supplement Right Temporomandibular Joint with Nonautologous Tissue Substitute, Percutaneous Endoscopic Approach", "0RUD07Z": "Supplement Left Temporomandibular Joint with Autologous Tissue Substitute, Open Approach", "0RUD0JZ": "Supplement Left Temporomandibular Joint with Synthetic Substitute, Open Approach", "0RUD0KZ": "Supplement Left Temporomandibular Joint with Nonautologous Tissue Substitute, Open Approach", "0RUD37Z": "Supplement Left Temporomandibular Joint with Autologous Tissue Substitute, Percutaneous Approach", "0RUD3JZ": "Supplement Left Temporomandibular Joint with Synthetic Substitute, Percutaneous Approach", "0RUD3KZ": "Supplement Left Temporomandibular Joint with Nonautologous Tissue Substitute, Percutaneous Approach", "0RUD47Z": "Supplement Left Temporomandibular Joint with Autologous Tissue Substitute, Percutaneous Endoscopic Approach", "0RUD4JZ": "Supplement Left Temporomandibular Joint with Synthetic Substitute, Percutaneous Endoscopic Approach", "0RUD4KZ": "Supplement Left Temporomandibular Joint with Nonautologous Tissue Substitute, Percutaneous Endoscopic Approach", "0RUE07Z": "Supplement Right Sternoclavicular Joint with Autologous Tissue Substitute, Open Approach", "0RUE0JZ": "Supplement Right Sternoclavicular Joint with Synthetic Substitute, Open Approach", "0RUE0KZ": "Supplement Right Sternoclavicular Joint with Nonautologous Tissue Substitute, Open Approach", "0RUE37Z": "Supplement Right Sternoclavicular Joint with Autologous Tissue Substitute, Percutaneous Approach", "0RUE3JZ": "Supplement Right Sternoclavicular Joint with Synthetic Substitute, Percutaneous Approach", "0RUE3KZ": "Supplement Right Sternoclavicular Joint with Nonautologous Tissue Substitute, Percutaneous Approach", "0RUE47Z": "Supplement Right Sternoclavicular Joint with Autologous Tissue Substitute, Percutaneous Endoscopic Approach", "0RUE4JZ": "Supplement Right Sternoclavicular Joint with Synthetic Substitute, Percutaneous Endoscopic Approach", "0RUE4KZ": "Supplement Right Sternoclavicular Joint with Nonautologous Tissue Substitute, Percutaneous Endoscopic Approach", "0RUF07Z": "Supplement Left Sternoclavicular Joint with Autologous Tissue Substitute, Open Approach", "0RUF0JZ": "Supplement Left Sternoclavicular Joint with Synthetic Substitute, Open Approach", "0RUF0KZ": "Supplement Left Sternoclavicular Joint with Nonautologous Tissue Substitute, Open Approach", "0RUF37Z": "Supplement Left Sternoclavicular Joint with Autologous Tissue Substitute, Percutaneous Approach", "0RUF3JZ": "Supplement Left Sternoclavicular Joint with Synthetic Substitute, Percutaneous Approach", "0RUF3KZ": "Supplement Left Sternoclavicular Joint with Nonautologous Tissue Substitute, Percutaneous Approach", "0RUF47Z": "Supplement Left Sternoclavicular Joint with Autologous Tissue Substitute, Percutaneous Endoscopic Approach", "0RUF4JZ": "Supplement Left Sternoclavicular Joint with Synthetic Substitute, Percutaneous Endoscopic Approach", "0RUF4KZ": "Supplement Left Sternoclavicular Joint with Nonautologous Tissue Substitute, Percutaneous Endoscopic Approach", "0RUG07Z": "Supplement Right Acromioclavicular Joint with Autologous Tissue Substitute, Open Approach", "0RUG0JZ": "Supplement Right Acromioclavicular Joint with Synthetic Substitute, Open Approach", "0RUG0KZ": "Supplement Right Acromioclavicular Joint with Nonautologous Tissue Substitute, Open Approach", "0RUG37Z": "Supplement Right Acromioclavicular Joint with Autologous Tissue Substitute, Percutaneous Approach", "0RUG3JZ": "Supplement Right Acromioclavicular Joint with Synthetic Substitute, Percutaneous Approach", "0RUG3KZ": "Supplement Right Acromioclavicular Joint with Nonautologous Tissue Substitute, Percutaneous Approach", "0RUG47Z": "Supplement Right Acromioclavicular Joint with Autologous Tissue Substitute, Percutaneous Endoscopic Approach", "0RUG4JZ": "Supplement Right Acromioclavicular Joint with Synthetic Substitute, Percutaneous Endoscopic Approach", "0RUG4KZ": "Supplement Right Acromioclavicular Joint with Nonautologous Tissue Substitute, Percutaneous Endoscopic Approach", "0RUH07Z": "Supplement Left Acromioclavicular Joint with Autologous Tissue Substitute, Open Approach", "0RUH0JZ": "Supplement Left Acromioclavicular Joint with Synthetic Substitute, Open Approach", "0RUH0KZ": "Supplement Left Acromioclavicular Joint with Nonautologous Tissue Substitute, Open Approach", "0RUH37Z": "Supplement Left Acromioclavicular Joint with Autologous Tissue Substitute, Percutaneous Approach", "0RUH3JZ": "Supplement Left Acromioclavicular Joint with Synthetic Substitute, Percutaneous Approach", "0RUH3KZ": "Supplement Left Acromioclavicular Joint with Nonautologous Tissue Substitute, Percutaneous Approach", "0RUH47Z": "Supplement Left Acromioclavicular Joint with Autologous Tissue Substitute, Percutaneous Endoscopic Approach", "0RUH4JZ": "Supplement Left Acromioclavicular Joint with Synthetic Substitute, Percutaneous Endoscopic Approach", "0RUH4KZ": "Supplement Left Acromioclavicular Joint with Nonautologous Tissue Substitute, Percutaneous Endoscopic Approach", "0RUJ07Z": "Supplement Right Shoulder Joint with Autologous Tissue Substitute, Open Approach", "0RUJ0JZ": "Supplement Right Shoulder Joint with Synthetic Substitute, Open Approach", "0RUJ0KZ": "Supplement Right Shoulder Joint with Nonautologous Tissue Substitute, Open Approach", "0RUJ37Z": "Supplement Right Shoulder Joint with Autologous Tissue Substitute, Percutaneous Approach", "0RUJ3JZ": "Supplement Right Shoulder Joint with Synthetic Substitute, Percutaneous Approach", "0RUJ3KZ": "Supplement Right Shoulder Joint with Nonautologous Tissue Substitute, Percutaneous Approach", "0RUJ47Z": "Supplement Right Shoulder Joint with Autologous Tissue Substitute, Percutaneous Endoscopic Approach", "0RUJ4JZ": "Supplement Right Shoulder Joint with Synthetic Substitute, Percutaneous Endoscopic Approach", "0RUJ4KZ": "Supplement Right Shoulder Joint with Nonautologous Tissue Substitute, Percutaneous Endoscopic Approach", "0RUK07Z": "Supplement Left Shoulder Joint with Autologous Tissue Substitute, Open Approach", "0RUK0JZ": "Supplement Left Shoulder Joint with Synthetic Substitute, Open Approach", "0RUK0KZ": "Supplement Left Shoulder Joint with Nonautologous Tissue Substitute, Open Approach", "0RUK37Z": "Supplement Left Shoulder Joint with Autologous Tissue Substitute, Percutaneous Approach", "0RUK3JZ": "Supplement Left Shoulder Joint with Synthetic Substitute, Percutaneous Approach", "0RUK3KZ": "Supplement Left Shoulder Joint with Nonautologous Tissue Substitute, Percutaneous Approach", "0RUK47Z": "Supplement Left Shoulder Joint with Autologous Tissue Substitute, Percutaneous Endoscopic Approach", "0RUK4JZ": "Supplement Left Shoulder Joint with Synthetic Substitute, Percutaneous Endoscopic Approach", "0RUK4KZ": "Supplement Left Shoulder Joint with Nonautologous Tissue Substitute, Percutaneous Endoscopic Approach", "0RUL07Z": "Supplement Right Elbow Joint with Autologous Tissue Substitute, Open Approach", "0RUL0JZ": "Supplement Right Elbow Joint with Synthetic Substitute, Open Approach", "0RUL0KZ": "Supplement Right Elbow Joint with Nonautologous Tissue Substitute, Open Approach", "0RUL37Z": "Supplement Right Elbow Joint with Autologous Tissue Substitute, Percutaneous Approach", "0RUL3JZ": "Supplement Right Elbow Joint with Synthetic Substitute, Percutaneous Approach", "0RUL3KZ": "Supplement Right Elbow Joint with Nonautologous Tissue Substitute, Percutaneous Approach", "0RUL47Z": "Supplement Right Elbow Joint with Autologous Tissue Substitute, Percutaneous Endoscopic Approach", "0RUL4JZ": "Supplement Right Elbow Joint with Synthetic Substitute, Percutaneous Endoscopic Approach", "0RUL4KZ": "Supplement Right Elbow Joint with Nonautologous Tissue Substitute, Percutaneous Endoscopic Approach", "0RUM07Z": "Supplement Left Elbow Joint with Autologous Tissue Substitute, Open Approach", "0RUM0JZ": "Supplement Left Elbow Joint with Synthetic Substitute, Open Approach", "0RUM0KZ": "Supplement Left Elbow Joint with Nonautologous Tissue Substitute, Open Approach", "0RUM37Z": "Supplement Left Elbow Joint with Autologous Tissue Substitute, Percutaneous Approach", "0RUM3JZ": "Supplement Left Elbow Joint with Synthetic Substitute, Percutaneous Approach", "0RUM3KZ": "Supplement Left Elbow Joint with Nonautologous Tissue Substitute, Percutaneous Approach", "0RUM47Z": "Supplement Left Elbow Joint with Autologous Tissue Substitute, Percutaneous Endoscopic Approach", "0RUM4JZ": "Supplement Left Elbow Joint with Synthetic Substitute, Percutaneous Endoscopic Approach", "0RUM4KZ": "Supplement Left Elbow Joint with Nonautologous Tissue Substitute, Percutaneous Endoscopic Approach", "0RUN07Z": "Supplement Right Wrist Joint with Autologous Tissue Substitute, Open Approach", "0RUN0JZ": "Supplement Right Wrist Joint with Synthetic Substitute, Open Approach", "0RUN0KZ": "Supplement Right Wrist Joint with Nonautologous Tissue Substitute, Open Approach", "0RUN37Z": "Supplement Right Wrist Joint with Autologous Tissue Substitute, Percutaneous Approach", "0RUN3JZ": "Supplement Right Wrist Joint with Synthetic Substitute, Percutaneous Approach", "0RUN3KZ": "Supplement Right Wrist Joint with Nonautologous Tissue Substitute, Percutaneous Approach", "0RUN47Z": "Supplement Right Wrist Joint with Autologous Tissue Substitute, Percutaneous Endoscopic Approach", "0RUN4JZ": "Supplement Right Wrist Joint with Synthetic Substitute, Percutaneous Endoscopic Approach", "0RUN4KZ": "Supplement Right Wrist Joint with Nonautologous Tissue Substitute, Percutaneous Endoscopic Approach", "0RUP07Z": "Supplement Left Wrist Joint with Autologous Tissue Substitute, Open Approach", "0RUP0JZ": "Supplement Left Wrist Joint with Synthetic Substitute, Open Approach", "0RUP0KZ": "Supplement Left Wrist Joint with Nonautologous Tissue Substitute, Open Approach", "0RUP37Z": "Supplement Left Wrist Joint with Autologous Tissue Substitute, Percutaneous Approach", "0RUP3JZ": "Supplement Left Wrist Joint with Synthetic Substitute, Percutaneous Approach", "0RUP3KZ": "Supplement Left Wrist Joint with Nonautologous Tissue Substitute, Percutaneous Approach", "0RUP47Z": "Supplement Left Wrist Joint with Autologous Tissue Substitute, Percutaneous Endoscopic Approach", "0RUP4JZ": "Supplement Left Wrist Joint with Synthetic Substitute, Percutaneous Endoscopic Approach", "0RUP4KZ": "Supplement Left Wrist Joint with Nonautologous Tissue Substitute, Percutaneous Endoscopic Approach", "0RUQ07Z": "Supplement Right Carpal Joint with Autologous Tissue Substitute, Open Approach", "0RUQ0JZ": "Supplement Right Carpal Joint with Synthetic Substitute, Open Approach", "0RUQ0KZ": "Supplement Right Carpal Joint with Nonautologous Tissue Substitute, Open Approach", "0RUQ37Z": "Supplement Right Carpal Joint with Autologous Tissue Substitute, Percutaneous Approach", "0RUQ3JZ": "Supplement Right Carpal Joint with Synthetic Substitute, Percutaneous Approach", "0RUQ3KZ": "Supplement Right Carpal Joint with Nonautologous Tissue Substitute, Percutaneous Approach", "0RUQ47Z": "Supplement Right Carpal Joint with Autologous Tissue Substitute, Percutaneous Endoscopic Approach", "0RUQ4JZ": "Supplement Right Carpal Joint with Synthetic Substitute, Percutaneous Endoscopic Approach", "0RUQ4KZ": "Supplement Right Carpal Joint with Nonautologous Tissue Substitute, Percutaneous Endoscopic Approach", "0RUR07Z": "Supplement Left Carpal Joint with Autologous Tissue Substitute, Open Approach", "0RUR0JZ": "Supplement Left Carpal Joint with Synthetic Substitute, Open Approach", "0RUR0KZ": "Supplement Left Carpal Joint with Nonautologous Tissue Substitute, Open Approach", "0RUR37Z": "Supplement Left Carpal Joint with Autologous Tissue Substitute, Percutaneous Approach", "0RUR3JZ": "Supplement Left Carpal Joint with Synthetic Substitute, Percutaneous Approach", "0RUR3KZ": "Supplement Left Carpal Joint with Nonautologous Tissue Substitute, Percutaneous Approach", "0RUR47Z": "Supplement Left Carpal Joint with Autologous Tissue Substitute, Percutaneous Endoscopic Approach", "0RUR4JZ": "Supplement Left Carpal Joint with Synthetic Substitute, Percutaneous Endoscopic Approach", "0RUR4KZ": "Supplement Left Carpal Joint with Nonautologous Tissue Substitute, Percutaneous Endoscopic Approach", "0RUS07Z": "Supplement Right Carpometacarpal Joint with Autologous Tissue Substitute, Open Approach", "0RUS0JZ": "Supplement Right Carpometacarpal Joint with Synthetic Substitute, Open Approach", "0RUS0KZ": "Supplement Right Carpometacarpal Joint with Nonautologous Tissue Substitute, Open Approach", "0RUS37Z": "Supplement Right Carpometacarpal Joint with Autologous Tissue Substitute, Percutaneous Approach", "0RUS3JZ": "Supplement Right Carpometacarpal Joint with Synthetic Substitute, Percutaneous Approach", "0RUS3KZ": "Supplement Right Carpometacarpal Joint with Nonautologous Tissue Substitute, Percutaneous Approach", "0RUS47Z": "Supplement Right Carpometacarpal Joint with Autologous Tissue Substitute, Percutaneous Endoscopic Approach", "0RUS4JZ": "Supplement Right Carpometacarpal Joint with Synthetic Substitute, Percutaneous Endoscopic Approach", "0RUS4KZ": "Supplement Right Carpometacarpal Joint with Nonautologous Tissue Substitute, Percutaneous Endoscopic Approach", "0RUT07Z": "Supplement Left Carpometacarpal Joint with Autologous Tissue Substitute, Open Approach", "0RUT0JZ": "Supplement Left Carpometacarpal Joint with Synthetic Substitute, Open Approach", "0RUT0KZ": "Supplement Left Carpometacarpal Joint with Nonautologous Tissue Substitute, Open Approach", "0RUT37Z": "Supplement Left Carpometacarpal Joint with Autologous Tissue Substitute, Percutaneous Approach", "0RUT3JZ": "Supplement Left Carpometacarpal Joint with Synthetic Substitute, Percutaneous Approach", "0RUT3KZ": "Supplement Left Carpometacarpal Joint with Nonautologous Tissue Substitute, Percutaneous Approach", "0RUT47Z": "Supplement Left Carpometacarpal Joint with Autologous Tissue Substitute, Percutaneous Endoscopic Approach", "0RUT4JZ": "Supplement Left Carpometacarpal Joint with Synthetic Substitute, Percutaneous Endoscopic Approach", "0RUT4KZ": "Supplement Left Carpometacarpal Joint with Nonautologous Tissue Substitute, Percutaneous Endoscopic Approach", "0RUU07Z": "Supplement Right Metacarpophalangeal Joint with Autologous Tissue Substitute, Open Approach", "0RUU0JZ": "Supplement Right Metacarpophalangeal Joint with Synthetic Substitute, Open Approach", "0RUU0KZ": "Supplement Right Metacarpophalangeal Joint with Nonautologous Tissue Substitute, Open Approach", "0RUU37Z": "Supplement Right Metacarpophalangeal Joint with Autologous Tissue Substitute, Percutaneous Approach", "0RUU3JZ": "Supplement Right Metacarpophalangeal Joint with Synthetic Substitute, Percutaneous Approach", "0RUU3KZ": "Supplement Right Metacarpophalangeal Joint with Nonautologous Tissue Substitute, Percutaneous Approach", "0RUU47Z": "Supplement Right Metacarpophalangeal Joint with Autologous Tissue Substitute, Percutaneous Endoscopic Approach", "0RUU4JZ": "Supplement Right Metacarpophalangeal Joint with Synthetic Substitute, Percutaneous Endoscopic Approach", "0RUU4KZ": "Supplement Right Metacarpophalangeal Joint with Nonautologous Tissue Substitute, Percutaneous Endoscopic Approach", "0RUV07Z": "Supplement Left Metacarpophalangeal Joint with Autologous Tissue Substitute, Open Approach", "0RUV0JZ": "Supplement Left Metacarpophalangeal Joint with Synthetic Substitute, Open Approach", "0RUV0KZ": "Supplement Left Metacarpophalangeal Joint with Nonautologous Tissue Substitute, Open Approach", "0RUV37Z": "Supplement Left Metacarpophalangeal Joint with Autologous Tissue Substitute, Percutaneous Approach", "0RUV3JZ": "Supplement Left Metacarpophalangeal Joint with Synthetic Substitute, Percutaneous Approach", "0RUV3KZ": "Supplement Left Metacarpophalangeal Joint with Nonautologous Tissue Substitute, Percutaneous Approach", "0RUV47Z": "Supplement Left Metacarpophalangeal Joint with Autologous Tissue Substitute, Percutaneous Endoscopic Approach", "0RUV4JZ": "Supplement Left Metacarpophalangeal Joint with Synthetic Substitute, Percutaneous Endoscopic Approach", "0RUV4KZ": "Supplement Left Metacarpophalangeal Joint with Nonautologous Tissue Substitute, Percutaneous Endoscopic Approach", "0RUW07Z": "Supplement Right Finger Phalangeal Joint with Autologous Tissue Substitute, Open Approach", "0RUW0JZ": "Supplement Right Finger Phalangeal Joint with Synthetic Substitute, Open Approach", "0RUW0KZ": "Supplement Right Finger Phalangeal Joint with Nonautologous Tissue Substitute, Open Approach", "0RUW37Z": "Supplement Right Finger Phalangeal Joint with Autologous Tissue Substitute, Percutaneous Approach", "0RUW3JZ": "Supplement Right Finger Phalangeal Joint with Synthetic Substitute, Percutaneous Approach", "0RUW3KZ": "Supplement Right Finger Phalangeal Joint with Nonautologous Tissue Substitute, Percutaneous Approach", "0RUW47Z": "Supplement Right Finger Phalangeal Joint with Autologous Tissue Substitute, Percutaneous Endoscopic Approach", "0RUW4JZ": "Supplement Right Finger Phalangeal Joint with Synthetic Substitute, Percutaneous Endoscopic Approach", "0RUW4KZ": "Supplement Right Finger Phalangeal Joint with Nonautologous Tissue Substitute, Percutaneous Endoscopic Approach", "0RUX07Z": "Supplement Left Finger Phalangeal Joint with Autologous Tissue Substitute, Open Approach", "0RUX0JZ": "Supplement Left Finger Phalangeal Joint with Synthetic Substitute, Open Approach", "0RUX0KZ": "Supplement Left Finger Phalangeal Joint with Nonautologous Tissue Substitute, Open Approach", "0RUX37Z": "Supplement Left Finger Phalangeal Joint with Autologous Tissue Substitute, Percutaneous Approach", "0RUX3JZ": "Supplement Left Finger Phalangeal Joint with Synthetic Substitute, Percutaneous Approach", "0RUX3KZ": "Supplement Left Finger Phalangeal Joint with Nonautologous Tissue Substitute, Percutaneous Approach", "0RUX47Z": "Supplement Left Finger Phalangeal Joint with Autologous Tissue Substitute, Percutaneous Endoscopic Approach", "0RUX4JZ": "Supplement Left Finger Phalangeal Joint with Synthetic Substitute, Percutaneous Endoscopic Approach", "0RUX4KZ": "Supplement Left Finger Phalangeal Joint with Nonautologous Tissue Substitute, Percutaneous Endoscopic Approach"}