{"0RW": "Upper Joints, Revision", "0RW000Z": "Revision of Drainage Device in Occipital-cervical Joint, Open Approach", "0RW003Z": "Revision of Infusion Device in Occipital-cervical Joint, Open Approach", "0RW004Z": "Revision of Internal Fixation Device in Occipital-cervical Joint, Open Approach", "0RW007Z": "Revision of Autologous Tissue Substitute in Occipital-cervical Joint, Open Approach", "0RW008Z": "Revision of Spacer in Occipital-cervical Joint, Open Approach", "0RW00AZ": "Revision of Interbody Fusion Device in Occipital-cervical Joint, Open Approach", "0RW00JZ": "Revision of Synthetic Substitute in Occipital-cervical Joint, Open Approach", "0RW00KZ": "Revision of Nonautologous Tissue Substitute in Occipital-cervical Joint, Open Approach", "0RW030Z": "Revision of Drainage Device in Occipital-cervical Joint, Percutaneous Approach", "0RW033Z": "Revision of Infusion Device in Occipital-cervical Joint, Percutaneous Approach", "0RW034Z": "Revision of Internal Fixation Device in Occipital-cervical Joint, Percutaneous Approach", "0RW037Z": "Revision of Autologous Tissue Substitute in Occipital-cervical Joint, Percutaneous Approach", "0RW038Z": "Revision of Spacer in Occipital-cervical Joint, Percutaneous Approach", "0RW03AZ": "Revision of Interbody Fusion Device in Occipital-cervical Joint, Percutaneous Approach", "0RW03JZ": "Revision of Synthetic Substitute in Occipital-cervical Joint, Percutaneous Approach", "0RW03KZ": "Revision of Nonautologous Tissue Substitute in Occipital-cervical Joint, Percutaneous Approach", "0RW040Z": "Revision of Drainage Device in Occipital-cervical Joint, Percutaneous Endoscopic Approach", "0RW043Z": "Revision of Infusion Device in Occipital-cervical Joint, Percutaneous Endoscopic Approach", "0RW044Z": "Revision of Internal Fixation Device in Occipital-cervical Joint, Percutaneous Endoscopic Approach", "0RW047Z": "Revision of Autologous Tissue Substitute in Occipital-cervical Joint, Percutaneous Endoscopic Approach", "0RW048Z": "Revision of Spacer in Occipital-cervical Joint, Percutaneous Endoscopic Approach", "0RW04AZ": "Revision of Interbody Fusion Device in Occipital-cervical Joint, Percutaneous Endoscopic Approach", "0RW04JZ": "Revision of Synthetic Substitute in Occipital-cervical Joint, Percutaneous Endoscopic Approach", "0RW04KZ": "Revision of Nonautologous Tissue Substitute in Occipital-cervical Joint, Percutaneous Endoscopic Approach", "0RW0X0Z": "Revision of Drainage Device in Occipital-cervical Joint, External Approach", "0RW0X3Z": "Revision of Infusion Device in Occipital-cervical Joint, External Approach", "0RW0X4Z": "Revision of Internal Fixation Device in Occipital-cervical Joint, External Approach", "0RW0X7Z": "Revision of Autologous Tissue Substitute in Occipital-cervical Joint, External Approach", "0RW0X8Z": "Revision of Spacer in Occipital-cervical Joint, External Approach", "0RW0XAZ": "Revision of Interbody Fusion Device in Occipital-cervical Joint, External Approach", "0RW0XJZ": "Revision of Synthetic Substitute in Occipital-cervical Joint, External Approach", "0RW0XKZ": "Revision of Nonautologous Tissue Substitute in Occipital-cervical Joint, External Approach", "0RW100Z": "Revision of Drainage Device in Cervical Vertebral Joint, Open Approach", "0RW103Z": "Revision of Infusion Device in Cervical Vertebral Joint, Open Approach", "0RW104Z": "Revision of Internal Fixation Device in Cervical Vertebral Joint, Open Approach", "0RW107Z": "Revision of Autologous Tissue Substitute in Cervical Vertebral Joint, Open Approach", "0RW108Z": "Revision of Spacer in Cervical Vertebral Joint, Open Approach", "0RW10AZ": "Revision of Interbody Fusion Device in Cervical Vertebral Joint, Open Approach", "0RW10JZ": "Revision of Synthetic Substitute in Cervical Vertebral Joint, Open Approach", "0RW10KZ": "Revision of Nonautologous Tissue Substitute in Cervical Vertebral Joint, Open Approach", "0RW130Z": "Revision of Drainage Device in Cervical Vertebral Joint, Percutaneous Approach", "0RW133Z": "Revision of Infusion Device in Cervical Vertebral Joint, Percutaneous Approach", "0RW134Z": "Revision of Internal Fixation Device in Cervical Vertebral Joint, Percutaneous Approach", "0RW137Z": "Revision of Autologous Tissue Substitute in Cervical Vertebral Joint, Percutaneous Approach", "0RW138Z": "Revision of Spacer in Cervical Vertebral Joint, Percutaneous Approach", "0RW13AZ": "Revision of Interbody Fusion Device in Cervical Vertebral Joint, Percutaneous Approach", "0RW13JZ": "Revision of Synthetic Substitute in Cervical Vertebral Joint, Percutaneous Approach", "0RW13KZ": "Revision of Nonautologous Tissue Substitute in Cervical Vertebral Joint, Percutaneous Approach", "0RW140Z": "Revision of Drainage Device in Cervical Vertebral Joint, Percutaneous Endoscopic Approach", "0RW143Z": "Revision of Infusion Device in Cervical Vertebral Joint, Percutaneous Endoscopic Approach", "0RW144Z": "Revision of Internal Fixation Device in Cervical Vertebral Joint, Percutaneous Endoscopic Approach", "0RW147Z": "Revision of Autologous Tissue Substitute in Cervical Vertebral Joint, Percutaneous Endoscopic Approach", "0RW148Z": "Revision of Spacer in Cervical Vertebral Joint, Percutaneous Endoscopic Approach", "0RW14AZ": "Revision of Interbody Fusion Device in Cervical Vertebral Joint, Percutaneous Endoscopic Approach", "0RW14JZ": "Revision of Synthetic Substitute in Cervical Vertebral Joint, Percutaneous Endoscopic Approach", "0RW14KZ": "Revision of Nonautologous Tissue Substitute in Cervical Vertebral Joint, Percutaneous Endoscopic Approach", "0RW1X0Z": "Revision of Drainage Device in Cervical Vertebral Joint, External Approach", "0RW1X3Z": "Revision of Infusion Device in Cervical Vertebral Joint, External Approach", "0RW1X4Z": "Revision of Internal Fixation Device in Cervical Vertebral Joint, External Approach", "0RW1X7Z": "Revision of Autologous Tissue Substitute in Cervical Vertebral Joint, External Approach", "0RW1X8Z": "Revision of Spacer in Cervical Vertebral Joint, External Approach", "0RW1XAZ": "Revision of Interbody Fusion Device in Cervical Vertebral Joint, External Approach", "0RW1XJZ": "Revision of Synthetic Substitute in Cervical Vertebral Joint, External Approach", "0RW1XKZ": "Revision of Nonautologous Tissue Substitute in Cervical Vertebral Joint, External Approach", "0RW300Z": "Revision of Drainage Device in Cervical Vertebral Disc, Open Approach", "0RW303Z": "Revision of Infusion Device in Cervical Vertebral Disc, Open Approach", "0RW307Z": "Revision of Autologous Tissue Substitute in Cervical Vertebral Disc, Open Approach", "0RW30JZ": "Revision of Synthetic Substitute in Cervical Vertebral Disc, Open Approach", "0RW30KZ": "Revision of Nonautologous Tissue Substitute in Cervical Vertebral Disc, Open Approach", "0RW330Z": "Revision of Drainage Device in Cervical Vertebral Disc, Percutaneous Approach", "0RW333Z": "Revision of Infusion Device in Cervical Vertebral Disc, Percutaneous Approach", "0RW337Z": "Revision of Autologous Tissue Substitute in Cervical Vertebral Disc, Percutaneous Approach", "0RW33JZ": "Revision of Synthetic Substitute in Cervical Vertebral Disc, Percutaneous Approach", "0RW33KZ": "Revision of Nonautologous Tissue Substitute in Cervical Vertebral Disc, Percutaneous Approach", "0RW340Z": "Revision of Drainage Device in Cervical Vertebral Disc, Percutaneous Endoscopic Approach", "0RW343Z": "Revision of Infusion Device in Cervical Vertebral Disc, Percutaneous Endoscopic Approach", "0RW347Z": "Revision of Autologous Tissue Substitute in Cervical Vertebral Disc, Percutaneous Endoscopic Approach", "0RW34JZ": "Revision of Synthetic Substitute in Cervical Vertebral Disc, Percutaneous Endoscopic Approach", "0RW34KZ": "Revision of Nonautologous Tissue Substitute in Cervical Vertebral Disc, Percutaneous Endoscopic Approach", "0RW3X0Z": "Revision of Drainage Device in Cervical Vertebral Disc, External Approach", "0RW3X3Z": "Revision of Infusion Device in Cervical Vertebral Disc, External Approach", "0RW3X7Z": "Revision of Autologous Tissue Substitute in Cervical Vertebral Disc, External Approach", "0RW3XJZ": "Revision of Synthetic Substitute in Cervical Vertebral Disc, External Approach", "0RW3XKZ": "Revision of Nonautologous Tissue Substitute in Cervical Vertebral Disc, External Approach", "0RW400Z": "Revision of Drainage Device in Cervicothoracic Vertebral Joint, Open Approach", "0RW403Z": "Revision of Infusion Device in Cervicothoracic Vertebral Joint, Open Approach", "0RW404Z": "Revision of Internal Fixation Device in Cervicothoracic Vertebral Joint, Open Approach", "0RW407Z": "Revision of Autologous Tissue Substitute in Cervicothoracic Vertebral Joint, Open Approach", "0RW408Z": "Revision of Spacer in Cervicothoracic Vertebral Joint, Open Approach", "0RW40AZ": "Revision of Interbody Fusion Device in Cervicothoracic Vertebral Joint, Open Approach", "0RW40JZ": "Revision of Synthetic Substitute in Cervicothoracic Vertebral Joint, Open Approach", "0RW40KZ": "Revision of Nonautologous Tissue Substitute in Cervicothoracic Vertebral Joint, Open Approach", "0RW430Z": "Revision of Drainage Device in Cervicothoracic Vertebral Joint, Percutaneous Approach", "0RW433Z": "Revision of Infusion Device in Cervicothoracic Vertebral Joint, Percutaneous Approach", "0RW434Z": "Revision of Internal Fixation Device in Cervicothoracic Vertebral Joint, Percutaneous Approach", "0RW437Z": "Revision of Autologous Tissue Substitute in Cervicothoracic Vertebral Joint, Percutaneous Approach", "0RW438Z": "Revision of Spacer in Cervicothoracic Vertebral Joint, Percutaneous Approach", "0RW43AZ": "Revision of Interbody Fusion Device in Cervicothoracic Vertebral Joint, Percutaneous Approach", "0RW43JZ": "Revision of Synthetic Substitute in Cervicothoracic Vertebral Joint, Percutaneous Approach", "0RW43KZ": "Revision of Nonautologous Tissue Substitute in Cervicothoracic Vertebral Joint, Percutaneous Approach", "0RW440Z": "Revision of Drainage Device in Cervicothoracic Vertebral Joint, Percutaneous Endoscopic Approach", "0RW443Z": "Revision of Infusion Device in Cervicothoracic Vertebral Joint, Percutaneous Endoscopic Approach", "0RW444Z": "Revision of Internal Fixation Device in Cervicothoracic Vertebral Joint, Percutaneous Endoscopic Approach", "0RW447Z": "Revision of Autologous Tissue Substitute in Cervicothoracic Vertebral Joint, Percutaneous Endoscopic Approach", "0RW448Z": "Revision of Spacer in Cervicothoracic Vertebral Joint, Percutaneous Endoscopic Approach", "0RW44AZ": "Revision of Interbody Fusion Device in Cervicothoracic Vertebral Joint, Percutaneous Endoscopic Approach", "0RW44JZ": "Revision of Synthetic Substitute in Cervicothoracic Vertebral Joint, Percutaneous Endoscopic Approach", "0RW44KZ": "Revision of Nonautologous Tissue Substitute in Cervicothoracic Vertebral Joint, Percutaneous Endoscopic Approach", "0RW4X0Z": "Revision of Drainage Device in Cervicothoracic Vertebral Joint, External Approach", "0RW4X3Z": "Revision of Infusion Device in Cervicothoracic Vertebral Joint, External Approach", "0RW4X4Z": "Revision of Internal Fixation Device in Cervicothoracic Vertebral Joint, External Approach", "0RW4X7Z": "Revision of Autologous Tissue Substitute in Cervicothoracic Vertebral Joint, External Approach", "0RW4X8Z": "Revision of Spacer in Cervicothoracic Vertebral Joint, External Approach", "0RW4XAZ": "Revision of Interbody Fusion Device in Cervicothoracic Vertebral Joint, External Approach", "0RW4XJZ": "Revision of Synthetic Substitute in Cervicothoracic Vertebral Joint, External Approach", "0RW4XKZ": "Revision of Nonautologous Tissue Substitute in Cervicothoracic Vertebral Joint, External Approach", "0RW500Z": "Revision of Drainage Device in Cervicothoracic Vertebral Disc, Open Approach", "0RW503Z": "Revision of Infusion Device in Cervicothoracic Vertebral Disc, Open Approach", "0RW507Z": "Revision of Autologous Tissue Substitute in Cervicothoracic Vertebral Disc, Open Approach", "0RW50JZ": "Revision of Synthetic Substitute in Cervicothoracic Vertebral Disc, Open Approach", "0RW50KZ": "Revision of Nonautologous Tissue Substitute in Cervicothoracic Vertebral Disc, Open Approach", "0RW530Z": "Revision of Drainage Device in Cervicothoracic Vertebral Disc, Percutaneous Approach", "0RW533Z": "Revision of Infusion Device in Cervicothoracic Vertebral Disc, Percutaneous Approach", "0RW537Z": "Revision of Autologous Tissue Substitute in Cervicothoracic Vertebral Disc, Percutaneous Approach", "0RW53JZ": "Revision of Synthetic Substitute in Cervicothoracic Vertebral Disc, Percutaneous Approach", "0RW53KZ": "Revision of Nonautologous Tissue Substitute in Cervicothoracic Vertebral Disc, Percutaneous Approach", "0RW540Z": "Revision of Drainage Device in Cervicothoracic Vertebral Disc, Percutaneous Endoscopic Approach", "0RW543Z": "Revision of Infusion Device in Cervicothoracic Vertebral Disc, Percutaneous Endoscopic Approach", "0RW547Z": "Revision of Autologous Tissue Substitute in Cervicothoracic Vertebral Disc, Percutaneous Endoscopic Approach", "0RW54JZ": "Revision of Synthetic Substitute in Cervicothoracic Vertebral Disc, Percutaneous Endoscopic Approach", "0RW54KZ": "Revision of Nonautologous Tissue Substitute in Cervicothoracic Vertebral Disc, Percutaneous Endoscopic Approach", "0RW5X0Z": "Revision of Drainage Device in Cervicothoracic Vertebral Disc, External Approach", "0RW5X3Z": "Revision of Infusion Device in Cervicothoracic Vertebral Disc, External Approach", "0RW5X7Z": "Revision of Autologous Tissue Substitute in Cervicothoracic Vertebral Disc, External Approach", "0RW5XJZ": "Revision of Synthetic Substitute in Cervicothoracic Vertebral Disc, External Approach", "0RW5XKZ": "Revision of Nonautologous Tissue Substitute in Cervicothoracic Vertebral Disc, External Approach", "0RW600Z": "Revision of Drainage Device in Thoracic Vertebral Joint, Open Approach", "0RW603Z": "Revision of Infusion Device in Thoracic Vertebral Joint, Open Approach", "0RW604Z": "Revision of Internal Fixation Device in Thoracic Vertebral Joint, Open Approach", "0RW607Z": "Revision of Autologous Tissue Substitute in Thoracic Vertebral Joint, Open Approach", "0RW608Z": "Revision of Spacer in Thoracic Vertebral Joint, Open Approach", "0RW60AZ": "Revision of Interbody Fusion Device in Thoracic Vertebral Joint, Open Approach", "0RW60JZ": "Revision of Synthetic Substitute in Thoracic Vertebral Joint, Open Approach", "0RW60KZ": "Revision of Nonautologous Tissue Substitute in Thoracic Vertebral Joint, Open Approach", "0RW630Z": "Revision of Drainage Device in Thoracic Vertebral Joint, Percutaneous Approach", "0RW633Z": "Revision of Infusion Device in Thoracic Vertebral Joint, Percutaneous Approach", "0RW634Z": "Revision of Internal Fixation Device in Thoracic Vertebral Joint, Percutaneous Approach", "0RW637Z": "Revision of Autologous Tissue Substitute in Thoracic Vertebral Joint, Percutaneous Approach", "0RW638Z": "Revision of Spacer in Thoracic Vertebral Joint, Percutaneous Approach", "0RW63AZ": "Revision of Interbody Fusion Device in Thoracic Vertebral Joint, Percutaneous Approach", "0RW63JZ": "Revision of Synthetic Substitute in Thoracic Vertebral Joint, Percutaneous Approach", "0RW63KZ": "Revision of Nonautologous Tissue Substitute in Thoracic Vertebral Joint, Percutaneous Approach", "0RW640Z": "Revision of Drainage Device in Thoracic Vertebral Joint, Percutaneous Endoscopic Approach", "0RW643Z": "Revision of Infusion Device in Thoracic Vertebral Joint, Percutaneous Endoscopic Approach", "0RW644Z": "Revision of Internal Fixation Device in Thoracic Vertebral Joint, Percutaneous Endoscopic Approach", "0RW647Z": "Revision of Autologous Tissue Substitute in Thoracic Vertebral Joint, Percutaneous Endoscopic Approach", "0RW648Z": "Revision of Spacer in Thoracic Vertebral Joint, Percutaneous Endoscopic Approach", "0RW64AZ": "Revision of Interbody Fusion Device in Thoracic Vertebral Joint, Percutaneous Endoscopic Approach", "0RW64JZ": "Revision of Synthetic Substitute in Thoracic Vertebral Joint, Percutaneous Endoscopic Approach", "0RW64KZ": "Revision of Nonautologous Tissue Substitute in Thoracic Vertebral Joint, Percutaneous Endoscopic Approach", "0RW6X0Z": "Revision of Drainage Device in Thoracic Vertebral Joint, External Approach", "0RW6X3Z": "Revision of Infusion Device in Thoracic Vertebral Joint, External Approach", "0RW6X4Z": "Revision of Internal Fixation Device in Thoracic Vertebral Joint, External Approach", "0RW6X7Z": "Revision of Autologous Tissue Substitute in Thoracic Vertebral Joint, External Approach", "0RW6X8Z": "Revision of Spacer in Thoracic Vertebral Joint, External Approach", "0RW6XAZ": "Revision of Interbody Fusion Device in Thoracic Vertebral Joint, External Approach", "0RW6XJZ": "Revision of Synthetic Substitute in Thoracic Vertebral Joint, External Approach", "0RW6XKZ": "Revision of Nonautologous Tissue Substitute in Thoracic Vertebral Joint, External Approach", "0RW900Z": "Revision of Drainage Device in Thoracic Vertebral Disc, Open Approach", "0RW903Z": "Revision of Infusion Device in Thoracic Vertebral Disc, Open Approach", "0RW907Z": "Revision of Autologous Tissue Substitute in Thoracic Vertebral Disc, Open Approach", "0RW90JZ": "Revision of Synthetic Substitute in Thoracic Vertebral Disc, Open Approach", "0RW90KZ": "Revision of Nonautologous Tissue Substitute in Thoracic Vertebral Disc, Open Approach", "0RW930Z": "Revision of Drainage Device in Thoracic Vertebral Disc, Percutaneous Approach", "0RW933Z": "Revision of Infusion Device in Thoracic Vertebral Disc, Percutaneous Approach", "0RW937Z": "Revision of Autologous Tissue Substitute in Thoracic Vertebral Disc, Percutaneous Approach", "0RW93JZ": "Revision of Synthetic Substitute in Thoracic Vertebral Disc, Percutaneous Approach", "0RW93KZ": "Revision of Nonautologous Tissue Substitute in Thoracic Vertebral Disc, Percutaneous Approach", "0RW940Z": "Revision of Drainage Device in Thoracic Vertebral Disc, Percutaneous Endoscopic Approach", "0RW943Z": "Revision of Infusion Device in Thoracic Vertebral Disc, Percutaneous Endoscopic Approach", "0RW947Z": "Revision of Autologous Tissue Substitute in Thoracic Vertebral Disc, Percutaneous Endoscopic Approach", "0RW94JZ": "Revision of Synthetic Substitute in Thoracic Vertebral Disc, Percutaneous Endoscopic Approach", "0RW94KZ": "Revision of Nonautologous Tissue Substitute in Thoracic Vertebral Disc, Percutaneous Endoscopic Approach", "0RW9X0Z": "Revision of Drainage Device in Thoracic Vertebral Disc, External Approach", "0RW9X3Z": "Revision of Infusion Device in Thoracic Vertebral Disc, External Approach", "0RW9X7Z": "Revision of Autologous Tissue Substitute in Thoracic Vertebral Disc, External Approach", "0RW9XJZ": "Revision of Synthetic Substitute in Thoracic Vertebral Disc, External Approach", "0RW9XKZ": "Revision of Nonautologous Tissue Substitute in Thoracic Vertebral Disc, External Approach", "0RWA00Z": "Revision of Drainage Device in Thoracolumbar Vertebral Joint, Open Approach", "0RWA03Z": "Revision of Infusion Device in Thoracolumbar Vertebral Joint, Open Approach", "0RWA04Z": "Revision of Internal Fixation Device in Thoracolumbar Vertebral Joint, Open Approach", "0RWA07Z": "Revision of Autologous Tissue Substitute in Thoracolumbar Vertebral Joint, Open Approach", "0RWA08Z": "Revision of Spacer in Thoracolumbar Vertebral Joint, Open Approach", "0RWA0AZ": "Revision of Interbody Fusion Device in Thoracolumbar Vertebral Joint, Open Approach", "0RWA0JZ": "Revision of Synthetic Substitute in Thoracolumbar Vertebral Joint, Open Approach", "0RWA0KZ": "Revision of Nonautologous Tissue Substitute in Thoracolumbar Vertebral Joint, Open Approach", "0RWA30Z": "Revision of Drainage Device in Thoracolumbar Vertebral Joint, Percutaneous Approach", "0RWA33Z": "Revision of Infusion Device in Thoracolumbar Vertebral Joint, Percutaneous Approach", "0RWA34Z": "Revision of Internal Fixation Device in Thoracolumbar Vertebral Joint, Percutaneous Approach", "0RWA37Z": "Revision of Autologous Tissue Substitute in Thoracolumbar Vertebral Joint, Percutaneous Approach", "0RWA38Z": "Revision of Spacer in Thoracolumbar Vertebral Joint, Percutaneous Approach", "0RWA3AZ": "Revision of Interbody Fusion Device in Thoracolumbar Vertebral Joint, Percutaneous Approach", "0RWA3JZ": "Revision of Synthetic Substitute in Thoracolumbar Vertebral Joint, Percutaneous Approach", "0RWA3KZ": "Revision of Nonautologous Tissue Substitute in Thoracolumbar Vertebral Joint, Percutaneous Approach", "0RWA40Z": "Revision of Drainage Device in Thoracolumbar Vertebral Joint, Percutaneous Endoscopic Approach", "0RWA43Z": "Revision of Infusion Device in Thoracolumbar Vertebral Joint, Percutaneous Endoscopic Approach", "0RWA44Z": "Revision of Internal Fixation Device in Thoracolumbar Vertebral Joint, Percutaneous Endoscopic Approach", "0RWA47Z": "Revision of Autologous Tissue Substitute in Thoracolumbar Vertebral Joint, Percutaneous Endoscopic Approach", "0RWA48Z": "Revision of Spacer in Thoracolumbar Vertebral Joint, Percutaneous Endoscopic Approach", "0RWA4AZ": "Revision of Interbody Fusion Device in Thoracolumbar Vertebral Joint, Percutaneous Endoscopic Approach", "0RWA4JZ": "Revision of Synthetic Substitute in Thoracolumbar Vertebral Joint, Percutaneous Endoscopic Approach", "0RWA4KZ": "Revision of Nonautologous Tissue Substitute in Thoracolumbar Vertebral Joint, Percutaneous Endoscopic Approach", "0RWAX0Z": "Revision of Drainage Device in Thoracolumbar Vertebral Joint, External Approach", "0RWAX3Z": "Revision of Infusion Device in Thoracolumbar Vertebral Joint, External Approach", "0RWAX4Z": "Revision of Internal Fixation Device in Thoracolumbar Vertebral Joint, External Approach", "0RWAX7Z": "Revision of Autologous Tissue Substitute in Thoracolumbar Vertebral Joint, External Approach", "0RWAX8Z": "Revision of Spacer in Thoracolumbar Vertebral Joint, External Approach", "0RWAXAZ": "Revision of Interbody Fusion Device in Thoracolumbar Vertebral Joint, External Approach", "0RWAXJZ": "Revision of Synthetic Substitute in Thoracolumbar Vertebral Joint, External Approach", "0RWAXKZ": "Revision of Nonautologous Tissue Substitute in Thoracolumbar Vertebral Joint, External Approach", "0RWB00Z": "Revision of Drainage Device in Thoracolumbar Vertebral Disc, Open Approach", "0RWB03Z": "Revision of Infusion Device in Thoracolumbar Vertebral Disc, Open Approach", "0RWB07Z": "Revision of Autologous Tissue Substitute in Thoracolumbar Vertebral Disc, Open Approach", "0RWB0JZ": "Revision of Synthetic Substitute in Thoracolumbar Vertebral Disc, Open Approach", "0RWB0KZ": "Revision of Nonautologous Tissue Substitute in Thoracolumbar Vertebral Disc, Open Approach", "0RWB30Z": "Revision of Drainage Device in Thoracolumbar Vertebral Disc, Percutaneous Approach", "0RWB33Z": "Revision of Infusion Device in Thoracolumbar Vertebral Disc, Percutaneous Approach", "0RWB37Z": "Revision of Autologous Tissue Substitute in Thoracolumbar Vertebral Disc, Percutaneous Approach", "0RWB3JZ": "Revision of Synthetic Substitute in Thoracolumbar Vertebral Disc, Percutaneous Approach", "0RWB3KZ": "Revision of Nonautologous Tissue Substitute in Thoracolumbar Vertebral Disc, Percutaneous Approach", "0RWB40Z": "Revision of Drainage Device in Thoracolumbar Vertebral Disc, Percutaneous Endoscopic Approach", "0RWB43Z": "Revision of Infusion Device in Thoracolumbar Vertebral Disc, Percutaneous Endoscopic Approach", "0RWB47Z": "Revision of Autologous Tissue Substitute in Thoracolumbar Vertebral Disc, Percutaneous Endoscopic Approach", "0RWB4JZ": "Revision of Synthetic Substitute in Thoracolumbar Vertebral Disc, Percutaneous Endoscopic Approach", "0RWB4KZ": "Revision of Nonautologous Tissue Substitute in Thoracolumbar Vertebral Disc, Percutaneous Endoscopic Approach", "0RWBX0Z": "Revision of Drainage Device in Thoracolumbar Vertebral Disc, External Approach", "0RWBX3Z": "Revision of Infusion Device in Thoracolumbar Vertebral Disc, External Approach", "0RWBX7Z": "Revision of Autologous Tissue Substitute in Thoracolumbar Vertebral Disc, External Approach", "0RWBXJZ": "Revision of Synthetic Substitute in Thoracolumbar Vertebral Disc, External Approach", "0RWBXKZ": "Revision of Nonautologous Tissue Substitute in Thoracolumbar Vertebral Disc, External Approach", "0RWC00Z": "Revision of Drainage Device in Right Temporomandibular Joint, Open Approach", "0RWC03Z": "Revision of Infusion Device in Right Temporomandibular Joint, Open Approach", "0RWC04Z": "Revision of Internal Fixation Device in Right Temporomandibular Joint, Open Approach", "0RWC07Z": "Revision of Autologous Tissue Substitute in Right Temporomandibular Joint, Open Approach", "0RWC08Z": "Revision of Spacer in Right Temporomandibular Joint, Open Approach", "0RWC0JZ": "Revision of Synthetic Substitute in Right Temporomandibular Joint, Open Approach", "0RWC0KZ": "Revision of Nonautologous Tissue Substitute in Right Temporomandibular Joint, Open Approach", "0RWC30Z": "Revision of Drainage Device in Right Temporomandibular Joint, Percutaneous Approach", "0RWC33Z": "Revision of Infusion Device in Right Temporomandibular Joint, Percutaneous Approach", "0RWC34Z": "Revision of Internal Fixation Device in Right Temporomandibular Joint, Percutaneous Approach", "0RWC37Z": "Revision of Autologous Tissue Substitute in Right Temporomandibular Joint, Percutaneous Approach", "0RWC38Z": "Revision of Spacer in Right Temporomandibular Joint, Percutaneous Approach", "0RWC3JZ": "Revision of Synthetic Substitute in Right Temporomandibular Joint, Percutaneous Approach", "0RWC3KZ": "Revision of Nonautologous Tissue Substitute in Right Temporomandibular Joint, Percutaneous Approach", "0RWC40Z": "Revision of Drainage Device in Right Temporomandibular Joint, Percutaneous Endoscopic Approach", "0RWC43Z": "Revision of Infusion Device in Right Temporomandibular Joint, Percutaneous Endoscopic Approach", "0RWC44Z": "Revision of Internal Fixation Device in Right Temporomandibular Joint, Percutaneous Endoscopic Approach", "0RWC47Z": "Revision of Autologous Tissue Substitute in Right Temporomandibular Joint, Percutaneous Endoscopic Approach", "0RWC48Z": "Revision of Spacer in Right Temporomandibular Joint, Percutaneous Endoscopic Approach", "0RWC4JZ": "Revision of Synthetic Substitute in Right Temporomandibular Joint, Percutaneous Endoscopic Approach", "0RWC4KZ": "Revision of Nonautologous Tissue Substitute in Right Temporomandibular Joint, Percutaneous Endoscopic Approach", "0RWCX0Z": "Revision of Drainage Device in Right Temporomandibular Joint, External Approach", "0RWCX3Z": "Revision of Infusion Device in Right Temporomandibular Joint, External Approach", "0RWCX4Z": "Revision of Internal Fixation Device in Right Temporomandibular Joint, External Approach", "0RWCX7Z": "Revision of Autologous Tissue Substitute in Right Temporomandibular Joint, External Approach", "0RWCX8Z": "Revision of Spacer in Right Temporomandibular Joint, External Approach", "0RWCXJZ": "Revision of Synthetic Substitute in Right Temporomandibular Joint, External Approach", "0RWCXKZ": "Revision of Nonautologous Tissue Substitute in Right Temporomandibular Joint, External Approach", "0RWD00Z": "Revision of Drainage Device in Left Temporomandibular Joint, Open Approach", "0RWD03Z": "Revision of Infusion Device in Left Temporomandibular Joint, Open Approach", "0RWD04Z": "Revision of Internal Fixation Device in Left Temporomandibular Joint, Open Approach", "0RWD07Z": "Revision of Autologous Tissue Substitute in Left Temporomandibular Joint, Open Approach", "0RWD08Z": "Revision of Spacer in Left Temporomandibular Joint, Open Approach", "0RWD0JZ": "Revision of Synthetic Substitute in Left Temporomandibular Joint, Open Approach", "0RWD0KZ": "Revision of Nonautologous Tissue Substitute in Left Temporomandibular Joint, Open Approach", "0RWD30Z": "Revision of Drainage Device in Left Temporomandibular Joint, Percutaneous Approach", "0RWD33Z": "Revision of Infusion Device in Left Temporomandibular Joint, Percutaneous Approach", "0RWD34Z": "Revision of Internal Fixation Device in Left Temporomandibular Joint, Percutaneous Approach", "0RWD37Z": "Revision of Autologous Tissue Substitute in Left Temporomandibular Joint, Percutaneous Approach", "0RWD38Z": "Revision of Spacer in Left Temporomandibular Joint, Percutaneous Approach", "0RWD3JZ": "Revision of Synthetic Substitute in Left Temporomandibular Joint, Percutaneous Approach", "0RWD3KZ": "Revision of Nonautologous Tissue Substitute in Left Temporomandibular Joint, Percutaneous Approach", "0RWD40Z": "Revision of Drainage Device in Left Temporomandibular Joint, Percutaneous Endoscopic Approach", "0RWD43Z": "Revision of Infusion Device in Left Temporomandibular Joint, Percutaneous Endoscopic Approach", "0RWD44Z": "Revision of Internal Fixation Device in Left Temporomandibular Joint, Percutaneous Endoscopic Approach", "0RWD47Z": "Revision of Autologous Tissue Substitute in Left Temporomandibular Joint, Percutaneous Endoscopic Approach", "0RWD48Z": "Revision of Spacer in Left Temporomandibular Joint, Percutaneous Endoscopic Approach", "0RWD4JZ": "Revision of Synthetic Substitute in Left Temporomandibular Joint, Percutaneous Endoscopic Approach", "0RWD4KZ": "Revision of Nonautologous Tissue Substitute in Left Temporomandibular Joint, Percutaneous Endoscopic Approach", "0RWDX0Z": "Revision of Drainage Device in Left Temporomandibular Joint, External Approach", "0RWDX3Z": "Revision of Infusion Device in Left Temporomandibular Joint, External Approach", "0RWDX4Z": "Revision of Internal Fixation Device in Left Temporomandibular Joint, External Approach", "0RWDX7Z": "Revision of Autologous Tissue Substitute in Left Temporomandibular Joint, External Approach", "0RWDX8Z": "Revision of Spacer in Left Temporomandibular Joint, External Approach", "0RWDXJZ": "Revision of Synthetic Substitute in Left Temporomandibular Joint, External Approach", "0RWDXKZ": "Revision of Nonautologous Tissue Substitute in Left Temporomandibular Joint, External Approach", "0RWE00Z": "Revision of Drainage Device in Right Sternoclavicular Joint, Open Approach", "0RWE03Z": "Revision of Infusion Device in Right Sternoclavicular Joint, Open Approach", "0RWE04Z": "Revision of Internal Fixation Device in Right Sternoclavicular Joint, Open Approach", "0RWE07Z": "Revision of Autologous Tissue Substitute in Right Sternoclavicular Joint, Open Approach", "0RWE08Z": "Revision of Spacer in Right Sternoclavicular Joint, Open Approach", "0RWE0JZ": "Revision of Synthetic Substitute in Right Sternoclavicular Joint, Open Approach", "0RWE0KZ": "Revision of Nonautologous Tissue Substitute in Right Sternoclavicular Joint, Open Approach", "0RWE30Z": "Revision of Drainage Device in Right Sternoclavicular Joint, Percutaneous Approach", "0RWE33Z": "Revision of Infusion Device in Right Sternoclavicular Joint, Percutaneous Approach", "0RWE34Z": "Revision of Internal Fixation Device in Right Sternoclavicular Joint, Percutaneous Approach", "0RWE37Z": "Revision of Autologous Tissue Substitute in Right Sternoclavicular Joint, Percutaneous Approach", "0RWE38Z": "Revision of Spacer in Right Sternoclavicular Joint, Percutaneous Approach", "0RWE3JZ": "Revision of Synthetic Substitute in Right Sternoclavicular Joint, Percutaneous Approach", "0RWE3KZ": "Revision of Nonautologous Tissue Substitute in Right Sternoclavicular Joint, Percutaneous Approach", "0RWE40Z": "Revision of Drainage Device in Right Sternoclavicular Joint, Percutaneous Endoscopic Approach", "0RWE43Z": "Revision of Infusion Device in Right Sternoclavicular Joint, Percutaneous Endoscopic Approach", "0RWE44Z": "Revision of Internal Fixation Device in Right Sternoclavicular Joint, Percutaneous Endoscopic Approach", "0RWE47Z": "Revision of Autologous Tissue Substitute in Right Sternoclavicular Joint, Percutaneous Endoscopic Approach", "0RWE48Z": "Revision of Spacer in Right Sternoclavicular Joint, Percutaneous Endoscopic Approach", "0RWE4JZ": "Revision of Synthetic Substitute in Right Sternoclavicular Joint, Percutaneous Endoscopic Approach", "0RWE4KZ": "Revision of Nonautologous Tissue Substitute in Right Sternoclavicular Joint, Percutaneous Endoscopic Approach", "0RWEX0Z": "Revision of Drainage Device in Right Sternoclavicular Joint, External Approach", "0RWEX3Z": "Revision of Infusion Device in Right Sternoclavicular Joint, External Approach", "0RWEX4Z": "Revision of Internal Fixation Device in Right Sternoclavicular Joint, External Approach", "0RWEX7Z": "Revision of Autologous Tissue Substitute in Right Sternoclavicular Joint, External Approach", "0RWEX8Z": "Revision of Spacer in Right Sternoclavicular Joint, External Approach", "0RWEXJZ": "Revision of Synthetic Substitute in Right Sternoclavicular Joint, External Approach", "0RWEXKZ": "Revision of Nonautologous Tissue Substitute in Right Sternoclavicular Joint, External Approach", "0RWF00Z": "Revision of Drainage Device in Left Sternoclavicular Joint, Open Approach", "0RWF03Z": "Revision of Infusion Device in Left Sternoclavicular Joint, Open Approach", "0RWF04Z": "Revision of Internal Fixation Device in Left Sternoclavicular Joint, Open Approach", "0RWF07Z": "Revision of Autologous Tissue Substitute in Left Sternoclavicular Joint, Open Approach", "0RWF08Z": "Revision of Spacer in Left Sternoclavicular Joint, Open Approach", "0RWF0JZ": "Revision of Synthetic Substitute in Left Sternoclavicular Joint, Open Approach", "0RWF0KZ": "Revision of Nonautologous Tissue Substitute in Left Sternoclavicular Joint, Open Approach", "0RWF30Z": "Revision of Drainage Device in Left Sternoclavicular Joint, Percutaneous Approach", "0RWF33Z": "Revision of Infusion Device in Left Sternoclavicular Joint, Percutaneous Approach", "0RWF34Z": "Revision of Internal Fixation Device in Left Sternoclavicular Joint, Percutaneous Approach", "0RWF37Z": "Revision of Autologous Tissue Substitute in Left Sternoclavicular Joint, Percutaneous Approach", "0RWF38Z": "Revision of Spacer in Left Sternoclavicular Joint, Percutaneous Approach", "0RWF3JZ": "Revision of Synthetic Substitute in Left Sternoclavicular Joint, Percutaneous Approach", "0RWF3KZ": "Revision of Nonautologous Tissue Substitute in Left Sternoclavicular Joint, Percutaneous Approach", "0RWF40Z": "Revision of Drainage Device in Left Sternoclavicular Joint, Percutaneous Endoscopic Approach", "0RWF43Z": "Revision of Infusion Device in Left Sternoclavicular Joint, Percutaneous Endoscopic Approach", "0RWF44Z": "Revision of Internal Fixation Device in Left Sternoclavicular Joint, Percutaneous Endoscopic Approach", "0RWF47Z": "Revision of Autologous Tissue Substitute in Left Sternoclavicular Joint, Percutaneous Endoscopic Approach", "0RWF48Z": "Revision of Spacer in Left Sternoclavicular Joint, Percutaneous Endoscopic Approach", "0RWF4JZ": "Revision of Synthetic Substitute in Left Sternoclavicular Joint, Percutaneous Endoscopic Approach", "0RWF4KZ": "Revision of Nonautologous Tissue Substitute in Left Sternoclavicular Joint, Percutaneous Endoscopic Approach", "0RWFX0Z": "Revision of Drainage Device in Left Sternoclavicular Joint, External Approach", "0RWFX3Z": "Revision of Infusion Device in Left Sternoclavicular Joint, External Approach", "0RWFX4Z": "Revision of Internal Fixation Device in Left Sternoclavicular Joint, External Approach", "0RWFX7Z": "Revision of Autologous Tissue Substitute in Left Sternoclavicular Joint, External Approach", "0RWFX8Z": "Revision of Spacer in Left Sternoclavicular Joint, External Approach", "0RWFXJZ": "Revision of Synthetic Substitute in Left Sternoclavicular Joint, External Approach", "0RWFXKZ": "Revision of Nonautologous Tissue Substitute in Left Sternoclavicular Joint, External Approach", "0RWG00Z": "Revision of Drainage Device in Right Acromioclavicular Joint, Open Approach", "0RWG03Z": "Revision of Infusion Device in Right Acromioclavicular Joint, Open Approach", "0RWG04Z": "Revision of Internal Fixation Device in Right Acromioclavicular Joint, Open Approach", "0RWG07Z": "Revision of Autologous Tissue Substitute in Right Acromioclavicular Joint, Open Approach", "0RWG08Z": "Revision of Spacer in Right Acromioclavicular Joint, Open Approach", "0RWG0JZ": "Revision of Synthetic Substitute in Right Acromioclavicular Joint, Open Approach", "0RWG0KZ": "Revision of Nonautologous Tissue Substitute in Right Acromioclavicular Joint, Open Approach", "0RWG30Z": "Revision of Drainage Device in Right Acromioclavicular Joint, Percutaneous Approach", "0RWG33Z": "Revision of Infusion Device in Right Acromioclavicular Joint, Percutaneous Approach", "0RWG34Z": "Revision of Internal Fixation Device in Right Acromioclavicular Joint, Percutaneous Approach", "0RWG37Z": "Revision of Autologous Tissue Substitute in Right Acromioclavicular Joint, Percutaneous Approach", "0RWG38Z": "Revision of Spacer in Right Acromioclavicular Joint, Percutaneous Approach", "0RWG3JZ": "Revision of Synthetic Substitute in Right Acromioclavicular Joint, Percutaneous Approach", "0RWG3KZ": "Revision of Nonautologous Tissue Substitute in Right Acromioclavicular Joint, Percutaneous Approach", "0RWG40Z": "Revision of Drainage Device in Right Acromioclavicular Joint, Percutaneous Endoscopic Approach", "0RWG43Z": "Revision of Infusion Device in Right Acromioclavicular Joint, Percutaneous Endoscopic Approach", "0RWG44Z": "Revision of Internal Fixation Device in Right Acromioclavicular Joint, Percutaneous Endoscopic Approach", "0RWG47Z": "Revision of Autologous Tissue Substitute in Right Acromioclavicular Joint, Percutaneous Endoscopic Approach", "0RWG48Z": "Revision of Spacer in Right Acromioclavicular Joint, Percutaneous Endoscopic Approach", "0RWG4JZ": "Revision of Synthetic Substitute in Right Acromioclavicular Joint, Percutaneous Endoscopic Approach", "0RWG4KZ": "Revision of Nonautologous Tissue Substitute in Right Acromioclavicular Joint, Percutaneous Endoscopic Approach", "0RWGX0Z": "Revision of Drainage Device in Right Acromioclavicular Joint, External Approach", "0RWGX3Z": "Revision of Infusion Device in Right Acromioclavicular Joint, External Approach", "0RWGX4Z": "Revision of Internal Fixation Device in Right Acromioclavicular Joint, External Approach", "0RWGX7Z": "Revision of Autologous Tissue Substitute in Right Acromioclavicular Joint, External Approach", "0RWGX8Z": "Revision of Spacer in Right Acromioclavicular Joint, External Approach", "0RWGXJZ": "Revision of Synthetic Substitute in Right Acromioclavicular Joint, External Approach", "0RWGXKZ": "Revision of Nonautologous Tissue Substitute in Right Acromioclavicular Joint, External Approach", "0RWH00Z": "Revision of Drainage Device in Left Acromioclavicular Joint, Open Approach", "0RWH03Z": "Revision of Infusion Device in Left Acromioclavicular Joint, Open Approach", "0RWH04Z": "Revision of Internal Fixation Device in Left Acromioclavicular Joint, Open Approach", "0RWH07Z": "Revision of Autologous Tissue Substitute in Left Acromioclavicular Joint, Open Approach", "0RWH08Z": "Revision of Spacer in Left Acromioclavicular Joint, Open Approach", "0RWH0JZ": "Revision of Synthetic Substitute in Left Acromioclavicular Joint, Open Approach", "0RWH0KZ": "Revision of Nonautologous Tissue Substitute in Left Acromioclavicular Joint, Open Approach", "0RWH30Z": "Revision of Drainage Device in Left Acromioclavicular Joint, Percutaneous Approach", "0RWH33Z": "Revision of Infusion Device in Left Acromioclavicular Joint, Percutaneous Approach", "0RWH34Z": "Revision of Internal Fixation Device in Left Acromioclavicular Joint, Percutaneous Approach", "0RWH37Z": "Revision of Autologous Tissue Substitute in Left Acromioclavicular Joint, Percutaneous Approach", "0RWH38Z": "Revision of Spacer in Left Acromioclavicular Joint, Percutaneous Approach", "0RWH3JZ": "Revision of Synthetic Substitute in Left Acromioclavicular Joint, Percutaneous Approach", "0RWH3KZ": "Revision of Nonautologous Tissue Substitute in Left Acromioclavicular Joint, Percutaneous Approach", "0RWH40Z": "Revision of Drainage Device in Left Acromioclavicular Joint, Percutaneous Endoscopic Approach", "0RWH43Z": "Revision of Infusion Device in Left Acromioclavicular Joint, Percutaneous Endoscopic Approach", "0RWH44Z": "Revision of Internal Fixation Device in Left Acromioclavicular Joint, Percutaneous Endoscopic Approach", "0RWH47Z": "Revision of Autologous Tissue Substitute in Left Acromioclavicular Joint, Percutaneous Endoscopic Approach", "0RWH48Z": "Revision of Spacer in Left Acromioclavicular Joint, Percutaneous Endoscopic Approach", "0RWH4JZ": "Revision of Synthetic Substitute in Left Acromioclavicular Joint, Percutaneous Endoscopic Approach", "0RWH4KZ": "Revision of Nonautologous Tissue Substitute in Left Acromioclavicular Joint, Percutaneous Endoscopic Approach", "0RWHX0Z": "Revision of Drainage Device in Left Acromioclavicular Joint, External Approach", "0RWHX3Z": "Revision of Infusion Device in Left Acromioclavicular Joint, External Approach", "0RWHX4Z": "Revision of Internal Fixation Device in Left Acromioclavicular Joint, External Approach", "0RWHX7Z": "Revision of Autologous Tissue Substitute in Left Acromioclavicular Joint, External Approach", "0RWHX8Z": "Revision of Spacer in Left Acromioclavicular Joint, External Approach", "0RWHXJZ": "Revision of Synthetic Substitute in Left Acromioclavicular Joint, External Approach", "0RWHXKZ": "Revision of Nonautologous Tissue Substitute in Left Acromioclavicular Joint, External Approach", "0RWJ00Z": "Revision of Drainage Device in Right Shoulder Joint, Open Approach", "0RWJ03Z": "Revision of Infusion Device in Right Shoulder Joint, Open Approach", "0RWJ04Z": "Revision of Internal Fixation Device in Right Shoulder Joint, Open Approach", "0RWJ07Z": "Revision of Autologous Tissue Substitute in Right Shoulder Joint, Open Approach", "0RWJ08Z": "Revision of Spacer in Right Shoulder Joint, Open Approach", "0RWJ0JZ": "Revision of Synthetic Substitute in Right Shoulder Joint, Open Approach", "0RWJ0KZ": "Revision of Nonautologous Tissue Substitute in Right Shoulder Joint, Open Approach", "0RWJ30Z": "Revision of Drainage Device in Right Shoulder Joint, Percutaneous Approach", "0RWJ33Z": "Revision of Infusion Device in Right Shoulder Joint, Percutaneous Approach", "0RWJ34Z": "Revision of Internal Fixation Device in Right Shoulder Joint, Percutaneous Approach", "0RWJ37Z": "Revision of Autologous Tissue Substitute in Right Shoulder Joint, Percutaneous Approach", "0RWJ38Z": "Revision of Spacer in Right Shoulder Joint, Percutaneous Approach", "0RWJ3JZ": "Revision of Synthetic Substitute in Right Shoulder Joint, Percutaneous Approach", "0RWJ3KZ": "Revision of Nonautologous Tissue Substitute in Right Shoulder Joint, Percutaneous Approach", "0RWJ40Z": "Revision of Drainage Device in Right Shoulder Joint, Percutaneous Endoscopic Approach", "0RWJ43Z": "Revision of Infusion Device in Right Shoulder Joint, Percutaneous Endoscopic Approach", "0RWJ44Z": "Revision of Internal Fixation Device in Right Shoulder Joint, Percutaneous Endoscopic Approach", "0RWJ47Z": "Revision of Autologous Tissue Substitute in Right Shoulder Joint, Percutaneous Endoscopic Approach", "0RWJ48Z": "Revision of Spacer in Right Shoulder Joint, Percutaneous Endoscopic Approach", "0RWJ4JZ": "Revision of Synthetic Substitute in Right Shoulder Joint, Percutaneous Endoscopic Approach", "0RWJ4KZ": "Revision of Nonautologous Tissue Substitute in Right Shoulder Joint, Percutaneous Endoscopic Approach", "0RWJX0Z": "Revision of Drainage Device in Right Shoulder Joint, External Approach", "0RWJX3Z": "Revision of Infusion Device in Right Shoulder Joint, External Approach", "0RWJX4Z": "Revision of Internal Fixation Device in Right Shoulder Joint, External Approach", "0RWJX7Z": "Revision of Autologous Tissue Substitute in Right Shoulder Joint, External Approach", "0RWJX8Z": "Revision of Spacer in Right Shoulder Joint, External Approach", "0RWJXJZ": "Revision of Synthetic Substitute in Right Shoulder Joint, External Approach", "0RWJXKZ": "Revision of Nonautologous Tissue Substitute in Right Shoulder Joint, External Approach", "0RWK00Z": "Revision of Drainage Device in Left Shoulder Joint, Open Approach", "0RWK03Z": "Revision of Infusion Device in Left Shoulder Joint, Open Approach", "0RWK04Z": "Revision of Internal Fixation Device in Left Shoulder Joint, Open Approach", "0RWK07Z": "Revision of Autologous Tissue Substitute in Left Shoulder Joint, Open Approach", "0RWK08Z": "Revision of Spacer in Left Shoulder Joint, Open Approach", "0RWK0JZ": "Revision of Synthetic Substitute in Left Shoulder Joint, Open Approach", "0RWK0KZ": "Revision of Nonautologous Tissue Substitute in Left Shoulder Joint, Open Approach", "0RWK30Z": "Revision of Drainage Device in Left Shoulder Joint, Percutaneous Approach", "0RWK33Z": "Revision of Infusion Device in Left Shoulder Joint, Percutaneous Approach", "0RWK34Z": "Revision of Internal Fixation Device in Left Shoulder Joint, Percutaneous Approach", "0RWK37Z": "Revision of Autologous Tissue Substitute in Left Shoulder Joint, Percutaneous Approach", "0RWK38Z": "Revision of Spacer in Left Shoulder Joint, Percutaneous Approach", "0RWK3JZ": "Revision of Synthetic Substitute in Left Shoulder Joint, Percutaneous Approach", "0RWK3KZ": "Revision of Nonautologous Tissue Substitute in Left Shoulder Joint, Percutaneous Approach", "0RWK40Z": "Revision of Drainage Device in Left Shoulder Joint, Percutaneous Endoscopic Approach", "0RWK43Z": "Revision of Infusion Device in Left Shoulder Joint, Percutaneous Endoscopic Approach", "0RWK44Z": "Revision of Internal Fixation Device in Left Shoulder Joint, Percutaneous Endoscopic Approach", "0RWK47Z": "Revision of Autologous Tissue Substitute in Left Shoulder Joint, Percutaneous Endoscopic Approach", "0RWK48Z": "Revision of Spacer in Left Shoulder Joint, Percutaneous Endoscopic Approach", "0RWK4JZ": "Revision of Synthetic Substitute in Left Shoulder Joint, Percutaneous Endoscopic Approach", "0RWK4KZ": "Revision of Nonautologous Tissue Substitute in Left Shoulder Joint, Percutaneous Endoscopic Approach", "0RWKX0Z": "Revision of Drainage Device in Left Shoulder Joint, External Approach", "0RWKX3Z": "Revision of Infusion Device in Left Shoulder Joint, External Approach", "0RWKX4Z": "Revision of Internal Fixation Device in Left Shoulder Joint, External Approach", "0RWKX7Z": "Revision of Autologous Tissue Substitute in Left Shoulder Joint, External Approach", "0RWKX8Z": "Revision of Spacer in Left Shoulder Joint, External Approach", "0RWKXJZ": "Revision of Synthetic Substitute in Left Shoulder Joint, External Approach", "0RWKXKZ": "Revision of Nonautologous Tissue Substitute in Left Shoulder Joint, External Approach", "0RWL00Z": "Revision of Drainage Device in Right Elbow Joint, Open Approach", "0RWL03Z": "Revision of Infusion Device in Right Elbow Joint, Open Approach", "0RWL04Z": "Revision of Internal Fixation Device in Right Elbow Joint, Open Approach", "0RWL05Z": "Revision of External Fixation Device in Right Elbow Joint, Open Approach", "0RWL07Z": "Revision of Autologous Tissue Substitute in Right Elbow Joint, Open Approach", "0RWL08Z": "Revision of Spacer in Right Elbow Joint, Open Approach", "0RWL0JZ": "Revision of Synthetic Substitute in Right Elbow Joint, Open Approach", "0RWL0KZ": "Revision of Nonautologous Tissue Substitute in Right Elbow Joint, Open Approach", "0RWL30Z": "Revision of Drainage Device in Right Elbow Joint, Percutaneous Approach", "0RWL33Z": "Revision of Infusion Device in Right Elbow Joint, Percutaneous Approach", "0RWL34Z": "Revision of Internal Fixation Device in Right Elbow Joint, Percutaneous Approach", "0RWL35Z": "Revision of External Fixation Device in Right Elbow Joint, Percutaneous Approach", "0RWL37Z": "Revision of Autologous Tissue Substitute in Right Elbow Joint, Percutaneous Approach", "0RWL38Z": "Revision of Spacer in Right Elbow Joint, Percutaneous Approach", "0RWL3JZ": "Revision of Synthetic Substitute in Right Elbow Joint, Percutaneous Approach", "0RWL3KZ": "Revision of Nonautologous Tissue Substitute in Right Elbow Joint, Percutaneous Approach", "0RWL40Z": "Revision of Drainage Device in Right Elbow Joint, Percutaneous Endoscopic Approach", "0RWL43Z": "Revision of Infusion Device in Right Elbow Joint, Percutaneous Endoscopic Approach", "0RWL44Z": "Revision of Internal Fixation Device in Right Elbow Joint, Percutaneous Endoscopic Approach", "0RWL45Z": "Revision of External Fixation Device in Right Elbow Joint, Percutaneous Endoscopic Approach", "0RWL47Z": "Revision of Autologous Tissue Substitute in Right Elbow Joint, Percutaneous Endoscopic Approach", "0RWL48Z": "Revision of Spacer in Right Elbow Joint, Percutaneous Endoscopic Approach", "0RWL4JZ": "Revision of Synthetic Substitute in Right Elbow Joint, Percutaneous Endoscopic Approach", "0RWL4KZ": "Revision of Nonautologous Tissue Substitute in Right Elbow Joint, Percutaneous Endoscopic Approach", "0RWLX0Z": "Revision of Drainage Device in Right Elbow Joint, External Approach", "0RWLX3Z": "Revision of Infusion Device in Right Elbow Joint, External Approach", "0RWLX4Z": "Revision of Internal Fixation Device in Right Elbow Joint, External Approach", "0RWLX5Z": "Revision of External Fixation Device in Right Elbow Joint, External Approach", "0RWLX7Z": "Revision of Autologous Tissue Substitute in Right Elbow Joint, External Approach", "0RWLX8Z": "Revision of Spacer in Right Elbow Joint, External Approach", "0RWLXJZ": "Revision of Synthetic Substitute in Right Elbow Joint, External Approach", "0RWLXKZ": "Revision of Nonautologous Tissue Substitute in Right Elbow Joint, External Approach", "0RWM00Z": "Revision of Drainage Device in Left Elbow Joint, Open Approach", "0RWM03Z": "Revision of Infusion Device in Left Elbow Joint, Open Approach", "0RWM04Z": "Revision of Internal Fixation Device in Left Elbow Joint, Open Approach", "0RWM05Z": "Revision of External Fixation Device in Left Elbow Joint, Open Approach", "0RWM07Z": "Revision of Autologous Tissue Substitute in Left Elbow Joint, Open Approach", "0RWM08Z": "Revision of Spacer in Left Elbow Joint, Open Approach", "0RWM0JZ": "Revision of Synthetic Substitute in Left Elbow Joint, Open Approach", "0RWM0KZ": "Revision of Nonautologous Tissue Substitute in Left Elbow Joint, Open Approach", "0RWM30Z": "Revision of Drainage Device in Left Elbow Joint, Percutaneous Approach", "0RWM33Z": "Revision of Infusion Device in Left Elbow Joint, Percutaneous Approach", "0RWM34Z": "Revision of Internal Fixation Device in Left Elbow Joint, Percutaneous Approach", "0RWM35Z": "Revision of External Fixation Device in Left Elbow Joint, Percutaneous Approach", "0RWM37Z": "Revision of Autologous Tissue Substitute in Left Elbow Joint, Percutaneous Approach", "0RWM38Z": "Revision of Spacer in Left Elbow Joint, Percutaneous Approach", "0RWM3JZ": "Revision of Synthetic Substitute in Left Elbow Joint, Percutaneous Approach", "0RWM3KZ": "Revision of Nonautologous Tissue Substitute in Left Elbow Joint, Percutaneous Approach", "0RWM40Z": "Revision of Drainage Device in Left Elbow Joint, Percutaneous Endoscopic Approach", "0RWM43Z": "Revision of Infusion Device in Left Elbow Joint, Percutaneous Endoscopic Approach", "0RWM44Z": "Revision of Internal Fixation Device in Left Elbow Joint, Percutaneous Endoscopic Approach", "0RWM45Z": "Revision of External Fixation Device in Left Elbow Joint, Percutaneous Endoscopic Approach", "0RWM47Z": "Revision of Autologous Tissue Substitute in Left Elbow Joint, Percutaneous Endoscopic Approach", "0RWM48Z": "Revision of Spacer in Left Elbow Joint, Percutaneous Endoscopic Approach", "0RWM4JZ": "Revision of Synthetic Substitute in Left Elbow Joint, Percutaneous Endoscopic Approach", "0RWM4KZ": "Revision of Nonautologous Tissue Substitute in Left Elbow Joint, Percutaneous Endoscopic Approach", "0RWMX0Z": "Revision of Drainage Device in Left Elbow Joint, External Approach", "0RWMX3Z": "Revision of Infusion Device in Left Elbow Joint, External Approach", "0RWMX4Z": "Revision of Internal Fixation Device in Left Elbow Joint, External Approach", "0RWMX5Z": "Revision of External Fixation Device in Left Elbow Joint, External Approach", "0RWMX7Z": "Revision of Autologous Tissue Substitute in Left Elbow Joint, External Approach", "0RWMX8Z": "Revision of Spacer in Left Elbow Joint, External Approach", "0RWMXJZ": "Revision of Synthetic Substitute in Left Elbow Joint, External Approach", "0RWMXKZ": "Revision of Nonautologous Tissue Substitute in Left Elbow Joint, External Approach", "0RWN00Z": "Revision of Drainage Device in Right Wrist Joint, Open Approach", "0RWN03Z": "Revision of Infusion Device in Right Wrist Joint, Open Approach", "0RWN04Z": "Revision of Internal Fixation Device in Right Wrist Joint, Open Approach", "0RWN05Z": "Revision of External Fixation Device in Right Wrist Joint, Open Approach", "0RWN07Z": "Revision of Autologous Tissue Substitute in Right Wrist Joint, Open Approach", "0RWN08Z": "Revision of Spacer in Right Wrist Joint, Open Approach", "0RWN0JZ": "Revision of Synthetic Substitute in Right Wrist Joint, Open Approach", "0RWN0KZ": "Revision of Nonautologous Tissue Substitute in Right Wrist Joint, Open Approach", "0RWN30Z": "Revision of Drainage Device in Right Wrist Joint, Percutaneous Approach", "0RWN33Z": "Revision of Infusion Device in Right Wrist Joint, Percutaneous Approach", "0RWN34Z": "Revision of Internal Fixation Device in Right Wrist Joint, Percutaneous Approach", "0RWN35Z": "Revision of External Fixation Device in Right Wrist Joint, Percutaneous Approach", "0RWN37Z": "Revision of Autologous Tissue Substitute in Right Wrist Joint, Percutaneous Approach", "0RWN38Z": "Revision of Spacer in Right Wrist Joint, Percutaneous Approach", "0RWN3JZ": "Revision of Synthetic Substitute in Right Wrist Joint, Percutaneous Approach", "0RWN3KZ": "Revision of Nonautologous Tissue Substitute in Right Wrist Joint, Percutaneous Approach", "0RWN40Z": "Revision of Drainage Device in Right Wrist Joint, Percutaneous Endoscopic Approach", "0RWN43Z": "Revision of Infusion Device in Right Wrist Joint, Percutaneous Endoscopic Approach", "0RWN44Z": "Revision of Internal Fixation Device in Right Wrist Joint, Percutaneous Endoscopic Approach", "0RWN45Z": "Revision of External Fixation Device in Right Wrist Joint, Percutaneous Endoscopic Approach", "0RWN47Z": "Revision of Autologous Tissue Substitute in Right Wrist Joint, Percutaneous Endoscopic Approach", "0RWN48Z": "Revision of Spacer in Right Wrist Joint, Percutaneous Endoscopic Approach", "0RWN4JZ": "Revision of Synthetic Substitute in Right Wrist Joint, Percutaneous Endoscopic Approach", "0RWN4KZ": "Revision of Nonautologous Tissue Substitute in Right Wrist Joint, Percutaneous Endoscopic Approach", "0RWNX0Z": "Revision of Drainage Device in Right Wrist Joint, External Approach", "0RWNX3Z": "Revision of Infusion Device in Right Wrist Joint, External Approach", "0RWNX4Z": "Revision of Internal Fixation Device in Right Wrist Joint, External Approach", "0RWNX5Z": "Revision of External Fixation Device in Right Wrist Joint, External Approach", "0RWNX7Z": "Revision of Autologous Tissue Substitute in Right Wrist Joint, External Approach", "0RWNX8Z": "Revision of Spacer in Right Wrist Joint, External Approach", "0RWNXJZ": "Revision of Synthetic Substitute in Right Wrist Joint, External Approach", "0RWNXKZ": "Revision of Nonautologous Tissue Substitute in Right Wrist Joint, External Approach", "0RWP00Z": "Revision of Drainage Device in Left Wrist Joint, Open Approach", "0RWP03Z": "Revision of Infusion Device in Left Wrist Joint, Open Approach", "0RWP04Z": "Revision of Internal Fixation Device in Left Wrist Joint, Open Approach", "0RWP05Z": "Revision of External Fixation Device in Left Wrist Joint, Open Approach", "0RWP07Z": "Revision of Autologous Tissue Substitute in Left Wrist Joint, Open Approach", "0RWP08Z": "Revision of Spacer in Left Wrist Joint, Open Approach", "0RWP0JZ": "Revision of Synthetic Substitute in Left Wrist Joint, Open Approach", "0RWP0KZ": "Revision of Nonautologous Tissue Substitute in Left Wrist Joint, Open Approach", "0RWP30Z": "Revision of Drainage Device in Left Wrist Joint, Percutaneous Approach", "0RWP33Z": "Revision of Infusion Device in Left Wrist Joint, Percutaneous Approach", "0RWP34Z": "Revision of Internal Fixation Device in Left Wrist Joint, Percutaneous Approach", "0RWP35Z": "Revision of External Fixation Device in Left Wrist Joint, Percutaneous Approach", "0RWP37Z": "Revision of Autologous Tissue Substitute in Left Wrist Joint, Percutaneous Approach", "0RWP38Z": "Revision of Spacer in Left Wrist Joint, Percutaneous Approach", "0RWP3JZ": "Revision of Synthetic Substitute in Left Wrist Joint, Percutaneous Approach", "0RWP3KZ": "Revision of Nonautologous Tissue Substitute in Left Wrist Joint, Percutaneous Approach", "0RWP40Z": "Revision of Drainage Device in Left Wrist Joint, Percutaneous Endoscopic Approach", "0RWP43Z": "Revision of Infusion Device in Left Wrist Joint, Percutaneous Endoscopic Approach", "0RWP44Z": "Revision of Internal Fixation Device in Left Wrist Joint, Percutaneous Endoscopic Approach", "0RWP45Z": "Revision of External Fixation Device in Left Wrist Joint, Percutaneous Endoscopic Approach", "0RWP47Z": "Revision of Autologous Tissue Substitute in Left Wrist Joint, Percutaneous Endoscopic Approach", "0RWP48Z": "Revision of Spacer in Left Wrist Joint, Percutaneous Endoscopic Approach", "0RWP4JZ": "Revision of Synthetic Substitute in Left Wrist Joint, Percutaneous Endoscopic Approach", "0RWP4KZ": "Revision of Nonautologous Tissue Substitute in Left Wrist Joint, Percutaneous Endoscopic Approach", "0RWPX0Z": "Revision of Drainage Device in Left Wrist Joint, External Approach", "0RWPX3Z": "Revision of Infusion Device in Left Wrist Joint, External Approach", "0RWPX4Z": "Revision of Internal Fixation Device in Left Wrist Joint, External Approach", "0RWPX5Z": "Revision of External Fixation Device in Left Wrist Joint, External Approach", "0RWPX7Z": "Revision of Autologous Tissue Substitute in Left Wrist Joint, External Approach", "0RWPX8Z": "Revision of Spacer in Left Wrist Joint, External Approach", "0RWPXJZ": "Revision of Synthetic Substitute in Left Wrist Joint, External Approach", "0RWPXKZ": "Revision of Nonautologous Tissue Substitute in Left Wrist Joint, External Approach", "0RWQ00Z": "Revision of Drainage Device in Right Carpal Joint, Open Approach", "0RWQ03Z": "Revision of Infusion Device in Right Carpal Joint, Open Approach", "0RWQ04Z": "Revision of Internal Fixation Device in Right Carpal Joint, Open Approach", "0RWQ05Z": "Revision of External Fixation Device in Right Carpal Joint, Open Approach", "0RWQ07Z": "Revision of Autologous Tissue Substitute in Right Carpal Joint, Open Approach", "0RWQ08Z": "Revision of Spacer in Right Carpal Joint, Open Approach", "0RWQ0JZ": "Revision of Synthetic Substitute in Right Carpal Joint, Open Approach", "0RWQ0KZ": "Revision of Nonautologous Tissue Substitute in Right Carpal Joint, Open Approach", "0RWQ30Z": "Revision of Drainage Device in Right Carpal Joint, Percutaneous Approach", "0RWQ33Z": "Revision of Infusion Device in Right Carpal Joint, Percutaneous Approach", "0RWQ34Z": "Revision of Internal Fixation Device in Right Carpal Joint, Percutaneous Approach", "0RWQ35Z": "Revision of External Fixation Device in Right Carpal Joint, Percutaneous Approach", "0RWQ37Z": "Revision of Autologous Tissue Substitute in Right Carpal Joint, Percutaneous Approach", "0RWQ38Z": "Revision of Spacer in Right Carpal Joint, Percutaneous Approach", "0RWQ3JZ": "Revision of Synthetic Substitute in Right Carpal Joint, Percutaneous Approach", "0RWQ3KZ": "Revision of Nonautologous Tissue Substitute in Right Carpal Joint, Percutaneous Approach", "0RWQ40Z": "Revision of Drainage Device in Right Carpal Joint, Percutaneous Endoscopic Approach", "0RWQ43Z": "Revision of Infusion Device in Right Carpal Joint, Percutaneous Endoscopic Approach", "0RWQ44Z": "Revision of Internal Fixation Device in Right Carpal Joint, Percutaneous Endoscopic Approach", "0RWQ45Z": "Revision of External Fixation Device in Right Carpal Joint, Percutaneous Endoscopic Approach", "0RWQ47Z": "Revision of Autologous Tissue Substitute in Right Carpal Joint, Percutaneous Endoscopic Approach", "0RWQ48Z": "Revision of Spacer in Right Carpal Joint, Percutaneous Endoscopic Approach", "0RWQ4JZ": "Revision of Synthetic Substitute in Right Carpal Joint, Percutaneous Endoscopic Approach", "0RWQ4KZ": "Revision of Nonautologous Tissue Substitute in Right Carpal Joint, Percutaneous Endoscopic Approach", "0RWQX0Z": "Revision of Drainage Device in Right Carpal Joint, External Approach", "0RWQX3Z": "Revision of Infusion Device in Right Carpal Joint, External Approach", "0RWQX4Z": "Revision of Internal Fixation Device in Right Carpal Joint, External Approach", "0RWQX5Z": "Revision of External Fixation Device in Right Carpal Joint, External Approach", "0RWQX7Z": "Revision of Autologous Tissue Substitute in Right Carpal Joint, External Approach", "0RWQX8Z": "Revision of Spacer in Right Carpal Joint, External Approach", "0RWQXJZ": "Revision of Synthetic Substitute in Right Carpal Joint, External Approach", "0RWQXKZ": "Revision of Nonautologous Tissue Substitute in Right Carpal Joint, External Approach", "0RWR00Z": "Revision of Drainage Device in Left Carpal Joint, Open Approach", "0RWR03Z": "Revision of Infusion Device in Left Carpal Joint, Open Approach", "0RWR04Z": "Revision of Internal Fixation Device in Left Carpal Joint, Open Approach", "0RWR05Z": "Revision of External Fixation Device in Left Carpal Joint, Open Approach", "0RWR07Z": "Revision of Autologous Tissue Substitute in Left Carpal Joint, Open Approach", "0RWR08Z": "Revision of Spacer in Left Carpal Joint, Open Approach", "0RWR0JZ": "Revision of Synthetic Substitute in Left Carpal Joint, Open Approach", "0RWR0KZ": "Revision of Nonautologous Tissue Substitute in Left Carpal Joint, Open Approach", "0RWR30Z": "Revision of Drainage Device in Left Carpal Joint, Percutaneous Approach", "0RWR33Z": "Revision of Infusion Device in Left Carpal Joint, Percutaneous Approach", "0RWR34Z": "Revision of Internal Fixation Device in Left Carpal Joint, Percutaneous Approach", "0RWR35Z": "Revision of External Fixation Device in Left Carpal Joint, Percutaneous Approach", "0RWR37Z": "Revision of Autologous Tissue Substitute in Left Carpal Joint, Percutaneous Approach", "0RWR38Z": "Revision of Spacer in Left Carpal Joint, Percutaneous Approach", "0RWR3JZ": "Revision of Synthetic Substitute in Left Carpal Joint, Percutaneous Approach", "0RWR3KZ": "Revision of Nonautologous Tissue Substitute in Left Carpal Joint, Percutaneous Approach", "0RWR40Z": "Revision of Drainage Device in Left Carpal Joint, Percutaneous Endoscopic Approach", "0RWR43Z": "Revision of Infusion Device in Left Carpal Joint, Percutaneous Endoscopic Approach", "0RWR44Z": "Revision of Internal Fixation Device in Left Carpal Joint, Percutaneous Endoscopic Approach", "0RWR45Z": "Revision of External Fixation Device in Left Carpal Joint, Percutaneous Endoscopic Approach", "0RWR47Z": "Revision of Autologous Tissue Substitute in Left Carpal Joint, Percutaneous Endoscopic Approach", "0RWR48Z": "Revision of Spacer in Left Carpal Joint, Percutaneous Endoscopic Approach", "0RWR4JZ": "Revision of Synthetic Substitute in Left Carpal Joint, Percutaneous Endoscopic Approach", "0RWR4KZ": "Revision of Nonautologous Tissue Substitute in Left Carpal Joint, Percutaneous Endoscopic Approach", "0RWRX0Z": "Revision of Drainage Device in Left Carpal Joint, External Approach", "0RWRX3Z": "Revision of Infusion Device in Left Carpal Joint, External Approach", "0RWRX4Z": "Revision of Internal Fixation Device in Left Carpal Joint, External Approach", "0RWRX5Z": "Revision of External Fixation Device in Left Carpal Joint, External Approach", "0RWRX7Z": "Revision of Autologous Tissue Substitute in Left Carpal Joint, External Approach", "0RWRX8Z": "Revision of Spacer in Left Carpal Joint, External Approach", "0RWRXJZ": "Revision of Synthetic Substitute in Left Carpal Joint, External Approach", "0RWRXKZ": "Revision of Nonautologous Tissue Substitute in Left Carpal Joint, External Approach", "0RWS00Z": "Revision of Drainage Device in Right Carpometacarpal Joint, Open Approach", "0RWS03Z": "Revision of Infusion Device in Right Carpometacarpal Joint, Open Approach", "0RWS04Z": "Revision of Internal Fixation Device in Right Carpometacarpal Joint, Open Approach", "0RWS05Z": "Revision of External Fixation Device in Right Carpometacarpal Joint, Open Approach", "0RWS07Z": "Revision of Autologous Tissue Substitute in Right Carpometacarpal Joint, Open Approach", "0RWS08Z": "Revision of Spacer in Right Carpometacarpal Joint, Open Approach", "0RWS0JZ": "Revision of Synthetic Substitute in Right Carpometacarpal Joint, Open Approach", "0RWS0KZ": "Revision of Nonautologous Tissue Substitute in Right Carpometacarpal Joint, Open Approach", "0RWS30Z": "Revision of Drainage Device in Right Carpometacarpal Joint, Percutaneous Approach", "0RWS33Z": "Revision of Infusion Device in Right Carpometacarpal Joint, Percutaneous Approach", "0RWS34Z": "Revision of Internal Fixation Device in Right Carpometacarpal Joint, Percutaneous Approach", "0RWS35Z": "Revision of External Fixation Device in Right Carpometacarpal Joint, Percutaneous Approach", "0RWS37Z": "Revision of Autologous Tissue Substitute in Right Carpometacarpal Joint, Percutaneous Approach", "0RWS38Z": "Revision of Spacer in Right Carpometacarpal Joint, Percutaneous Approach", "0RWS3JZ": "Revision of Synthetic Substitute in Right Carpometacarpal Joint, Percutaneous Approach", "0RWS3KZ": "Revision of Nonautologous Tissue Substitute in Right Carpometacarpal Joint, Percutaneous Approach", "0RWS40Z": "Revision of Drainage Device in Right Carpometacarpal Joint, Percutaneous Endoscopic Approach", "0RWS43Z": "Revision of Infusion Device in Right Carpometacarpal Joint, Percutaneous Endoscopic Approach", "0RWS44Z": "Revision of Internal Fixation Device in Right Carpometacarpal Joint, Percutaneous Endoscopic Approach", "0RWS45Z": "Revision of External Fixation Device in Right Carpometacarpal Joint, Percutaneous Endoscopic Approach", "0RWS47Z": "Revision of Autologous Tissue Substitute in Right Carpometacarpal Joint, Percutaneous Endoscopic Approach", "0RWS48Z": "Revision of Spacer in Right Carpometacarpal Joint, Percutaneous Endoscopic Approach", "0RWS4JZ": "Revision of Synthetic Substitute in Right Carpometacarpal Joint, Percutaneous Endoscopic Approach", "0RWS4KZ": "Revision of Nonautologous Tissue Substitute in Right Carpometacarpal Joint, Percutaneous Endoscopic Approach", "0RWSX0Z": "Revision of Drainage Device in Right Carpometacarpal Joint, External Approach", "0RWSX3Z": "Revision of Infusion Device in Right Carpometacarpal Joint, External Approach", "0RWSX4Z": "Revision of Internal Fixation Device in Right Carpometacarpal Joint, External Approach", "0RWSX5Z": "Revision of External Fixation Device in Right Carpometacarpal Joint, External Approach", "0RWSX7Z": "Revision of Autologous Tissue Substitute in Right Carpometacarpal Joint, External Approach", "0RWSX8Z": "Revision of Spacer in Right Carpometacarpal Joint, External Approach", "0RWSXJZ": "Revision of Synthetic Substitute in Right Carpometacarpal Joint, External Approach", "0RWSXKZ": "Revision of Nonautologous Tissue Substitute in Right Carpometacarpal Joint, External Approach", "0RWT00Z": "Revision of Drainage Device in Left Carpometacarpal Joint, Open Approach", "0RWT03Z": "Revision of Infusion Device in Left Carpometacarpal Joint, Open Approach", "0RWT04Z": "Revision of Internal Fixation Device in Left Carpometacarpal Joint, Open Approach", "0RWT05Z": "Revision of External Fixation Device in Left Carpometacarpal Joint, Open Approach", "0RWT07Z": "Revision of Autologous Tissue Substitute in Left Carpometacarpal Joint, Open Approach", "0RWT08Z": "Revision of Spacer in Left Carpometacarpal Joint, Open Approach", "0RWT0JZ": "Revision of Synthetic Substitute in Left Carpometacarpal Joint, Open Approach", "0RWT0KZ": "Revision of Nonautologous Tissue Substitute in Left Carpometacarpal Joint, Open Approach", "0RWT30Z": "Revision of Drainage Device in Left Carpometacarpal Joint, Percutaneous Approach", "0RWT33Z": "Revision of Infusion Device in Left Carpometacarpal Joint, Percutaneous Approach", "0RWT34Z": "Revision of Internal Fixation Device in Left Carpometacarpal Joint, Percutaneous Approach", "0RWT35Z": "Revision of External Fixation Device in Left Carpometacarpal Joint, Percutaneous Approach", "0RWT37Z": "Revision of Autologous Tissue Substitute in Left Carpometacarpal Joint, Percutaneous Approach", "0RWT38Z": "Revision of Spacer in Left Carpometacarpal Joint, Percutaneous Approach", "0RWT3JZ": "Revision of Synthetic Substitute in Left Carpometacarpal Joint, Percutaneous Approach", "0RWT3KZ": "Revision of Nonautologous Tissue Substitute in Left Carpometacarpal Joint, Percutaneous Approach", "0RWT40Z": "Revision of Drainage Device in Left Carpometacarpal Joint, Percutaneous Endoscopic Approach", "0RWT43Z": "Revision of Infusion Device in Left Carpometacarpal Joint, Percutaneous Endoscopic Approach", "0RWT44Z": "Revision of Internal Fixation Device in Left Carpometacarpal Joint, Percutaneous Endoscopic Approach", "0RWT45Z": "Revision of External Fixation Device in Left Carpometacarpal Joint, Percutaneous Endoscopic Approach", "0RWT47Z": "Revision of Autologous Tissue Substitute in Left Carpometacarpal Joint, Percutaneous Endoscopic Approach", "0RWT48Z": "Revision of Spacer in Left Carpometacarpal Joint, Percutaneous Endoscopic Approach", "0RWT4JZ": "Revision of Synthetic Substitute in Left Carpometacarpal Joint, Percutaneous Endoscopic Approach", "0RWT4KZ": "Revision of Nonautologous Tissue Substitute in Left Carpometacarpal Joint, Percutaneous Endoscopic Approach", "0RWTX0Z": "Revision of Drainage Device in Left Carpometacarpal Joint, External Approach", "0RWTX3Z": "Revision of Infusion Device in Left Carpometacarpal Joint, External Approach", "0RWTX4Z": "Revision of Internal Fixation Device in Left Carpometacarpal Joint, External Approach", "0RWTX5Z": "Revision of External Fixation Device in Left Carpometacarpal Joint, External Approach", "0RWTX7Z": "Revision of Autologous Tissue Substitute in Left Carpometacarpal Joint, External Approach", "0RWTX8Z": "Revision of Spacer in Left Carpometacarpal Joint, External Approach", "0RWTXJZ": "Revision of Synthetic Substitute in Left Carpometacarpal Joint, External Approach", "0RWTXKZ": "Revision of Nonautologous Tissue Substitute in Left Carpometacarpal Joint, External Approach", "0RWU00Z": "Revision of Drainage Device in Right Metacarpophalangeal Joint, Open Approach", "0RWU03Z": "Revision of Infusion Device in Right Metacarpophalangeal Joint, Open Approach", "0RWU04Z": "Revision of Internal Fixation Device in Right Metacarpophalangeal Joint, Open Approach", "0RWU05Z": "Revision of External Fixation Device in Right Metacarpophalangeal Joint, Open Approach", "0RWU07Z": "Revision of Autologous Tissue Substitute in Right Metacarpophalangeal Joint, Open Approach", "0RWU08Z": "Revision of Spacer in Right Metacarpophalangeal Joint, Open Approach", "0RWU0JZ": "Revision of Synthetic Substitute in Right Metacarpophalangeal Joint, Open Approach", "0RWU0KZ": "Revision of Nonautologous Tissue Substitute in Right Metacarpophalangeal Joint, Open Approach", "0RWU30Z": "Revision of Drainage Device in Right Metacarpophalangeal Joint, Percutaneous Approach", "0RWU33Z": "Revision of Infusion Device in Right Metacarpophalangeal Joint, Percutaneous Approach", "0RWU34Z": "Revision of Internal Fixation Device in Right Metacarpophalangeal Joint, Percutaneous Approach", "0RWU35Z": "Revision of External Fixation Device in Right Metacarpophalangeal Joint, Percutaneous Approach", "0RWU37Z": "Revision of Autologous Tissue Substitute in Right Metacarpophalangeal Joint, Percutaneous Approach", "0RWU38Z": "Revision of Spacer in Right Metacarpophalangeal Joint, Percutaneous Approach", "0RWU3JZ": "Revision of Synthetic Substitute in Right Metacarpophalangeal Joint, Percutaneous Approach", "0RWU3KZ": "Revision of Nonautologous Tissue Substitute in Right Metacarpophalangeal Joint, Percutaneous Approach", "0RWU40Z": "Revision of Drainage Device in Right Metacarpophalangeal Joint, Percutaneous Endoscopic Approach", "0RWU43Z": "Revision of Infusion Device in Right Metacarpophalangeal Joint, Percutaneous Endoscopic Approach", "0RWU44Z": "Revision of Internal Fixation Device in Right Metacarpophalangeal Joint, Percutaneous Endoscopic Approach", "0RWU45Z": "Revision of External Fixation Device in Right Metacarpophalangeal Joint, Percutaneous Endoscopic Approach", "0RWU47Z": "Revision of Autologous Tissue Substitute in Right Metacarpophalangeal Joint, Percutaneous Endoscopic Approach", "0RWU48Z": "Revision of Spacer in Right Metacarpophalangeal Joint, Percutaneous Endoscopic Approach", "0RWU4JZ": "Revision of Synthetic Substitute in Right Metacarpophalangeal Joint, Percutaneous Endoscopic Approach", "0RWU4KZ": "Revision of Nonautologous Tissue Substitute in Right Metacarpophalangeal Joint, Percutaneous Endoscopic Approach", "0RWUX0Z": "Revision of Drainage Device in Right Metacarpophalangeal Joint, External Approach", "0RWUX3Z": "Revision of Infusion Device in Right Metacarpophalangeal Joint, External Approach", "0RWUX4Z": "Revision of Internal Fixation Device in Right Metacarpophalangeal Joint, External Approach", "0RWUX5Z": "Revision of External Fixation Device in Right Metacarpophalangeal Joint, External Approach", "0RWUX7Z": "Revision of Autologous Tissue Substitute in Right Metacarpophalangeal Joint, External Approach", "0RWUX8Z": "Revision of Spacer in Right Metacarpophalangeal Joint, External Approach", "0RWUXJZ": "Revision of Synthetic Substitute in Right Metacarpophalangeal Joint, External Approach", "0RWUXKZ": "Revision of Nonautologous Tissue Substitute in Right Metacarpophalangeal Joint, External Approach", "0RWV00Z": "Revision of Drainage Device in Left Metacarpophalangeal Joint, Open Approach", "0RWV03Z": "Revision of Infusion Device in Left Metacarpophalangeal Joint, Open Approach", "0RWV04Z": "Revision of Internal Fixation Device in Left Metacarpophalangeal Joint, Open Approach", "0RWV05Z": "Revision of External Fixation Device in Left Metacarpophalangeal Joint, Open Approach", "0RWV07Z": "Revision of Autologous Tissue Substitute in Left Metacarpophalangeal Joint, Open Approach", "0RWV08Z": "Revision of Spacer in Left Metacarpophalangeal Joint, Open Approach", "0RWV0JZ": "Revision of Synthetic Substitute in Left Metacarpophalangeal Joint, Open Approach", "0RWV0KZ": "Revision of Nonautologous Tissue Substitute in Left Metacarpophalangeal Joint, Open Approach", "0RWV30Z": "Revision of Drainage Device in Left Metacarpophalangeal Joint, Percutaneous Approach", "0RWV33Z": "Revision of Infusion Device in Left Metacarpophalangeal Joint, Percutaneous Approach", "0RWV34Z": "Revision of Internal Fixation Device in Left Metacarpophalangeal Joint, Percutaneous Approach", "0RWV35Z": "Revision of External Fixation Device in Left Metacarpophalangeal Joint, Percutaneous Approach", "0RWV37Z": "Revision of Autologous Tissue Substitute in Left Metacarpophalangeal Joint, Percutaneous Approach", "0RWV38Z": "Revision of Spacer in Left Metacarpophalangeal Joint, Percutaneous Approach", "0RWV3JZ": "Revision of Synthetic Substitute in Left Metacarpophalangeal Joint, Percutaneous Approach", "0RWV3KZ": "Revision of Nonautologous Tissue Substitute in Left Metacarpophalangeal Joint, Percutaneous Approach", "0RWV40Z": "Revision of Drainage Device in Left Metacarpophalangeal Joint, Percutaneous Endoscopic Approach", "0RWV43Z": "Revision of Infusion Device in Left Metacarpophalangeal Joint, Percutaneous Endoscopic Approach", "0RWV44Z": "Revision of Internal Fixation Device in Left Metacarpophalangeal Joint, Percutaneous Endoscopic Approach", "0RWV45Z": "Revision of External Fixation Device in Left Metacarpophalangeal Joint, Percutaneous Endoscopic Approach", "0RWV47Z": "Revision of Autologous Tissue Substitute in Left Metacarpophalangeal Joint, Percutaneous Endoscopic Approach", "0RWV48Z": "Revision of Spacer in Left Metacarpophalangeal Joint, Percutaneous Endoscopic Approach", "0RWV4JZ": "Revision of Synthetic Substitute in Left Metacarpophalangeal Joint, Percutaneous Endoscopic Approach", "0RWV4KZ": "Revision of Nonautologous Tissue Substitute in Left Metacarpophalangeal Joint, Percutaneous Endoscopic Approach", "0RWVX0Z": "Revision of Drainage Device in Left Metacarpophalangeal Joint, External Approach", "0RWVX3Z": "Revision of Infusion Device in Left Metacarpophalangeal Joint, External Approach", "0RWVX4Z": "Revision of Internal Fixation Device in Left Metacarpophalangeal Joint, External Approach", "0RWVX5Z": "Revision of External Fixation Device in Left Metacarpophalangeal Joint, External Approach", "0RWVX7Z": "Revision of Autologous Tissue Substitute in Left Metacarpophalangeal Joint, External Approach", "0RWVX8Z": "Revision of Spacer in Left Metacarpophalangeal Joint, External Approach", "0RWVXJZ": "Revision of Synthetic Substitute in Left Metacarpophalangeal Joint, External Approach", "0RWVXKZ": "Revision of Nonautologous Tissue Substitute in Left Metacarpophalangeal Joint, External Approach", "0RWW00Z": "Revision of Drainage Device in Right Finger Phalangeal Joint, Open Approach", "0RWW03Z": "Revision of Infusion Device in Right Finger Phalangeal Joint, Open Approach", "0RWW04Z": "Revision of Internal Fixation Device in Right Finger Phalangeal Joint, Open Approach", "0RWW05Z": "Revision of External Fixation Device in Right Finger Phalangeal Joint, Open Approach", "0RWW07Z": "Revision of Autologous Tissue Substitute in Right Finger Phalangeal Joint, Open Approach", "0RWW08Z": "Revision of Spacer in Right Finger Phalangeal Joint, Open Approach", "0RWW0JZ": "Revision of Synthetic Substitute in Right Finger Phalangeal Joint, Open Approach", "0RWW0KZ": "Revision of Nonautologous Tissue Substitute in Right Finger Phalangeal Joint, Open Approach", "0RWW30Z": "Revision of Drainage Device in Right Finger Phalangeal Joint, Percutaneous Approach", "0RWW33Z": "Revision of Infusion Device in Right Finger Phalangeal Joint, Percutaneous Approach", "0RWW34Z": "Revision of Internal Fixation Device in Right Finger Phalangeal Joint, Percutaneous Approach", "0RWW35Z": "Revision of External Fixation Device in Right Finger Phalangeal Joint, Percutaneous Approach", "0RWW37Z": "Revision of Autologous Tissue Substitute in Right Finger Phalangeal Joint, Percutaneous Approach", "0RWW38Z": "Revision of Spacer in Right Finger Phalangeal Joint, Percutaneous Approach", "0RWW3JZ": "Revision of Synthetic Substitute in Right Finger Phalangeal Joint, Percutaneous Approach", "0RWW3KZ": "Revision of Nonautologous Tissue Substitute in Right Finger Phalangeal Joint, Percutaneous Approach", "0RWW40Z": "Revision of Drainage Device in Right Finger Phalangeal Joint, Percutaneous Endoscopic Approach", "0RWW43Z": "Revision of Infusion Device in Right Finger Phalangeal Joint, Percutaneous Endoscopic Approach", "0RWW44Z": "Revision of Internal Fixation Device in Right Finger Phalangeal Joint, Percutaneous Endoscopic Approach", "0RWW45Z": "Revision of External Fixation Device in Right Finger Phalangeal Joint, Percutaneous Endoscopic Approach", "0RWW47Z": "Revision of Autologous Tissue Substitute in Right Finger Phalangeal Joint, Percutaneous Endoscopic Approach", "0RWW48Z": "Revision of Spacer in Right Finger Phalangeal Joint, Percutaneous Endoscopic Approach", "0RWW4JZ": "Revision of Synthetic Substitute in Right Finger Phalangeal Joint, Percutaneous Endoscopic Approach", "0RWW4KZ": "Revision of Nonautologous Tissue Substitute in Right Finger Phalangeal Joint, Percutaneous Endoscopic Approach", "0RWWX0Z": "Revision of Drainage Device in Right Finger Phalangeal Joint, External Approach", "0RWWX3Z": "Revision of Infusion Device in Right Finger Phalangeal Joint, External Approach", "0RWWX4Z": "Revision of Internal Fixation Device in Right Finger Phalangeal Joint, External Approach", "0RWWX5Z": "Revision of External Fixation Device in Right Finger Phalangeal Joint, External Approach", "0RWWX7Z": "Revision of Autologous Tissue Substitute in Right Finger Phalangeal Joint, External Approach", "0RWWX8Z": "Revision of Spacer in Right Finger Phalangeal Joint, External Approach", "0RWWXJZ": "Revision of Synthetic Substitute in Right Finger Phalangeal Joint, External Approach", "0RWWXKZ": "Revision of Nonautologous Tissue Substitute in Right Finger Phalangeal Joint, External Approach", "0RWX00Z": "Revision of Drainage Device in Left Finger Phalangeal Joint, Open Approach", "0RWX03Z": "Revision of Infusion Device in Left Finger Phalangeal Joint, Open Approach", "0RWX04Z": "Revision of Internal Fixation Device in Left Finger Phalangeal Joint, Open Approach", "0RWX05Z": "Revision of External Fixation Device in Left Finger Phalangeal Joint, Open Approach", "0RWX07Z": "Revision of Autologous Tissue Substitute in Left Finger Phalangeal Joint, Open Approach", "0RWX08Z": "Revision of Spacer in Left Finger Phalangeal Joint, Open Approach", "0RWX0JZ": "Revision of Synthetic Substitute in Left Finger Phalangeal Joint, Open Approach", "0RWX0KZ": "Revision of Nonautologous Tissue Substitute in Left Finger Phalangeal Joint, Open Approach", "0RWX30Z": "Revision of Drainage Device in Left Finger Phalangeal Joint, Percutaneous Approach", "0RWX33Z": "Revision of Infusion Device in Left Finger Phalangeal Joint, Percutaneous Approach", "0RWX34Z": "Revision of Internal Fixation Device in Left Finger Phalangeal Joint, Percutaneous Approach", "0RWX35Z": "Revision of External Fixation Device in Left Finger Phalangeal Joint, Percutaneous Approach", "0RWX37Z": "Revision of Autologous Tissue Substitute in Left Finger Phalangeal Joint, Percutaneous Approach", "0RWX38Z": "Revision of Spacer in Left Finger Phalangeal Joint, Percutaneous Approach", "0RWX3JZ": "Revision of Synthetic Substitute in Left Finger Phalangeal Joint, Percutaneous Approach", "0RWX3KZ": "Revision of Nonautologous Tissue Substitute in Left Finger Phalangeal Joint, Percutaneous Approach", "0RWX40Z": "Revision of Drainage Device in Left Finger Phalangeal Joint, Percutaneous Endoscopic Approach", "0RWX43Z": "Revision of Infusion Device in Left Finger Phalangeal Joint, Percutaneous Endoscopic Approach", "0RWX44Z": "Revision of Internal Fixation Device in Left Finger Phalangeal Joint, Percutaneous Endoscopic Approach", "0RWX45Z": "Revision of External Fixation Device in Left Finger Phalangeal Joint, Percutaneous Endoscopic Approach", "0RWX47Z": "Revision of Autologous Tissue Substitute in Left Finger Phalangeal Joint, Percutaneous Endoscopic Approach", "0RWX48Z": "Revision of Spacer in Left Finger Phalangeal Joint, Percutaneous Endoscopic Approach", "0RWX4JZ": "Revision of Synthetic Substitute in Left Finger Phalangeal Joint, Percutaneous Endoscopic Approach", "0RWX4KZ": "Revision of Nonautologous Tissue Substitute in Left Finger Phalangeal Joint, Percutaneous Endoscopic Approach", "0RWXX0Z": "Revision of Drainage Device in Left Finger Phalangeal Joint, External Approach", "0RWXX3Z": "Revision of Infusion Device in Left Finger Phalangeal Joint, External Approach", "0RWXX4Z": "Revision of Internal Fixation Device in Left Finger Phalangeal Joint, External Approach", "0RWXX5Z": "Revision of External Fixation Device in Left Finger Phalangeal Joint, External Approach", "0RWXX7Z": "Revision of Autologous Tissue Substitute in Left Finger Phalangeal Joint, External Approach", "0RWXX8Z": "Revision of Spacer in Left Finger Phalangeal Joint, External Approach", "0RWXXJZ": "Revision of Synthetic Substitute in Left Finger Phalangeal Joint, External Approach", "0RWXXKZ": "Revision of Nonautologous Tissue Substitute in Left Finger Phalangeal Joint, External Approach"}