{"051": "Upper Veins, Bypass", "051007Y": "Bypass Azygos Vein to Upper Vein with Autologous Tissue Substitute, Open Approach", "051009Y": "Bypass Azygos Vein to Upper Vein with Autologous Venous Tissue, Open Approach", "05100AY": "Bypass Azygos Vein to Upper Vein with Autologous Arterial Tissue, Open Approach", "05100JY": "Bypass Azygos Vein to Upper Vein with Synthetic Substitute, Open Approach", "05100KY": "Bypass Azygos Vein to Upper Vein with Nonautologous Tissue Substitute, Open Approach", "05100ZY": "Bypass Azygos Vein to Upper Vein, Open Approach", "051047Y": "Bypass Azygos Vein to Upper Vein with Autologous Tissue Substitute, Percutaneous Endoscopic Approach", "051049Y": "Bypass Azygos Vein to Upper Vein with Autologous Venous Tissue, Percutaneous Endoscopic Approach", "05104AY": "Bypass Azygos Vein to Upper Vein with Autologous Arterial Tissue, Percutaneous Endoscopic Approach", "05104JY": "Bypass Azygos Vein to Upper Vein with Synthetic Substitute, Percutaneous Endoscopic Approach", "05104KY": "Bypass Azygos Vein to Upper Vein with Nonautologous Tissue Substitute, Percutaneous Endoscopic Approach", "05104ZY": "Bypass Azygos Vein to Upper Vein, Percutaneous Endoscopic Approach", "051107Y": "Bypass Hemiazygos Vein to Upper Vein with Autologous Tissue Substitute, Open Approach", "051109Y": "Bypass Hemiazygos Vein to Upper Vein with Autologous Venous Tissue, Open Approach", "05110AY": "Bypass Hemiazygos Vein to Upper Vein with Autologous Arterial Tissue, Open Approach", "05110JY": "Bypass Hemiazygos Vein to Upper Vein with Synthetic Substitute, Open Approach", "05110KY": "Bypass Hemiazygos Vein to Upper Vein with Nonautologous Tissue Substitute, Open Approach", "05110ZY": "Bypass Hemiazygos Vein to Upper Vein, Open Approach", "051147Y": "Bypass Hemiazygos Vein to Upper Vein with Autologous Tissue Substitute, Percutaneous Endoscopic Approach", "051149Y": "Bypass Hemiazygos Vein to Upper Vein with Autologous Venous Tissue, Percutaneous Endoscopic Approach", "05114AY": "Bypass Hemiazygos Vein to Upper Vein with Autologous Arterial Tissue, Percutaneous Endoscopic Approach", "05114JY": "Bypass Hemiazygos Vein to Upper Vein with Synthetic Substitute, Percutaneous Endoscopic Approach", "05114KY": "Bypass Hemiazygos Vein to Upper Vein with Nonautologous Tissue Substitute, Percutaneous Endoscopic Approach", "05114ZY": "Bypass Hemiazygos Vein to Upper Vein, Percutaneous Endoscopic Approach", "051307Y": "Bypass Right Innominate Vein to Upper Vein with Autologous Tissue Substitute, Open Approach", "051309Y": "Bypass Right Innominate Vein to Upper Vein with Autologous Venous Tissue, Open Approach", "05130AY": "Bypass Right Innominate Vein to Upper Vein with Autologous Arterial Tissue, Open Approach", "05130JY": "Bypass Right Innominate Vein to Upper Vein with Synthetic Substitute, Open Approach", "05130KY": "Bypass Right Innominate Vein to Upper Vein with Nonautologous Tissue Substitute, Open Approach", "05130ZY": "Bypass Right Innominate Vein to Upper Vein, Open Approach", "051347Y": "Bypass Right Innominate Vein to Upper Vein with Autologous Tissue Substitute, Percutaneous Endoscopic Approach", "051349Y": "Bypass Right Innominate Vein to Upper Vein with Autologous Venous Tissue, Percutaneous Endoscopic Approach", "05134AY": "Bypass Right Innominate Vein to Upper Vein with Autologous Arterial Tissue, Percutaneous Endoscopic Approach", "05134JY": "Bypass Right Innominate Vein to Upper Vein with Synthetic Substitute, Percutaneous Endoscopic Approach", "05134KY": "Bypass Right Innominate Vein to Upper Vein with Nonautologous Tissue Substitute, Percutaneous Endoscopic Approach", "05134ZY": "Bypass Right Innominate Vein to Upper Vein, Percutaneous Endoscopic Approach", "051407Y": "Bypass Left Innominate Vein to Upper Vein with Autologous Tissue Substitute, Open Approach", "051409Y": "Bypass Left Innominate Vein to Upper Vein with Autologous Venous Tissue, Open Approach", "05140AY": "Bypass Left Innominate Vein to Upper Vein with Autologous Arterial Tissue, Open Approach", "05140JY": "Bypass Left Innominate Vein to Upper Vein with Synthetic Substitute, Open Approach", "05140KY": "Bypass Left Innominate Vein to Upper Vein with Nonautologous Tissue Substitute, Open Approach", "05140ZY": "Bypass Left Innominate Vein to Upper Vein, Open Approach", "051447Y": "Bypass Left Innominate Vein to Upper Vein with Autologous Tissue Substitute, Percutaneous Endoscopic Approach", "051449Y": "Bypass Left Innominate Vein to Upper Vein with Autologous Venous Tissue, Percutaneous Endoscopic Approach", "05144AY": "Bypass Left Innominate Vein to Upper Vein with Autologous Arterial Tissue, Percutaneous Endoscopic Approach", "05144JY": "Bypass Left Innominate Vein to Upper Vein with Synthetic Substitute, Percutaneous Endoscopic Approach", "05144KY": "Bypass Left Innominate Vein to Upper Vein with Nonautologous Tissue Substitute, Percutaneous Endoscopic Approach", "05144ZY": "Bypass Left Innominate Vein to Upper Vein, Percutaneous Endoscopic Approach", "051507Y": "Bypass Right Subclavian Vein to Upper Vein with Autologous Tissue Substitute, Open Approach", "051509Y": "Bypass Right Subclavian Vein to Upper Vein with Autologous Venous Tissue, Open Approach", "05150AY": "Bypass Right Subclavian Vein to Upper Vein with Autologous Arterial Tissue, Open Approach", "05150JY": "Bypass Right Subclavian Vein to Upper Vein with Synthetic Substitute, Open Approach", "05150KY": "Bypass Right Subclavian Vein to Upper Vein with Nonautologous Tissue Substitute, Open Approach", "05150ZY": "Bypass Right Subclavian Vein to Upper Vein, Open Approach", "051547Y": "Bypass Right Subclavian Vein to Upper Vein with Autologous Tissue Substitute, Percutaneous Endoscopic Approach", "051549Y": "Bypass Right Subclavian Vein to Upper Vein with Autologous Venous Tissue, Percutaneous Endoscopic Approach", "05154AY": "Bypass Right Subclavian Vein to Upper Vein with Autologous Arterial Tissue, Percutaneous Endoscopic Approach", "05154JY": "Bypass Right Subclavian Vein to Upper Vein with Synthetic Substitute, Percutaneous Endoscopic Approach", "05154KY": "Bypass Right Subclavian Vein to Upper Vein with Nonautologous Tissue Substitute, Percutaneous Endoscopic Approach", "05154ZY": "Bypass Right Subclavian Vein to Upper Vein, Percutaneous Endoscopic Approach", "051607Y": "Bypass Left Subclavian Vein to Upper Vein with Autologous Tissue Substitute, Open Approach", "051609Y": "Bypass Left Subclavian Vein to Upper Vein with Autologous Venous Tissue, Open Approach", "05160AY": "Bypass Left Subclavian Vein to Upper Vein with Autologous Arterial Tissue, Open Approach", "05160JY": "Bypass Left Subclavian Vein to Upper Vein with Synthetic Substitute, Open Approach", "05160KY": "Bypass Left Subclavian Vein to Upper Vein with Nonautologous Tissue Substitute, Open Approach", "05160ZY": "Bypass Left Subclavian Vein to Upper Vein, Open Approach", "051647Y": "Bypass Left Subclavian Vein to Upper Vein with Autologous Tissue Substitute, Percutaneous Endoscopic Approach", "051649Y": "Bypass Left Subclavian Vein to Upper Vein with Autologous Venous Tissue, Percutaneous Endoscopic Approach", "05164AY": "Bypass Left Subclavian Vein to Upper Vein with Autologous Arterial Tissue, Percutaneous Endoscopic Approach", "05164JY": "Bypass Left Subclavian Vein to Upper Vein with Synthetic Substitute, Percutaneous Endoscopic Approach", "05164KY": "Bypass Left Subclavian Vein to Upper Vein with Nonautologous Tissue Substitute, Percutaneous Endoscopic Approach", "05164ZY": "Bypass Left Subclavian Vein to Upper Vein, Percutaneous Endoscopic Approach", "051707Y": "Bypass Right Axillary Vein to Upper Vein with Autologous Tissue Substitute, Open Approach", "051709Y": "Bypass Right Axillary Vein to Upper Vein with Autologous Venous Tissue, Open Approach", "05170AY": "Bypass Right Axillary Vein to Upper Vein with Autologous Arterial Tissue, Open Approach", "05170JY": "Bypass Right Axillary Vein to Upper Vein with Synthetic Substitute, Open Approach", "05170KY": "Bypass Right Axillary Vein to Upper Vein with Nonautologous Tissue Substitute, Open Approach", "05170ZY": "Bypass Right Axillary Vein to Upper Vein, Open Approach", "051747Y": "Bypass Right Axillary Vein to Upper Vein with Autologous Tissue Substitute, Percutaneous Endoscopic Approach", "051749Y": "Bypass Right Axillary Vein to Upper Vein with Autologous Venous Tissue, Percutaneous Endoscopic Approach", "05174AY": "Bypass Right Axillary Vein to Upper Vein with Autologous Arterial Tissue, Percutaneous Endoscopic Approach", "05174JY": "Bypass Right Axillary Vein to Upper Vein with Synthetic Substitute, Percutaneous Endoscopic Approach", "05174KY": "Bypass Right Axillary Vein to Upper Vein with Nonautologous Tissue Substitute, Percutaneous Endoscopic Approach", "05174ZY": "Bypass Right Axillary Vein to Upper Vein, Percutaneous Endoscopic Approach", "051807Y": "Bypass Left Axillary Vein to Upper Vein with Autologous Tissue Substitute, Open Approach", "051809Y": "Bypass Left Axillary Vein to Upper Vein with Autologous Venous Tissue, Open Approach", "05180AY": "Bypass Left Axillary Vein to Upper Vein with Autologous Arterial Tissue, Open Approach", "05180JY": "Bypass Left Axillary Vein to Upper Vein with Synthetic Substitute, Open Approach", "05180KY": "Bypass Left Axillary Vein to Upper Vein with Nonautologous Tissue Substitute, Open Approach", "05180ZY": "Bypass Left Axillary Vein to Upper Vein, Open Approach", "051847Y": "Bypass Left Axillary Vein to Upper Vein with Autologous Tissue Substitute, Percutaneous Endoscopic Approach", "051849Y": "Bypass Left Axillary Vein to Upper Vein with Autologous Venous Tissue, Percutaneous Endoscopic Approach", "05184AY": "Bypass Left Axillary Vein to Upper Vein with Autologous Arterial Tissue, Percutaneous Endoscopic Approach", "05184JY": "Bypass Left Axillary Vein to Upper Vein with Synthetic Substitute, Percutaneous Endoscopic Approach", "05184KY": "Bypass Left Axillary Vein to Upper Vein with Nonautologous Tissue Substitute, Percutaneous Endoscopic Approach", "05184ZY": "Bypass Left Axillary Vein to Upper Vein, Percutaneous Endoscopic Approach", "051907Y": "Bypass Right Brachial Vein to Upper Vein with Autologous Tissue Substitute, Open Approach", "051909Y": "Bypass Right Brachial Vein to Upper Vein with Autologous Venous Tissue, Open Approach", "05190AY": "Bypass Right Brachial Vein to Upper Vein with Autologous Arterial Tissue, Open Approach", "05190JY": "Bypass Right Brachial Vein to Upper Vein with Synthetic Substitute, Open Approach", "05190KY": "Bypass Right Brachial Vein to Upper Vein with Nonautologous Tissue Substitute, Open Approach", "05190ZY": "Bypass Right Brachial Vein to Upper Vein, Open Approach", "051947Y": "Bypass Right Brachial Vein to Upper Vein with Autologous Tissue Substitute, Percutaneous Endoscopic Approach", "051949Y": "Bypass Right Brachial Vein to Upper Vein with Autologous Venous Tissue, Percutaneous Endoscopic Approach", "05194AY": "Bypass Right Brachial Vein to Upper Vein with Autologous Arterial Tissue, Percutaneous Endoscopic Approach", "05194JY": "Bypass Right Brachial Vein to Upper Vein with Synthetic Substitute, Percutaneous Endoscopic Approach", "05194KY": "Bypass Right Brachial Vein to Upper Vein with Nonautologous Tissue Substitute, Percutaneous Endoscopic Approach", "05194ZY": "Bypass Right Brachial Vein to Upper Vein, Percutaneous Endoscopic Approach", "051A07Y": "Bypass Left Brachial Vein to Upper Vein with Autologous Tissue Substitute, Open Approach", "051A09Y": "Bypass Left Brachial Vein to Upper Vein with Autologous Venous Tissue, Open Approach", "051A0AY": "Bypass Left Brachial Vein to Upper Vein with Autologous Arterial Tissue, Open Approach", "051A0JY": "Bypass Left Brachial Vein to Upper Vein with Synthetic Substitute, Open Approach", "051A0KY": "Bypass Left Brachial Vein to Upper Vein with Nonautologous Tissue Substitute, Open Approach", "051A0ZY": "Bypass Left Brachial Vein to Upper Vein, Open Approach", "051A47Y": "Bypass Left Brachial Vein to Upper Vein with Autologous Tissue Substitute, Percutaneous Endoscopic Approach", "051A49Y": "Bypass Left Brachial Vein to Upper Vein with Autologous Venous Tissue, Percutaneous Endoscopic Approach", "051A4AY": "Bypass Left Brachial Vein to Upper Vein with Autologous Arterial Tissue, Percutaneous Endoscopic Approach", "051A4JY": "Bypass Left Brachial Vein to Upper Vein with Synthetic Substitute, Percutaneous Endoscopic Approach", "051A4KY": "Bypass Left Brachial Vein to Upper Vein with Nonautologous Tissue Substitute, Percutaneous Endoscopic Approach", "051A4ZY": "Bypass Left Brachial Vein to Upper Vein, Percutaneous Endoscopic Approach", "051B07Y": "Bypass Right Basilic Vein to Upper Vein with Autologous Tissue Substitute, Open Approach", "051B09Y": "Bypass Right Basilic Vein to Upper Vein with Autologous Venous Tissue, Open Approach", "051B0AY": "Bypass Right Basilic Vein to Upper Vein with Autologous Arterial Tissue, Open Approach", "051B0JY": "Bypass Right Basilic Vein to Upper Vein with Synthetic Substitute, Open Approach", "051B0KY": "Bypass Right Basilic Vein to Upper Vein with Nonautologous Tissue Substitute, Open Approach", "051B0ZY": "Bypass Right Basilic Vein to Upper Vein, Open Approach", "051B47Y": "Bypass Right Basilic Vein to Upper Vein with Autologous Tissue Substitute, Percutaneous Endoscopic Approach", "051B49Y": "Bypass Right Basilic Vein to Upper Vein with Autologous Venous Tissue, Percutaneous Endoscopic Approach", "051B4AY": "Bypass Right Basilic Vein to Upper Vein with Autologous Arterial Tissue, Percutaneous Endoscopic Approach", "051B4JY": "Bypass Right Basilic Vein to Upper Vein with Synthetic Substitute, Percutaneous Endoscopic Approach", "051B4KY": "Bypass Right Basilic Vein to Upper Vein with Nonautologous Tissue Substitute, Percutaneous Endoscopic Approach", "051B4ZY": "Bypass Right Basilic Vein to Upper Vein, Percutaneous Endoscopic Approach", "051C07Y": "Bypass Left Basilic Vein to Upper Vein with Autologous Tissue Substitute, Open Approach", "051C09Y": "Bypass Left Basilic Vein to Upper Vein with Autologous Venous Tissue, Open Approach", "051C0AY": "Bypass Left Basilic Vein to Upper Vein with Autologous Arterial Tissue, Open Approach", "051C0JY": "Bypass Left Basilic Vein to Upper Vein with Synthetic Substitute, Open Approach", "051C0KY": "Bypass Left Basilic Vein to Upper Vein with Nonautologous Tissue Substitute, Open Approach", "051C0ZY": "Bypass Left Basilic Vein to Upper Vein, Open Approach", "051C47Y": "Bypass Left Basilic Vein to Upper Vein with Autologous Tissue Substitute, Percutaneous Endoscopic Approach", "051C49Y": "Bypass Left Basilic Vein to Upper Vein with Autologous Venous Tissue, Percutaneous Endoscopic Approach", "051C4AY": "Bypass Left Basilic Vein to Upper Vein with Autologous Arterial Tissue, Percutaneous Endoscopic Approach", "051C4JY": "Bypass Left Basilic Vein to Upper Vein with Synthetic Substitute, Percutaneous Endoscopic Approach", "051C4KY": "Bypass Left Basilic Vein to Upper Vein with Nonautologous Tissue Substitute, Percutaneous Endoscopic Approach", "051C4ZY": "Bypass Left Basilic Vein to Upper Vein, Percutaneous Endoscopic Approach", "051D07Y": "Bypass Right Cephalic Vein to Upper Vein with Autologous Tissue Substitute, Open Approach", "051D09Y": "Bypass Right Cephalic Vein to Upper Vein with Autologous Venous Tissue, Open Approach", "051D0AY": "Bypass Right Cephalic Vein to Upper Vein with Autologous Arterial Tissue, Open Approach", "051D0JY": "Bypass Right Cephalic Vein to Upper Vein with Synthetic Substitute, Open Approach", "051D0KY": "Bypass Right Cephalic Vein to Upper Vein with Nonautologous Tissue Substitute, Open Approach", "051D0ZY": "Bypass Right Cephalic Vein to Upper Vein, Open Approach", "051D47Y": "Bypass Right Cephalic Vein to Upper Vein with Autologous Tissue Substitute, Percutaneous Endoscopic Approach", "051D49Y": "Bypass Right Cephalic Vein to Upper Vein with Autologous Venous Tissue, Percutaneous Endoscopic Approach", "051D4AY": "Bypass Right Cephalic Vein to Upper Vein with Autologous Arterial Tissue, Percutaneous Endoscopic Approach", "051D4JY": "Bypass Right Cephalic Vein to Upper Vein with Synthetic Substitute, Percutaneous Endoscopic Approach", "051D4KY": "Bypass Right Cephalic Vein to Upper Vein with Nonautologous Tissue Substitute, Percutaneous Endoscopic Approach", "051D4ZY": "Bypass Right Cephalic Vein to Upper Vein, Percutaneous Endoscopic Approach", "051F07Y": "Bypass Left Cephalic Vein to Upper Vein with Autologous Tissue Substitute, Open Approach", "051F09Y": "Bypass Left Cephalic Vein to Upper Vein with Autologous Venous Tissue, Open Approach", "051F0AY": "Bypass Left Cephalic Vein to Upper Vein with Autologous Arterial Tissue, Open Approach", "051F0JY": "Bypass Left Cephalic Vein to Upper Vein with Synthetic Substitute, Open Approach", "051F0KY": "Bypass Left Cephalic Vein to Upper Vein with Nonautologous Tissue Substitute, Open Approach", "051F0ZY": "Bypass Left Cephalic Vein to Upper Vein, Open Approach", "051F47Y": "Bypass Left Cephalic Vein to Upper Vein with Autologous Tissue Substitute, Percutaneous Endoscopic Approach", "051F49Y": "Bypass Left Cephalic Vein to Upper Vein with Autologous Venous Tissue, Percutaneous Endoscopic Approach", "051F4AY": "Bypass Left Cephalic Vein to Upper Vein with Autologous Arterial Tissue, Percutaneous Endoscopic Approach", "051F4JY": "Bypass Left Cephalic Vein to Upper Vein with Synthetic Substitute, Percutaneous Endoscopic Approach", "051F4KY": "Bypass Left Cephalic Vein to Upper Vein with Nonautologous Tissue Substitute, Percutaneous Endoscopic Approach", "051F4ZY": "Bypass Left Cephalic Vein to Upper Vein, Percutaneous Endoscopic Approach", "051G07Y": "Bypass Right Hand Vein to Upper Vein with Autologous Tissue Substitute, Open Approach", "051G09Y": "Bypass Right Hand Vein to Upper Vein with Autologous Venous Tissue, Open Approach", "051G0AY": "Bypass Right Hand Vein to Upper Vein with Autologous Arterial Tissue, Open Approach", "051G0JY": "Bypass Right Hand Vein to Upper Vein with Synthetic Substitute, Open Approach", "051G0KY": "Bypass Right Hand Vein to Upper Vein with Nonautologous Tissue Substitute, Open Approach", "051G0ZY": "Bypass Right Hand Vein to Upper Vein, Open Approach", "051G47Y": "Bypass Right Hand Vein to Upper Vein with Autologous Tissue Substitute, Percutaneous Endoscopic Approach", "051G49Y": "Bypass Right Hand Vein to Upper Vein with Autologous Venous Tissue, Percutaneous Endoscopic Approach", "051G4AY": "Bypass Right Hand Vein to Upper Vein with Autologous Arterial Tissue, Percutaneous Endoscopic Approach", "051G4JY": "Bypass Right Hand Vein to Upper Vein with Synthetic Substitute, Percutaneous Endoscopic Approach", "051G4KY": "Bypass Right Hand Vein to Upper Vein with Nonautologous Tissue Substitute, Percutaneous Endoscopic Approach", "051G4ZY": "Bypass Right Hand Vein to Upper Vein, Percutaneous Endoscopic Approach", "051H07Y": "Bypass Left Hand Vein to Upper Vein with Autologous Tissue Substitute, Open Approach", "051H09Y": "Bypass Left Hand Vein to Upper Vein with Autologous Venous Tissue, Open Approach", "051H0AY": "Bypass Left Hand Vein to Upper Vein with Autologous Arterial Tissue, Open Approach", "051H0JY": "Bypass Left Hand Vein to Upper Vein with Synthetic Substitute, Open Approach", "051H0KY": "Bypass Left Hand Vein to Upper Vein with Nonautologous Tissue Substitute, Open Approach", "051H0ZY": "Bypass Left Hand Vein to Upper Vein, Open Approach", "051H47Y": "Bypass Left Hand Vein to Upper Vein with Autologous Tissue Substitute, Percutaneous Endoscopic Approach", "051H49Y": "Bypass Left Hand Vein to Upper Vein with Autologous Venous Tissue, Percutaneous Endoscopic Approach", "051H4AY": "Bypass Left Hand Vein to Upper Vein with Autologous Arterial Tissue, Percutaneous Endoscopic Approach", "051H4JY": "Bypass Left Hand Vein to Upper Vein with Synthetic Substitute, Percutaneous Endoscopic Approach", "051H4KY": "Bypass Left Hand Vein to Upper Vein with Nonautologous Tissue Substitute, Percutaneous Endoscopic Approach", "051H4ZY": "Bypass Left Hand Vein to Upper Vein, Percutaneous Endoscopic Approach", "051L07Y": "Bypass Intracranial Vein to Upper Vein with Autologous Tissue Substitute, Open Approach", "051L09Y": "Bypass Intracranial Vein to Upper Vein with Autologous Venous Tissue, Open Approach", "051L0AY": "Bypass Intracranial Vein to Upper Vein with Autologous Arterial Tissue, Open Approach", "051L0JY": "Bypass Intracranial Vein to Upper Vein with Synthetic Substitute, Open Approach", "051L0KY": "Bypass Intracranial Vein to Upper Vein with Nonautologous Tissue Substitute, Open Approach", "051L0ZY": "Bypass Intracranial Vein to Upper Vein, Open Approach", "051L47Y": "Bypass Intracranial Vein to Upper Vein with Autologous Tissue Substitute, Percutaneous Endoscopic Approach", "051L49Y": "Bypass Intracranial Vein to Upper Vein with Autologous Venous Tissue, Percutaneous Endoscopic Approach", "051L4AY": "Bypass Intracranial Vein to Upper Vein with Autologous Arterial Tissue, Percutaneous Endoscopic Approach", "051L4JY": "Bypass Intracranial Vein to Upper Vein with Synthetic Substitute, Percutaneous Endoscopic Approach", "051L4KY": "Bypass Intracranial Vein to Upper Vein with Nonautologous Tissue Substitute, Percutaneous Endoscopic Approach", "051L4ZY": "Bypass Intracranial Vein to Upper Vein, Percutaneous Endoscopic Approach", "051M07Y": "Bypass Right Internal Jugular Vein to Upper Vein with Autologous Tissue Substitute, Open Approach", "051M09Y": "Bypass Right Internal Jugular Vein to Upper Vein with Autologous Venous Tissue, Open Approach", "051M0AY": "Bypass Right Internal Jugular Vein to Upper Vein with Autologous Arterial Tissue, Open Approach", "051M0JY": "Bypass Right Internal Jugular Vein to Upper Vein with Synthetic Substitute, Open Approach", "051M0KY": "Bypass Right Internal Jugular Vein to Upper Vein with Nonautologous Tissue Substitute, Open Approach", "051M0ZY": "Bypass Right Internal Jugular Vein to Upper Vein, Open Approach", "051M47Y": "Bypass Right Internal Jugular Vein to Upper Vein with Autologous Tissue Substitute, Percutaneous Endoscopic Approach", "051M49Y": "Bypass Right Internal Jugular Vein to Upper Vein with Autologous Venous Tissue, Percutaneous Endoscopic Approach", "051M4AY": "Bypass Right Internal Jugular Vein to Upper Vein with Autologous Arterial Tissue, Percutaneous Endoscopic Approach", "051M4JY": "Bypass Right Internal Jugular Vein to Upper Vein with Synthetic Substitute, Percutaneous Endoscopic Approach", "051M4KY": "Bypass Right Internal Jugular Vein to Upper Vein with Nonautologous Tissue Substitute, Percutaneous Endoscopic Approach", "051M4ZY": "Bypass Right Internal Jugular Vein to Upper Vein, Percutaneous Endoscopic Approach", "051N07Y": "Bypass Left Internal Jugular Vein to Upper Vein with Autologous Tissue Substitute, Open Approach", "051N09Y": "Bypass Left Internal Jugular Vein to Upper Vein with Autologous Venous Tissue, Open Approach", "051N0AY": "Bypass Left Internal Jugular Vein to Upper Vein with Autologous Arterial Tissue, Open Approach", "051N0JY": "Bypass Left Internal Jugular Vein to Upper Vein with Synthetic Substitute, Open Approach", "051N0KY": "Bypass Left Internal Jugular Vein to Upper Vein with Nonautologous Tissue Substitute, Open Approach", "051N0ZY": "Bypass Left Internal Jugular Vein to Upper Vein, Open Approach", "051N47Y": "Bypass Left Internal Jugular Vein to Upper Vein with Autologous Tissue Substitute, Percutaneous Endoscopic Approach", "051N49Y": "Bypass Left Internal Jugular Vein to Upper Vein with Autologous Venous Tissue, Percutaneous Endoscopic Approach", "051N4AY": "Bypass Left Internal Jugular Vein to Upper Vein with Autologous Arterial Tissue, Percutaneous Endoscopic Approach", "051N4JY": "Bypass Left Internal Jugular Vein to Upper Vein with Synthetic Substitute, Percutaneous Endoscopic Approach", "051N4KY": "Bypass Left Internal Jugular Vein to Upper Vein with Nonautologous Tissue Substitute, Percutaneous Endoscopic Approach", "051N4ZY": "Bypass Left Internal Jugular Vein to Upper Vein, Percutaneous Endoscopic Approach", "051P07Y": "Bypass Right External Jugular Vein to Upper Vein with Autologous Tissue Substitute, Open Approach", "051P09Y": "Bypass Right External Jugular Vein to Upper Vein with Autologous Venous Tissue, Open Approach", "051P0AY": "Bypass Right External Jugular Vein to Upper Vein with Autologous Arterial Tissue, Open Approach", "051P0JY": "Bypass Right External Jugular Vein to Upper Vein with Synthetic Substitute, Open Approach", "051P0KY": "Bypass Right External Jugular Vein to Upper Vein with Nonautologous Tissue Substitute, Open Approach", "051P0ZY": "Bypass Right External Jugular Vein to Upper Vein, Open Approach", "051P47Y": "Bypass Right External Jugular Vein to Upper Vein with Autologous Tissue Substitute, Percutaneous Endoscopic Approach", "051P49Y": "Bypass Right External Jugular Vein to Upper Vein with Autologous Venous Tissue, Percutaneous Endoscopic Approach", "051P4AY": "Bypass Right External Jugular Vein to Upper Vein with Autologous Arterial Tissue, Percutaneous Endoscopic Approach", "051P4JY": "Bypass Right External Jugular Vein to Upper Vein with Synthetic Substitute, Percutaneous Endoscopic Approach", "051P4KY": "Bypass Right External Jugular Vein to Upper Vein with Nonautologous Tissue Substitute, Percutaneous Endoscopic Approach", "051P4ZY": "Bypass Right External Jugular Vein to Upper Vein, Percutaneous Endoscopic Approach", "051Q07Y": "Bypass Left External Jugular Vein to Upper Vein with Autologous Tissue Substitute, Open Approach", "051Q09Y": "Bypass Left External Jugular Vein to Upper Vein with Autologous Venous Tissue, Open Approach", "051Q0AY": "Bypass Left External Jugular Vein to Upper Vein with Autologous Arterial Tissue, Open Approach", "051Q0JY": "Bypass Left External Jugular Vein to Upper Vein with Synthetic Substitute, Open Approach", "051Q0KY": "Bypass Left External Jugular Vein to Upper Vein with Nonautologous Tissue Substitute, Open Approach", "051Q0ZY": "Bypass Left External Jugular Vein to Upper Vein, Open Approach", "051Q47Y": "Bypass Left External Jugular Vein to Upper Vein with Autologous Tissue Substitute, Percutaneous Endoscopic Approach", "051Q49Y": "Bypass Left External Jugular Vein to Upper Vein with Autologous Venous Tissue, Percutaneous Endoscopic Approach", "051Q4AY": "Bypass Left External Jugular Vein to Upper Vein with Autologous Arterial Tissue, Percutaneous Endoscopic Approach", "051Q4JY": "Bypass Left External Jugular Vein to Upper Vein with Synthetic Substitute, Percutaneous Endoscopic Approach", "051Q4KY": "Bypass Left External Jugular Vein to Upper Vein with Nonautologous Tissue Substitute, Percutaneous Endoscopic Approach", "051Q4ZY": "Bypass Left External Jugular Vein to Upper Vein, Percutaneous Endoscopic Approach", "051R07Y": "Bypass Right Vertebral Vein to Upper Vein with Autologous Tissue Substitute, Open Approach", "051R09Y": "Bypass Right Vertebral Vein to Upper Vein with Autologous Venous Tissue, Open Approach", "051R0AY": "Bypass Right Vertebral Vein to Upper Vein with Autologous Arterial Tissue, Open Approach", "051R0JY": "Bypass Right Vertebral Vein to Upper Vein with Synthetic Substitute, Open Approach", "051R0KY": "Bypass Right Vertebral Vein to Upper Vein with Nonautologous Tissue Substitute, Open Approach", "051R0ZY": "Bypass Right Vertebral Vein to Upper Vein, Open Approach", "051R47Y": "Bypass Right Vertebral Vein to Upper Vein with Autologous Tissue Substitute, Percutaneous Endoscopic Approach", "051R49Y": "Bypass Right Vertebral Vein to Upper Vein with Autologous Venous Tissue, Percutaneous Endoscopic Approach", "051R4AY": "Bypass Right Vertebral Vein to Upper Vein with Autologous Arterial Tissue, Percutaneous Endoscopic Approach", "051R4JY": "Bypass Right Vertebral Vein to Upper Vein with Synthetic Substitute, Percutaneous Endoscopic Approach", "051R4KY": "Bypass Right Vertebral Vein to Upper Vein with Nonautologous Tissue Substitute, Percutaneous Endoscopic Approach", "051R4ZY": "Bypass Right Vertebral Vein to Upper Vein, Percutaneous Endoscopic Approach", "051S07Y": "Bypass Left Vertebral Vein to Upper Vein with Autologous Tissue Substitute, Open Approach", "051S09Y": "Bypass Left Vertebral Vein to Upper Vein with Autologous Venous Tissue, Open Approach", "051S0AY": "Bypass Left Vertebral Vein to Upper Vein with Autologous Arterial Tissue, Open Approach", "051S0JY": "Bypass Left Vertebral Vein to Upper Vein with Synthetic Substitute, Open Approach", "051S0KY": "Bypass Left Vertebral Vein to Upper Vein with Nonautologous Tissue Substitute, Open Approach", "051S0ZY": "Bypass Left Vertebral Vein to Upper Vein, Open Approach", "051S47Y": "Bypass Left Vertebral Vein to Upper Vein with Autologous Tissue Substitute, Percutaneous Endoscopic Approach", "051S49Y": "Bypass Left Vertebral Vein to Upper Vein with Autologous Venous Tissue, Percutaneous Endoscopic Approach", "051S4AY": "Bypass Left Vertebral Vein to Upper Vein with Autologous Arterial Tissue, Percutaneous Endoscopic Approach", "051S4JY": "Bypass Left Vertebral Vein to Upper Vein with Synthetic Substitute, Percutaneous Endoscopic Approach", "051S4KY": "Bypass Left Vertebral Vein to Upper Vein with Nonautologous Tissue Substitute, Percutaneous Endoscopic Approach", "051S4ZY": "Bypass Left Vertebral Vein to Upper Vein, Percutaneous Endoscopic Approach", "051T07Y": "Bypass Right Face Vein to Upper Vein with Autologous Tissue Substitute, Open Approach", "051T09Y": "Bypass Right Face Vein to Upper Vein with Autologous Venous Tissue, Open Approach", "051T0AY": "Bypass Right Face Vein to Upper Vein with Autologous Arterial Tissue, Open Approach", "051T0JY": "Bypass Right Face Vein to Upper Vein with Synthetic Substitute, Open Approach", "051T0KY": "Bypass Right Face Vein to Upper Vein with Nonautologous Tissue Substitute, Open Approach", "051T0ZY": "Bypass Right Face Vein to Upper Vein, Open Approach", "051T47Y": "Bypass Right Face Vein to Upper Vein with Autologous Tissue Substitute, Percutaneous Endoscopic Approach", "051T49Y": "Bypass Right Face Vein to Upper Vein with Autologous Venous Tissue, Percutaneous Endoscopic Approach", "051T4AY": "Bypass Right Face Vein to Upper Vein with Autologous Arterial Tissue, Percutaneous Endoscopic Approach", "051T4JY": "Bypass Right Face Vein to Upper Vein with Synthetic Substitute, Percutaneous Endoscopic Approach", "051T4KY": "Bypass Right Face Vein to Upper Vein with Nonautologous Tissue Substitute, Percutaneous Endoscopic Approach", "051T4ZY": "Bypass Right Face Vein to Upper Vein, Percutaneous Endoscopic Approach", "051V07Y": "Bypass Left Face Vein to Upper Vein with Autologous Tissue Substitute, Open Approach", "051V09Y": "Bypass Left Face Vein to Upper Vein with Autologous Venous Tissue, Open Approach", "051V0AY": "Bypass Left Face Vein to Upper Vein with Autologous Arterial Tissue, Open Approach", "051V0JY": "Bypass Left Face Vein to Upper Vein with Synthetic Substitute, Open Approach", "051V0KY": "Bypass Left Face Vein to Upper Vein with Nonautologous Tissue Substitute, Open Approach", "051V0ZY": "Bypass Left Face Vein to Upper Vein, Open Approach", "051V47Y": "Bypass Left Face Vein to Upper Vein with Autologous Tissue Substitute, Percutaneous Endoscopic Approach", "051V49Y": "Bypass Left Face Vein to Upper Vein with Autologous Venous Tissue, Percutaneous Endoscopic Approach", "051V4AY": "Bypass Left Face Vein to Upper Vein with Autologous Arterial Tissue, Percutaneous Endoscopic Approach", "051V4JY": "Bypass Left Face Vein to Upper Vein with Synthetic Substitute, Percutaneous Endoscopic Approach", "051V4KY": "Bypass Left Face Vein to Upper Vein with Nonautologous Tissue Substitute, Percutaneous Endoscopic Approach", "051V4ZY": "Bypass Left Face Vein to Upper Vein, Percutaneous Endoscopic Approach"}