{"057": "Upper Veins, Dilation", "05700DZ": "Dilation of Azygos Vein with Intraluminal Device, Open Approach", "05700ZZ": "Dilation of Azygos Vein, Open Approach", "05703DZ": "Dilation of Azygos Vein with Intraluminal Device, Percutaneous Approach", "05703ZZ": "Dilation of Azygos Vein, Percutaneous Approach", "05704DZ": "Dilation of Azygos Vein with Intraluminal Device, Percutaneous Endoscopic Approach", "05704ZZ": "Dilation of Azygos Vein, Percutaneous Endoscopic Approach", "05710DZ": "Dilation of Hemiazygos Vein with Intraluminal Device, Open Approach", "05710ZZ": "Dilation of Hemiazygos Vein, Open Approach", "05713DZ": "Dilation of Hemiazygos Vein with Intraluminal Device, Percutaneous Approach", "05713ZZ": "Dilation of Hemiazygos Vein, Percutaneous Approach", "05714DZ": "Dilation of Hemiazygos Vein with Intraluminal Device, Percutaneous Endoscopic Approach", "05714ZZ": "Dilation of Hemiazygos Vein, Percutaneous Endoscopic Approach", "05730D1": "Dilation of Right Innominate Vein with Intraluminal Device, using Drug-Coated Balloon, Open Approach", "05730DZ": "Dilation of Right Innominate Vein with Intraluminal Device, Open Approach", "05730Z1": "Dilation of Right Innominate Vein using Drug-Coated Balloon, Open Approach", "05730ZZ": "Dilation of Right Innominate Vein, Open Approach", "05733D1": "Dilation of Right Innominate Vein with Intraluminal Device, using Drug-Coated Balloon, Percutaneous Approach", "05733DZ": "Dilation of Right Innominate Vein with Intraluminal Device, Percutaneous Approach", "05733Z1": "Dilation of Right Innominate Vein using Drug-Coated Balloon, Percutaneous Approach", "05733ZZ": "Dilation of Right Innominate Vein, Percutaneous Approach", "05734D1": "Dilation of Right Innominate Vein with Intraluminal Device, using Drug-Coated Balloon, Percutaneous Endoscopic Approach", "05734DZ": "Dilation of Right Innominate Vein with Intraluminal Device, Percutaneous Endoscopic Approach", "05734Z1": "Dilation of Right Innominate Vein using Drug-Coated Balloon, Percutaneous Endoscopic Approach", "05734ZZ": "Dilation of Right Innominate Vein, Percutaneous Endoscopic Approach", "05740D1": "Dilation of Left Innominate Vein with Intraluminal Device, using Drug-Coated Balloon, Open Approach", "05740DZ": "Dilation of Left Innominate Vein with Intraluminal Device, Open Approach", "05740Z1": "Dilation of Left Innominate Vein using Drug-Coated Balloon, Open Approach", "05740ZZ": "Dilation of Left Innominate Vein, Open Approach", "05743D1": "Dilation of Left Innominate Vein with Intraluminal Device, using Drug-Coated Balloon, Percutaneous Approach", "05743DZ": "Dilation of Left Innominate Vein with Intraluminal Device, Percutaneous Approach", "05743Z1": "Dilation of Left Innominate Vein using Drug-Coated Balloon, Percutaneous Approach", "05743ZZ": "Dilation of Left Innominate Vein, Percutaneous Approach", "05744D1": "Dilation of Left Innominate Vein with Intraluminal Device, using Drug-Coated Balloon, Percutaneous Endoscopic Approach", "05744DZ": "Dilation of Left Innominate Vein with Intraluminal Device, Percutaneous Endoscopic Approach", "05744Z1": "Dilation of Left Innominate Vein using Drug-Coated Balloon, Percutaneous Endoscopic Approach", "05744ZZ": "Dilation of Left Innominate Vein, Percutaneous Endoscopic Approach", "05750D1": "Dilation of Right Subclavian Vein with Intraluminal Device, using Drug-Coated Balloon, Open Approach", "05750DZ": "Dilation of Right Subclavian Vein with Intraluminal Device, Open Approach", "05750Z1": "Dilation of Right Subclavian Vein using Drug-Coated Balloon, Open Approach", "05750ZZ": "Dilation of Right Subclavian Vein, Open Approach", "05753D1": "Dilation of Right Subclavian Vein with Intraluminal Device, using Drug-Coated Balloon, Percutaneous Approach", "05753DZ": "Dilation of Right Subclavian Vein with Intraluminal Device, Percutaneous Approach", "05753Z1": "Dilation of Right Subclavian Vein using Drug-Coated Balloon, Percutaneous Approach", "05753ZZ": "Dilation of Right Subclavian Vein, Percutaneous Approach", "05754D1": "Dilation of Right Subclavian Vein with Intraluminal Device, using Drug-Coated Balloon, Percutaneous Endoscopic Approach", "05754DZ": "Dilation of Right Subclavian Vein with Intraluminal Device, Percutaneous Endoscopic Approach", "05754Z1": "Dilation of Right Subclavian Vein using Drug-Coated Balloon, Percutaneous Endoscopic Approach", "05754ZZ": "Dilation of Right Subclavian Vein, Percutaneous Endoscopic Approach", "05760D1": "Dilation of Left Subclavian Vein with Intraluminal Device, using Drug-Coated Balloon, Open Approach", "05760DZ": "Dilation of Left Subclavian Vein with Intraluminal Device, Open Approach", "05760Z1": "Dilation of Left Subclavian Vein using Drug-Coated Balloon, Open Approach", "05760ZZ": "Dilation of Left Subclavian Vein, Open Approach", "05763D1": "Dilation of Left Subclavian Vein with Intraluminal Device, using Drug-Coated Balloon, Percutaneous Approach", "05763DZ": "Dilation of Left Subclavian Vein with Intraluminal Device, Percutaneous Approach", "05763Z1": "Dilation of Left Subclavian Vein using Drug-Coated Balloon, Percutaneous Approach", "05763ZZ": "Dilation of Left Subclavian Vein, Percutaneous Approach", "05764D1": "Dilation of Left Subclavian Vein with Intraluminal Device, using Drug-Coated Balloon, Percutaneous Endoscopic Approach", "05764DZ": "Dilation of Left Subclavian Vein with Intraluminal Device, Percutaneous Endoscopic Approach", "05764Z1": "Dilation of Left Subclavian Vein using Drug-Coated Balloon, Percutaneous Endoscopic Approach", "05764ZZ": "Dilation of Left Subclavian Vein, Percutaneous Endoscopic Approach", "05770D1": "Dilation of Right Axillary Vein with Intraluminal Device, using Drug-Coated Balloon, Open Approach", "05770DZ": "Dilation of Right Axillary Vein with Intraluminal Device, Open Approach", "05770Z1": "Dilation of Right Axillary Vein using Drug-Coated Balloon, Open Approach", "05770ZZ": "Dilation of Right Axillary Vein, Open Approach", "05773D1": "Dilation of Right Axillary Vein with Intraluminal Device, using Drug-Coated Balloon, Percutaneous Approach", "05773DZ": "Dilation of Right Axillary Vein with Intraluminal Device, Percutaneous Approach", "05773Z1": "Dilation of Right Axillary Vein using Drug-Coated Balloon, Percutaneous Approach", "05773ZZ": "Dilation of Right Axillary Vein, Percutaneous Approach", "05774D1": "Dilation of Right Axillary Vein with Intraluminal Device, using Drug-Coated Balloon, Percutaneous Endoscopic Approach", "05774DZ": "Dilation of Right Axillary Vein with Intraluminal Device, Percutaneous Endoscopic Approach", "05774Z1": "Dilation of Right Axillary Vein using Drug-Coated Balloon, Percutaneous Endoscopic Approach", "05774ZZ": "Dilation of Right Axillary Vein, Percutaneous Endoscopic Approach", "05780D1": "Dilation of Left Axillary Vein with Intraluminal Device, using Drug-Coated Balloon, Open Approach", "05780DZ": "Dilation of Left Axillary Vein with Intraluminal Device, Open Approach", "05780Z1": "Dilation of Left Axillary Vein using Drug-Coated Balloon, Open Approach", "05780ZZ": "Dilation of Left Axillary Vein, Open Approach", "05783D1": "Dilation of Left Axillary Vein with Intraluminal Device, using Drug-Coated Balloon, Percutaneous Approach", "05783DZ": "Dilation of Left Axillary Vein with Intraluminal Device, Percutaneous Approach", "05783Z1": "Dilation of Left Axillary Vein using Drug-Coated Balloon, Percutaneous Approach", "05783ZZ": "Dilation of Left Axillary Vein, Percutaneous Approach", "05784D1": "Dilation of Left Axillary Vein with Intraluminal Device, using Drug-Coated Balloon, Percutaneous Endoscopic Approach", "05784DZ": "Dilation of Left Axillary Vein with Intraluminal Device, Percutaneous Endoscopic Approach", "05784Z1": "Dilation of Left Axillary Vein using Drug-Coated Balloon, Percutaneous Endoscopic Approach", "05784ZZ": "Dilation of Left Axillary Vein, Percutaneous Endoscopic Approach", "05790D1": "Dilation of Right Brachial Vein with Intraluminal Device, using Drug-Coated Balloon, Open Approach", "05790DZ": "Dilation of Right Brachial Vein with Intraluminal Device, Open Approach", "05790Z1": "Dilation of Right Brachial Vein using Drug-Coated Balloon, Open Approach", "05790ZZ": "Dilation of Right Brachial Vein, Open Approach", "05793D1": "Dilation of Right Brachial Vein with Intraluminal Device, using Drug-Coated Balloon, Percutaneous Approach", "05793DZ": "Dilation of Right Brachial Vein with Intraluminal Device, Percutaneous Approach", "05793Z1": "Dilation of Right Brachial Vein using Drug-Coated Balloon, Percutaneous Approach", "05793ZZ": "Dilation of Right Brachial Vein, Percutaneous Approach", "05794D1": "Dilation of Right Brachial Vein with Intraluminal Device, using Drug-Coated Balloon, Percutaneous Endoscopic Approach", "05794DZ": "Dilation of Right Brachial Vein with Intraluminal Device, Percutaneous Endoscopic Approach", "05794Z1": "Dilation of Right Brachial Vein using Drug-Coated Balloon, Percutaneous Endoscopic Approach", "05794ZZ": "Dilation of Right Brachial Vein, Percutaneous Endoscopic Approach", "057A0D1": "Dilation of Left Brachial Vein with Intraluminal Device, using Drug-Coated Balloon, Open Approach", "057A0DZ": "Dilation of Left Brachial Vein with Intraluminal Device, Open Approach", "057A0Z1": "Dilation of Left Brachial Vein using Drug-Coated Balloon, Open Approach", "057A0ZZ": "Dilation of Left Brachial Vein, Open Approach", "057A3D1": "Dilation of Left Brachial Vein with Intraluminal Device, using Drug-Coated Balloon, Percutaneous Approach", "057A3DZ": "Dilation of Left Brachial Vein with Intraluminal Device, Percutaneous Approach", "057A3Z1": "Dilation of Left Brachial Vein using Drug-Coated Balloon, Percutaneous Approach", "057A3ZZ": "Dilation of Left Brachial Vein, Percutaneous Approach", "057A4D1": "Dilation of Left Brachial Vein with Intraluminal Device, using Drug-Coated Balloon, Percutaneous Endoscopic Approach", "057A4DZ": "Dilation of Left Brachial Vein with Intraluminal Device, Percutaneous Endoscopic Approach", "057A4Z1": "Dilation of Left Brachial Vein using Drug-Coated Balloon, Percutaneous Endoscopic Approach", "057A4ZZ": "Dilation of Left Brachial Vein, Percutaneous Endoscopic Approach", "057B0D1": "Dilation of Right Basilic Vein with Intraluminal Device, using Drug-Coated Balloon, Open Approach", "057B0DZ": "Dilation of Right Basilic Vein with Intraluminal Device, Open Approach", "057B0Z1": "Dilation of Right Basilic Vein using Drug-Coated Balloon, Open Approach", "057B0ZZ": "Dilation of Right Basilic Vein, Open Approach", "057B3D1": "Dilation of Right Basilic Vein with Intraluminal Device, using Drug-Coated Balloon, Percutaneous Approach", "057B3DZ": "Dilation of Right Basilic Vein with Intraluminal Device, Percutaneous Approach", "057B3Z1": "Dilation of Right Basilic Vein using Drug-Coated Balloon, Percutaneous Approach", "057B3ZZ": "Dilation of Right Basilic Vein, Percutaneous Approach", "057B4D1": "Dilation of Right Basilic Vein with Intraluminal Device, using Drug-Coated Balloon, Percutaneous Endoscopic Approach", "057B4DZ": "Dilation of Right Basilic Vein with Intraluminal Device, Percutaneous Endoscopic Approach", "057B4Z1": "Dilation of Right Basilic Vein using Drug-Coated Balloon, Percutaneous Endoscopic Approach", "057B4ZZ": "Dilation of Right Basilic Vein, Percutaneous Endoscopic Approach", "057C0D1": "Dilation of Left Basilic Vein with Intraluminal Device, using Drug-Coated Balloon, Open Approach", "057C0DZ": "Dilation of Left Basilic Vein with Intraluminal Device, Open Approach", "057C0Z1": "Dilation of Left Basilic Vein using Drug-Coated Balloon, Open Approach", "057C0ZZ": "Dilation of Left Basilic Vein, Open Approach", "057C3D1": "Dilation of Left Basilic Vein with Intraluminal Device, using Drug-Coated Balloon, Percutaneous Approach", "057C3DZ": "Dilation of Left Basilic Vein with Intraluminal Device, Percutaneous Approach", "057C3Z1": "Dilation of Left Basilic Vein using Drug-Coated Balloon, Percutaneous Approach", "057C3ZZ": "Dilation of Left Basilic Vein, Percutaneous Approach", "057C4D1": "Dilation of Left Basilic Vein with Intraluminal Device, using Drug-Coated Balloon, Percutaneous Endoscopic Approach", "057C4DZ": "Dilation of Left Basilic Vein with Intraluminal Device, Percutaneous Endoscopic Approach", "057C4Z1": "Dilation of Left Basilic Vein using Drug-Coated Balloon, Percutaneous Endoscopic Approach", "057C4ZZ": "Dilation of Left Basilic Vein, Percutaneous Endoscopic Approach", "057D0D1": "Dilation of Right Cephalic Vein with Intraluminal Device, using Drug-Coated Balloon, Open Approach", "057D0DZ": "Dilation of Right Cephalic Vein with Intraluminal Device, Open Approach", "057D0Z1": "Dilation of Right Cephalic Vein using Drug-Coated Balloon, Open Approach", "057D0ZZ": "Dilation of Right Cephalic Vein, Open Approach", "057D3D1": "Dilation of Right Cephalic Vein with Intraluminal Device, using Drug-Coated Balloon, Percutaneous Approach", "057D3DZ": "Dilation of Right Cephalic Vein with Intraluminal Device, Percutaneous Approach", "057D3Z1": "Dilation of Right Cephalic Vein using Drug-Coated Balloon, Percutaneous Approach", "057D3ZZ": "Dilation of Right Cephalic Vein, Percutaneous Approach", "057D4D1": "Dilation of Right Cephalic Vein with Intraluminal Device, using Drug-Coated Balloon, Percutaneous Endoscopic Approach", "057D4DZ": "Dilation of Right Cephalic Vein with Intraluminal Device, Percutaneous Endoscopic Approach", "057D4Z1": "Dilation of Right Cephalic Vein using Drug-Coated Balloon, Percutaneous Endoscopic Approach", "057D4ZZ": "Dilation of Right Cephalic Vein, Percutaneous Endoscopic Approach", "057F0D1": "Dilation of Left Cephalic Vein with Intraluminal Device, using Drug-Coated Balloon, Open Approach", "057F0DZ": "Dilation of Left Cephalic Vein with Intraluminal Device, Open Approach", "057F0Z1": "Dilation of Left Cephalic Vein using Drug-Coated Balloon, Open Approach", "057F0ZZ": "Dilation of Left Cephalic Vein, Open Approach", "057F3D1": "Dilation of Left Cephalic Vein with Intraluminal Device, using Drug-Coated Balloon, Percutaneous Approach", "057F3DZ": "Dilation of Left Cephalic Vein with Intraluminal Device, Percutaneous Approach", "057F3Z1": "Dilation of Left Cephalic Vein using Drug-Coated Balloon, Percutaneous Approach", "057F3ZZ": "Dilation of Left Cephalic Vein, Percutaneous Approach", "057F4D1": "Dilation of Left Cephalic Vein with Intraluminal Device, using Drug-Coated Balloon, Percutaneous Endoscopic Approach", "057F4DZ": "Dilation of Left Cephalic Vein with Intraluminal Device, Percutaneous Endoscopic Approach", "057F4Z1": "Dilation of Left Cephalic Vein using Drug-Coated Balloon, Percutaneous Endoscopic Approach", "057F4ZZ": "Dilation of Left Cephalic Vein, Percutaneous Endoscopic Approach", "057G0DZ": "Dilation of Right Hand Vein with Intraluminal Device, Open Approach", "057G0ZZ": "Dilation of Right Hand Vein, Open Approach", "057G3DZ": "Dilation of Right Hand Vein with Intraluminal Device, Percutaneous Approach", "057G3ZZ": "Dilation of Right Hand Vein, Percutaneous Approach", "057G4DZ": "Dilation of Right Hand Vein with Intraluminal Device, Percutaneous Endoscopic Approach", "057G4ZZ": "Dilation of Right Hand Vein, Percutaneous Endoscopic Approach", "057H0DZ": "Dilation of Left Hand Vein with Intraluminal Device, Open Approach", "057H0ZZ": "Dilation of Left Hand Vein, Open Approach", "057H3DZ": "Dilation of Left Hand Vein with Intraluminal Device, Percutaneous Approach", "057H3ZZ": "Dilation of Left Hand Vein, Percutaneous Approach", "057H4DZ": "Dilation of Left Hand Vein with Intraluminal Device, Percutaneous Endoscopic Approach", "057H4ZZ": "Dilation of Left Hand Vein, Percutaneous Endoscopic Approach", "057L0DZ": "Dilation of Intracranial Vein with Intraluminal Device, Open Approach", "057L0ZZ": "Dilation of Intracranial Vein, Open Approach", "057L3DZ": "Dilation of Intracranial Vein with Intraluminal Device, Percutaneous Approach", "057L3ZZ": "Dilation of Intracranial Vein, Percutaneous Approach", "057L4DZ": "Dilation of Intracranial Vein with Intraluminal Device, Percutaneous Endoscopic Approach", "057L4ZZ": "Dilation of Intracranial Vein, Percutaneous Endoscopic Approach", "057M0DZ": "Dilation of Right Internal Jugular Vein with Intraluminal Device, Open Approach", "057M0ZZ": "Dilation of Right Internal Jugular Vein, Open Approach", "057M3DZ": "Dilation of Right Internal Jugular Vein with Intraluminal Device, Percutaneous Approach", "057M3ZZ": "Dilation of Right Internal Jugular Vein, Percutaneous Approach", "057M4DZ": "Dilation of Right Internal Jugular Vein with Intraluminal Device, Percutaneous Endoscopic Approach", "057M4ZZ": "Dilation of Right Internal Jugular Vein, Percutaneous Endoscopic Approach", "057N0DZ": "Dilation of Left Internal Jugular Vein with Intraluminal Device, Open Approach", "057N0ZZ": "Dilation of Left Internal Jugular Vein, Open Approach", "057N3DZ": "Dilation of Left Internal Jugular Vein with Intraluminal Device, Percutaneous Approach", "057N3ZZ": "Dilation of Left Internal Jugular Vein, Percutaneous Approach", "057N4DZ": "Dilation of Left Internal Jugular Vein with Intraluminal Device, Percutaneous Endoscopic Approach", "057N4ZZ": "Dilation of Left Internal Jugular Vein, Percutaneous Endoscopic Approach", "057P0DZ": "Dilation of Right External Jugular Vein with Intraluminal Device, Open Approach", "057P0ZZ": "Dilation of Right External Jugular Vein, Open Approach", "057P3DZ": "Dilation of Right External Jugular Vein with Intraluminal Device, Percutaneous Approach", "057P3ZZ": "Dilation of Right External Jugular Vein, Percutaneous Approach", "057P4DZ": "Dilation of Right External Jugular Vein with Intraluminal Device, Percutaneous Endoscopic Approach", "057P4ZZ": "Dilation of Right External Jugular Vein, Percutaneous Endoscopic Approach", "057Q0DZ": "Dilation of Left External Jugular Vein with Intraluminal Device, Open Approach", "057Q0ZZ": "Dilation of Left External Jugular Vein, Open Approach", "057Q3DZ": "Dilation of Left External Jugular Vein with Intraluminal Device, Percutaneous Approach", "057Q3ZZ": "Dilation of Left External Jugular Vein, Percutaneous Approach", "057Q4DZ": "Dilation of Left External Jugular Vein with Intraluminal Device, Percutaneous Endoscopic Approach", "057Q4ZZ": "Dilation of Left External Jugular Vein, Percutaneous Endoscopic Approach", "057R0DZ": "Dilation of Right Vertebral Vein with Intraluminal Device, Open Approach", "057R0ZZ": "Dilation of Right Vertebral Vein, Open Approach", "057R3DZ": "Dilation of Right Vertebral Vein with Intraluminal Device, Percutaneous Approach", "057R3ZZ": "Dilation of Right Vertebral Vein, Percutaneous Approach", "057R4DZ": "Dilation of Right Vertebral Vein with Intraluminal Device, Percutaneous Endoscopic Approach", "057R4ZZ": "Dilation of Right Vertebral Vein, Percutaneous Endoscopic Approach", "057S0DZ": "Dilation of Left Vertebral Vein with Intraluminal Device, Open Approach", "057S0ZZ": "Dilation of Left Vertebral Vein, Open Approach", "057S3DZ": "Dilation of Left Vertebral Vein with Intraluminal Device, Percutaneous Approach", "057S3ZZ": "Dilation of Left Vertebral Vein, Percutaneous Approach", "057S4DZ": "Dilation of Left Vertebral Vein with Intraluminal Device, Percutaneous Endoscopic Approach", "057S4ZZ": "Dilation of Left Vertebral Vein, Percutaneous Endoscopic Approach", "057T0DZ": "Dilation of Right Face Vein with Intraluminal Device, Open Approach", "057T0ZZ": "Dilation of Right Face Vein, Open Approach", "057T3DZ": "Dilation of Right Face Vein with Intraluminal Device, Percutaneous Approach", "057T3ZZ": "Dilation of Right Face Vein, Percutaneous Approach", "057T4DZ": "Dilation of Right Face Vein with Intraluminal Device, Percutaneous Endoscopic Approach", "057T4ZZ": "Dilation of Right Face Vein, Percutaneous Endoscopic Approach", "057V0DZ": "Dilation of Left Face Vein with Intraluminal Device, Open Approach", "057V0ZZ": "Dilation of Left Face Vein, Open Approach", "057V3DZ": "Dilation of Left Face Vein with Intraluminal Device, Percutaneous Approach", "057V3ZZ": "Dilation of Left Face Vein, Percutaneous Approach", "057V4DZ": "Dilation of Left Face Vein with Intraluminal Device, Percutaneous Endoscopic Approach", "057V4ZZ": "Dilation of Left Face Vein, Percutaneous Endoscopic Approach", "057Y0DZ": "Dilation of Upper Vein with Intraluminal Device, Open Approach", "057Y0ZZ": "Dilation of Upper Vein, Open Approach", "057Y3DZ": "Dilation of Upper Vein with Intraluminal Device, Percutaneous Approach", "057Y3ZZ": "Dilation of Upper Vein, Percutaneous Approach", "057Y4DZ": "Dilation of Upper Vein with Intraluminal Device, Percutaneous Endoscopic Approach", "057Y4ZZ": "Dilation of Upper Vein, Percutaneous Endoscopic Approach"}