{"05F": "Upper Veins, Fragmentation", "05F33Z0": "Fragmentation of Right Innominate Vein, Percutaneous Approach, Ultrasonic", "05F33ZZ": "Fragmentation of Right Innominate Vein, Percutaneous Approach", "05F43Z0": "Fragmentation of Left Innominate Vein, Percutaneous Approach, Ultrasonic", "05F43ZZ": "Fragmentation of Left Innominate Vein, Percutaneous Approach", "05F53Z0": "Fragmentation of Right Subclavian Vein, Percutaneous Approach, Ultrasonic", "05F53ZZ": "Fragmentation of Right Subclavian Vein, Percutaneous Approach", "05F63Z0": "Fragmentation of Left Subclavian Vein, Percutaneous Approach, Ultrasonic", "05F63ZZ": "Fragmentation of Left Subclavian Vein, Percutaneous Approach", "05F73Z0": "Fragmentation of Right Axillary Vein, Percutaneous Approach, Ultrasonic", "05F73ZZ": "Fragmentation of Right Axillary Vein, Percutaneous Approach", "05F83Z0": "Fragmentation of Left Axillary Vein, Percutaneous Approach, Ultrasonic", "05F83ZZ": "Fragmentation of Left Axillary Vein, Percutaneous Approach", "05F93Z0": "Fragmentation of Right Brachial Vein, Percutaneous Approach, Ultrasonic", "05F93ZZ": "Fragmentation of Right Brachial Vein, Percutaneous Approach", "05FA3Z0": "Fragmentation of Left Brachial Vein, Percutaneous Approach, Ultrasonic", "05FA3ZZ": "Fragmentation of Left Brachial Vein, Percutaneous Approach", "05FB3Z0": "Fragmentation of Right Basilic Vein, Percutaneous Approach, Ultrasonic", "05FB3ZZ": "Fragmentation of Right Basilic Vein, Percutaneous Approach", "05FC3Z0": "Fragmentation of Left Basilic Vein, Percutaneous Approach, Ultrasonic", "05FC3ZZ": "Fragmentation of Left Basilic Vein, Percutaneous Approach", "05FD3Z0": "Fragmentation of Right Cephalic Vein, Percutaneous Approach, Ultrasonic", "05FD3ZZ": "Fragmentation of Right Cephalic Vein, Percutaneous Approach", "05FF3Z0": "Fragmentation of Left Cephalic Vein, Percutaneous Approach, Ultrasonic", "05FF3ZZ": "Fragmentation of Left Cephalic Vein, Percutaneous Approach", "05FY3Z0": "Fragmentation of Upper Vein, Percutaneous Approach, Ultrasonic", "05FY3ZZ": "Fragmentation of Upper Vein, Percutaneous Approach"}