{"05P": "Upper Veins, Removal", "05P002Z": "Removal of Monitoring Device from Azygos Vein, Open Approach", "05P00MZ": "Removal of Neurostimulator Lead from Azygos Vein, Open Approach", "05P032Z": "Removal of Monitoring Device from Azygos Vein, Percutaneous Approach", "05P03MZ": "Removal of Neurostimulator Lead from Azygos Vein, Percutaneous Approach", "05P042Z": "Removal of Monitoring Device from Azygos Vein, Percutaneous Endoscopic Approach", "05P04MZ": "Removal of Neurostimulator Lead from Azygos Vein, Percutaneous Endoscopic Approach", "05P0X2Z": "Removal of Monitoring Device from Azygos Vein, External Approach", "05P0XMZ": "Removal of Neurostimulator Lead from Azygos Vein, External Approach", "05P30MZ": "Removal of Neurostimulator Lead from Right Innominate Vein, Open Approach", "05P33MZ": "Removal of Neurostimulator Lead from Right Innominate Vein, Percutaneous Approach", "05P34MZ": "Removal of Neurostimulator Lead from Right Innominate Vein, Percutaneous Endoscopic Approach", "05P3XMZ": "Removal of Neurostimulator Lead from Right Innominate Vein, External Approach", "05P40MZ": "Removal of Neurostimulator Lead from Left Innominate Vein, Open Approach", "05P43MZ": "Removal of Neurostimulator Lead from Left Innominate Vein, Percutaneous Approach", "05P44MZ": "Removal of Neurostimulator Lead from Left Innominate Vein, Percutaneous Endoscopic Approach", "05P4XMZ": "Removal of Neurostimulator Lead from Left Innominate Vein, External Approach", "05PY00Z": "Removal of Drainage Device from Upper Vein, Open Approach", "05PY02Z": "Removal of Monitoring Device from Upper Vein, Open Approach", "05PY03Z": "Removal of Infusion Device from Upper Vein, Open Approach", "05PY07Z": "Removal of Autologous Tissue Substitute from Upper Vein, Open Approach", "05PY0CZ": "Removal of Extraluminal Device from Upper Vein, Open Approach", "05PY0DZ": "Removal of Intraluminal Device from Upper Vein, Open Approach", "05PY0JZ": "Removal of Synthetic Substitute from Upper Vein, Open Approach", "05PY0KZ": "Removal of Nonautologous Tissue Substitute from Upper Vein, Open Approach", "05PY0YZ": "Removal of Other Device from Upper Vein, Open Approach", "05PY30Z": "Removal of Drainage Device from Upper Vein, Percutaneous Approach", "05PY32Z": "Removal of Monitoring Device from Upper Vein, Percutaneous Approach", "05PY33Z": "Removal of Infusion Device from Upper Vein, Percutaneous Approach", "05PY37Z": "Removal of Autologous Tissue Substitute from Upper Vein, Percutaneous Approach", "05PY3CZ": "Removal of Extraluminal Device from Upper Vein, Percutaneous Approach", "05PY3DZ": "Removal of Intraluminal Device from Upper Vein, Percutaneous Approach", "05PY3JZ": "Removal of Synthetic Substitute from Upper Vein, Percutaneous Approach", "05PY3KZ": "Removal of Nonautologous Tissue Substitute from Upper Vein, Percutaneous Approach", "05PY3YZ": "Removal of Other Device from Upper Vein, Percutaneous Approach", "05PY40Z": "Removal of Drainage Device from Upper Vein, Percutaneous Endoscopic Approach", "05PY42Z": "Removal of Monitoring Device from Upper Vein, Percutaneous Endoscopic Approach", "05PY43Z": "Removal of Infusion Device from Upper Vein, Percutaneous Endoscopic Approach", "05PY47Z": "Removal of Autologous Tissue Substitute from Upper Vein, Percutaneous Endoscopic Approach", "05PY4CZ": "Removal of Extraluminal Device from Upper Vein, Percutaneous Endoscopic Approach", "05PY4DZ": "Removal of Intraluminal Device from Upper Vein, Percutaneous Endoscopic Approach", "05PY4JZ": "Removal of Synthetic Substitute from Upper Vein, Percutaneous Endoscopic Approach", "05PY4KZ": "Removal of Nonautologous Tissue Substitute from Upper Vein, Percutaneous Endoscopic Approach", "05PY4YZ": "Removal of Other Device from Upper Vein, Percutaneous Endoscopic Approach", "05PYX0Z": "Removal of Drainage Device from Upper Vein, External Approach", "05PYX2Z": "Removal of Monitoring Device from Upper Vein, External Approach", "05PYX3Z": "Removal of Infusion Device from Upper Vein, External Approach", "05PYXDZ": "Removal of Intraluminal Device from Upper Vein, External Approach"}