{"05S": "Upper Veins, Reposition", "05S00ZZ": "Reposition Azygos Vein, Open Approach", "05S03ZZ": "Reposition Azygos Vein, Percutaneous Approach", "05S04ZZ": "Reposition Azygos Vein, Percutaneous Endoscopic Approach", "05S10ZZ": "Reposition Hemiazygos Vein, Open Approach", "05S13ZZ": "Reposition Hemiazygos Vein, Percutaneous Approach", "05S14ZZ": "Reposition Hemiazygos Vein, Percutaneous Endoscopic Approach", "05S30ZZ": "Reposition Right Innominate Vein, Open Approach", "05S33ZZ": "Reposition Right Innominate Vein, Percutaneous Approach", "05S34ZZ": "Reposition Right Innominate Vein, Percutaneous Endoscopic Approach", "05S40ZZ": "Reposition Left Innominate Vein, Open Approach", "05S43ZZ": "Reposition Left Innominate Vein, Percutaneous Approach", "05S44ZZ": "Reposition Left Innominate Vein, Percutaneous Endoscopic Approach", "05S50ZZ": "Reposition Right Subclavian Vein, Open Approach", "05S53ZZ": "Reposition Right Subclavian Vein, Percutaneous Approach", "05S54ZZ": "Reposition Right Subclavian Vein, Percutaneous Endoscopic Approach", "05S60ZZ": "Reposition Left Subclavian Vein, Open Approach", "05S63ZZ": "Reposition Left Subclavian Vein, Percutaneous Approach", "05S64ZZ": "Reposition Left Subclavian Vein, Percutaneous Endoscopic Approach", "05S70ZZ": "Reposition Right Axillary Vein, Open Approach", "05S73ZZ": "Reposition Right Axillary Vein, Percutaneous Approach", "05S74ZZ": "Reposition Right Axillary Vein, Percutaneous Endoscopic Approach", "05S80ZZ": "Reposition Left Axillary Vein, Open Approach", "05S83ZZ": "Reposition Left Axillary Vein, Percutaneous Approach", "05S84ZZ": "Reposition Left Axillary Vein, Percutaneous Endoscopic Approach", "05S90ZZ": "Reposition Right Brachial Vein, Open Approach", "05S93ZZ": "Reposition Right Brachial Vein, Percutaneous Approach", "05S94ZZ": "Reposition Right Brachial Vein, Percutaneous Endoscopic Approach", "05SA0ZZ": "Reposition Left Brachial Vein, Open Approach", "05SA3ZZ": "Reposition Left Brachial Vein, Percutaneous Approach", "05SA4ZZ": "Reposition Left Brachial Vein, Percutaneous Endoscopic Approach", "05SB0ZZ": "Reposition Right Basilic Vein, Open Approach", "05SB3ZZ": "Reposition Right Basilic Vein, Percutaneous Approach", "05SB4ZZ": "Reposition Right Basilic Vein, Percutaneous Endoscopic Approach", "05SC0ZZ": "Reposition Left Basilic Vein, Open Approach", "05SC3ZZ": "Reposition Left Basilic Vein, Percutaneous Approach", "05SC4ZZ": "Reposition Left Basilic Vein, Percutaneous Endoscopic Approach", "05SD0ZZ": "Reposition Right Cephalic Vein, Open Approach", "05SD3ZZ": "Reposition Right Cephalic Vein, Percutaneous Approach", "05SD4ZZ": "Reposition Right Cephalic Vein, Percutaneous Endoscopic Approach", "05SF0ZZ": "Reposition Left Cephalic Vein, Open Approach", "05SF3ZZ": "Reposition Left Cephalic Vein, Percutaneous Approach", "05SF4ZZ": "Reposition Left Cephalic Vein, Percutaneous Endoscopic Approach", "05SG0ZZ": "Reposition Right Hand Vein, Open Approach", "05SG3ZZ": "Reposition Right Hand Vein, Percutaneous Approach", "05SG4ZZ": "Reposition Right Hand Vein, Percutaneous Endoscopic Approach", "05SH0ZZ": "Reposition Left Hand Vein, Open Approach", "05SH3ZZ": "Reposition Left Hand Vein, Percutaneous Approach", "05SH4ZZ": "Reposition Left Hand Vein, Percutaneous Endoscopic Approach", "05SL0ZZ": "Reposition Intracranial Vein, Open Approach", "05SL3ZZ": "Reposition Intracranial Vein, Percutaneous Approach", "05SL4ZZ": "Reposition Intracranial Vein, Percutaneous Endoscopic Approach", "05SM0ZZ": "Reposition Right Internal Jugular Vein, Open Approach", "05SM3ZZ": "Reposition Right Internal Jugular Vein, Percutaneous Approach", "05SM4ZZ": "Reposition Right Internal Jugular Vein, Percutaneous Endoscopic Approach", "05SN0ZZ": "Reposition Left Internal Jugular Vein, Open Approach", "05SN3ZZ": "Reposition Left Internal Jugular Vein, Percutaneous Approach", "05SN4ZZ": "Reposition Left Internal Jugular Vein, Percutaneous Endoscopic Approach", "05SP0ZZ": "Reposition Right External Jugular Vein, Open Approach", "05SP3ZZ": "Reposition Right External Jugular Vein, Percutaneous Approach", "05SP4ZZ": "Reposition Right External Jugular Vein, Percutaneous Endoscopic Approach", "05SQ0ZZ": "Reposition Left External Jugular Vein, Open Approach", "05SQ3ZZ": "Reposition Left External Jugular Vein, Percutaneous Approach", "05SQ4ZZ": "Reposition Left External Jugular Vein, Percutaneous Endoscopic Approach", "05SR0ZZ": "Reposition Right Vertebral Vein, Open Approach", "05SR3ZZ": "Reposition Right Vertebral Vein, Percutaneous Approach", "05SR4ZZ": "Reposition Right Vertebral Vein, Percutaneous Endoscopic Approach", "05SS0ZZ": "Reposition Left Vertebral Vein, Open Approach", "05SS3ZZ": "Reposition Left Vertebral Vein, Percutaneous Approach", "05SS4ZZ": "Reposition Left Vertebral Vein, Percutaneous Endoscopic Approach", "05ST0ZZ": "Reposition Right Face Vein, Open Approach", "05ST3ZZ": "Reposition Right Face Vein, Percutaneous Approach", "05ST4ZZ": "Reposition Right Face Vein, Percutaneous Endoscopic Approach", "05SV0ZZ": "Reposition Left Face Vein, Open Approach", "05SV3ZZ": "Reposition Left Face Vein, Percutaneous Approach", "05SV4ZZ": "Reposition Left Face Vein, Percutaneous Endoscopic Approach", "05SY0ZZ": "Reposition Upper Vein, Open Approach", "05SY3ZZ": "Reposition Upper Vein, Percutaneous Approach", "05SY4ZZ": "Reposition Upper Vein, Percutaneous Endoscopic Approach"}