{"09R": "Ear, Nose, Sinus, Replacement", "09R007Z": "Replacement of Right External Ear with Autologous Tissue Substitute, Open Approach", "09R00JZ": "Replacement of Right External Ear with Synthetic Substitute, Open Approach", "09R00KZ": "Replacement of Right External Ear with Nonautologous Tissue Substitute, Open Approach", "09R0X7Z": "Replacement of Right External Ear with Autologous Tissue Substitute, External Approach", "09R0XJZ": "Replacement of Right External Ear with Synthetic Substitute, External Approach", "09R0XKZ": "Replacement of Right External Ear with Nonautologous Tissue Substitute, External Approach", "09R107Z": "Replacement of Left External Ear with Autologous Tissue Substitute, Open Approach", "09R10JZ": "Replacement of Left External Ear with Synthetic Substitute, Open Approach", "09R10KZ": "Replacement of Left External Ear with Nonautologous Tissue Substitute, Open Approach", "09R1X7Z": "Replacement of Left External Ear with Autologous Tissue Substitute, External Approach", "09R1XJZ": "Replacement of Left External Ear with Synthetic Substitute, External Approach", "09R1XKZ": "Replacement of Left External Ear with Nonautologous Tissue Substitute, External Approach", "09R207Z": "Replacement of Bilateral External Ear with Autologous Tissue Substitute, Open Approach", "09R20JZ": "Replacement of Bilateral External Ear with Synthetic Substitute, Open Approach", "09R20KZ": "Replacement of Bilateral External Ear with Nonautologous Tissue Substitute, Open Approach", "09R2X7Z": "Replacement of Bilateral External Ear with Autologous Tissue Substitute, External Approach", "09R2XJZ": "Replacement of Bilateral External Ear with Synthetic Substitute, External Approach", "09R2XKZ": "Replacement of Bilateral External Ear with Nonautologous Tissue Substitute, External Approach", "09R507Z": "Replacement of Right Middle Ear with Autologous Tissue Substitute, Open Approach", "09R50JZ": "Replacement of Right Middle Ear with Synthetic Substitute, Open Approach", "09R50KZ": "Replacement of Right Middle Ear with Nonautologous Tissue Substitute, Open Approach", "09R607Z": "Replacement of Left Middle Ear with Autologous Tissue Substitute, Open Approach", "09R60JZ": "Replacement of Left Middle Ear with Synthetic Substitute, Open Approach", "09R60KZ": "Replacement of Left Middle Ear with Nonautologous Tissue Substitute, Open Approach", "09R707Z": "Replacement of Right Tympanic Membrane with Autologous Tissue Substitute, Open Approach", "09R70JZ": "Replacement of Right Tympanic Membrane with Synthetic Substitute, Open Approach", "09R70KZ": "Replacement of Right Tympanic Membrane with Nonautologous Tissue Substitute, Open Approach", "09R777Z": "Replacement of Right Tympanic Membrane with Autologous Tissue Substitute, Via Natural or Artificial Opening", "09R77JZ": "Replacement of Right Tympanic Membrane with Synthetic Substitute, Via Natural or Artificial Opening", "09R77KZ": "Replacement of Right Tympanic Membrane with Nonautologous Tissue Substitute, Via Natural or Artificial Opening", "09R787Z": "Replacement of Right Tympanic Membrane with Autologous Tissue Substitute, Via Natural or Artificial Opening Endoscopic", "09R78JZ": "Replacement of Right Tympanic Membrane with Synthetic Substitute, Via Natural or Artificial Opening Endoscopic", "09R78KZ": "Replacement of Right Tympanic Membrane with Nonautologous Tissue Substitute, Via Natural or Artificial Opening Endoscopic", "09R807Z": "Replacement of Left Tympanic Membrane with Autologous Tissue Substitute, Open Approach", "09R80JZ": "Replacement of Left Tympanic Membrane with Synthetic Substitute, Open Approach", "09R80KZ": "Replacement of Left Tympanic Membrane with Nonautologous Tissue Substitute, Open Approach", "09R877Z": "Replacement of Left Tympanic Membrane with Autologous Tissue Substitute, Via Natural or Artificial Opening", "09R87JZ": "Replacement of Left Tympanic Membrane with Synthetic Substitute, Via Natural or Artificial Opening", "09R87KZ": "Replacement of Left Tympanic Membrane with Nonautologous Tissue Substitute, Via Natural or Artificial Opening", "09R887Z": "Replacement of Left Tympanic Membrane with Autologous Tissue Substitute, Via Natural or Artificial Opening Endoscopic", "09R88JZ": "Replacement of Left Tympanic Membrane with Synthetic Substitute, Via Natural or Artificial Opening Endoscopic", "09R88KZ": "Replacement of Left Tympanic Membrane with Nonautologous Tissue Substitute, Via Natural or Artificial Opening Endoscopic", "09R907Z": "Replacement of Right Auditory Ossicle with Autologous Tissue Substitute, Open Approach", "09R90JZ": "Replacement of Right Auditory Ossicle with Synthetic Substitute, Open Approach", "09R90KZ": "Replacement of Right Auditory Ossicle with Nonautologous Tissue Substitute, Open Approach", "09RA07Z": "Replacement of Left Auditory Ossicle with Autologous Tissue Substitute, Open Approach", "09RA0JZ": "Replacement of Left Auditory Ossicle with Synthetic Substitute, Open Approach", "09RA0KZ": "Replacement of Left Auditory Ossicle with Nonautologous Tissue Substitute, Open Approach", "09RD07Z": "Replacement of Right Inner Ear with Autologous Tissue Substitute, Open Approach", "09RD0JZ": "Replacement of Right Inner Ear with Synthetic Substitute, Open Approach", "09RD0KZ": "Replacement of Right Inner Ear with Nonautologous Tissue Substitute, Open Approach", "09RE07Z": "Replacement of Left Inner Ear with Autologous Tissue Substitute, Open Approach", "09RE0JZ": "Replacement of Left Inner Ear with Synthetic Substitute, Open Approach", "09RE0KZ": "Replacement of Left Inner Ear with Nonautologous Tissue Substitute, Open Approach", "09RK07Z": "Replacement of Nasal Mucosa and Soft Tissue with Autologous Tissue Substitute, Open Approach", "09RK0JZ": "Replacement of Nasal Mucosa and Soft Tissue with Synthetic Substitute, Open Approach", "09RK0KZ": "Replacement of Nasal Mucosa and Soft Tissue with Nonautologous Tissue Substitute, Open Approach", "09RKX7Z": "Replacement of Nasal Mucosa and Soft Tissue with Autologous Tissue Substitute, External Approach", "09RKXJZ": "Replacement of Nasal Mucosa and Soft Tissue with Synthetic Substitute, External Approach", "09RKXKZ": "Replacement of Nasal Mucosa and Soft Tissue with Nonautologous Tissue Substitute, External Approach", "09RL07Z": "Replacement of Nasal Turbinate with Autologous Tissue Substitute, Open Approach", "09RL0JZ": "Replacement of Nasal Turbinate with Synthetic Substitute, Open Approach", "09RL0KZ": "Replacement of Nasal Turbinate with Nonautologous Tissue Substitute, Open Approach", "09RL37Z": "Replacement of Nasal Turbinate with Autologous Tissue Substitute, Percutaneous Approach", "09RL3JZ": "Replacement of Nasal Turbinate with Synthetic Substitute, Percutaneous Approach", "09RL3KZ": "Replacement of Nasal Turbinate with Nonautologous Tissue Substitute, Percutaneous Approach", "09RL47Z": "Replacement of Nasal Turbinate with Autologous Tissue Substitute, Percutaneous Endoscopic Approach", "09RL4JZ": "Replacement of Nasal Turbinate with Synthetic Substitute, Percutaneous Endoscopic Approach", "09RL4KZ": "Replacement of Nasal Turbinate with Nonautologous Tissue Substitute, Percutaneous Endoscopic Approach", "09RL77Z": "Replacement of Nasal Turbinate with Autologous Tissue Substitute, Via Natural or Artificial Opening", "09RL7JZ": "Replacement of Nasal Turbinate with Synthetic Substitute, Via Natural or Artificial Opening", "09RL7KZ": "Replacement of Nasal Turbinate with Nonautologous Tissue Substitute, Via Natural or Artificial Opening", "09RL87Z": "Replacement of Nasal Turbinate with Autologous Tissue Substitute, Via Natural or Artificial Opening Endoscopic", "09RL8JZ": "Replacement of Nasal Turbinate with Synthetic Substitute, Via Natural or Artificial Opening Endoscopic", "09RL8KZ": "Replacement of Nasal Turbinate with Nonautologous Tissue Substitute, Via Natural or Artificial Opening Endoscopic", "09RM07Z": "Replacement of Nasal Septum with Autologous Tissue Substitute, Open Approach", "09RM0JZ": "Replacement of Nasal Septum with Synthetic Substitute, Open Approach", "09RM0KZ": "Replacement of Nasal Septum with Nonautologous Tissue Substitute, Open Approach", "09RM37Z": "Replacement of Nasal Septum with Autologous Tissue Substitute, Percutaneous Approach", "09RM3JZ": "Replacement of Nasal Septum with Synthetic Substitute, Percutaneous Approach", "09RM3KZ": "Replacement of Nasal Septum with Nonautologous Tissue Substitute, Percutaneous Approach", "09RM47Z": "Replacement of Nasal Septum with Autologous Tissue Substitute, Percutaneous Endoscopic Approach", "09RM4JZ": "Replacement of Nasal Septum with Synthetic Substitute, Percutaneous Endoscopic Approach", "09RM4KZ": "Replacement of Nasal Septum with Nonautologous Tissue Substitute, Percutaneous Endoscopic Approach", "09RN07Z": "Replacement of Nasopharynx with Autologous Tissue Substitute, Open Approach", "09RN0JZ": "Replacement of Nasopharynx with Synthetic Substitute, Open Approach", "09RN0KZ": "Replacement of Nasopharynx with Nonautologous Tissue Substitute, Open Approach", "09RN77Z": "Replacement of Nasopharynx with Autologous Tissue Substitute, Via Natural or Artificial Opening", "09RN7JZ": "Replacement of Nasopharynx with Synthetic Substitute, Via Natural or Artificial Opening", "09RN7KZ": "Replacement of Nasopharynx with Nonautologous Tissue Substitute, Via Natural or Artificial Opening", "09RN87Z": "Replacement of Nasopharynx with Autologous Tissue Substitute, Via Natural or Artificial Opening Endoscopic", "09RN8JZ": "Replacement of Nasopharynx with Synthetic Substitute, Via Natural or Artificial Opening Endoscopic", "09RN8KZ": "Replacement of Nasopharynx with Nonautologous Tissue Substitute, Via Natural or Artificial Opening Endoscopic"}