{"09S": "Ear, Nose, Sinus, Reposition", "09S00ZZ": "Reposition Right External Ear, Open Approach", "09S04ZZ": "Reposition Right External Ear, Percutaneous Endoscopic Approach", "09S0XZZ": "Reposition Right External Ear, External Approach", "09S10ZZ": "Reposition Left External Ear, Open Approach", "09S14ZZ": "Reposition Left External Ear, Percutaneous Endoscopic Approach", "09S1XZZ": "Reposition Left External Ear, External Approach", "09S20ZZ": "Reposition Bilateral External Ear, Open Approach", "09S24ZZ": "Reposition Bilateral External Ear, Percutaneous Endoscopic Approach", "09S2XZZ": "Reposition Bilateral External Ear, External Approach", "09S70ZZ": "Reposition Right Tympanic Membrane, Open Approach", "09S74ZZ": "Reposition Right Tympanic Membrane, Percutaneous Endoscopic Approach", "09S77ZZ": "Reposition Right Tympanic Membrane, Via Natural or Artificial Opening", "09S78ZZ": "Reposition Right Tympanic Membrane, Via Natural or Artificial Opening Endoscopic", "09S80ZZ": "Reposition Left Tympanic Membrane, Open Approach", "09S84ZZ": "Reposition Left Tympanic Membrane, Percutaneous Endoscopic Approach", "09S87ZZ": "Reposition Left Tympanic Membrane, Via Natural or Artificial Opening", "09S88ZZ": "Reposition Left Tympanic Membrane, Via Natural or Artificial Opening Endoscopic", "09S90ZZ": "Reposition Right Auditory Ossicle, Open Approach", "09S94ZZ": "Reposition Right Auditory Ossicle, Percutaneous Endoscopic Approach", "09SA0ZZ": "Reposition Left Auditory Ossicle, Open Approach", "09SA4ZZ": "Reposition Left Auditory Ossicle, Percutaneous Endoscopic Approach", "09SF0ZZ": "Reposition Right Eustachian Tube, Open Approach", "09SF4ZZ": "Reposition Right Eustachian Tube, Percutaneous Endoscopic Approach", "09SF7ZZ": "Reposition Right Eustachian Tube, Via Natural or Artificial Opening", "09SF8ZZ": "Reposition Right Eustachian Tube, Via Natural or Artificial Opening Endoscopic", "09SG0ZZ": "Reposition Left Eustachian Tube, Open Approach", "09SG4ZZ": "Reposition Left Eustachian Tube, Percutaneous Endoscopic Approach", "09SG7ZZ": "Reposition Left Eustachian Tube, Via Natural or Artificial Opening", "09SG8ZZ": "Reposition Left Eustachian Tube, Via Natural or Artificial Opening Endoscopic", "09SK0ZZ": "Reposition Nasal Mucosa and Soft Tissue, Open Approach", "09SK4ZZ": "Reposition Nasal Mucosa and Soft Tissue, Percutaneous Endoscopic Approach", "09SKXZZ": "Reposition Nasal Mucosa and Soft Tissue, External Approach", "09SL0ZZ": "Reposition Nasal Turbinate, Open Approach", "09SL4ZZ": "Reposition Nasal Turbinate, Percutaneous Endoscopic Approach", "09SL7ZZ": "Reposition Nasal Turbinate, Via Natural or Artificial Opening", "09SL8ZZ": "Reposition Nasal Turbinate, Via Natural or Artificial Opening Endoscopic", "09SM0ZZ": "Reposition Nasal Septum, Open Approach", "09SM4ZZ": "Reposition Nasal Septum, Percutaneous Endoscopic Approach"}