{"080": "Eye, Alteration", "080N07Z": "Alteration of Right Upper Eyelid with Autologous Tissue Substitute, Open Approach", "080N0JZ": "Alteration of Right Upper Eyelid with Synthetic Substitute, Open Approach", "080N0KZ": "Alteration of Right Upper Eyelid with Nonautologous Tissue Substitute, Open Approach", "080N0ZZ": "Alteration of Right Upper Eyelid, Open Approach", "080N37Z": "Alteration of Right Upper Eyelid with Autologous Tissue Substitute, Percutaneous Approach", "080N3JZ": "Alteration of Right Upper Eyelid with Synthetic Substitute, Percutaneous Approach", "080N3KZ": "Alteration of Right Upper Eyelid with Nonautologous Tissue Substitute, Percutaneous Approach", "080N3ZZ": "Alteration of Right Upper Eyelid, Percutaneous Approach", "080NX7Z": "Alteration of Right Upper Eyelid with Autologous Tissue Substitute, External Approach", "080NXJZ": "Alteration of Right Upper Eyelid with Synthetic Substitute, External Approach", "080NXKZ": "Alteration of Right Upper Eyelid with Nonautologous Tissue Substitute, External Approach", "080NXZZ": "Alteration of Right Upper Eyelid, External Approach", "080P07Z": "Alteration of Left Upper Eyelid with Autologous Tissue Substitute, Open Approach", "080P0JZ": "Alteration of Left Upper Eyelid with Synthetic Substitute, Open Approach", "080P0KZ": "Alteration of Left Upper Eyelid with Nonautologous Tissue Substitute, Open Approach", "080P0ZZ": "Alteration of Left Upper Eyelid, Open Approach", "080P37Z": "Alteration of Left Upper Eyelid with Autologous Tissue Substitute, Percutaneous Approach", "080P3JZ": "Alteration of Left Upper Eyelid with Synthetic Substitute, Percutaneous Approach", "080P3KZ": "Alteration of Left Upper Eyelid with Nonautologous Tissue Substitute, Percutaneous Approach", "080P3ZZ": "Alteration of Left Upper Eyelid, Percutaneous Approach", "080PX7Z": "Alteration of Left Upper Eyelid with Autologous Tissue Substitute, External Approach", "080PXJZ": "Alteration of Left Upper Eyelid with Synthetic Substitute, External Approach", "080PXKZ": "Alteration of Left Upper Eyelid with Nonautologous Tissue Substitute, External Approach", "080PXZZ": "Alteration of Left Upper Eyelid, External Approach", "080Q07Z": "Alteration of Right Lower Eyelid with Autologous Tissue Substitute, Open Approach", "080Q0JZ": "Alteration of Right Lower Eyelid with Synthetic Substitute, Open Approach", "080Q0KZ": "Alteration of Right Lower Eyelid with Nonautologous Tissue Substitute, Open Approach", "080Q0ZZ": "Alteration of Right Lower Eyelid, Open Approach", "080Q37Z": "Alteration of Right Lower Eyelid with Autologous Tissue Substitute, Percutaneous Approach", "080Q3JZ": "Alteration of Right Lower Eyelid with Synthetic Substitute, Percutaneous Approach", "080Q3KZ": "Alteration of Right Lower Eyelid with Nonautologous Tissue Substitute, Percutaneous Approach", "080Q3ZZ": "Alteration of Right Lower Eyelid, Percutaneous Approach", "080QX7Z": "Alteration of Right Lower Eyelid with Autologous Tissue Substitute, External Approach", "080QXJZ": "Alteration of Right Lower Eyelid with Synthetic Substitute, External Approach", "080QXKZ": "Alteration of Right Lower Eyelid with Nonautologous Tissue Substitute, External Approach", "080QXZZ": "Alteration of Right Lower Eyelid, External Approach", "080R07Z": "Alteration of Left Lower Eyelid with Autologous Tissue Substitute, Open Approach", "080R0JZ": "Alteration of Left Lower Eyelid with Synthetic Substitute, Open Approach", "080R0KZ": "Alteration of Left Lower Eyelid with Nonautologous Tissue Substitute, Open Approach", "080R0ZZ": "Alteration of Left Lower Eyelid, Open Approach", "080R37Z": "Alteration of Left Lower Eyelid with Autologous Tissue Substitute, Percutaneous Approach", "080R3JZ": "Alteration of Left Lower Eyelid with Synthetic Substitute, Percutaneous Approach", "080R3KZ": "Alteration of Left Lower Eyelid with Nonautologous Tissue Substitute, Percutaneous Approach", "080R3ZZ": "Alteration of Left Lower Eyelid, Percutaneous Approach", "080RX7Z": "Alteration of Left Lower Eyelid with Autologous Tissue Substitute, External Approach", "080RXJZ": "Alteration of Left Lower Eyelid with Synthetic Substitute, External Approach", "080RXKZ": "Alteration of Left Lower Eyelid with Nonautologous Tissue Substitute, External Approach", "080RXZZ": "Alteration of Left Lower Eyelid, External Approach"}