{"081": "Eye, Bypass", "08123J4": "Bypass Right Anterior Chamber to Sclera with Synthetic Substitute, Percutaneous Approach", "08123K4": "Bypass Right Anterior Chamber to Sclera with Nonautologous Tissue Substitute, Percutaneous Approach", "08123Z4": "Bypass Right Anterior Chamber to Sclera, Percutaneous Approach", "08133J4": "Bypass Left Anterior Chamber to Sclera with Synthetic Substitute, Percutaneous Approach", "08133K4": "Bypass Left Anterior Chamber to Sclera with Nonautologous Tissue Substitute, Percutaneous Approach", "08133Z4": "Bypass Left Anterior Chamber to Sclera, Percutaneous Approach", "081X0J3": "Bypass Right Lacrimal Duct to Nasal Cavity with Synthetic Substitute, Open Approach", "081X0K3": "Bypass Right Lacrimal Duct to Nasal Cavity with Nonautologous Tissue Substitute, Open Approach", "081X0Z3": "Bypass Right Lacrimal Duct to Nasal Cavity, Open Approach", "081X3J3": "Bypass Right Lacrimal Duct to Nasal Cavity with Synthetic Substitute, Percutaneous Approach", "081X3K3": "Bypass Right Lacrimal Duct to Nasal Cavity with Nonautologous Tissue Substitute, Percutaneous Approach", "081X3Z3": "Bypass Right Lacrimal Duct to Nasal Cavity, Percutaneous Approach", "081Y0J3": "Bypass Left Lacrimal Duct to Nasal Cavity with Synthetic Substitute, Open Approach", "081Y0K3": "Bypass Left Lacrimal Duct to Nasal Cavity with Nonautologous Tissue Substitute, Open Approach", "081Y0Z3": "Bypass Left Lacrimal Duct to Nasal Cavity, Open Approach", "081Y3J3": "Bypass Left Lacrimal Duct to Nasal Cavity with Synthetic Substitute, Percutaneous Approach", "081Y3K3": "Bypass Left Lacrimal Duct to Nasal Cavity with Nonautologous Tissue Substitute, Percutaneous Approach", "081Y3Z3": "Bypass Left Lacrimal Duct to Nasal Cavity, Percutaneous Approach"}