{"08L": "Eye, Occlusion", "08LX0CZ": "Occlusion of Right Lacrimal Duct with Extraluminal Device, Open Approach", "08LX0DZ": "Occlusion of Right Lacrimal Duct with Intraluminal Device, Open Approach", "08LX0ZZ": "Occlusion of Right Lacrimal Duct, Open Approach", "08LX3CZ": "Occlusion of Right Lacrimal Duct with Extraluminal Device, Percutaneous Approach", "08LX3DZ": "Occlusion of Right Lacrimal Duct with Intraluminal Device, Percutaneous Approach", "08LX3ZZ": "Occlusion of Right Lacrimal Duct, Percutaneous Approach", "08LX7DZ": "Occlusion of Right Lacrimal Duct with Intraluminal Device, Via Natural or Artificial Opening", "08LX7ZZ": "Occlusion of Right Lacrimal Duct, Via Natural or Artificial Opening", "08LX8DZ": "Occlusion of Right Lacrimal Duct with Intraluminal Device, Via Natural or Artificial Opening Endoscopic", "08LX8ZZ": "Occlusion of Right Lacrimal Duct, Via Natural or Artificial Opening Endoscopic", "08LY0CZ": "Occlusion of Left Lacrimal Duct with Extraluminal Device, Open Approach", "08LY0DZ": "Occlusion of Left Lacrimal Duct with Intraluminal Device, Open Approach", "08LY0ZZ": "Occlusion of Left Lacrimal Duct, Open Approach", "08LY3CZ": "Occlusion of Left Lacrimal Duct with Extraluminal Device, Percutaneous Approach", "08LY3DZ": "Occlusion of Left Lacrimal Duct with Intraluminal Device, Percutaneous Approach", "08LY3ZZ": "Occlusion of Left Lacrimal Duct, Percutaneous Approach", "08LY7DZ": "Occlusion of Left Lacrimal Duct with Intraluminal Device, Via Natural or Artificial Opening", "08LY7ZZ": "Occlusion of Left Lacrimal Duct, Via Natural or Artificial Opening", "08LY8DZ": "Occlusion of Left Lacrimal Duct with Intraluminal Device, Via Natural or Artificial Opening Endoscopic", "08LY8ZZ": "Occlusion of Left Lacrimal Duct, Via Natural or Artificial Opening Endoscopic"}