{"08Q": "Eye, Repair", "08Q0XZZ": "Repair Right Eye, External Approach", "08Q1XZZ": "Repair Left Eye, External Approach", "08Q23ZZ": "Repair Right Anterior Chamber, Percutaneous Approach", "08Q33ZZ": "Repair Left Anterior Chamber, Percutaneous Approach", "08Q43ZZ": "Repair Right Vitreous, Percutaneous Approach", "08Q53ZZ": "Repair Left Vitreous, Percutaneous Approach", "08Q6XZZ": "Repair Right Sclera, External Approach", "08Q7XZZ": "Repair Left Sclera, External Approach", "08Q8XZZ": "Repair Right Cornea, External Approach", "08Q9XZZ": "Repair Left Cornea, External Approach", "08QA0ZZ": "Repair Right Choroid, Open Approach", "08QA3ZZ": "Repair Right Choroid, Percutaneous Approach", "08QB0ZZ": "Repair Left Choroid, Open Approach", "08QB3ZZ": "Repair Left Choroid, Percutaneous Approach", "08QC3ZZ": "Repair Right Iris, Percutaneous Approach", "08QD3ZZ": "Repair Left Iris, Percutaneous Approach", "08QE3ZZ": "Repair Right Retina, Percutaneous Approach", "08QF3ZZ": "Repair Left Retina, Percutaneous Approach", "08QG3ZZ": "Repair Right Retinal Vessel, Percutaneous Approach", "08QH3ZZ": "Repair Left Retinal Vessel, Percutaneous Approach", "08QJ3ZZ": "Repair Right Lens, Percutaneous Approach", "08QK3ZZ": "Repair Left Lens, Percutaneous Approach", "08QL0ZZ": "Repair Right Extraocular Muscle, Open Approach", "08QL3ZZ": "Repair Right Extraocular Muscle, Percutaneous Approach", "08QM0ZZ": "Repair Left Extraocular Muscle, Open Approach", "08QM3ZZ": "Repair Left Extraocular Muscle, Percutaneous Approach", "08QN0ZZ": "Repair Right Upper Eyelid, Open Approach", "08QN3ZZ": "Repair Right Upper Eyelid, Percutaneous Approach", "08QNXZZ": "Repair Right Upper Eyelid, External Approach", "08QP0ZZ": "Repair Left Upper Eyelid, Open Approach", "08QP3ZZ": "Repair Left Upper Eyelid, Percutaneous Approach", "08QPXZZ": "Repair Left Upper Eyelid, External Approach", "08QQ0ZZ": "Repair Right Lower Eyelid, Open Approach", "08QQ3ZZ": "Repair Right Lower Eyelid, Percutaneous Approach", "08QQXZZ": "Repair Right Lower Eyelid, External Approach", "08QR0ZZ": "Repair Left Lower Eyelid, Open Approach", "08QR3ZZ": "Repair Left Lower Eyelid, Percutaneous Approach", "08QRXZZ": "Repair Left Lower Eyelid, External Approach", "08QSXZZ": "Repair Right Conjunctiva, External Approach", "08QTXZZ": "Repair Left Conjunctiva, External Approach", "08QV0ZZ": "Repair Right Lacrimal Gland, Open Approach", "08QV3ZZ": "Repair Right Lacrimal Gland, Percutaneous Approach", "08QW0ZZ": "Repair Left Lacrimal Gland, Open Approach", "08QW3ZZ": "Repair Left Lacrimal Gland, Percutaneous Approach", "08QX0ZZ": "Repair Right Lacrimal Duct, Open Approach", "08QX3ZZ": "Repair Right Lacrimal Duct, Percutaneous Approach", "08QX7ZZ": "Repair Right Lacrimal Duct, Via Natural or Artificial Opening", "08QX8ZZ": "Repair Right Lacrimal Duct, Via Natural or Artificial Opening Endoscopic", "08QY0ZZ": "Repair Left Lacrimal Duct, Open Approach", "08QY3ZZ": "Repair Left Lacrimal Duct, Percutaneous Approach", "08QY7ZZ": "Repair Left Lacrimal Duct, Via Natural or Artificial Opening", "08QY8ZZ": "Repair Left Lacrimal Duct, Via Natural or Artificial Opening Endoscopic"}