{"08R": "Eye, Replacement", "08R007Z": "Replacement of Right Eye with Autologous Tissue Substitute, Open Approach", "08R00JZ": "Replacement of Right Eye with Synthetic Substitute, Open Approach", "08R00KZ": "Replacement of Right Eye with Nonautologous Tissue Substitute, Open Approach", "08R037Z": "Replacement of Right Eye with Autologous Tissue Substitute, Percutaneous Approach", "08R03JZ": "Replacement of Right Eye with Synthetic Substitute, Percutaneous Approach", "08R03KZ": "Replacement of Right Eye with Nonautologous Tissue Substitute, Percutaneous Approach", "08R107Z": "Replacement of Left Eye with Autologous Tissue Substitute, Open Approach", "08R10JZ": "Replacement of Left Eye with Synthetic Substitute, Open Approach", "08R10KZ": "Replacement of Left Eye with Nonautologous Tissue Substitute, Open Approach", "08R137Z": "Replacement of Left Eye with Autologous Tissue Substitute, Percutaneous Approach", "08R13JZ": "Replacement of Left Eye with Synthetic Substitute, Percutaneous Approach", "08R13KZ": "Replacement of Left Eye with Nonautologous Tissue Substitute, Percutaneous Approach", "08R437Z": "Replacement of Right Vitreous with Autologous Tissue Substitute, Percutaneous Approach", "08R43JZ": "Replacement of Right Vitreous with Synthetic Substitute, Percutaneous Approach", "08R43KZ": "Replacement of Right Vitreous with Nonautologous Tissue Substitute, Percutaneous Approach", "08R537Z": "Replacement of Left Vitreous with Autologous Tissue Substitute, Percutaneous Approach", "08R53JZ": "Replacement of Left Vitreous with Synthetic Substitute, Percutaneous Approach", "08R53KZ": "Replacement of Left Vitreous with Nonautologous Tissue Substitute, Percutaneous Approach", "08R6X7Z": "Replacement of Right Sclera with Autologous Tissue Substitute, External Approach", "08R6XJZ": "Replacement of Right Sclera with Synthetic Substitute, External Approach", "08R6XKZ": "Replacement of Right Sclera with Nonautologous Tissue Substitute, External Approach", "08R7X7Z": "Replacement of Left Sclera with Autologous Tissue Substitute, External Approach", "08R7XJZ": "Replacement of Left Sclera with Synthetic Substitute, External Approach", "08R7XKZ": "Replacement of Left Sclera with Nonautologous Tissue Substitute, External Approach", "08R837Z": "Replacement of Right Cornea with Autologous Tissue Substitute, Percutaneous Approach", "08R83JZ": "Replacement of Right Cornea with Synthetic Substitute, Percutaneous Approach", "08R83KZ": "Replacement of Right Cornea with Nonautologous Tissue Substitute, Percutaneous Approach", "08R8X7Z": "Replacement of Right Cornea with Autologous Tissue Substitute, External Approach", "08R8XJZ": "Replacement of Right Cornea with Synthetic Substitute, External Approach", "08R8XKZ": "Replacement of Right Cornea with Nonautologous Tissue Substitute, External Approach", "08R937Z": "Replacement of Left Cornea with Autologous Tissue Substitute, Percutaneous Approach", "08R93JZ": "Replacement of Left Cornea with Synthetic Substitute, Percutaneous Approach", "08R93KZ": "Replacement of Left Cornea with Nonautologous Tissue Substitute, Percutaneous Approach", "08R9X7Z": "Replacement of Left Cornea with Autologous Tissue Substitute, External Approach", "08R9XJZ": "Replacement of Left Cornea with Synthetic Substitute, External Approach", "08R9XKZ": "Replacement of Left Cornea with Nonautologous Tissue Substitute, External Approach", "08RA07Z": "Replacement of Right Choroid with Autologous Tissue Substitute, Open Approach", "08RA0JZ": "Replacement of Right Choroid with Synthetic Substitute, Open Approach", "08RA0KZ": "Replacement of Right Choroid with Nonautologous Tissue Substitute, Open Approach", "08RA37Z": "Replacement of Right Choroid with Autologous Tissue Substitute, Percutaneous Approach", "08RA3JZ": "Replacement of Right Choroid with Synthetic Substitute, Percutaneous Approach", "08RA3KZ": "Replacement of Right Choroid with Nonautologous Tissue Substitute, Percutaneous Approach", "08RB07Z": "Replacement of Left Choroid with Autologous Tissue Substitute, Open Approach", "08RB0JZ": "Replacement of Left Choroid with Synthetic Substitute, Open Approach", "08RB0KZ": "Replacement of Left Choroid with Nonautologous Tissue Substitute, Open Approach", "08RB37Z": "Replacement of Left Choroid with Autologous Tissue Substitute, Percutaneous Approach", "08RB3JZ": "Replacement of Left Choroid with Synthetic Substitute, Percutaneous Approach", "08RB3KZ": "Replacement of Left Choroid with Nonautologous Tissue Substitute, Percutaneous Approach", "08RC37Z": "Replacement of Right Iris with Autologous Tissue Substitute, Percutaneous Approach", "08RC3JZ": "Replacement of Right Iris with Synthetic Substitute, Percutaneous Approach", "08RC3KZ": "Replacement of Right Iris with Nonautologous Tissue Substitute, Percutaneous Approach", "08RD37Z": "Replacement of Left Iris with Autologous Tissue Substitute, Percutaneous Approach", "08RD3JZ": "Replacement of Left Iris with Synthetic Substitute, Percutaneous Approach", "08RD3KZ": "Replacement of Left Iris with Nonautologous Tissue Substitute, Percutaneous Approach", "08RG37Z": "Replacement of Right Retinal Vessel with Autologous Tissue Substitute, Percutaneous Approach", "08RG3JZ": "Replacement of Right Retinal Vessel with Synthetic Substitute, Percutaneous Approach", "08RG3KZ": "Replacement of Right Retinal Vessel with Nonautologous Tissue Substitute, Percutaneous Approach", "08RH37Z": "Replacement of Left Retinal Vessel with Autologous Tissue Substitute, Percutaneous Approach", "08RH3JZ": "Replacement of Left Retinal Vessel with Synthetic Substitute, Percutaneous Approach", "08RH3KZ": "Replacement of Left Retinal Vessel with Nonautologous Tissue Substitute, Percutaneous Approach", "08RJ30Z": "Replacement of Right Lens with Intraocular Telescope, Percutaneous Approach", "08RJ37Z": "Replacement of Right Lens with Autologous Tissue Substitute, Percutaneous Approach", "08RJ3JZ": "Replacement of Right Lens with Synthetic Substitute, Percutaneous Approach", "08RJ3KZ": "Replacement of Right Lens with Nonautologous Tissue Substitute, Percutaneous Approach", "08RK30Z": "Replacement of Left Lens with Intraocular Telescope, Percutaneous Approach", "08RK37Z": "Replacement of Left Lens with Autologous Tissue Substitute, Percutaneous Approach", "08RK3JZ": "Replacement of Left Lens with Synthetic Substitute, Percutaneous Approach", "08RK3KZ": "Replacement of Left Lens with Nonautologous Tissue Substitute, Percutaneous Approach", "08RN07Z": "Replacement of Right Upper Eyelid with Autologous Tissue Substitute, Open Approach", "08RN0JZ": "Replacement of Right Upper Eyelid with Synthetic Substitute, Open Approach", "08RN0KZ": "Replacement of Right Upper Eyelid with Nonautologous Tissue Substitute, Open Approach", "08RN37Z": "Replacement of Right Upper Eyelid with Autologous Tissue Substitute, Percutaneous Approach", "08RN3JZ": "Replacement of Right Upper Eyelid with Synthetic Substitute, Percutaneous Approach", "08RN3KZ": "Replacement of Right Upper Eyelid with Nonautologous Tissue Substitute, Percutaneous Approach", "08RNX7Z": "Replacement of Right Upper Eyelid with Autologous Tissue Substitute, External Approach", "08RNXJZ": "Replacement of Right Upper Eyelid with Synthetic Substitute, External Approach", "08RNXKZ": "Replacement of Right Upper Eyelid with Nonautologous Tissue Substitute, External Approach", "08RP07Z": "Replacement of Left Upper Eyelid with Autologous Tissue Substitute, Open Approach", "08RP0JZ": "Replacement of Left Upper Eyelid with Synthetic Substitute, Open Approach", "08RP0KZ": "Replacement of Left Upper Eyelid with Nonautologous Tissue Substitute, Open Approach", "08RP37Z": "Replacement of Left Upper Eyelid with Autologous Tissue Substitute, Percutaneous Approach", "08RP3JZ": "Replacement of Left Upper Eyelid with Synthetic Substitute, Percutaneous Approach", "08RP3KZ": "Replacement of Left Upper Eyelid with Nonautologous Tissue Substitute, Percutaneous Approach", "08RPX7Z": "Replacement of Left Upper Eyelid with Autologous Tissue Substitute, External Approach", "08RPXJZ": "Replacement of Left Upper Eyelid with Synthetic Substitute, External Approach", "08RPXKZ": "Replacement of Left Upper Eyelid with Nonautologous Tissue Substitute, External Approach", "08RQ07Z": "Replacement of Right Lower Eyelid with Autologous Tissue Substitute, Open Approach", "08RQ0JZ": "Replacement of Right Lower Eyelid with Synthetic Substitute, Open Approach", "08RQ0KZ": "Replacement of Right Lower Eyelid with Nonautologous Tissue Substitute, Open Approach", "08RQ37Z": "Replacement of Right Lower Eyelid with Autologous Tissue Substitute, Percutaneous Approach", "08RQ3JZ": "Replacement of Right Lower Eyelid with Synthetic Substitute, Percutaneous Approach", "08RQ3KZ": "Replacement of Right Lower Eyelid with Nonautologous Tissue Substitute, Percutaneous Approach", "08RQX7Z": "Replacement of Right Lower Eyelid with Autologous Tissue Substitute, External Approach", "08RQXJZ": "Replacement of Right Lower Eyelid with Synthetic Substitute, External Approach", "08RQXKZ": "Replacement of Right Lower Eyelid with Nonautologous Tissue Substitute, External Approach", "08RR07Z": "Replacement of Left Lower Eyelid with Autologous Tissue Substitute, Open Approach", "08RR0JZ": "Replacement of Left Lower Eyelid with Synthetic Substitute, Open Approach", "08RR0KZ": "Replacement of Left Lower Eyelid with Nonautologous Tissue Substitute, Open Approach", "08RR37Z": "Replacement of Left Lower Eyelid with Autologous Tissue Substitute, Percutaneous Approach", "08RR3JZ": "Replacement of Left Lower Eyelid with Synthetic Substitute, Percutaneous Approach", "08RR3KZ": "Replacement of Left Lower Eyelid with Nonautologous Tissue Substitute, Percutaneous Approach", "08RRX7Z": "Replacement of Left Lower Eyelid with Autologous Tissue Substitute, External Approach", "08RRXJZ": "Replacement of Left Lower Eyelid with Synthetic Substitute, External Approach", "08RRXKZ": "Replacement of Left Lower Eyelid with Nonautologous Tissue Substitute, External Approach", "08RSX7Z": "Replacement of Right Conjunctiva with Autologous Tissue Substitute, External Approach", "08RSXJZ": "Replacement of Right Conjunctiva with Synthetic Substitute, External Approach", "08RSXKZ": "Replacement of Right Conjunctiva with Nonautologous Tissue Substitute, External Approach", "08RTX7Z": "Replacement of Left Conjunctiva with Autologous Tissue Substitute, External Approach", "08RTXJZ": "Replacement of Left Conjunctiva with Synthetic Substitute, External Approach", "08RTXKZ": "Replacement of Left Conjunctiva with Nonautologous Tissue Substitute, External Approach", "08RX07Z": "Replacement of Right Lacrimal Duct with Autologous Tissue Substitute, Open Approach", "08RX0JZ": "Replacement of Right Lacrimal Duct with Synthetic Substitute, Open Approach", "08RX0KZ": "Replacement of Right Lacrimal Duct with Nonautologous Tissue Substitute, Open Approach", "08RX37Z": "Replacement of Right Lacrimal Duct with Autologous Tissue Substitute, Percutaneous Approach", "08RX3JZ": "Replacement of Right Lacrimal Duct with Synthetic Substitute, Percutaneous Approach", "08RX3KZ": "Replacement of Right Lacrimal Duct with Nonautologous Tissue Substitute, Percutaneous Approach", "08RX77Z": "Replacement of Right Lacrimal Duct with Autologous Tissue Substitute, Via Natural or Artificial Opening", "08RX7JZ": "Replacement of Right Lacrimal Duct with Synthetic Substitute, Via Natural or Artificial Opening", "08RX7KZ": "Replacement of Right Lacrimal Duct with Nonautologous Tissue Substitute, Via Natural or Artificial Opening", "08RX87Z": "Replacement of Right Lacrimal Duct with Autologous Tissue Substitute, Via Natural or Artificial Opening Endoscopic", "08RX8JZ": "Replacement of Right Lacrimal Duct with Synthetic Substitute, Via Natural or Artificial Opening Endoscopic", "08RX8KZ": "Replacement of Right Lacrimal Duct with Nonautologous Tissue Substitute, Via Natural or Artificial Opening Endoscopic", "08RY07Z": "Replacement of Left Lacrimal Duct with Autologous Tissue Substitute, Open Approach", "08RY0JZ": "Replacement of Left Lacrimal Duct with Synthetic Substitute, Open Approach", "08RY0KZ": "Replacement of Left Lacrimal Duct with Nonautologous Tissue Substitute, Open Approach", "08RY37Z": "Replacement of Left Lacrimal Duct with Autologous Tissue Substitute, Percutaneous Approach", "08RY3JZ": "Replacement of Left Lacrimal Duct with Synthetic Substitute, Percutaneous Approach", "08RY3KZ": "Replacement of Left Lacrimal Duct with Nonautologous Tissue Substitute, Percutaneous Approach", "08RY77Z": "Replacement of Left Lacrimal Duct with Autologous Tissue Substitute, Via Natural or Artificial Opening", "08RY7JZ": "Replacement of Left Lacrimal Duct with Synthetic Substitute, Via Natural or Artificial Opening", "08RY7KZ": "Replacement of Left Lacrimal Duct with Nonautologous Tissue Substitute, Via Natural or Artificial Opening", "08RY87Z": "Replacement of Left Lacrimal Duct with Autologous Tissue Substitute, Via Natural or Artificial Opening Endoscopic", "08RY8JZ": "Replacement of Left Lacrimal Duct with Synthetic Substitute, Via Natural or Artificial Opening Endoscopic", "08RY8KZ": "Replacement of Left Lacrimal Duct with Nonautologous Tissue Substitute, Via Natural or Artificial Opening Endoscopic"}