{"08S": "Eye, Reposition", "08SC3ZZ": "Reposition Right Iris, Percutaneous Approach", "08SD3ZZ": "Reposition Left Iris, Percutaneous Approach", "08SG3ZZ": "Reposition Right Retinal Vessel, Percutaneous Approach", "08SH3ZZ": "Reposition Left Retinal Vessel, Percutaneous Approach", "08SJ3ZZ": "Reposition Right Lens, Percutaneous Approach", "08SK3ZZ": "Reposition Left Lens, Percutaneous Approach", "08SL0ZZ": "Reposition Right Extraocular Muscle, Open Approach", "08SL3ZZ": "Reposition Right Extraocular Muscle, Percutaneous Approach", "08SM0ZZ": "Reposition Left Extraocular Muscle, Open Approach", "08SM3ZZ": "Reposition Left Extraocular Muscle, Percutaneous Approach", "08SN0ZZ": "Reposition Right Upper Eyelid, Open Approach", "08SN3ZZ": "Reposition Right Upper Eyelid, Percutaneous Approach", "08SNXZZ": "Reposition Right Upper Eyelid, External Approach", "08SP0ZZ": "Reposition Left Upper Eyelid, Open Approach", "08SP3ZZ": "Reposition Left Upper Eyelid, Percutaneous Approach", "08SPXZZ": "Reposition Left Upper Eyelid, External Approach", "08SQ0ZZ": "Reposition Right Lower Eyelid, Open Approach", "08SQ3ZZ": "Reposition Right Lower Eyelid, Percutaneous Approach", "08SQXZZ": "Reposition Right Lower Eyelid, External Approach", "08SR0ZZ": "Reposition Left Lower Eyelid, Open Approach", "08SR3ZZ": "Reposition Left Lower Eyelid, Percutaneous Approach", "08SRXZZ": "Reposition Left Lower Eyelid, External Approach", "08SV0ZZ": "Reposition Right Lacrimal Gland, Open Approach", "08SV3ZZ": "Reposition Right Lacrimal Gland, Percutaneous Approach", "08SW0ZZ": "Reposition Left Lacrimal Gland, Open Approach", "08SW3ZZ": "Reposition Left Lacrimal Gland, Percutaneous Approach", "08SX0ZZ": "Reposition Right Lacrimal Duct, Open Approach", "08SX3ZZ": "Reposition Right Lacrimal Duct, Percutaneous Approach", "08SX7ZZ": "Reposition Right Lacrimal Duct, Via Natural or Artificial Opening", "08SX8ZZ": "Reposition Right Lacrimal Duct, Via Natural or Artificial Opening Endoscopic", "08SY0ZZ": "Reposition Left Lacrimal Duct, Open Approach", "08SY3ZZ": "Reposition Left Lacrimal Duct, Percutaneous Approach", "08SY7ZZ": "Reposition Left Lacrimal Duct, Via Natural or Artificial Opening", "08SY8ZZ": "Reposition Left Lacrimal Duct, Via Natural or Artificial Opening Endoscopic"}