{"08U": "Eye, Supplement", "08U007Z": "Supplement of Right Eye with Autologous Tissue Substitute, Open Approach", "08U00JZ": "Supplement of Right Eye with Synthetic Substitute, Open Approach", "08U00KZ": "Supplement of Right Eye with Nonautologous Tissue Substitute, Open Approach", "08U037Z": "Supplement of Right Eye with Autologous Tissue Substitute, Percutaneous Approach", "08U03JZ": "Supplement of Right Eye with Synthetic Substitute, Percutaneous Approach", "08U03KZ": "Supplement of Right Eye with Nonautologous Tissue Substitute, Percutaneous Approach", "08U107Z": "Supplement of Left Eye with Autologous Tissue Substitute, Open Approach", "08U10JZ": "Supplement of Left Eye with Synthetic Substitute, Open Approach", "08U10KZ": "Supplement of Left Eye with Nonautologous Tissue Substitute, Open Approach", "08U137Z": "Supplement of Left Eye with Autologous Tissue Substitute, Percutaneous Approach", "08U13JZ": "Supplement of Left Eye with Synthetic Substitute, Percutaneous Approach", "08U13KZ": "Supplement of Left Eye with Nonautologous Tissue Substitute, Percutaneous Approach", "08U807Z": "Supplement Right Cornea with Autologous Tissue Substitute, Open Approach", "08U80JZ": "Supplement Right Cornea with Synthetic Substitute, Open Approach", "08U80KZ": "Supplement Right Cornea with Nonautologous Tissue Substitute, Open Approach", "08U837Z": "Supplement Right Cornea with Autologous Tissue Substitute, Percutaneous Approach", "08U83JZ": "Supplement Right Cornea with Synthetic Substitute, Percutaneous Approach", "08U83KZ": "Supplement Right Cornea with Nonautologous Tissue Substitute, Percutaneous Approach", "08U8X7Z": "Supplement Right Cornea with Autologous Tissue Substitute, External Approach", "08U8XJZ": "Supplement Right Cornea with Synthetic Substitute, External Approach", "08U8XKZ": "Supplement Right Cornea with Nonautologous Tissue Substitute, External Approach", "08U907Z": "Supplement Left Cornea with Autologous Tissue Substitute, Open Approach", "08U90JZ": "Supplement Left Cornea with Synthetic Substitute, Open Approach", "08U90KZ": "Supplement Left Cornea with Nonautologous Tissue Substitute, Open Approach", "08U937Z": "Supplement Left Cornea with Autologous Tissue Substitute, Percutaneous Approach", "08U93JZ": "Supplement Left Cornea with Synthetic Substitute, Percutaneous Approach", "08U93KZ": "Supplement Left Cornea with Nonautologous Tissue Substitute, Percutaneous Approach", "08U9X7Z": "Supplement Left Cornea with Autologous Tissue Substitute, External Approach", "08U9XJZ": "Supplement Left Cornea with Synthetic Substitute, External Approach", "08U9XKZ": "Supplement Left Cornea with Nonautologous Tissue Substitute, External Approach", "08UC07Z": "Supplement Right Iris with Autologous Tissue Substitute, Open Approach", "08UC0JZ": "Supplement Right Iris with Synthetic Substitute, Open Approach", "08UC0KZ": "Supplement Right Iris with Nonautologous Tissue Substitute, Open Approach", "08UC37Z": "Supplement Right Iris with Autologous Tissue Substitute, Percutaneous Approach", "08UC3JZ": "Supplement Right Iris with Synthetic Substitute, Percutaneous Approach", "08UC3KZ": "Supplement Right Iris with Nonautologous Tissue Substitute, Percutaneous Approach", "08UD07Z": "Supplement Left Iris with Autologous Tissue Substitute, Open Approach", "08UD0JZ": "Supplement Left Iris with Synthetic Substitute, Open Approach", "08UD0KZ": "Supplement Left Iris with Nonautologous Tissue Substitute, Open Approach", "08UD37Z": "Supplement Left Iris with Autologous Tissue Substitute, Percutaneous Approach", "08UD3JZ": "Supplement Left Iris with Synthetic Substitute, Percutaneous Approach", "08UD3KZ": "Supplement Left Iris with Nonautologous Tissue Substitute, Percutaneous Approach", "08UE07Z": "Supplement Right Retina with Autologous Tissue Substitute, Open Approach", "08UE0JZ": "Supplement Right Retina with Synthetic Substitute, Open Approach", "08UE0KZ": "Supplement Right Retina with Nonautologous Tissue Substitute, Open Approach", "08UE37Z": "Supplement Right Retina with Autologous Tissue Substitute, Percutaneous Approach", "08UE3JZ": "Supplement Right Retina with Synthetic Substitute, Percutaneous Approach", "08UE3KZ": "Supplement Right Retina with Nonautologous Tissue Substitute, Percutaneous Approach", "08UF07Z": "Supplement Left Retina with Autologous Tissue Substitute, Open Approach", "08UF0JZ": "Supplement Left Retina with Synthetic Substitute, Open Approach", "08UF0KZ": "Supplement Left Retina with Nonautologous Tissue Substitute, Open Approach", "08UF37Z": "Supplement Left Retina with Autologous Tissue Substitute, Percutaneous Approach", "08UF3JZ": "Supplement Left Retina with Synthetic Substitute, Percutaneous Approach", "08UF3KZ": "Supplement Left Retina with Nonautologous Tissue Substitute, Percutaneous Approach", "08UG07Z": "Supplement Right Retinal Vessel with Autologous Tissue Substitute, Open Approach", "08UG0JZ": "Supplement Right Retinal Vessel with Synthetic Substitute, Open Approach", "08UG0KZ": "Supplement Right Retinal Vessel with Nonautologous Tissue Substitute, Open Approach", "08UG37Z": "Supplement Right Retinal Vessel with Autologous Tissue Substitute, Percutaneous Approach", "08UG3JZ": "Supplement Right Retinal Vessel with Synthetic Substitute, Percutaneous Approach", "08UG3KZ": "Supplement Right Retinal Vessel with Nonautologous Tissue Substitute, Percutaneous Approach", "08UH07Z": "Supplement Left Retinal Vessel with Autologous Tissue Substitute, Open Approach", "08UH0JZ": "Supplement Left Retinal Vessel with Synthetic Substitute, Open Approach", "08UH0KZ": "Supplement Left Retinal Vessel with Nonautologous Tissue Substitute, Open Approach", "08UH37Z": "Supplement Left Retinal Vessel with Autologous Tissue Substitute, Percutaneous Approach", "08UH3JZ": "Supplement Left Retinal Vessel with Synthetic Substitute, Percutaneous Approach", "08UH3KZ": "Supplement Left Retinal Vessel with Nonautologous Tissue Substitute, Percutaneous Approach", "08UL07Z": "Supplement Right Extraocular Muscle with Autologous Tissue Substitute, Open Approach", "08UL0JZ": "Supplement Right Extraocular Muscle with Synthetic Substitute, Open Approach", "08UL0KZ": "Supplement Right Extraocular Muscle with Nonautologous Tissue Substitute, Open Approach", "08UL37Z": "Supplement Right Extraocular Muscle with Autologous Tissue Substitute, Percutaneous Approach", "08UL3JZ": "Supplement Right Extraocular Muscle with Synthetic Substitute, Percutaneous Approach", "08UL3KZ": "Supplement Right Extraocular Muscle with Nonautologous Tissue Substitute, Percutaneous Approach", "08UM07Z": "Supplement Left Extraocular Muscle with Autologous Tissue Substitute, Open Approach", "08UM0JZ": "Supplement Left Extraocular Muscle with Synthetic Substitute, Open Approach", "08UM0KZ": "Supplement Left Extraocular Muscle with Nonautologous Tissue Substitute, Open Approach", "08UM37Z": "Supplement Left Extraocular Muscle with Autologous Tissue Substitute, Percutaneous Approach", "08UM3JZ": "Supplement Left Extraocular Muscle with Synthetic Substitute, Percutaneous Approach", "08UM3KZ": "Supplement Left Extraocular Muscle with Nonautologous Tissue Substitute, Percutaneous Approach", "08UN07Z": "Supplement Right Upper Eyelid with Autologous Tissue Substitute, Open Approach", "08UN0JZ": "Supplement Right Upper Eyelid with Synthetic Substitute, Open Approach", "08UN0KZ": "Supplement Right Upper Eyelid with Nonautologous Tissue Substitute, Open Approach", "08UN37Z": "Supplement Right Upper Eyelid with Autologous Tissue Substitute, Percutaneous Approach", "08UN3JZ": "Supplement Right Upper Eyelid with Synthetic Substitute, Percutaneous Approach", "08UN3KZ": "Supplement Right Upper Eyelid with Nonautologous Tissue Substitute, Percutaneous Approach", "08UNX7Z": "Supplement Right Upper Eyelid with Autologous Tissue Substitute, External Approach", "08UNXJZ": "Supplement Right Upper Eyelid with Synthetic Substitute, External Approach", "08UNXKZ": "Supplement Right Upper Eyelid with Nonautologous Tissue Substitute, External Approach", "08UP07Z": "Supplement Left Upper Eyelid with Autologous Tissue Substitute, Open Approach", "08UP0JZ": "Supplement Left Upper Eyelid with Synthetic Substitute, Open Approach", "08UP0KZ": "Supplement Left Upper Eyelid with Nonautologous Tissue Substitute, Open Approach", "08UP37Z": "Supplement Left Upper Eyelid with Autologous Tissue Substitute, Percutaneous Approach", "08UP3JZ": "Supplement Left Upper Eyelid with Synthetic Substitute, Percutaneous Approach", "08UP3KZ": "Supplement Left Upper Eyelid with Nonautologous Tissue Substitute, Percutaneous Approach", "08UPX7Z": "Supplement Left Upper Eyelid with Autologous Tissue Substitute, External Approach", "08UPXJZ": "Supplement Left Upper Eyelid with Synthetic Substitute, External Approach", "08UPXKZ": "Supplement Left Upper Eyelid with Nonautologous Tissue Substitute, External Approach", "08UQ07Z": "Supplement Right Lower Eyelid with Autologous Tissue Substitute, Open Approach", "08UQ0JZ": "Supplement Right Lower Eyelid with Synthetic Substitute, Open Approach", "08UQ0KZ": "Supplement Right Lower Eyelid with Nonautologous Tissue Substitute, Open Approach", "08UQ37Z": "Supplement Right Lower Eyelid with Autologous Tissue Substitute, Percutaneous Approach", "08UQ3JZ": "Supplement Right Lower Eyelid with Synthetic Substitute, Percutaneous Approach", "08UQ3KZ": "Supplement Right Lower Eyelid with Nonautologous Tissue Substitute, Percutaneous Approach", "08UQX7Z": "Supplement Right Lower Eyelid with Autologous Tissue Substitute, External Approach", "08UQXJZ": "Supplement Right Lower Eyelid with Synthetic Substitute, External Approach", "08UQXKZ": "Supplement Right Lower Eyelid with Nonautologous Tissue Substitute, External Approach", "08UR07Z": "Supplement Left Lower Eyelid with Autologous Tissue Substitute, Open Approach", "08UR0JZ": "Supplement Left Lower Eyelid with Synthetic Substitute, Open Approach", "08UR0KZ": "Supplement Left Lower Eyelid with Nonautologous Tissue Substitute, Open Approach", "08UR37Z": "Supplement Left Lower Eyelid with Autologous Tissue Substitute, Percutaneous Approach", "08UR3JZ": "Supplement Left Lower Eyelid with Synthetic Substitute, Percutaneous Approach", "08UR3KZ": "Supplement Left Lower Eyelid with Nonautologous Tissue Substitute, Percutaneous Approach", "08URX7Z": "Supplement Left Lower Eyelid with Autologous Tissue Substitute, External Approach", "08URXJZ": "Supplement Left Lower Eyelid with Synthetic Substitute, External Approach", "08URXKZ": "Supplement Left Lower Eyelid with Nonautologous Tissue Substitute, External Approach", "08UX07Z": "Supplement Right Lacrimal Duct with Autologous Tissue Substitute, Open Approach", "08UX0JZ": "Supplement Right Lacrimal Duct with Synthetic Substitute, Open Approach", "08UX0KZ": "Supplement Right Lacrimal Duct with Nonautologous Tissue Substitute, Open Approach", "08UX37Z": "Supplement Right Lacrimal Duct with Autologous Tissue Substitute, Percutaneous Approach", "08UX3JZ": "Supplement Right Lacrimal Duct with Synthetic Substitute, Percutaneous Approach", "08UX3KZ": "Supplement Right Lacrimal Duct with Nonautologous Tissue Substitute, Percutaneous Approach", "08UX77Z": "Supplement Right Lacrimal Duct with Autologous Tissue Substitute, Via Natural or Artificial Opening", "08UX7JZ": "Supplement Right Lacrimal Duct with Synthetic Substitute, Via Natural or Artificial Opening", "08UX7KZ": "Supplement Right Lacrimal Duct with Nonautologous Tissue Substitute, Via Natural or Artificial Opening", "08UX87Z": "Supplement Right Lacrimal Duct with Autologous Tissue Substitute, Via Natural or Artificial Opening Endoscopic", "08UX8JZ": "Supplement Right Lacrimal Duct with Synthetic Substitute, Via Natural or Artificial Opening Endoscopic", "08UX8KZ": "Supplement Right Lacrimal Duct with Nonautologous Tissue Substitute, Via Natural or Artificial Opening Endoscopic", "08UY07Z": "Supplement Left Lacrimal Duct with Autologous Tissue Substitute, Open Approach", "08UY0JZ": "Supplement Left Lacrimal Duct with Synthetic Substitute, Open Approach", "08UY0KZ": "Supplement Left Lacrimal Duct with Nonautologous Tissue Substitute, Open Approach", "08UY37Z": "Supplement Left Lacrimal Duct with Autologous Tissue Substitute, Percutaneous Approach", "08UY3JZ": "Supplement Left Lacrimal Duct with Synthetic Substitute, Percutaneous Approach", "08UY3KZ": "Supplement Left Lacrimal Duct with Nonautologous Tissue Substitute, Percutaneous Approach", "08UY77Z": "Supplement Left Lacrimal Duct with Autologous Tissue Substitute, Via Natural or Artificial Opening", "08UY7JZ": "Supplement Left Lacrimal Duct with Synthetic Substitute, Via Natural or Artificial Opening", "08UY7KZ": "Supplement Left Lacrimal Duct with Nonautologous Tissue Substitute, Via Natural or Artificial Opening", "08UY87Z": "Supplement Left Lacrimal Duct with Autologous Tissue Substitute, Via Natural or Artificial Opening Endoscopic", "08UY8JZ": "Supplement Left Lacrimal Duct with Synthetic Substitute, Via Natural or Artificial Opening Endoscopic", "08UY8KZ": "Supplement Left Lacrimal Duct with Nonautologous Tissue Substitute, Via Natural or Artificial Opening Endoscopic"}