{"08V": "Eye, Restriction", "08VX0CZ": "Restriction of Right Lacrimal Duct with Extraluminal Device, Open Approach", "08VX0DZ": "Restriction of Right Lacrimal Duct with Intraluminal Device, Open Approach", "08VX0ZZ": "Restriction of Right Lacrimal Duct, Open Approach", "08VX3CZ": "Restriction of Right Lacrimal Duct with Extraluminal Device, Percutaneous Approach", "08VX3DZ": "Restriction of Right Lacrimal Duct with Intraluminal Device, Percutaneous Approach", "08VX3ZZ": "Restriction of Right Lacrimal Duct, Percutaneous Approach", "08VX7DZ": "Restriction of Right Lacrimal Duct with Intraluminal Device, Via Natural or Artificial Opening", "08VX7ZZ": "Restriction of Right Lacrimal Duct, Via Natural or Artificial Opening", "08VX8DZ": "Restriction of Right Lacrimal Duct with Intraluminal Device, Via Natural or Artificial Opening Endoscopic", "08VX8ZZ": "Restriction of Right Lacrimal Duct, Via Natural or Artificial Opening Endoscopic", "08VY0CZ": "Restriction of Left Lacrimal Duct with Extraluminal Device, Open Approach", "08VY0DZ": "Restriction of Left Lacrimal Duct with Intraluminal Device, Open Approach", "08VY0ZZ": "Restriction of Left Lacrimal Duct, Open Approach", "08VY3CZ": "Restriction of Left Lacrimal Duct with Extraluminal Device, Percutaneous Approach", "08VY3DZ": "Restriction of Left Lacrimal Duct with Intraluminal Device, Percutaneous Approach", "08VY3ZZ": "Restriction of Left Lacrimal Duct, Percutaneous Approach", "08VY7DZ": "Restriction of Left Lacrimal Duct with Intraluminal Device, Via Natural or Artificial Opening", "08VY7ZZ": "Restriction of Left Lacrimal Duct, Via Natural or Artificial Opening", "08VY8DZ": "Restriction of Left Lacrimal Duct with Intraluminal Device, Via Natural or Artificial Opening Endoscopic", "08VY8ZZ": "Restriction of Left Lacrimal Duct, Via Natural or Artificial Opening Endoscopic"}