{"0QD": "Lower Bones, Extraction", "0QD00ZZ": "Extraction of Lumbar Vertebra, Open Approach", "0QD10ZZ": "Extraction of Sacrum, Open Approach", "0QD20ZZ": "Extraction of Right Pelvic Bone, Open Approach", "0QD30ZZ": "Extraction of Left Pelvic Bone, Open Approach", "0QD40ZZ": "Extraction of Right Acetabulum, Open Approach", "0QD50ZZ": "Extraction of Left Acetabulum, Open Approach", "0QD60ZZ": "Extraction of Right Upper Femur, Open Approach", "0QD70ZZ": "Extraction of Left Upper Femur, Open Approach", "0QD80ZZ": "Extraction of Right Femoral Shaft, Open Approach", "0QD90ZZ": "Extraction of Left Femoral Shaft, Open Approach", "0QDB0ZZ": "Extraction of Right Lower Femur, Open Approach", "0QDC0ZZ": "Extraction of Left Lower Femur, Open Approach", "0QDD0ZZ": "Extraction of Right Patella, Open Approach", "0QDF0ZZ": "Extraction of Left Patella, Open Approach", "0QDG0ZZ": "Extraction of Right Tibia, Open Approach", "0QDH0ZZ": "Extraction of Left Tibia, Open Approach", "0QDJ0ZZ": "Extraction of Right Fibula, Open Approach", "0QDK0ZZ": "Extraction of Left Fibula, Open Approach", "0QDL0ZZ": "Extraction of Right Tarsal, Open Approach", "0QDM0ZZ": "Extraction of Left Tarsal, Open Approach", "0QDN0ZZ": "Extraction of Right Metatarsal, Open Approach", "0QDP0ZZ": "Extraction of Left Metatarsal, Open Approach", "0QDQ0ZZ": "Extraction of Right Toe Phalanx, Open Approach", "0QDR0ZZ": "Extraction of Left Toe Phalanx, Open Approach", "0QDS0ZZ": "Extraction of Coccyx, Open Approach"}