{"0QP": "Lower Bones, Removal", "0QP004Z": "Removal of Internal Fixation Device from Lumbar Vertebra, Open Approach", "0QP005Z": "Removal of External Fixation Device from Lumbar Vertebra, Open Approach", "0QP007Z": "Removal of Autologous Tissue Substitute from Lumbar Vertebra, Open Approach", "0QP00JZ": "Removal of Synthetic Substitute from Lumbar Vertebra, Open Approach", "0QP00KZ": "Removal of Nonautologous Tissue Substitute from Lumbar Vertebra, Open Approach", "0QP034Z": "Removal of Internal Fixation Device from Lumbar Vertebra, Percutaneous Approach", "0QP035Z": "Removal of External Fixation Device from Lumbar Vertebra, Percutaneous Approach", "0QP037Z": "Removal of Autologous Tissue Substitute from Lumbar Vertebra, Percutaneous Approach", "0QP03JZ": "Removal of Synthetic Substitute from Lumbar Vertebra, Percutaneous Approach", "0QP03KZ": "Removal of Nonautologous Tissue Substitute from Lumbar Vertebra, Percutaneous Approach", "0QP044Z": "Removal of Internal Fixation Device from Lumbar Vertebra, Percutaneous Endoscopic Approach", "0QP045Z": "Removal of External Fixation Device from Lumbar Vertebra, Percutaneous Endoscopic Approach", "0QP047Z": "Removal of Autologous Tissue Substitute from Lumbar Vertebra, Percutaneous Endoscopic Approach", "0QP04JZ": "Removal of Synthetic Substitute from Lumbar Vertebra, Percutaneous Endoscopic Approach", "0QP04KZ": "Removal of Nonautologous Tissue Substitute from Lumbar Vertebra, Percutaneous Endoscopic Approach", "0QP0X4Z": "Removal of Internal Fixation Device from Lumbar Vertebra, External Approach", "0QP0X5Z": "Removal of External Fixation Device from Lumbar Vertebra, External Approach", "0QP104Z": "Removal of Internal Fixation Device from Sacrum, Open Approach", "0QP105Z": "Removal of External Fixation Device from Sacrum, Open Approach", "0QP107Z": "Removal of Autologous Tissue Substitute from Sacrum, Open Approach", "0QP10JZ": "Removal of Synthetic Substitute from Sacrum, Open Approach", "0QP10KZ": "Removal of Nonautologous Tissue Substitute from Sacrum, Open Approach", "0QP134Z": "Removal of Internal Fixation Device from Sacrum, Percutaneous Approach", "0QP135Z": "Removal of External Fixation Device from Sacrum, Percutaneous Approach", "0QP137Z": "Removal of Autologous Tissue Substitute from Sacrum, Percutaneous Approach", "0QP13JZ": "Removal of Synthetic Substitute from Sacrum, Percutaneous Approach", "0QP13KZ": "Removal of Nonautologous Tissue Substitute from Sacrum, Percutaneous Approach", "0QP144Z": "Removal of Internal Fixation Device from Sacrum, Percutaneous Endoscopic Approach", "0QP145Z": "Removal of External Fixation Device from Sacrum, Percutaneous Endoscopic Approach", "0QP147Z": "Removal of Autologous Tissue Substitute from Sacrum, Percutaneous Endoscopic Approach", "0QP14JZ": "Removal of Synthetic Substitute from Sacrum, Percutaneous Endoscopic Approach", "0QP14KZ": "Removal of Nonautologous Tissue Substitute from Sacrum, Percutaneous Endoscopic Approach", "0QP1X4Z": "Removal of Internal Fixation Device from Sacrum, External Approach", "0QP1X5Z": "Removal of External Fixation Device from Sacrum, External Approach", "0QP204Z": "Removal of Internal Fixation Device from Right Pelvic Bone, Open Approach", "0QP205Z": "Removal of External Fixation Device from Right Pelvic Bone, Open Approach", "0QP207Z": "Removal of Autologous Tissue Substitute from Right Pelvic Bone, Open Approach", "0QP20JZ": "Removal of Synthetic Substitute from Right Pelvic Bone, Open Approach", "0QP20KZ": "Removal of Nonautologous Tissue Substitute from Right Pelvic Bone, Open Approach", "0QP234Z": "Removal of Internal Fixation Device from Right Pelvic Bone, Percutaneous Approach", "0QP235Z": "Removal of External Fixation Device from Right Pelvic Bone, Percutaneous Approach", "0QP237Z": "Removal of Autologous Tissue Substitute from Right Pelvic Bone, Percutaneous Approach", "0QP23JZ": "Removal of Synthetic Substitute from Right Pelvic Bone, Percutaneous Approach", "0QP23KZ": "Removal of Nonautologous Tissue Substitute from Right Pelvic Bone, Percutaneous Approach", "0QP244Z": "Removal of Internal Fixation Device from Right Pelvic Bone, Percutaneous Endoscopic Approach", "0QP245Z": "Removal of External Fixation Device from Right Pelvic Bone, Percutaneous Endoscopic Approach", "0QP247Z": "Removal of Autologous Tissue Substitute from Right Pelvic Bone, Percutaneous Endoscopic Approach", "0QP24JZ": "Removal of Synthetic Substitute from Right Pelvic Bone, Percutaneous Endoscopic Approach", "0QP24KZ": "Removal of Nonautologous Tissue Substitute from Right Pelvic Bone, Percutaneous Endoscopic Approach", "0QP2X4Z": "Removal of Internal Fixation Device from Right Pelvic Bone, External Approach", "0QP2X5Z": "Removal of External Fixation Device from Right Pelvic Bone, External Approach", "0QP304Z": "Removal of Internal Fixation Device from Left Pelvic Bone, Open Approach", "0QP305Z": "Removal of External Fixation Device from Left Pelvic Bone, Open Approach", "0QP307Z": "Removal of Autologous Tissue Substitute from Left Pelvic Bone, Open Approach", "0QP30JZ": "Removal of Synthetic Substitute from Left Pelvic Bone, Open Approach", "0QP30KZ": "Removal of Nonautologous Tissue Substitute from Left Pelvic Bone, Open Approach", "0QP334Z": "Removal of Internal Fixation Device from Left Pelvic Bone, Percutaneous Approach", "0QP335Z": "Removal of External Fixation Device from Left Pelvic Bone, Percutaneous Approach", "0QP337Z": "Removal of Autologous Tissue Substitute from Left Pelvic Bone, Percutaneous Approach", "0QP33JZ": "Removal of Synthetic Substitute from Left Pelvic Bone, Percutaneous Approach", "0QP33KZ": "Removal of Nonautologous Tissue Substitute from Left Pelvic Bone, Percutaneous Approach", "0QP344Z": "Removal of Internal Fixation Device from Left Pelvic Bone, Percutaneous Endoscopic Approach", "0QP345Z": "Removal of External Fixation Device from Left Pelvic Bone, Percutaneous Endoscopic Approach", "0QP347Z": "Removal of Autologous Tissue Substitute from Left Pelvic Bone, Percutaneous Endoscopic Approach", "0QP34JZ": "Removal of Synthetic Substitute from Left Pelvic Bone, Percutaneous Endoscopic Approach", "0QP34KZ": "Removal of Nonautologous Tissue Substitute from Left Pelvic Bone, Percutaneous Endoscopic Approach", "0QP3X4Z": "Removal of Internal Fixation Device from Left Pelvic Bone, External Approach", "0QP3X5Z": "Removal of External Fixation Device from Left Pelvic Bone, External Approach", "0QP404Z": "Removal of Internal Fixation Device from Right Acetabulum, Open Approach", "0QP405Z": "Removal of External Fixation Device from Right Acetabulum, Open Approach", "0QP407Z": "Removal of Autologous Tissue Substitute from Right Acetabulum, Open Approach", "0QP40JZ": "Removal of Synthetic Substitute from Right Acetabulum, Open Approach", "0QP40KZ": "Removal of Nonautologous Tissue Substitute from Right Acetabulum, Open Approach", "0QP434Z": "Removal of Internal Fixation Device from Right Acetabulum, Percutaneous Approach", "0QP435Z": "Removal of External Fixation Device from Right Acetabulum, Percutaneous Approach", "0QP437Z": "Removal of Autologous Tissue Substitute from Right Acetabulum, Percutaneous Approach", "0QP43JZ": "Removal of Synthetic Substitute from Right Acetabulum, Percutaneous Approach", "0QP43KZ": "Removal of Nonautologous Tissue Substitute from Right Acetabulum, Percutaneous Approach", "0QP444Z": "Removal of Internal Fixation Device from Right Acetabulum, Percutaneous Endoscopic Approach", "0QP445Z": "Removal of External Fixation Device from Right Acetabulum, Percutaneous Endoscopic Approach", "0QP447Z": "Removal of Autologous Tissue Substitute from Right Acetabulum, Percutaneous Endoscopic Approach", "0QP44JZ": "Removal of Synthetic Substitute from Right Acetabulum, Percutaneous Endoscopic Approach", "0QP44KZ": "Removal of Nonautologous Tissue Substitute from Right Acetabulum, Percutaneous Endoscopic Approach", "0QP4X4Z": "Removal of Internal Fixation Device from Right Acetabulum, External Approach", "0QP4X5Z": "Removal of External Fixation Device from Right Acetabulum, External Approach", "0QP504Z": "Removal of Internal Fixation Device from Left Acetabulum, Open Approach", "0QP505Z": "Removal of External Fixation Device from Left Acetabulum, Open Approach", "0QP507Z": "Removal of Autologous Tissue Substitute from Left Acetabulum, Open Approach", "0QP50JZ": "Removal of Synthetic Substitute from Left Acetabulum, Open Approach", "0QP50KZ": "Removal of Nonautologous Tissue Substitute from Left Acetabulum, Open Approach", "0QP534Z": "Removal of Internal Fixation Device from Left Acetabulum, Percutaneous Approach", "0QP535Z": "Removal of External Fixation Device from Left Acetabulum, Percutaneous Approach", "0QP537Z": "Removal of Autologous Tissue Substitute from Left Acetabulum, Percutaneous Approach", "0QP53JZ": "Removal of Synthetic Substitute from Left Acetabulum, Percutaneous Approach", "0QP53KZ": "Removal of Nonautologous Tissue Substitute from Left Acetabulum, Percutaneous Approach", "0QP544Z": "Removal of Internal Fixation Device from Left Acetabulum, Percutaneous Endoscopic Approach", "0QP545Z": "Removal of External Fixation Device from Left Acetabulum, Percutaneous Endoscopic Approach", "0QP547Z": "Removal of Autologous Tissue Substitute from Left Acetabulum, Percutaneous Endoscopic Approach", "0QP54JZ": "Removal of Synthetic Substitute from Left Acetabulum, Percutaneous Endoscopic Approach", "0QP54KZ": "Removal of Nonautologous Tissue Substitute from Left Acetabulum, Percutaneous Endoscopic Approach", "0QP5X4Z": "Removal of Internal Fixation Device from Left Acetabulum, External Approach", "0QP5X5Z": "Removal of External Fixation Device from Left Acetabulum, External Approach", "0QP604Z": "Removal of Internal Fixation Device from Right Upper Femur, Open Approach", "0QP605Z": "Removal of External Fixation Device from Right Upper Femur, Open Approach", "0QP607Z": "Removal of Autologous Tissue Substitute from Right Upper Femur, Open Approach", "0QP60JZ": "Removal of Synthetic Substitute from Right Upper Femur, Open Approach", "0QP60KZ": "Removal of Nonautologous Tissue Substitute from Right Upper Femur, Open Approach", "0QP634Z": "Removal of Internal Fixation Device from Right Upper Femur, Percutaneous Approach", "0QP635Z": "Removal of External Fixation Device from Right Upper Femur, Percutaneous Approach", "0QP637Z": "Removal of Autologous Tissue Substitute from Right Upper Femur, Percutaneous Approach", "0QP63JZ": "Removal of Synthetic Substitute from Right Upper Femur, Percutaneous Approach", "0QP63KZ": "Removal of Nonautologous Tissue Substitute from Right Upper Femur, Percutaneous Approach", "0QP644Z": "Removal of Internal Fixation Device from Right Upper Femur, Percutaneous Endoscopic Approach", "0QP645Z": "Removal of External Fixation Device from Right Upper Femur, Percutaneous Endoscopic Approach", "0QP647Z": "Removal of Autologous Tissue Substitute from Right Upper Femur, Percutaneous Endoscopic Approach", "0QP64JZ": "Removal of Synthetic Substitute from Right Upper Femur, Percutaneous Endoscopic Approach", "0QP64KZ": "Removal of Nonautologous Tissue Substitute from Right Upper Femur, Percutaneous Endoscopic Approach", "0QP6X4Z": "Removal of Internal Fixation Device from Right Upper Femur, External Approach", "0QP6X5Z": "Removal of External Fixation Device from Right Upper Femur, External Approach", "0QP704Z": "Removal of Internal Fixation Device from Left Upper Femur, Open Approach", "0QP705Z": "Removal of External Fixation Device from Left Upper Femur, Open Approach", "0QP707Z": "Removal of Autologous Tissue Substitute from Left Upper Femur, Open Approach", "0QP70JZ": "Removal of Synthetic Substitute from Left Upper Femur, Open Approach", "0QP70KZ": "Removal of Nonautologous Tissue Substitute from Left Upper Femur, Open Approach", "0QP734Z": "Removal of Internal Fixation Device from Left Upper Femur, Percutaneous Approach", "0QP735Z": "Removal of External Fixation Device from Left Upper Femur, Percutaneous Approach", "0QP737Z": "Removal of Autologous Tissue Substitute from Left Upper Femur, Percutaneous Approach", "0QP73JZ": "Removal of Synthetic Substitute from Left Upper Femur, Percutaneous Approach", "0QP73KZ": "Removal of Nonautologous Tissue Substitute from Left Upper Femur, Percutaneous Approach", "0QP744Z": "Removal of Internal Fixation Device from Left Upper Femur, Percutaneous Endoscopic Approach", "0QP745Z": "Removal of External Fixation Device from Left Upper Femur, Percutaneous Endoscopic Approach", "0QP747Z": "Removal of Autologous Tissue Substitute from Left Upper Femur, Percutaneous Endoscopic Approach", "0QP74JZ": "Removal of Synthetic Substitute from Left Upper Femur, Percutaneous Endoscopic Approach", "0QP74KZ": "Removal of Nonautologous Tissue Substitute from Left Upper Femur, Percutaneous Endoscopic Approach", "0QP7X4Z": "Removal of Internal Fixation Device from Left Upper Femur, External Approach", "0QP7X5Z": "Removal of External Fixation Device from Left Upper Femur, External Approach", "0QP804Z": "Removal of Internal Fixation Device from Right Femoral Shaft, Open Approach", "0QP805Z": "Removal of External Fixation Device from Right Femoral Shaft, Open Approach", "0QP807Z": "Removal of Autologous Tissue Substitute from Right Femoral Shaft, Open Approach", "0QP80JZ": "Removal of Synthetic Substitute from Right Femoral Shaft, Open Approach", "0QP80KZ": "Removal of Nonautologous Tissue Substitute from Right Femoral Shaft, Open Approach", "0QP834Z": "Removal of Internal Fixation Device from Right Femoral Shaft, Percutaneous Approach", "0QP835Z": "Removal of External Fixation Device from Right Femoral Shaft, Percutaneous Approach", "0QP837Z": "Removal of Autologous Tissue Substitute from Right Femoral Shaft, Percutaneous Approach", "0QP83JZ": "Removal of Synthetic Substitute from Right Femoral Shaft, Percutaneous Approach", "0QP83KZ": "Removal of Nonautologous Tissue Substitute from Right Femoral Shaft, Percutaneous Approach", "0QP844Z": "Removal of Internal Fixation Device from Right Femoral Shaft, Percutaneous Endoscopic Approach", "0QP845Z": "Removal of External Fixation Device from Right Femoral Shaft, Percutaneous Endoscopic Approach", "0QP847Z": "Removal of Autologous Tissue Substitute from Right Femoral Shaft, Percutaneous Endoscopic Approach", "0QP84JZ": "Removal of Synthetic Substitute from Right Femoral Shaft, Percutaneous Endoscopic Approach", "0QP84KZ": "Removal of Nonautologous Tissue Substitute from Right Femoral Shaft, Percutaneous Endoscopic Approach", "0QP8X4Z": "Removal of Internal Fixation Device from Right Femoral Shaft, External Approach", "0QP8X5Z": "Removal of External Fixation Device from Right Femoral Shaft, External Approach", "0QP904Z": "Removal of Internal Fixation Device from Left Femoral Shaft, Open Approach", "0QP905Z": "Removal of External Fixation Device from Left Femoral Shaft, Open Approach", "0QP907Z": "Removal of Autologous Tissue Substitute from Left Femoral Shaft, Open Approach", "0QP90JZ": "Removal of Synthetic Substitute from Left Femoral Shaft, Open Approach", "0QP90KZ": "Removal of Nonautologous Tissue Substitute from Left Femoral Shaft, Open Approach", "0QP934Z": "Removal of Internal Fixation Device from Left Femoral Shaft, Percutaneous Approach", "0QP935Z": "Removal of External Fixation Device from Left Femoral Shaft, Percutaneous Approach", "0QP937Z": "Removal of Autologous Tissue Substitute from Left Femoral Shaft, Percutaneous Approach", "0QP93JZ": "Removal of Synthetic Substitute from Left Femoral Shaft, Percutaneous Approach", "0QP93KZ": "Removal of Nonautologous Tissue Substitute from Left Femoral Shaft, Percutaneous Approach", "0QP944Z": "Removal of Internal Fixation Device from Left Femoral Shaft, Percutaneous Endoscopic Approach", "0QP945Z": "Removal of External Fixation Device from Left Femoral Shaft, Percutaneous Endoscopic Approach", "0QP947Z": "Removal of Autologous Tissue Substitute from Left Femoral Shaft, Percutaneous Endoscopic Approach", "0QP94JZ": "Removal of Synthetic Substitute from Left Femoral Shaft, Percutaneous Endoscopic Approach", "0QP94KZ": "Removal of Nonautologous Tissue Substitute from Left Femoral Shaft, Percutaneous Endoscopic Approach", "0QP9X4Z": "Removal of Internal Fixation Device from Left Femoral Shaft, External Approach", "0QP9X5Z": "Removal of External Fixation Device from Left Femoral Shaft, External Approach", "0QPB04Z": "Removal of Internal Fixation Device from Right Lower Femur, Open Approach", "0QPB05Z": "Removal of External Fixation Device from Right Lower Femur, Open Approach", "0QPB07Z": "Removal of Autologous Tissue Substitute from Right Lower Femur, Open Approach", "0QPB0JZ": "Removal of Synthetic Substitute from Right Lower Femur, Open Approach", "0QPB0KZ": "Removal of Nonautologous Tissue Substitute from Right Lower Femur, Open Approach", "0QPB34Z": "Removal of Internal Fixation Device from Right Lower Femur, Percutaneous Approach", "0QPB35Z": "Removal of External Fixation Device from Right Lower Femur, Percutaneous Approach", "0QPB37Z": "Removal of Autologous Tissue Substitute from Right Lower Femur, Percutaneous Approach", "0QPB3JZ": "Removal of Synthetic Substitute from Right Lower Femur, Percutaneous Approach", "0QPB3KZ": "Removal of Nonautologous Tissue Substitute from Right Lower Femur, Percutaneous Approach", "0QPB44Z": "Removal of Internal Fixation Device from Right Lower Femur, Percutaneous Endoscopic Approach", "0QPB45Z": "Removal of External Fixation Device from Right Lower Femur, Percutaneous Endoscopic Approach", "0QPB47Z": "Removal of Autologous Tissue Substitute from Right Lower Femur, Percutaneous Endoscopic Approach", "0QPB4JZ": "Removal of Synthetic Substitute from Right Lower Femur, Percutaneous Endoscopic Approach", "0QPB4KZ": "Removal of Nonautologous Tissue Substitute from Right Lower Femur, Percutaneous Endoscopic Approach", "0QPBX4Z": "Removal of Internal Fixation Device from Right Lower Femur, External Approach", "0QPBX5Z": "Removal of External Fixation Device from Right Lower Femur, External Approach", "0QPC04Z": "Removal of Internal Fixation Device from Left Lower Femur, Open Approach", "0QPC05Z": "Removal of External Fixation Device from Left Lower Femur, Open Approach", "0QPC07Z": "Removal of Autologous Tissue Substitute from Left Lower Femur, Open Approach", "0QPC0JZ": "Removal of Synthetic Substitute from Left Lower Femur, Open Approach", "0QPC0KZ": "Removal of Nonautologous Tissue Substitute from Left Lower Femur, Open Approach", "0QPC34Z": "Removal of Internal Fixation Device from Left Lower Femur, Percutaneous Approach", "0QPC35Z": "Removal of External Fixation Device from Left Lower Femur, Percutaneous Approach", "0QPC37Z": "Removal of Autologous Tissue Substitute from Left Lower Femur, Percutaneous Approach", "0QPC3JZ": "Removal of Synthetic Substitute from Left Lower Femur, Percutaneous Approach", "0QPC3KZ": "Removal of Nonautologous Tissue Substitute from Left Lower Femur, Percutaneous Approach", "0QPC44Z": "Removal of Internal Fixation Device from Left Lower Femur, Percutaneous Endoscopic Approach", "0QPC45Z": "Removal of External Fixation Device from Left Lower Femur, Percutaneous Endoscopic Approach", "0QPC47Z": "Removal of Autologous Tissue Substitute from Left Lower Femur, Percutaneous Endoscopic Approach", "0QPC4JZ": "Removal of Synthetic Substitute from Left Lower Femur, Percutaneous Endoscopic Approach", "0QPC4KZ": "Removal of Nonautologous Tissue Substitute from Left Lower Femur, Percutaneous Endoscopic Approach", "0QPCX4Z": "Removal of Internal Fixation Device from Left Lower Femur, External Approach", "0QPCX5Z": "Removal of External Fixation Device from Left Lower Femur, External Approach", "0QPD04Z": "Removal of Internal Fixation Device from Right Patella, Open Approach", "0QPD05Z": "Removal of External Fixation Device from Right Patella, Open Approach", "0QPD07Z": "Removal of Autologous Tissue Substitute from Right Patella, Open Approach", "0QPD0JZ": "Removal of Synthetic Substitute from Right Patella, Open Approach", "0QPD0KZ": "Removal of Nonautologous Tissue Substitute from Right Patella, Open Approach", "0QPD34Z": "Removal of Internal Fixation Device from Right Patella, Percutaneous Approach", "0QPD35Z": "Removal of External Fixation Device from Right Patella, Percutaneous Approach", "0QPD37Z": "Removal of Autologous Tissue Substitute from Right Patella, Percutaneous Approach", "0QPD3JZ": "Removal of Synthetic Substitute from Right Patella, Percutaneous Approach", "0QPD3KZ": "Removal of Nonautologous Tissue Substitute from Right Patella, Percutaneous Approach", "0QPD44Z": "Removal of Internal Fixation Device from Right Patella, Percutaneous Endoscopic Approach", "0QPD45Z": "Removal of External Fixation Device from Right Patella, Percutaneous Endoscopic Approach", "0QPD47Z": "Removal of Autologous Tissue Substitute from Right Patella, Percutaneous Endoscopic Approach", "0QPD4JZ": "Removal of Synthetic Substitute from Right Patella, Percutaneous Endoscopic Approach", "0QPD4KZ": "Removal of Nonautologous Tissue Substitute from Right Patella, Percutaneous Endoscopic Approach", "0QPDX4Z": "Removal of Internal Fixation Device from Right Patella, External Approach", "0QPDX5Z": "Removal of External Fixation Device from Right Patella, External Approach", "0QPF04Z": "Removal of Internal Fixation Device from Left Patella, Open Approach", "0QPF05Z": "Removal of External Fixation Device from Left Patella, Open Approach", "0QPF07Z": "Removal of Autologous Tissue Substitute from Left Patella, Open Approach", "0QPF0JZ": "Removal of Synthetic Substitute from Left Patella, Open Approach", "0QPF0KZ": "Removal of Nonautologous Tissue Substitute from Left Patella, Open Approach", "0QPF34Z": "Removal of Internal Fixation Device from Left Patella, Percutaneous Approach", "0QPF35Z": "Removal of External Fixation Device from Left Patella, Percutaneous Approach", "0QPF37Z": "Removal of Autologous Tissue Substitute from Left Patella, Percutaneous Approach", "0QPF3JZ": "Removal of Synthetic Substitute from Left Patella, Percutaneous Approach", "0QPF3KZ": "Removal of Nonautologous Tissue Substitute from Left Patella, Percutaneous Approach", "0QPF44Z": "Removal of Internal Fixation Device from Left Patella, Percutaneous Endoscopic Approach", "0QPF45Z": "Removal of External Fixation Device from Left Patella, Percutaneous Endoscopic Approach", "0QPF47Z": "Removal of Autologous Tissue Substitute from Left Patella, Percutaneous Endoscopic Approach", "0QPF4JZ": "Removal of Synthetic Substitute from Left Patella, Percutaneous Endoscopic Approach", "0QPF4KZ": "Removal of Nonautologous Tissue Substitute from Left Patella, Percutaneous Endoscopic Approach", "0QPFX4Z": "Removal of Internal Fixation Device from Left Patella, External Approach", "0QPFX5Z": "Removal of External Fixation Device from Left Patella, External Approach", "0QPG04Z": "Removal of Internal Fixation Device from Right Tibia, Open Approach", "0QPG05Z": "Removal of External Fixation Device from Right Tibia, Open Approach", "0QPG07Z": "Removal of Autologous Tissue Substitute from Right Tibia, Open Approach", "0QPG0JZ": "Removal of Synthetic Substitute from Right Tibia, Open Approach", "0QPG0KZ": "Removal of Nonautologous Tissue Substitute from Right Tibia, Open Approach", "0QPG34Z": "Removal of Internal Fixation Device from Right Tibia, Percutaneous Approach", "0QPG35Z": "Removal of External Fixation Device from Right Tibia, Percutaneous Approach", "0QPG37Z": "Removal of Autologous Tissue Substitute from Right Tibia, Percutaneous Approach", "0QPG3JZ": "Removal of Synthetic Substitute from Right Tibia, Percutaneous Approach", "0QPG3KZ": "Removal of Nonautologous Tissue Substitute from Right Tibia, Percutaneous Approach", "0QPG44Z": "Removal of Internal Fixation Device from Right Tibia, Percutaneous Endoscopic Approach", "0QPG45Z": "Removal of External Fixation Device from Right Tibia, Percutaneous Endoscopic Approach", "0QPG47Z": "Removal of Autologous Tissue Substitute from Right Tibia, Percutaneous Endoscopic Approach", "0QPG4JZ": "Removal of Synthetic Substitute from Right Tibia, Percutaneous Endoscopic Approach", "0QPG4KZ": "Removal of Nonautologous Tissue Substitute from Right Tibia, Percutaneous Endoscopic Approach", "0QPGX4Z": "Removal of Internal Fixation Device from Right Tibia, External Approach", "0QPGX5Z": "Removal of External Fixation Device from Right Tibia, External Approach", "0QPH04Z": "Removal of Internal Fixation Device from Left Tibia, Open Approach", "0QPH05Z": "Removal of External Fixation Device from Left Tibia, Open Approach", "0QPH07Z": "Removal of Autologous Tissue Substitute from Left Tibia, Open Approach", "0QPH0JZ": "Removal of Synthetic Substitute from Left Tibia, Open Approach", "0QPH0KZ": "Removal of Nonautologous Tissue Substitute from Left Tibia, Open Approach", "0QPH34Z": "Removal of Internal Fixation Device from Left Tibia, Percutaneous Approach", "0QPH35Z": "Removal of External Fixation Device from Left Tibia, Percutaneous Approach", "0QPH37Z": "Removal of Autologous Tissue Substitute from Left Tibia, Percutaneous Approach", "0QPH3JZ": "Removal of Synthetic Substitute from Left Tibia, Percutaneous Approach", "0QPH3KZ": "Removal of Nonautologous Tissue Substitute from Left Tibia, Percutaneous Approach", "0QPH44Z": "Removal of Internal Fixation Device from Left Tibia, Percutaneous Endoscopic Approach", "0QPH45Z": "Removal of External Fixation Device from Left Tibia, Percutaneous Endoscopic Approach", "0QPH47Z": "Removal of Autologous Tissue Substitute from Left Tibia, Percutaneous Endoscopic Approach", "0QPH4JZ": "Removal of Synthetic Substitute from Left Tibia, Percutaneous Endoscopic Approach", "0QPH4KZ": "Removal of Nonautologous Tissue Substitute from Left Tibia, Percutaneous Endoscopic Approach", "0QPHX4Z": "Removal of Internal Fixation Device from Left Tibia, External Approach", "0QPHX5Z": "Removal of External Fixation Device from Left Tibia, External Approach", "0QPJ04Z": "Removal of Internal Fixation Device from Right Fibula, Open Approach", "0QPJ05Z": "Removal of External Fixation Device from Right Fibula, Open Approach", "0QPJ07Z": "Removal of Autologous Tissue Substitute from Right Fibula, Open Approach", "0QPJ0JZ": "Removal of Synthetic Substitute from Right Fibula, Open Approach", "0QPJ0KZ": "Removal of Nonautologous Tissue Substitute from Right Fibula, Open Approach", "0QPJ34Z": "Removal of Internal Fixation Device from Right Fibula, Percutaneous Approach", "0QPJ35Z": "Removal of External Fixation Device from Right Fibula, Percutaneous Approach", "0QPJ37Z": "Removal of Autologous Tissue Substitute from Right Fibula, Percutaneous Approach", "0QPJ3JZ": "Removal of Synthetic Substitute from Right Fibula, Percutaneous Approach", "0QPJ3KZ": "Removal of Nonautologous Tissue Substitute from Right Fibula, Percutaneous Approach", "0QPJ44Z": "Removal of Internal Fixation Device from Right Fibula, Percutaneous Endoscopic Approach", "0QPJ45Z": "Removal of External Fixation Device from Right Fibula, Percutaneous Endoscopic Approach", "0QPJ47Z": "Removal of Autologous Tissue Substitute from Right Fibula, Percutaneous Endoscopic Approach", "0QPJ4JZ": "Removal of Synthetic Substitute from Right Fibula, Percutaneous Endoscopic Approach", "0QPJ4KZ": "Removal of Nonautologous Tissue Substitute from Right Fibula, Percutaneous Endoscopic Approach", "0QPJX4Z": "Removal of Internal Fixation Device from Right Fibula, External Approach", "0QPJX5Z": "Removal of External Fixation Device from Right Fibula, External Approach", "0QPK04Z": "Removal of Internal Fixation Device from Left Fibula, Open Approach", "0QPK05Z": "Removal of External Fixation Device from Left Fibula, Open Approach", "0QPK07Z": "Removal of Autologous Tissue Substitute from Left Fibula, Open Approach", "0QPK0JZ": "Removal of Synthetic Substitute from Left Fibula, Open Approach", "0QPK0KZ": "Removal of Nonautologous Tissue Substitute from Left Fibula, Open Approach", "0QPK34Z": "Removal of Internal Fixation Device from Left Fibula, Percutaneous Approach", "0QPK35Z": "Removal of External Fixation Device from Left Fibula, Percutaneous Approach", "0QPK37Z": "Removal of Autologous Tissue Substitute from Left Fibula, Percutaneous Approach", "0QPK3JZ": "Removal of Synthetic Substitute from Left Fibula, Percutaneous Approach", "0QPK3KZ": "Removal of Nonautologous Tissue Substitute from Left Fibula, Percutaneous Approach", "0QPK44Z": "Removal of Internal Fixation Device from Left Fibula, Percutaneous Endoscopic Approach", "0QPK45Z": "Removal of External Fixation Device from Left Fibula, Percutaneous Endoscopic Approach", "0QPK47Z": "Removal of Autologous Tissue Substitute from Left Fibula, Percutaneous Endoscopic Approach", "0QPK4JZ": "Removal of Synthetic Substitute from Left Fibula, Percutaneous Endoscopic Approach", "0QPK4KZ": "Removal of Nonautologous Tissue Substitute from Left Fibula, Percutaneous Endoscopic Approach", "0QPKX4Z": "Removal of Internal Fixation Device from Left Fibula, External Approach", "0QPKX5Z": "Removal of External Fixation Device from Left Fibula, External Approach", "0QPL04Z": "Removal of Internal Fixation Device from Right Tarsal, Open Approach", "0QPL05Z": "Removal of External Fixation Device from Right Tarsal, Open Approach", "0QPL07Z": "Removal of Autologous Tissue Substitute from Right Tarsal, Open Approach", "0QPL0JZ": "Removal of Synthetic Substitute from Right Tarsal, Open Approach", "0QPL0KZ": "Removal of Nonautologous Tissue Substitute from Right Tarsal, Open Approach", "0QPL34Z": "Removal of Internal Fixation Device from Right Tarsal, Percutaneous Approach", "0QPL35Z": "Removal of External Fixation Device from Right Tarsal, Percutaneous Approach", "0QPL37Z": "Removal of Autologous Tissue Substitute from Right Tarsal, Percutaneous Approach", "0QPL3JZ": "Removal of Synthetic Substitute from Right Tarsal, Percutaneous Approach", "0QPL3KZ": "Removal of Nonautologous Tissue Substitute from Right Tarsal, Percutaneous Approach", "0QPL44Z": "Removal of Internal Fixation Device from Right Tarsal, Percutaneous Endoscopic Approach", "0QPL45Z": "Removal of External Fixation Device from Right Tarsal, Percutaneous Endoscopic Approach", "0QPL47Z": "Removal of Autologous Tissue Substitute from Right Tarsal, Percutaneous Endoscopic Approach", "0QPL4JZ": "Removal of Synthetic Substitute from Right Tarsal, Percutaneous Endoscopic Approach", "0QPL4KZ": "Removal of Nonautologous Tissue Substitute from Right Tarsal, Percutaneous Endoscopic Approach", "0QPLX4Z": "Removal of Internal Fixation Device from Right Tarsal, External Approach", "0QPLX5Z": "Removal of External Fixation Device from Right Tarsal, External Approach", "0QPM04Z": "Removal of Internal Fixation Device from Left Tarsal, Open Approach", "0QPM05Z": "Removal of External Fixation Device from Left Tarsal, Open Approach", "0QPM07Z": "Removal of Autologous Tissue Substitute from Left Tarsal, Open Approach", "0QPM0JZ": "Removal of Synthetic Substitute from Left Tarsal, Open Approach", "0QPM0KZ": "Removal of Nonautologous Tissue Substitute from Left Tarsal, Open Approach", "0QPM34Z": "Removal of Internal Fixation Device from Left Tarsal, Percutaneous Approach", "0QPM35Z": "Removal of External Fixation Device from Left Tarsal, Percutaneous Approach", "0QPM37Z": "Removal of Autologous Tissue Substitute from Left Tarsal, Percutaneous Approach", "0QPM3JZ": "Removal of Synthetic Substitute from Left Tarsal, Percutaneous Approach", "0QPM3KZ": "Removal of Nonautologous Tissue Substitute from Left Tarsal, Percutaneous Approach", "0QPM44Z": "Removal of Internal Fixation Device from Left Tarsal, Percutaneous Endoscopic Approach", "0QPM45Z": "Removal of External Fixation Device from Left Tarsal, Percutaneous Endoscopic Approach", "0QPM47Z": "Removal of Autologous Tissue Substitute from Left Tarsal, Percutaneous Endoscopic Approach", "0QPM4JZ": "Removal of Synthetic Substitute from Left Tarsal, Percutaneous Endoscopic Approach", "0QPM4KZ": "Removal of Nonautologous Tissue Substitute from Left Tarsal, Percutaneous Endoscopic Approach", "0QPMX4Z": "Removal of Internal Fixation Device from Left Tarsal, External Approach", "0QPMX5Z": "Removal of External Fixation Device from Left Tarsal, External Approach", "0QPN04Z": "Removal of Internal Fixation Device from Right Metatarsal, Open Approach", "0QPN05Z": "Removal of External Fixation Device from Right Metatarsal, Open Approach", "0QPN07Z": "Removal of Autologous Tissue Substitute from Right Metatarsal, Open Approach", "0QPN0JZ": "Removal of Synthetic Substitute from Right Metatarsal, Open Approach", "0QPN0KZ": "Removal of Nonautologous Tissue Substitute from Right Metatarsal, Open Approach", "0QPN34Z": "Removal of Internal Fixation Device from Right Metatarsal, Percutaneous Approach", "0QPN35Z": "Removal of External Fixation Device from Right Metatarsal, Percutaneous Approach", "0QPN37Z": "Removal of Autologous Tissue Substitute from Right Metatarsal, Percutaneous Approach", "0QPN3JZ": "Removal of Synthetic Substitute from Right Metatarsal, Percutaneous Approach", "0QPN3KZ": "Removal of Nonautologous Tissue Substitute from Right Metatarsal, Percutaneous Approach", "0QPN44Z": "Removal of Internal Fixation Device from Right Metatarsal, Percutaneous Endoscopic Approach", "0QPN45Z": "Removal of External Fixation Device from Right Metatarsal, Percutaneous Endoscopic Approach", "0QPN47Z": "Removal of Autologous Tissue Substitute from Right Metatarsal, Percutaneous Endoscopic Approach", "0QPN4JZ": "Removal of Synthetic Substitute from Right Metatarsal, Percutaneous Endoscopic Approach", "0QPN4KZ": "Removal of Nonautologous Tissue Substitute from Right Metatarsal, Percutaneous Endoscopic Approach", "0QPNX4Z": "Removal of Internal Fixation Device from Right Metatarsal, External Approach", "0QPNX5Z": "Removal of External Fixation Device from Right Metatarsal, External Approach", "0QPP04Z": "Removal of Internal Fixation Device from Left Metatarsal, Open Approach", "0QPP05Z": "Removal of External Fixation Device from Left Metatarsal, Open Approach", "0QPP07Z": "Removal of Autologous Tissue Substitute from Left Metatarsal, Open Approach", "0QPP0JZ": "Removal of Synthetic Substitute from Left Metatarsal, Open Approach", "0QPP0KZ": "Removal of Nonautologous Tissue Substitute from Left Metatarsal, Open Approach", "0QPP34Z": "Removal of Internal Fixation Device from Left Metatarsal, Percutaneous Approach", "0QPP35Z": "Removal of External Fixation Device from Left Metatarsal, Percutaneous Approach", "0QPP37Z": "Removal of Autologous Tissue Substitute from Left Metatarsal, Percutaneous Approach", "0QPP3JZ": "Removal of Synthetic Substitute from Left Metatarsal, Percutaneous Approach", "0QPP3KZ": "Removal of Nonautologous Tissue Substitute from Left Metatarsal, Percutaneous Approach", "0QPP44Z": "Removal of Internal Fixation Device from Left Metatarsal, Percutaneous Endoscopic Approach", "0QPP45Z": "Removal of External Fixation Device from Left Metatarsal, Percutaneous Endoscopic Approach", "0QPP47Z": "Removal of Autologous Tissue Substitute from Left Metatarsal, Percutaneous Endoscopic Approach", "0QPP4JZ": "Removal of Synthetic Substitute from Left Metatarsal, Percutaneous Endoscopic Approach", "0QPP4KZ": "Removal of Nonautologous Tissue Substitute from Left Metatarsal, Percutaneous Endoscopic Approach", "0QPPX4Z": "Removal of Internal Fixation Device from Left Metatarsal, External Approach", "0QPPX5Z": "Removal of External Fixation Device from Left Metatarsal, External Approach", "0QPQ04Z": "Removal of Internal Fixation Device from Right Toe Phalanx, Open Approach", "0QPQ05Z": "Removal of External Fixation Device from Right Toe Phalanx, Open Approach", "0QPQ07Z": "Removal of Autologous Tissue Substitute from Right Toe Phalanx, Open Approach", "0QPQ0JZ": "Removal of Synthetic Substitute from Right Toe Phalanx, Open Approach", "0QPQ0KZ": "Removal of Nonautologous Tissue Substitute from Right Toe Phalanx, Open Approach", "0QPQ34Z": "Removal of Internal Fixation Device from Right Toe Phalanx, Percutaneous Approach", "0QPQ35Z": "Removal of External Fixation Device from Right Toe Phalanx, Percutaneous Approach", "0QPQ37Z": "Removal of Autologous Tissue Substitute from Right Toe Phalanx, Percutaneous Approach", "0QPQ3JZ": "Removal of Synthetic Substitute from Right Toe Phalanx, Percutaneous Approach", "0QPQ3KZ": "Removal of Nonautologous Tissue Substitute from Right Toe Phalanx, Percutaneous Approach", "0QPQ44Z": "Removal of Internal Fixation Device from Right Toe Phalanx, Percutaneous Endoscopic Approach", "0QPQ45Z": "Removal of External Fixation Device from Right Toe Phalanx, Percutaneous Endoscopic Approach", "0QPQ47Z": "Removal of Autologous Tissue Substitute from Right Toe Phalanx, Percutaneous Endoscopic Approach", "0QPQ4JZ": "Removal of Synthetic Substitute from Right Toe Phalanx, Percutaneous Endoscopic Approach", "0QPQ4KZ": "Removal of Nonautologous Tissue Substitute from Right Toe Phalanx, Percutaneous Endoscopic Approach", "0QPQX4Z": "Removal of Internal Fixation Device from Right Toe Phalanx, External Approach", "0QPQX5Z": "Removal of External Fixation Device from Right Toe Phalanx, External Approach", "0QPR04Z": "Removal of Internal Fixation Device from Left Toe Phalanx, Open Approach", "0QPR05Z": "Removal of External Fixation Device from Left Toe Phalanx, Open Approach", "0QPR07Z": "Removal of Autologous Tissue Substitute from Left Toe Phalanx, Open Approach", "0QPR0JZ": "Removal of Synthetic Substitute from Left Toe Phalanx, Open Approach", "0QPR0KZ": "Removal of Nonautologous Tissue Substitute from Left Toe Phalanx, Open Approach", "0QPR34Z": "Removal of Internal Fixation Device from Left Toe Phalanx, Percutaneous Approach", "0QPR35Z": "Removal of External Fixation Device from Left Toe Phalanx, Percutaneous Approach", "0QPR37Z": "Removal of Autologous Tissue Substitute from Left Toe Phalanx, Percutaneous Approach", "0QPR3JZ": "Removal of Synthetic Substitute from Left Toe Phalanx, Percutaneous Approach", "0QPR3KZ": "Removal of Nonautologous Tissue Substitute from Left Toe Phalanx, Percutaneous Approach", "0QPR44Z": "Removal of Internal Fixation Device from Left Toe Phalanx, Percutaneous Endoscopic Approach", "0QPR45Z": "Removal of External Fixation Device from Left Toe Phalanx, Percutaneous Endoscopic Approach", "0QPR47Z": "Removal of Autologous Tissue Substitute from Left Toe Phalanx, Percutaneous Endoscopic Approach", "0QPR4JZ": "Removal of Synthetic Substitute from Left Toe Phalanx, Percutaneous Endoscopic Approach", "0QPR4KZ": "Removal of Nonautologous Tissue Substitute from Left Toe Phalanx, Percutaneous Endoscopic Approach", "0QPRX4Z": "Removal of Internal Fixation Device from Left Toe Phalanx, External Approach", "0QPRX5Z": "Removal of External Fixation Device from Left Toe Phalanx, External Approach", "0QPS04Z": "Removal of Internal Fixation Device from Coccyx, Open Approach", "0QPS05Z": "Removal of External Fixation Device from Coccyx, Open Approach", "0QPS07Z": "Removal of Autologous Tissue Substitute from Coccyx, Open Approach", "0QPS0JZ": "Removal of Synthetic Substitute from Coccyx, Open Approach", "0QPS0KZ": "Removal of Nonautologous Tissue Substitute from Coccyx, Open Approach", "0QPS34Z": "Removal of Internal Fixation Device from Coccyx, Percutaneous Approach", "0QPS35Z": "Removal of External Fixation Device from Coccyx, Percutaneous Approach", "0QPS37Z": "Removal of Autologous Tissue Substitute from Coccyx, Percutaneous Approach", "0QPS3JZ": "Removal of Synthetic Substitute from Coccyx, Percutaneous Approach", "0QPS3KZ": "Removal of Nonautologous Tissue Substitute from Coccyx, Percutaneous Approach", "0QPS44Z": "Removal of Internal Fixation Device from Coccyx, Percutaneous Endoscopic Approach", "0QPS45Z": "Removal of External Fixation Device from Coccyx, Percutaneous Endoscopic Approach", "0QPS47Z": "Removal of Autologous Tissue Substitute from Coccyx, Percutaneous Endoscopic Approach", "0QPS4JZ": "Removal of Synthetic Substitute from Coccyx, Percutaneous Endoscopic Approach", "0QPS4KZ": "Removal of Nonautologous Tissue Substitute from Coccyx, Percutaneous Endoscopic Approach", "0QPSX4Z": "Removal of Internal Fixation Device from Coccyx, External Approach", "0QPSX5Z": "Removal of External Fixation Device from Coccyx, External Approach", "0QPY00Z": "Removal of Drainage Device from Lower Bone, Open Approach", "0QPY0MZ": "Removal of Bone Growth Stimulator from Lower Bone, Open Approach", "0QPY30Z": "Removal of Drainage Device from Lower Bone, Percutaneous Approach", "0QPY3MZ": "Removal of Bone Growth Stimulator from Lower Bone, Percutaneous Approach", "0QPY40Z": "Removal of Drainage Device from Lower Bone, Percutaneous Endoscopic Approach", "0QPY4MZ": "Removal of Bone Growth Stimulator from Lower Bone, Percutaneous Endoscopic Approach", "0QPYX0Z": "Removal of Drainage Device from Lower Bone, External Approach", "0QPYXMZ": "Removal of Bone Growth Stimulator from Lower Bone, External Approach"}