{"0GM": "Endocrine System, Reattachment", "0GM20ZZ": "Reattachment of Left Adrenal Gland, Open Approach", "0GM24ZZ": "Reattachment of Left Adrenal Gland, Percutaneous Endoscopic Approach", "0GM30ZZ": "Reattachment of Right Adrenal Gland, Open Approach", "0GM34ZZ": "Reattachment of Right Adrenal Gland, Percutaneous Endoscopic Approach", "0GMG0ZZ": "Reattachment of Left Thyroid Gland Lobe, Open Approach", "0GMG4ZZ": "Reattachment of Left Thyroid Gland Lobe, Percutaneous Endoscopic Approach", "0GMH0ZZ": "Reattachment of Right Thyroid Gland Lobe, Open Approach", "0GMH4ZZ": "Reattachment of Right Thyroid Gland Lobe, Percutaneous Endoscopic Approach", "0GML0ZZ": "Reattachment of Right Superior Parathyroid Gland, Open Approach", "0GML4ZZ": "Reattachment of Right Superior Parathyroid Gland, Percutaneous Endoscopic Approach", "0GMM0ZZ": "Reattachment of Left Superior Parathyroid Gland, Open Approach", "0GMM4ZZ": "Reattachment of Left Superior Parathyroid Gland, Percutaneous Endoscopic Approach", "0GMN0ZZ": "Reattachment of Right Inferior Parathyroid Gland, Open Approach", "0GMN4ZZ": "Reattachment of Right Inferior Parathyroid Gland, Percutaneous Endoscopic Approach", "0GMP0ZZ": "Reattachment of Left Inferior Parathyroid Gland, Open Approach", "0GMP4ZZ": "Reattachment of Left Inferior Parathyroid Gland, Percutaneous Endoscopic Approach", "0GMQ0ZZ": "Reattachment of Multiple Parathyroid Glands, Open Approach", "0GMQ4ZZ": "Reattachment of Multiple Parathyroid Glands, Percutaneous Endoscopic Approach", "0GMR0ZZ": "Reattachment of Parathyroid Gland, Open Approach", "0GMR4ZZ": "Reattachment of Parathyroid Gland, Percutaneous Endoscopic Approach"}