{"0GP": "Endocrine System, Removal", "0GP000Z": "Removal of Drainage Device from Pituitary Gland, Open Approach", "0GP030Z": "Removal of Drainage Device from Pituitary Gland, Percutaneous Approach", "0GP040Z": "Removal of Drainage Device from Pituitary Gland, Percutaneous Endoscopic Approach", "0GP0X0Z": "Removal of Drainage Device from Pituitary Gland, External Approach", "0GP100Z": "Removal of Drainage Device from Pineal Body, Open Approach", "0GP130Z": "Removal of Drainage Device from Pineal Body, Percutaneous Approach", "0GP140Z": "Removal of Drainage Device from Pineal Body, Percutaneous Endoscopic Approach", "0GP1X0Z": "Removal of Drainage Device from Pineal Body, External Approach", "0GP500Z": "Removal of Drainage Device from Adrenal Gland, Open Approach", "0GP530Z": "Removal of Drainage Device from Adrenal Gland, Percutaneous Approach", "0GP540Z": "Removal of Drainage Device from Adrenal Gland, Percutaneous Endoscopic Approach", "0GP5X0Z": "Removal of Drainage Device from Adrenal Gland, External Approach", "0GPK00Z": "Removal of Drainage Device from Thyroid Gland, Open Approach", "0GPK30Z": "Removal of Drainage Device from Thyroid Gland, Percutaneous Approach", "0GPK40Z": "Removal of Drainage Device from Thyroid Gland, Percutaneous Endoscopic Approach", "0GPKX0Z": "Removal of Drainage Device from Thyroid Gland, External Approach", "0GPR00Z": "Removal of Drainage Device from Parathyroid Gland, Open Approach", "0GPR30Z": "Removal of Drainage Device from Parathyroid Gland, Percutaneous Approach", "0GPR40Z": "Removal of Drainage Device from Parathyroid Gland, Percutaneous Endoscopic Approach", "0GPRX0Z": "Removal of Drainage Device from Parathyroid Gland, External Approach", "0GPS00Z": "Removal of Drainage Device from Endocrine Gland, Open Approach", "0GPS02Z": "Removal of Monitoring Device from Endocrine Gland, Open Approach", "0GPS03Z": "Removal of Infusion Device from Endocrine Gland, Open Approach", "0GPS0YZ": "Removal of Other Device from Endocrine Gland, Open Approach", "0GPS30Z": "Removal of Drainage Device from Endocrine Gland, Percutaneous Approach", "0GPS32Z": "Removal of Monitoring Device from Endocrine Gland, Percutaneous Approach", "0GPS33Z": "Removal of Infusion Device from Endocrine Gland, Percutaneous Approach", "0GPS3YZ": "Removal of Other Device from Endocrine Gland, Percutaneous Approach", "0GPS40Z": "Removal of Drainage Device from Endocrine Gland, Percutaneous Endoscopic Approach", "0GPS42Z": "Removal of Monitoring Device from Endocrine Gland, Percutaneous Endoscopic Approach", "0GPS43Z": "Removal of Infusion Device from Endocrine Gland, Percutaneous Endoscopic Approach", "0GPS4YZ": "Removal of Other Device from Endocrine Gland, Percutaneous Endoscopic Approach", "0GPSX0Z": "Removal of Drainage Device from Endocrine Gland, External Approach", "0GPSX2Z": "Removal of Monitoring Device from Endocrine Gland, External Approach", "0GPSX3Z": "Removal of Infusion Device from Endocrine Gland, External Approach"}