{"0GQ": "Endocrine System, Repair", "0GQ00ZZ": "Repair Pituitary Gland, Open Approach", "0GQ03ZZ": "Repair Pituitary Gland, Percutaneous Approach", "0GQ04ZZ": "Repair Pituitary Gland, Percutaneous Endoscopic Approach", "0GQ10ZZ": "Repair Pineal Body, Open Approach", "0GQ13ZZ": "Repair Pineal Body, Percutaneous Approach", "0GQ14ZZ": "Repair Pineal Body, Percutaneous Endoscopic Approach", "0GQ20ZZ": "Repair Left Adrenal Gland, Open Approach", "0GQ23ZZ": "Repair Left Adrenal Gland, Percutaneous Approach", "0GQ24ZZ": "Repair Left Adrenal Gland, Percutaneous Endoscopic Approach", "0GQ30ZZ": "Repair Right Adrenal Gland, Open Approach", "0GQ33ZZ": "Repair Right Adrenal Gland, Percutaneous Approach", "0GQ34ZZ": "Repair Right Adrenal Gland, Percutaneous Endoscopic Approach", "0GQ40ZZ": "Repair Bilateral Adrenal Glands, Open Approach", "0GQ43ZZ": "Repair Bilateral Adrenal Glands, Percutaneous Approach", "0GQ44ZZ": "Repair Bilateral Adrenal Glands, Percutaneous Endoscopic Approach", "0GQ60ZZ": "Repair Left Carotid Body, Open Approach", "0GQ63ZZ": "Repair Left Carotid Body, Percutaneous Approach", "0GQ64ZZ": "Repair Left Carotid Body, Percutaneous Endoscopic Approach", "0GQ70ZZ": "Repair Right Carotid Body, Open Approach", "0GQ73ZZ": "Repair Right Carotid Body, Percutaneous Approach", "0GQ74ZZ": "Repair Right Carotid Body, Percutaneous Endoscopic Approach", "0GQ80ZZ": "Repair Bilateral Carotid Bodies, Open Approach", "0GQ83ZZ": "Repair Bilateral Carotid Bodies, Percutaneous Approach", "0GQ84ZZ": "Repair Bilateral Carotid Bodies, Percutaneous Endoscopic Approach", "0GQ90ZZ": "Repair Para-aortic Body, Open Approach", "0GQ93ZZ": "Repair Para-aortic Body, Percutaneous Approach", "0GQ94ZZ": "Repair Para-aortic Body, Percutaneous Endoscopic Approach", "0GQB0ZZ": "Repair Coccygeal Glomus, Open Approach", "0GQB3ZZ": "Repair Coccygeal Glomus, Percutaneous Approach", "0GQB4ZZ": "Repair Coccygeal Glomus, Percutaneous Endoscopic Approach", "0GQC0ZZ": "Repair Glomus Jugulare, Open Approach", "0GQC3ZZ": "Repair Glomus Jugulare, Percutaneous Approach", "0GQC4ZZ": "Repair Glomus Jugulare, Percutaneous Endoscopic Approach", "0GQD0ZZ": "Repair Aortic Body, Open Approach", "0GQD3ZZ": "Repair Aortic Body, Percutaneous Approach", "0GQD4ZZ": "Repair Aortic Body, Percutaneous Endoscopic Approach", "0GQF0ZZ": "Repair Paraganglion Extremity, Open Approach", "0GQF3ZZ": "Repair Paraganglion Extremity, Percutaneous Approach", "0GQF4ZZ": "Repair Paraganglion Extremity, Percutaneous Endoscopic Approach", "0GQG0ZZ": "Repair Left Thyroid Gland Lobe, Open Approach", "0GQG3ZZ": "Repair Left Thyroid Gland Lobe, Percutaneous Approach", "0GQG4ZZ": "Repair Left Thyroid Gland Lobe, Percutaneous Endoscopic Approach", "0GQH0ZZ": "Repair Right Thyroid Gland Lobe, Open Approach", "0GQH3ZZ": "Repair Right Thyroid Gland Lobe, Percutaneous Approach", "0GQH4ZZ": "Repair Right Thyroid Gland Lobe, Percutaneous Endoscopic Approach", "0GQJ0ZZ": "Repair Thyroid Gland Isthmus, Open Approach", "0GQJ3ZZ": "Repair Thyroid Gland Isthmus, Percutaneous Approach", "0GQJ4ZZ": "Repair Thyroid Gland Isthmus, Percutaneous Endoscopic Approach", "0GQK0ZZ": "Repair Thyroid Gland, Open Approach", "0GQK3ZZ": "Repair Thyroid Gland, Percutaneous Approach", "0GQK4ZZ": "Repair Thyroid Gland, Percutaneous Endoscopic Approach", "0GQL0ZZ": "Repair Right Superior Parathyroid Gland, Open Approach", "0GQL3ZZ": "Repair Right Superior Parathyroid Gland, Percutaneous Approach", "0GQL4ZZ": "Repair Right Superior Parathyroid Gland, Percutaneous Endoscopic Approach", "0GQM0ZZ": "Repair Left Superior Parathyroid Gland, Open Approach", "0GQM3ZZ": "Repair Left Superior Parathyroid Gland, Percutaneous Approach", "0GQM4ZZ": "Repair Left Superior Parathyroid Gland, Percutaneous Endoscopic Approach", "0GQN0ZZ": "Repair Right Inferior Parathyroid Gland, Open Approach", "0GQN3ZZ": "Repair Right Inferior Parathyroid Gland, Percutaneous Approach", "0GQN4ZZ": "Repair Right Inferior Parathyroid Gland, Percutaneous Endoscopic Approach", "0GQP0ZZ": "Repair Left Inferior Parathyroid Gland, Open Approach", "0GQP3ZZ": "Repair Left Inferior Parathyroid Gland, Percutaneous Approach", "0GQP4ZZ": "Repair Left Inferior Parathyroid Gland, Percutaneous Endoscopic Approach", "0GQQ0ZZ": "Repair Multiple Parathyroid Glands, Open Approach", "0GQQ3ZZ": "Repair Multiple Parathyroid Glands, Percutaneous Approach", "0GQQ4ZZ": "Repair Multiple Parathyroid Glands, Percutaneous Endoscopic Approach", "0GQR0ZZ": "Repair Parathyroid Gland, Open Approach", "0GQR3ZZ": "Repair Parathyroid Gland, Percutaneous Approach", "0GQR4ZZ": "Repair Parathyroid Gland, Percutaneous Endoscopic Approach"}