{"049": "Lower Arteries, Drainage", "049000Z": "Drainage of Abdominal Aorta with Drainage Device, Open Approach", "04900ZX": "Drainage of Abdominal Aorta, Open Approach, Diagnostic", "04900ZZ": "Drainage of Abdominal Aorta, Open Approach", "049030Z": "Drainage of Abdominal Aorta with Drainage Device, Percutaneous Approach", "04903ZX": "Drainage of Abdominal Aorta, Percutaneous Approach, Diagnostic", "04903ZZ": "Drainage of Abdominal Aorta, Percutaneous Approach", "049040Z": "Drainage of Abdominal Aorta with Drainage Device, Percutaneous Endoscopic Approach", "04904ZX": "Drainage of Abdominal Aorta, Percutaneous Endoscopic Approach, Diagnostic", "04904ZZ": "Drainage of Abdominal Aorta, Percutaneous Endoscopic Approach", "049100Z": "Drainage of Celiac Artery with Drainage Device, Open Approach", "04910ZX": "Drainage of Celiac Artery, Open Approach, Diagnostic", "04910ZZ": "Drainage of Celiac Artery, Open Approach", "049130Z": "Drainage of Celiac Artery with Drainage Device, Percutaneous Approach", "04913ZX": "Drainage of Celiac Artery, Percutaneous Approach, Diagnostic", "04913ZZ": "Drainage of Celiac Artery, Percutaneous Approach", "049140Z": "Drainage of Celiac Artery with Drainage Device, Percutaneous Endoscopic Approach", "04914ZX": "Drainage of Celiac Artery, Percutaneous Endoscopic Approach, Diagnostic", "04914ZZ": "Drainage of Celiac Artery, Percutaneous Endoscopic Approach", "049200Z": "Drainage of Gastric Artery with Drainage Device, Open Approach", "04920ZX": "Drainage of Gastric Artery, Open Approach, Diagnostic", "04920ZZ": "Drainage of Gastric Artery, Open Approach", "049230Z": "Drainage of Gastric Artery with Drainage Device, Percutaneous Approach", "04923ZX": "Drainage of Gastric Artery, Percutaneous Approach, Diagnostic", "04923ZZ": "Drainage of Gastric Artery, Percutaneous Approach", "049240Z": "Drainage of Gastric Artery with Drainage Device, Percutaneous Endoscopic Approach", "04924ZX": "Drainage of Gastric Artery, Percutaneous Endoscopic Approach, Diagnostic", "04924ZZ": "Drainage of Gastric Artery, Percutaneous Endoscopic Approach", "049300Z": "Drainage of Hepatic Artery with Drainage Device, Open Approach", "04930ZX": "Drainage of Hepatic Artery, Open Approach, Diagnostic", "04930ZZ": "Drainage of Hepatic Artery, Open Approach", "049330Z": "Drainage of Hepatic Artery with Drainage Device, Percutaneous Approach", "04933ZX": "Drainage of Hepatic Artery, Percutaneous Approach, Diagnostic", "04933ZZ": "Drainage of Hepatic Artery, Percutaneous Approach", "049340Z": "Drainage of Hepatic Artery with Drainage Device, Percutaneous Endoscopic Approach", "04934ZX": "Drainage of Hepatic Artery, Percutaneous Endoscopic Approach, Diagnostic", "04934ZZ": "Drainage of Hepatic Artery, Percutaneous Endoscopic Approach", "049400Z": "Drainage of Splenic Artery with Drainage Device, Open Approach", "04940ZX": "Drainage of Splenic Artery, Open Approach, Diagnostic", "04940ZZ": "Drainage of Splenic Artery, Open Approach", "049430Z": "Drainage of Splenic Artery with Drainage Device, Percutaneous Approach", "04943ZX": "Drainage of Splenic Artery, Percutaneous Approach, Diagnostic", "04943ZZ": "Drainage of Splenic Artery, Percutaneous Approach", "049440Z": "Drainage of Splenic Artery with Drainage Device, Percutaneous Endoscopic Approach", "04944ZX": "Drainage of Splenic Artery, Percutaneous Endoscopic Approach, Diagnostic", "04944ZZ": "Drainage of Splenic Artery, Percutaneous Endoscopic Approach", "049500Z": "Drainage of Superior Mesenteric Artery with Drainage Device, Open Approach", "04950ZX": "Drainage of Superior Mesenteric Artery, Open Approach, Diagnostic", "04950ZZ": "Drainage of Superior Mesenteric Artery, Open Approach", "049530Z": "Drainage of Superior Mesenteric Artery with Drainage Device, Percutaneous Approach", "04953ZX": "Drainage of Superior Mesenteric Artery, Percutaneous Approach, Diagnostic", "04953ZZ": "Drainage of Superior Mesenteric Artery, Percutaneous Approach", "049540Z": "Drainage of Superior Mesenteric Artery with Drainage Device, Percutaneous Endoscopic Approach", "04954ZX": "Drainage of Superior Mesenteric Artery, Percutaneous Endoscopic Approach, Diagnostic", "04954ZZ": "Drainage of Superior Mesenteric Artery, Percutaneous Endoscopic Approach", "049600Z": "Drainage of Right Colic Artery with Drainage Device, Open Approach", "04960ZX": "Drainage of Right Colic Artery, Open Approach, Diagnostic", "04960ZZ": "Drainage of Right Colic Artery, Open Approach", "049630Z": "Drainage of Right Colic Artery with Drainage Device, Percutaneous Approach", "04963ZX": "Drainage of Right Colic Artery, Percutaneous Approach, Diagnostic", "04963ZZ": "Drainage of Right Colic Artery, Percutaneous Approach", "049640Z": "Drainage of Right Colic Artery with Drainage Device, Percutaneous Endoscopic Approach", "04964ZX": "Drainage of Right Colic Artery, Percutaneous Endoscopic Approach, Diagnostic", "04964ZZ": "Drainage of Right Colic Artery, Percutaneous Endoscopic Approach", "049700Z": "Drainage of Left Colic Artery with Drainage Device, Open Approach", "04970ZX": "Drainage of Left Colic Artery, Open Approach, Diagnostic", "04970ZZ": "Drainage of Left Colic Artery, Open Approach", "049730Z": "Drainage of Left Colic Artery with Drainage Device, Percutaneous Approach", "04973ZX": "Drainage of Left Colic Artery, Percutaneous Approach, Diagnostic", "04973ZZ": "Drainage of Left Colic Artery, Percutaneous Approach", "049740Z": "Drainage of Left Colic Artery with Drainage Device, Percutaneous Endoscopic Approach", "04974ZX": "Drainage of Left Colic Artery, Percutaneous Endoscopic Approach, Diagnostic", "04974ZZ": "Drainage of Left Colic Artery, Percutaneous Endoscopic Approach", "049800Z": "Drainage of Middle Colic Artery with Drainage Device, Open Approach", "04980ZX": "Drainage of Middle Colic Artery, Open Approach, Diagnostic", "04980ZZ": "Drainage of Middle Colic Artery, Open Approach", "049830Z": "Drainage of Middle Colic Artery with Drainage Device, Percutaneous Approach", "04983ZX": "Drainage of Middle Colic Artery, Percutaneous Approach, Diagnostic", "04983ZZ": "Drainage of Middle Colic Artery, Percutaneous Approach", "049840Z": "Drainage of Middle Colic Artery with Drainage Device, Percutaneous Endoscopic Approach", "04984ZX": "Drainage of Middle Colic Artery, Percutaneous Endoscopic Approach, Diagnostic", "04984ZZ": "Drainage of Middle Colic Artery, Percutaneous Endoscopic Approach", "049900Z": "Drainage of Right Renal Artery with Drainage Device, Open Approach", "04990ZX": "Drainage of Right Renal Artery, Open Approach, Diagnostic", "04990ZZ": "Drainage of Right Renal Artery, Open Approach", "049930Z": "Drainage of Right Renal Artery with Drainage Device, Percutaneous Approach", "04993ZX": "Drainage of Right Renal Artery, Percutaneous Approach, Diagnostic", "04993ZZ": "Drainage of Right Renal Artery, Percutaneous Approach", "049940Z": "Drainage of Right Renal Artery with Drainage Device, Percutaneous Endoscopic Approach", "04994ZX": "Drainage of Right Renal Artery, Percutaneous Endoscopic Approach, Diagnostic", "04994ZZ": "Drainage of Right Renal Artery, Percutaneous Endoscopic Approach", "049A00Z": "Drainage of Left Renal Artery with Drainage Device, Open Approach", "049A0ZX": "Drainage of Left Renal Artery, Open Approach, Diagnostic", "049A0ZZ": "Drainage of Left Renal Artery, Open Approach", "049A30Z": "Drainage of Left Renal Artery with Drainage Device, Percutaneous Approach", "049A3ZX": "Drainage of Left Renal Artery, Percutaneous Approach, Diagnostic", "049A3ZZ": "Drainage of Left Renal Artery, Percutaneous Approach", "049A40Z": "Drainage of Left Renal Artery with Drainage Device, Percutaneous Endoscopic Approach", "049A4ZX": "Drainage of Left Renal Artery, Percutaneous Endoscopic Approach, Diagnostic", "049A4ZZ": "Drainage of Left Renal Artery, Percutaneous Endoscopic Approach", "049B00Z": "Drainage of Inferior Mesenteric Artery with Drainage Device, Open Approach", "049B0ZX": "Drainage of Inferior Mesenteric Artery, Open Approach, Diagnostic", "049B0ZZ": "Drainage of Inferior Mesenteric Artery, Open Approach", "049B30Z": "Drainage of Inferior Mesenteric Artery with Drainage Device, Percutaneous Approach", "049B3ZX": "Drainage of Inferior Mesenteric Artery, Percutaneous Approach, Diagnostic", "049B3ZZ": "Drainage of Inferior Mesenteric Artery, Percutaneous Approach", "049B40Z": "Drainage of Inferior Mesenteric Artery with Drainage Device, Percutaneous Endoscopic Approach", "049B4ZX": "Drainage of Inferior Mesenteric Artery, Percutaneous Endoscopic Approach, Diagnostic", "049B4ZZ": "Drainage of Inferior Mesenteric Artery, Percutaneous Endoscopic Approach", "049C00Z": "Drainage of Right Common Iliac Artery with Drainage Device, Open Approach", "049C0ZX": "Drainage of Right Common Iliac Artery, Open Approach, Diagnostic", "049C0ZZ": "Drainage of Right Common Iliac Artery, Open Approach", "049C30Z": "Drainage of Right Common Iliac Artery with Drainage Device, Percutaneous Approach", "049C3ZX": "Drainage of Right Common Iliac Artery, Percutaneous Approach, Diagnostic", "049C3ZZ": "Drainage of Right Common Iliac Artery, Percutaneous Approach", "049C40Z": "Drainage of Right Common Iliac Artery with Drainage Device, Percutaneous Endoscopic Approach", "049C4ZX": "Drainage of Right Common Iliac Artery, Percutaneous Endoscopic Approach, Diagnostic", "049C4ZZ": "Drainage of Right Common Iliac Artery, Percutaneous Endoscopic Approach", "049D00Z": "Drainage of Left Common Iliac Artery with Drainage Device, Open Approach", "049D0ZX": "Drainage of Left Common Iliac Artery, Open Approach, Diagnostic", "049D0ZZ": "Drainage of Left Common Iliac Artery, Open Approach", "049D30Z": "Drainage of Left Common Iliac Artery with Drainage Device, Percutaneous Approach", "049D3ZX": "Drainage of Left Common Iliac Artery, Percutaneous Approach, Diagnostic", "049D3ZZ": "Drainage of Left Common Iliac Artery, Percutaneous Approach", "049D40Z": "Drainage of Left Common Iliac Artery with Drainage Device, Percutaneous Endoscopic Approach", "049D4ZX": "Drainage of Left Common Iliac Artery, Percutaneous Endoscopic Approach, Diagnostic", "049D4ZZ": "Drainage of Left Common Iliac Artery, Percutaneous Endoscopic Approach", "049E00Z": "Drainage of Right Internal Iliac Artery with Drainage Device, Open Approach", "049E0ZX": "Drainage of Right Internal Iliac Artery, Open Approach, Diagnostic", "049E0ZZ": "Drainage of Right Internal Iliac Artery, Open Approach", "049E30Z": "Drainage of Right Internal Iliac Artery with Drainage Device, Percutaneous Approach", "049E3ZX": "Drainage of Right Internal Iliac Artery, Percutaneous Approach, Diagnostic", "049E3ZZ": "Drainage of Right Internal Iliac Artery, Percutaneous Approach", "049E40Z": "Drainage of Right Internal Iliac Artery with Drainage Device, Percutaneous Endoscopic Approach", "049E4ZX": "Drainage of Right Internal Iliac Artery, Percutaneous Endoscopic Approach, Diagnostic", "049E4ZZ": "Drainage of Right Internal Iliac Artery, Percutaneous Endoscopic Approach", "049F00Z": "Drainage of Left Internal Iliac Artery with Drainage Device, Open Approach", "049F0ZX": "Drainage of Left Internal Iliac Artery, Open Approach, Diagnostic", "049F0ZZ": "Drainage of Left Internal Iliac Artery, Open Approach", "049F30Z": "Drainage of Left Internal Iliac Artery with Drainage Device, Percutaneous Approach", "049F3ZX": "Drainage of Left Internal Iliac Artery, Percutaneous Approach, Diagnostic", "049F3ZZ": "Drainage of Left Internal Iliac Artery, Percutaneous Approach", "049F40Z": "Drainage of Left Internal Iliac Artery with Drainage Device, Percutaneous Endoscopic Approach", "049F4ZX": "Drainage of Left Internal Iliac Artery, Percutaneous Endoscopic Approach, Diagnostic", "049F4ZZ": "Drainage of Left Internal Iliac Artery, Percutaneous Endoscopic Approach", "049H00Z": "Drainage of Right External Iliac Artery with Drainage Device, Open Approach", "049H0ZX": "Drainage of Right External Iliac Artery, Open Approach, Diagnostic", "049H0ZZ": "Drainage of Right External Iliac Artery, Open Approach", "049H30Z": "Drainage of Right External Iliac Artery with Drainage Device, Percutaneous Approach", "049H3ZX": "Drainage of Right External Iliac Artery, Percutaneous Approach, Diagnostic", "049H3ZZ": "Drainage of Right External Iliac Artery, Percutaneous Approach", "049H40Z": "Drainage of Right External Iliac Artery with Drainage Device, Percutaneous Endoscopic Approach", "049H4ZX": "Drainage of Right External Iliac Artery, Percutaneous Endoscopic Approach, Diagnostic", "049H4ZZ": "Drainage of Right External Iliac Artery, Percutaneous Endoscopic Approach", "049J00Z": "Drainage of Left External Iliac Artery with Drainage Device, Open Approach", "049J0ZX": "Drainage of Left External Iliac Artery, Open Approach, Diagnostic", "049J0ZZ": "Drainage of Left External Iliac Artery, Open Approach", "049J30Z": "Drainage of Left External Iliac Artery with Drainage Device, Percutaneous Approach", "049J3ZX": "Drainage of Left External Iliac Artery, Percutaneous Approach, Diagnostic", "049J3ZZ": "Drainage of Left External Iliac Artery, Percutaneous Approach", "049J40Z": "Drainage of Left External Iliac Artery with Drainage Device, Percutaneous Endoscopic Approach", "049J4ZX": "Drainage of Left External Iliac Artery, Percutaneous Endoscopic Approach, Diagnostic", "049J4ZZ": "Drainage of Left External Iliac Artery, Percutaneous Endoscopic Approach", "049K00Z": "Drainage of Right Femoral Artery with Drainage Device, Open Approach", "049K0ZX": "Drainage of Right Femoral Artery, Open Approach, Diagnostic", "049K0ZZ": "Drainage of Right Femoral Artery, Open Approach", "049K30Z": "Drainage of Right Femoral Artery with Drainage Device, Percutaneous Approach", "049K3ZX": "Drainage of Right Femoral Artery, Percutaneous Approach, Diagnostic", "049K3ZZ": "Drainage of Right Femoral Artery, Percutaneous Approach", "049K40Z": "Drainage of Right Femoral Artery with Drainage Device, Percutaneous Endoscopic Approach", "049K4ZX": "Drainage of Right Femoral Artery, Percutaneous Endoscopic Approach, Diagnostic", "049K4ZZ": "Drainage of Right Femoral Artery, Percutaneous Endoscopic Approach", "049L00Z": "Drainage of Left Femoral Artery with Drainage Device, Open Approach", "049L0ZX": "Drainage of Left Femoral Artery, Open Approach, Diagnostic", "049L0ZZ": "Drainage of Left Femoral Artery, Open Approach", "049L30Z": "Drainage of Left Femoral Artery with Drainage Device, Percutaneous Approach", "049L3ZX": "Drainage of Left Femoral Artery, Percutaneous Approach, Diagnostic", "049L3ZZ": "Drainage of Left Femoral Artery, Percutaneous Approach", "049L40Z": "Drainage of Left Femoral Artery with Drainage Device, Percutaneous Endoscopic Approach", "049L4ZX": "Drainage of Left Femoral Artery, Percutaneous Endoscopic Approach, Diagnostic", "049L4ZZ": "Drainage of Left Femoral Artery, Percutaneous Endoscopic Approach", "049M00Z": "Drainage of Right Popliteal Artery with Drainage Device, Open Approach", "049M0ZX": "Drainage of Right Popliteal Artery, Open Approach, Diagnostic", "049M0ZZ": "Drainage of Right Popliteal Artery, Open Approach", "049M30Z": "Drainage of Right Popliteal Artery with Drainage Device, Percutaneous Approach", "049M3ZX": "Drainage of Right Popliteal Artery, Percutaneous Approach, Diagnostic", "049M3ZZ": "Drainage of Right Popliteal Artery, Percutaneous Approach", "049M40Z": "Drainage of Right Popliteal Artery with Drainage Device, Percutaneous Endoscopic Approach", "049M4ZX": "Drainage of Right Popliteal Artery, Percutaneous Endoscopic Approach, Diagnostic", "049M4ZZ": "Drainage of Right Popliteal Artery, Percutaneous Endoscopic Approach", "049N00Z": "Drainage of Left Popliteal Artery with Drainage Device, Open Approach", "049N0ZX": "Drainage of Left Popliteal Artery, Open Approach, Diagnostic", "049N0ZZ": "Drainage of Left Popliteal Artery, Open Approach", "049N30Z": "Drainage of Left Popliteal Artery with Drainage Device, Percutaneous Approach", "049N3ZX": "Drainage of Left Popliteal Artery, Percutaneous Approach, Diagnostic", "049N3ZZ": "Drainage of Left Popliteal Artery, Percutaneous Approach", "049N40Z": "Drainage of Left Popliteal Artery with Drainage Device, Percutaneous Endoscopic Approach", "049N4ZX": "Drainage of Left Popliteal Artery, Percutaneous Endoscopic Approach, Diagnostic", "049N4ZZ": "Drainage of Left Popliteal Artery, Percutaneous Endoscopic Approach", "049P00Z": "Drainage of Right Anterior Tibial Artery with Drainage Device, Open Approach", "049P0ZX": "Drainage of Right Anterior Tibial Artery, Open Approach, Diagnostic", "049P0ZZ": "Drainage of Right Anterior Tibial Artery, Open Approach", "049P30Z": "Drainage of Right Anterior Tibial Artery with Drainage Device, Percutaneous Approach", "049P3ZX": "Drainage of Right Anterior Tibial Artery, Percutaneous Approach, Diagnostic", "049P3ZZ": "Drainage of Right Anterior Tibial Artery, Percutaneous Approach", "049P40Z": "Drainage of Right Anterior Tibial Artery with Drainage Device, Percutaneous Endoscopic Approach", "049P4ZX": "Drainage of Right Anterior Tibial Artery, Percutaneous Endoscopic Approach, Diagnostic", "049P4ZZ": "Drainage of Right Anterior Tibial Artery, Percutaneous Endoscopic Approach", "049Q00Z": "Drainage of Left Anterior Tibial Artery with Drainage Device, Open Approach", "049Q0ZX": "Drainage of Left Anterior Tibial Artery, Open Approach, Diagnostic", "049Q0ZZ": "Drainage of Left Anterior Tibial Artery, Open Approach", "049Q30Z": "Drainage of Left Anterior Tibial Artery with Drainage Device, Percutaneous Approach", "049Q3ZX": "Drainage of Left Anterior Tibial Artery, Percutaneous Approach, Diagnostic", "049Q3ZZ": "Drainage of Left Anterior Tibial Artery, Percutaneous Approach", "049Q40Z": "Drainage of Left Anterior Tibial Artery with Drainage Device, Percutaneous Endoscopic Approach", "049Q4ZX": "Drainage of Left Anterior Tibial Artery, Percutaneous Endoscopic Approach, Diagnostic", "049Q4ZZ": "Drainage of Left Anterior Tibial Artery, Percutaneous Endoscopic Approach", "049R00Z": "Drainage of Right Posterior Tibial Artery with Drainage Device, Open Approach", "049R0ZX": "Drainage of Right Posterior Tibial Artery, Open Approach, Diagnostic", "049R0ZZ": "Drainage of Right Posterior Tibial Artery, Open Approach", "049R30Z": "Drainage of Right Posterior Tibial Artery with Drainage Device, Percutaneous Approach", "049R3ZX": "Drainage of Right Posterior Tibial Artery, Percutaneous Approach, Diagnostic", "049R3ZZ": "Drainage of Right Posterior Tibial Artery, Percutaneous Approach", "049R40Z": "Drainage of Right Posterior Tibial Artery with Drainage Device, Percutaneous Endoscopic Approach", "049R4ZX": "Drainage of Right Posterior Tibial Artery, Percutaneous Endoscopic Approach, Diagnostic", "049R4ZZ": "Drainage of Right Posterior Tibial Artery, Percutaneous Endoscopic Approach", "049S00Z": "Drainage of Left Posterior Tibial Artery with Drainage Device, Open Approach", "049S0ZX": "Drainage of Left Posterior Tibial Artery, Open Approach, Diagnostic", "049S0ZZ": "Drainage of Left Posterior Tibial Artery, Open Approach", "049S30Z": "Drainage of Left Posterior Tibial Artery with Drainage Device, Percutaneous Approach", "049S3ZX": "Drainage of Left Posterior Tibial Artery, Percutaneous Approach, Diagnostic", "049S3ZZ": "Drainage of Left Posterior Tibial Artery, Percutaneous Approach", "049S40Z": "Drainage of Left Posterior Tibial Artery with Drainage Device, Percutaneous Endoscopic Approach", "049S4ZX": "Drainage of Left Posterior Tibial Artery, Percutaneous Endoscopic Approach, Diagnostic", "049S4ZZ": "Drainage of Left Posterior Tibial Artery, Percutaneous Endoscopic Approach", "049T00Z": "Drainage of Right Peroneal Artery with Drainage Device, Open Approach", "049T0ZX": "Drainage of Right Peroneal Artery, Open Approach, Diagnostic", "049T0ZZ": "Drainage of Right Peroneal Artery, Open Approach", "049T30Z": "Drainage of Right Peroneal Artery with Drainage Device, Percutaneous Approach", "049T3ZX": "Drainage of Right Peroneal Artery, Percutaneous Approach, Diagnostic", "049T3ZZ": "Drainage of Right Peroneal Artery, Percutaneous Approach", "049T40Z": "Drainage of Right Peroneal Artery with Drainage Device, Percutaneous Endoscopic Approach", "049T4ZX": "Drainage of Right Peroneal Artery, Percutaneous Endoscopic Approach, Diagnostic", "049T4ZZ": "Drainage of Right Peroneal Artery, Percutaneous Endoscopic Approach", "049U00Z": "Drainage of Left Peroneal Artery with Drainage Device, Open Approach", "049U0ZX": "Drainage of Left Peroneal Artery, Open Approach, Diagnostic", "049U0ZZ": "Drainage of Left Peroneal Artery, Open Approach", "049U30Z": "Drainage of Left Peroneal Artery with Drainage Device, Percutaneous Approach", "049U3ZX": "Drainage of Left Peroneal Artery, Percutaneous Approach, Diagnostic", "049U3ZZ": "Drainage of Left Peroneal Artery, Percutaneous Approach", "049U40Z": "Drainage of Left Peroneal Artery with Drainage Device, Percutaneous Endoscopic Approach", "049U4ZX": "Drainage of Left Peroneal Artery, Percutaneous Endoscopic Approach, Diagnostic", "049U4ZZ": "Drainage of Left Peroneal Artery, Percutaneous Endoscopic Approach", "049V00Z": "Drainage of Right Foot Artery with Drainage Device, Open Approach", "049V0ZX": "Drainage of Right Foot Artery, Open Approach, Diagnostic", "049V0ZZ": "Drainage of Right Foot Artery, Open Approach", "049V30Z": "Drainage of Right Foot Artery with Drainage Device, Percutaneous Approach", "049V3ZX": "Drainage of Right Foot Artery, Percutaneous Approach, Diagnostic", "049V3ZZ": "Drainage of Right Foot Artery, Percutaneous Approach", "049V40Z": "Drainage of Right Foot Artery with Drainage Device, Percutaneous Endoscopic Approach", "049V4ZX": "Drainage of Right Foot Artery, Percutaneous Endoscopic Approach, Diagnostic", "049V4ZZ": "Drainage of Right Foot Artery, Percutaneous Endoscopic Approach", "049W00Z": "Drainage of Left Foot Artery with Drainage Device, Open Approach", "049W0ZX": "Drainage of Left Foot Artery, Open Approach, Diagnostic", "049W0ZZ": "Drainage of Left Foot Artery, Open Approach", "049W30Z": "Drainage of Left Foot Artery with Drainage Device, Percutaneous Approach", "049W3ZX": "Drainage of Left Foot Artery, Percutaneous Approach, Diagnostic", "049W3ZZ": "Drainage of Left Foot Artery, Percutaneous Approach", "049W40Z": "Drainage of Left Foot Artery with Drainage Device, Percutaneous Endoscopic Approach", "049W4ZX": "Drainage of Left Foot Artery, Percutaneous Endoscopic Approach, Diagnostic", "049W4ZZ": "Drainage of Left Foot Artery, Percutaneous Endoscopic Approach", "049Y00Z": "Drainage of Lower Artery with Drainage Device, Open Approach", "049Y0ZX": "Drainage of Lower Artery, Open Approach, Diagnostic", "049Y0ZZ": "Drainage of Lower Artery, Open Approach", "049Y30Z": "Drainage of Lower Artery with Drainage Device, Percutaneous Approach", "049Y3ZX": "Drainage of Lower Artery, Percutaneous Approach, Diagnostic", "049Y3ZZ": "Drainage of Lower Artery, Percutaneous Approach", "049Y40Z": "Drainage of Lower Artery with Drainage Device, Percutaneous Endoscopic Approach", "049Y4ZX": "Drainage of Lower Artery, Percutaneous Endoscopic Approach, Diagnostic", "049Y4ZZ": "Drainage of Lower Artery, Percutaneous Endoscopic Approach"}