{"04B": "Lower Arteries, Excision", "04B00ZX": "Excision of Abdominal Aorta, Open Approach, Diagnostic", "04B00ZZ": "Excision of Abdominal Aorta, Open Approach", "04B03ZX": "Excision of Abdominal Aorta, Percutaneous Approach, Diagnostic", "04B03ZZ": "Excision of Abdominal Aorta, Percutaneous Approach", "04B04ZX": "Excision of Abdominal Aorta, Percutaneous Endoscopic Approach, Diagnostic", "04B04ZZ": "Excision of Abdominal Aorta, Percutaneous Endoscopic Approach", "04B10ZX": "Excision of Celiac Artery, Open Approach, Diagnostic", "04B10ZZ": "Excision of Celiac Artery, Open Approach", "04B13ZX": "Excision of Celiac Artery, Percutaneous Approach, Diagnostic", "04B13ZZ": "Excision of Celiac Artery, Percutaneous Approach", "04B14ZX": "Excision of Celiac Artery, Percutaneous Endoscopic Approach, Diagnostic", "04B14ZZ": "Excision of Celiac Artery, Percutaneous Endoscopic Approach", "04B20ZX": "Excision of Gastric Artery, Open Approach, Diagnostic", "04B20ZZ": "Excision of Gastric Artery, Open Approach", "04B23ZX": "Excision of Gastric Artery, Percutaneous Approach, Diagnostic", "04B23ZZ": "Excision of Gastric Artery, Percutaneous Approach", "04B24ZX": "Excision of Gastric Artery, Percutaneous Endoscopic Approach, Diagnostic", "04B24ZZ": "Excision of Gastric Artery, Percutaneous Endoscopic Approach", "04B30ZX": "Excision of Hepatic Artery, Open Approach, Diagnostic", "04B30ZZ": "Excision of Hepatic Artery, Open Approach", "04B33ZX": "Excision of Hepatic Artery, Percutaneous Approach, Diagnostic", "04B33ZZ": "Excision of Hepatic Artery, Percutaneous Approach", "04B34ZX": "Excision of Hepatic Artery, Percutaneous Endoscopic Approach, Diagnostic", "04B34ZZ": "Excision of Hepatic Artery, Percutaneous Endoscopic Approach", "04B40ZX": "Excision of Splenic Artery, Open Approach, Diagnostic", "04B40ZZ": "Excision of Splenic Artery, Open Approach", "04B43ZX": "Excision of Splenic Artery, Percutaneous Approach, Diagnostic", "04B43ZZ": "Excision of Splenic Artery, Percutaneous Approach", "04B44ZX": "Excision of Splenic Artery, Percutaneous Endoscopic Approach, Diagnostic", "04B44ZZ": "Excision of Splenic Artery, Percutaneous Endoscopic Approach", "04B50ZX": "Excision of Superior Mesenteric Artery, Open Approach, Diagnostic", "04B50ZZ": "Excision of Superior Mesenteric Artery, Open Approach", "04B53ZX": "Excision of Superior Mesenteric Artery, Percutaneous Approach, Diagnostic", "04B53ZZ": "Excision of Superior Mesenteric Artery, Percutaneous Approach", "04B54ZX": "Excision of Superior Mesenteric Artery, Percutaneous Endoscopic Approach, Diagnostic", "04B54ZZ": "Excision of Superior Mesenteric Artery, Percutaneous Endoscopic Approach", "04B60ZX": "Excision of Right Colic Artery, Open Approach, Diagnostic", "04B60ZZ": "Excision of Right Colic Artery, Open Approach", "04B63ZX": "Excision of Right Colic Artery, Percutaneous Approach, Diagnostic", "04B63ZZ": "Excision of Right Colic Artery, Percutaneous Approach", "04B64ZX": "Excision of Right Colic Artery, Percutaneous Endoscopic Approach, Diagnostic", "04B64ZZ": "Excision of Right Colic Artery, Percutaneous Endoscopic Approach", "04B70ZX": "Excision of Left Colic Artery, Open Approach, Diagnostic", "04B70ZZ": "Excision of Left Colic Artery, Open Approach", "04B73ZX": "Excision of Left Colic Artery, Percutaneous Approach, Diagnostic", "04B73ZZ": "Excision of Left Colic Artery, Percutaneous Approach", "04B74ZX": "Excision of Left Colic Artery, Percutaneous Endoscopic Approach, Diagnostic", "04B74ZZ": "Excision of Left Colic Artery, Percutaneous Endoscopic Approach", "04B80ZX": "Excision of Middle Colic Artery, Open Approach, Diagnostic", "04B80ZZ": "Excision of Middle Colic Artery, Open Approach", "04B83ZX": "Excision of Middle Colic Artery, Percutaneous Approach, Diagnostic", "04B83ZZ": "Excision of Middle Colic Artery, Percutaneous Approach", "04B84ZX": "Excision of Middle Colic Artery, Percutaneous Endoscopic Approach, Diagnostic", "04B84ZZ": "Excision of Middle Colic Artery, Percutaneous Endoscopic Approach", "04B90ZX": "Excision of Right Renal Artery, Open Approach, Diagnostic", "04B90ZZ": "Excision of Right Renal Artery, Open Approach", "04B93ZX": "Excision of Right Renal Artery, Percutaneous Approach, Diagnostic", "04B93ZZ": "Excision of Right Renal Artery, Percutaneous Approach", "04B94ZX": "Excision of Right Renal Artery, Percutaneous Endoscopic Approach, Diagnostic", "04B94ZZ": "Excision of Right Renal Artery, Percutaneous Endoscopic Approach", "04BA0ZX": "Excision of Left Renal Artery, Open Approach, Diagnostic", "04BA0ZZ": "Excision of Left Renal Artery, Open Approach", "04BA3ZX": "Excision of Left Renal Artery, Percutaneous Approach, Diagnostic", "04BA3ZZ": "Excision of Left Renal Artery, Percutaneous Approach", "04BA4ZX": "Excision of Left Renal Artery, Percutaneous Endoscopic Approach, Diagnostic", "04BA4ZZ": "Excision of Left Renal Artery, Percutaneous Endoscopic Approach", "04BB0ZX": "Excision of Inferior Mesenteric Artery, Open Approach, Diagnostic", "04BB0ZZ": "Excision of Inferior Mesenteric Artery, Open Approach", "04BB3ZX": "Excision of Inferior Mesenteric Artery, Percutaneous Approach, Diagnostic", "04BB3ZZ": "Excision of Inferior Mesenteric Artery, Percutaneous Approach", "04BB4ZX": "Excision of Inferior Mesenteric Artery, Percutaneous Endoscopic Approach, Diagnostic", "04BB4ZZ": "Excision of Inferior Mesenteric Artery, Percutaneous Endoscopic Approach", "04BC0ZX": "Excision of Right Common Iliac Artery, Open Approach, Diagnostic", "04BC0ZZ": "Excision of Right Common Iliac Artery, Open Approach", "04BC3ZX": "Excision of Right Common Iliac Artery, Percutaneous Approach, Diagnostic", "04BC3ZZ": "Excision of Right Common Iliac Artery, Percutaneous Approach", "04BC4ZX": "Excision of Right Common Iliac Artery, Percutaneous Endoscopic Approach, Diagnostic", "04BC4ZZ": "Excision of Right Common Iliac Artery, Percutaneous Endoscopic Approach", "04BD0ZX": "Excision of Left Common Iliac Artery, Open Approach, Diagnostic", "04BD0ZZ": "Excision of Left Common Iliac Artery, Open Approach", "04BD3ZX": "Excision of Left Common Iliac Artery, Percutaneous Approach, Diagnostic", "04BD3ZZ": "Excision of Left Common Iliac Artery, Percutaneous Approach", "04BD4ZX": "Excision of Left Common Iliac Artery, Percutaneous Endoscopic Approach, Diagnostic", "04BD4ZZ": "Excision of Left Common Iliac Artery, Percutaneous Endoscopic Approach", "04BE0ZX": "Excision of Right Internal Iliac Artery, Open Approach, Diagnostic", "04BE0ZZ": "Excision of Right Internal Iliac Artery, Open Approach", "04BE3ZX": "Excision of Right Internal Iliac Artery, Percutaneous Approach, Diagnostic", "04BE3ZZ": "Excision of Right Internal Iliac Artery, Percutaneous Approach", "04BE4ZX": "Excision of Right Internal Iliac Artery, Percutaneous Endoscopic Approach, Diagnostic", "04BE4ZZ": "Excision of Right Internal Iliac Artery, Percutaneous Endoscopic Approach", "04BF0ZX": "Excision of Left Internal Iliac Artery, Open Approach, Diagnostic", "04BF0ZZ": "Excision of Left Internal Iliac Artery, Open Approach", "04BF3ZX": "Excision of Left Internal Iliac Artery, Percutaneous Approach, Diagnostic", "04BF3ZZ": "Excision of Left Internal Iliac Artery, Percutaneous Approach", "04BF4ZX": "Excision of Left Internal Iliac Artery, Percutaneous Endoscopic Approach, Diagnostic", "04BF4ZZ": "Excision of Left Internal Iliac Artery, Percutaneous Endoscopic Approach", "04BH0ZX": "Excision of Right External Iliac Artery, Open Approach, Diagnostic", "04BH0ZZ": "Excision of Right External Iliac Artery, Open Approach", "04BH3ZX": "Excision of Right External Iliac Artery, Percutaneous Approach, Diagnostic", "04BH3ZZ": "Excision of Right External Iliac Artery, Percutaneous Approach", "04BH4ZX": "Excision of Right External Iliac Artery, Percutaneous Endoscopic Approach, Diagnostic", "04BH4ZZ": "Excision of Right External Iliac Artery, Percutaneous Endoscopic Approach", "04BJ0ZX": "Excision of Left External Iliac Artery, Open Approach, Diagnostic", "04BJ0ZZ": "Excision of Left External Iliac Artery, Open Approach", "04BJ3ZX": "Excision of Left External Iliac Artery, Percutaneous Approach, Diagnostic", "04BJ3ZZ": "Excision of Left External Iliac Artery, Percutaneous Approach", "04BJ4ZX": "Excision of Left External Iliac Artery, Percutaneous Endoscopic Approach, Diagnostic", "04BJ4ZZ": "Excision of Left External Iliac Artery, Percutaneous Endoscopic Approach", "04BK0ZX": "Excision of Right Femoral Artery, Open Approach, Diagnostic", "04BK0ZZ": "Excision of Right Femoral Artery, Open Approach", "04BK3ZX": "Excision of Right Femoral Artery, Percutaneous Approach, Diagnostic", "04BK3ZZ": "Excision of Right Femoral Artery, Percutaneous Approach", "04BK4ZX": "Excision of Right Femoral Artery, Percutaneous Endoscopic Approach, Diagnostic", "04BK4ZZ": "Excision of Right Femoral Artery, Percutaneous Endoscopic Approach", "04BL0ZX": "Excision of Left Femoral Artery, Open Approach, Diagnostic", "04BL0ZZ": "Excision of Left Femoral Artery, Open Approach", "04BL3ZX": "Excision of Left Femoral Artery, Percutaneous Approach, Diagnostic", "04BL3ZZ": "Excision of Left Femoral Artery, Percutaneous Approach", "04BL4ZX": "Excision of Left Femoral Artery, Percutaneous Endoscopic Approach, Diagnostic", "04BL4ZZ": "Excision of Left Femoral Artery, Percutaneous Endoscopic Approach", "04BM0ZX": "Excision of Right Popliteal Artery, Open Approach, Diagnostic", "04BM0ZZ": "Excision of Right Popliteal Artery, Open Approach", "04BM3ZX": "Excision of Right Popliteal Artery, Percutaneous Approach, Diagnostic", "04BM3ZZ": "Excision of Right Popliteal Artery, Percutaneous Approach", "04BM4ZX": "Excision of Right Popliteal Artery, Percutaneous Endoscopic Approach, Diagnostic", "04BM4ZZ": "Excision of Right Popliteal Artery, Percutaneous Endoscopic Approach", "04BN0ZX": "Excision of Left Popliteal Artery, Open Approach, Diagnostic", "04BN0ZZ": "Excision of Left Popliteal Artery, Open Approach", "04BN3ZX": "Excision of Left Popliteal Artery, Percutaneous Approach, Diagnostic", "04BN3ZZ": "Excision of Left Popliteal Artery, Percutaneous Approach", "04BN4ZX": "Excision of Left Popliteal Artery, Percutaneous Endoscopic Approach, Diagnostic", "04BN4ZZ": "Excision of Left Popliteal Artery, Percutaneous Endoscopic Approach", "04BP0ZX": "Excision of Right Anterior Tibial Artery, Open Approach, Diagnostic", "04BP0ZZ": "Excision of Right Anterior Tibial Artery, Open Approach", "04BP3ZX": "Excision of Right Anterior Tibial Artery, Percutaneous Approach, Diagnostic", "04BP3ZZ": "Excision of Right Anterior Tibial Artery, Percutaneous Approach", "04BP4ZX": "Excision of Right Anterior Tibial Artery, Percutaneous Endoscopic Approach, Diagnostic", "04BP4ZZ": "Excision of Right Anterior Tibial Artery, Percutaneous Endoscopic Approach", "04BQ0ZX": "Excision of Left Anterior Tibial Artery, Open Approach, Diagnostic", "04BQ0ZZ": "Excision of Left Anterior Tibial Artery, Open Approach", "04BQ3ZX": "Excision of Left Anterior Tibial Artery, Percutaneous Approach, Diagnostic", "04BQ3ZZ": "Excision of Left Anterior Tibial Artery, Percutaneous Approach", "04BQ4ZX": "Excision of Left Anterior Tibial Artery, Percutaneous Endoscopic Approach, Diagnostic", "04BQ4ZZ": "Excision of Left Anterior Tibial Artery, Percutaneous Endoscopic Approach", "04BR0ZX": "Excision of Right Posterior Tibial Artery, Open Approach, Diagnostic", "04BR0ZZ": "Excision of Right Posterior Tibial Artery, Open Approach", "04BR3ZX": "Excision of Right Posterior Tibial Artery, Percutaneous Approach, Diagnostic", "04BR3ZZ": "Excision of Right Posterior Tibial Artery, Percutaneous Approach", "04BR4ZX": "Excision of Right Posterior Tibial Artery, Percutaneous Endoscopic Approach, Diagnostic", "04BR4ZZ": "Excision of Right Posterior Tibial Artery, Percutaneous Endoscopic Approach", "04BS0ZX": "Excision of Left Posterior Tibial Artery, Open Approach, Diagnostic", "04BS0ZZ": "Excision of Left Posterior Tibial Artery, Open Approach", "04BS3ZX": "Excision of Left Posterior Tibial Artery, Percutaneous Approach, Diagnostic", "04BS3ZZ": "Excision of Left Posterior Tibial Artery, Percutaneous Approach", "04BS4ZX": "Excision of Left Posterior Tibial Artery, Percutaneous Endoscopic Approach, Diagnostic", "04BS4ZZ": "Excision of Left Posterior Tibial Artery, Percutaneous Endoscopic Approach", "04BT0ZX": "Excision of Right Peroneal Artery, Open Approach, Diagnostic", "04BT0ZZ": "Excision of Right Peroneal Artery, Open Approach", "04BT3ZX": "Excision of Right Peroneal Artery, Percutaneous Approach, Diagnostic", "04BT3ZZ": "Excision of Right Peroneal Artery, Percutaneous Approach", "04BT4ZX": "Excision of Right Peroneal Artery, Percutaneous Endoscopic Approach, Diagnostic", "04BT4ZZ": "Excision of Right Peroneal Artery, Percutaneous Endoscopic Approach", "04BU0ZX": "Excision of Left Peroneal Artery, Open Approach, Diagnostic", "04BU0ZZ": "Excision of Left Peroneal Artery, Open Approach", "04BU3ZX": "Excision of Left Peroneal Artery, Percutaneous Approach, Diagnostic", "04BU3ZZ": "Excision of Left Peroneal Artery, Percutaneous Approach", "04BU4ZX": "Excision of Left Peroneal Artery, Percutaneous Endoscopic Approach, Diagnostic", "04BU4ZZ": "Excision of Left Peroneal Artery, Percutaneous Endoscopic Approach", "04BV0ZX": "Excision of Right Foot Artery, Open Approach, Diagnostic", "04BV0ZZ": "Excision of Right Foot Artery, Open Approach", "04BV3ZX": "Excision of Right Foot Artery, Percutaneous Approach, Diagnostic", "04BV3ZZ": "Excision of Right Foot Artery, Percutaneous Approach", "04BV4ZX": "Excision of Right Foot Artery, Percutaneous Endoscopic Approach, Diagnostic", "04BV4ZZ": "Excision of Right Foot Artery, Percutaneous Endoscopic Approach", "04BW0ZX": "Excision of Left Foot Artery, Open Approach, Diagnostic", "04BW0ZZ": "Excision of Left Foot Artery, Open Approach", "04BW3ZX": "Excision of Left Foot Artery, Percutaneous Approach, Diagnostic", "04BW3ZZ": "Excision of Left Foot Artery, Percutaneous Approach", "04BW4ZX": "Excision of Left Foot Artery, Percutaneous Endoscopic Approach, Diagnostic", "04BW4ZZ": "Excision of Left Foot Artery, Percutaneous Endoscopic Approach", "04BY0ZX": "Excision of Lower Artery, Open Approach, Diagnostic", "04BY0ZZ": "Excision of Lower Artery, Open Approach", "04BY3ZX": "Excision of Lower Artery, Percutaneous Approach, Diagnostic", "04BY3ZZ": "Excision of Lower Artery, Percutaneous Approach", "04BY4ZX": "Excision of Lower Artery, Percutaneous Endoscopic Approach, Diagnostic", "04BY4ZZ": "Excision of Lower Artery, Percutaneous Endoscopic Approach"}