{"04F": "Lower Arteries, Fragmentation", "04FC3Z0": "Fragmentation of Right Common Iliac Artery, Percutaneous Approach, Ultrasonic", "04FC3ZZ": "Fragmentation of Right Common Iliac Artery, Percutaneous Approach", "04FD3Z0": "Fragmentation of Left Common Iliac Artery, Percutaneous Approach, Ultrasonic", "04FD3ZZ": "Fragmentation of Left Common Iliac Artery, Percutaneous Approach", "04FE3Z0": "Fragmentation of Right Internal Iliac Artery, Percutaneous Approach, Ultrasonic", "04FE3ZZ": "Fragmentation of Right Internal Iliac Artery, Percutaneous Approach", "04FF3Z0": "Fragmentation of Left Internal Iliac Artery, Percutaneous Approach, Ultrasonic", "04FF3ZZ": "Fragmentation of Left Internal Iliac Artery, Percutaneous Approach", "04FH3Z0": "Fragmentation of Right External Iliac Artery, Percutaneous Approach, Ultrasonic", "04FH3ZZ": "Fragmentation of Right External Iliac Artery, Percutaneous Approach", "04FJ3Z0": "Fragmentation of Left External Iliac Artery, Percutaneous Approach, Ultrasonic", "04FJ3ZZ": "Fragmentation of Left External Iliac Artery, Percutaneous Approach", "04FK3Z0": "Fragmentation of Right Femoral Artery, Percutaneous Approach, Ultrasonic", "04FK3ZZ": "Fragmentation of Right Femoral Artery, Percutaneous Approach", "04FL3Z0": "Fragmentation of Left Femoral Artery, Percutaneous Approach, Ultrasonic", "04FL3ZZ": "Fragmentation of Left Femoral Artery, Percutaneous Approach", "04FM3Z0": "Fragmentation of Right Popliteal Artery, Percutaneous Approach, Ultrasonic", "04FM3ZZ": "Fragmentation of Right Popliteal Artery, Percutaneous Approach", "04FN3Z0": "Fragmentation of Left Popliteal Artery, Percutaneous Approach, Ultrasonic", "04FN3ZZ": "Fragmentation of Left Popliteal Artery, Percutaneous Approach", "04FP3Z0": "Fragmentation of Right Anterior Tibial Artery, Percutaneous Approach, Ultrasonic", "04FP3ZZ": "Fragmentation of Right Anterior Tibial Artery, Percutaneous Approach", "04FQ3Z0": "Fragmentation of Left Anterior Tibial Artery, Percutaneous Approach, Ultrasonic", "04FQ3ZZ": "Fragmentation of Left Anterior Tibial Artery, Percutaneous Approach", "04FR3Z0": "Fragmentation of Right Posterior Tibial Artery, Percutaneous Approach, Ultrasonic", "04FR3ZZ": "Fragmentation of Right Posterior Tibial Artery, Percutaneous Approach", "04FS3Z0": "Fragmentation of Left Posterior Tibial Artery, Percutaneous Approach, Ultrasonic", "04FS3ZZ": "Fragmentation of Left Posterior Tibial Artery, Percutaneous Approach", "04FT3Z0": "Fragmentation of Right Peroneal Artery, Percutaneous Approach, Ultrasonic", "04FT3ZZ": "Fragmentation of Right Peroneal Artery, Percutaneous Approach", "04FU3Z0": "Fragmentation of Left Peroneal Artery, Percutaneous Approach, Ultrasonic", "04FU3ZZ": "Fragmentation of Left Peroneal Artery, Percutaneous Approach", "04FY3Z0": "Fragmentation of Lower Artery, Percutaneous Approach, Ultrasonic", "04FY3ZZ": "Fragmentation of Lower Artery, Percutaneous Approach"}