{"04H": "Lower Arteries, Insertion", "04H002Z": "Insertion of Monitoring Device into Abdominal Aorta, Open Approach", "04H003Z": "Insertion of Infusion Device into Abdominal Aorta, Open Approach", "04H00DZ": "Insertion of Intraluminal Device into Abdominal Aorta, Open Approach", "04H032Z": "Insertion of Monitoring Device into Abdominal Aorta, Percutaneous Approach", "04H033Z": "Insertion of Infusion Device into Abdominal Aorta, Percutaneous Approach", "04H03DZ": "Insertion of Intraluminal Device into Abdominal Aorta, Percutaneous Approach", "04H042Z": "Insertion of Monitoring Device into Abdominal Aorta, Percutaneous Endoscopic Approach", "04H043Z": "Insertion of Infusion Device into Abdominal Aorta, Percutaneous Endoscopic Approach", "04H04DZ": "Insertion of Intraluminal Device into Abdominal Aorta, Percutaneous Endoscopic Approach", "04H103Z": "Insertion of Infusion Device into Celiac Artery, Open Approach", "04H10DZ": "Insertion of Intraluminal Device into Celiac Artery, Open Approach", "04H133Z": "Insertion of Infusion Device into Celiac Artery, Percutaneous Approach", "04H13DZ": "Insertion of Intraluminal Device into Celiac Artery, Percutaneous Approach", "04H143Z": "Insertion of Infusion Device into Celiac Artery, Percutaneous Endoscopic Approach", "04H14DZ": "Insertion of Intraluminal Device into Celiac Artery, Percutaneous Endoscopic Approach", "04H203Z": "Insertion of Infusion Device into Gastric Artery, Open Approach", "04H20DZ": "Insertion of Intraluminal Device into Gastric Artery, Open Approach", "04H233Z": "Insertion of Infusion Device into Gastric Artery, Percutaneous Approach", "04H23DZ": "Insertion of Intraluminal Device into Gastric Artery, Percutaneous Approach", "04H243Z": "Insertion of Infusion Device into Gastric Artery, Percutaneous Endoscopic Approach", "04H24DZ": "Insertion of Intraluminal Device into Gastric Artery, Percutaneous Endoscopic Approach", "04H303Z": "Insertion of Infusion Device into Hepatic Artery, Open Approach", "04H30DZ": "Insertion of Intraluminal Device into Hepatic Artery, Open Approach", "04H333Z": "Insertion of Infusion Device into Hepatic Artery, Percutaneous Approach", "04H33DZ": "Insertion of Intraluminal Device into Hepatic Artery, Percutaneous Approach", "04H343Z": "Insertion of Infusion Device into Hepatic Artery, Percutaneous Endoscopic Approach", "04H34DZ": "Insertion of Intraluminal Device into Hepatic Artery, Percutaneous Endoscopic Approach", "04H403Z": "Insertion of Infusion Device into Splenic Artery, Open Approach", "04H40DZ": "Insertion of Intraluminal Device into Splenic Artery, Open Approach", "04H433Z": "Insertion of Infusion Device into Splenic Artery, Percutaneous Approach", "04H43DZ": "Insertion of Intraluminal Device into Splenic Artery, Percutaneous Approach", "04H443Z": "Insertion of Infusion Device into Splenic Artery, Percutaneous Endoscopic Approach", "04H44DZ": "Insertion of Intraluminal Device into Splenic Artery, Percutaneous Endoscopic Approach", "04H503Z": "Insertion of Infusion Device into Superior Mesenteric Artery, Open Approach", "04H50DZ": "Insertion of Intraluminal Device into Superior Mesenteric Artery, Open Approach", "04H533Z": "Insertion of Infusion Device into Superior Mesenteric Artery, Percutaneous Approach", "04H53DZ": "Insertion of Intraluminal Device into Superior Mesenteric Artery, Percutaneous Approach", "04H543Z": "Insertion of Infusion Device into Superior Mesenteric Artery, Percutaneous Endoscopic Approach", "04H54DZ": "Insertion of Intraluminal Device into Superior Mesenteric Artery, Percutaneous Endoscopic Approach", "04H603Z": "Insertion of Infusion Device into Right Colic Artery, Open Approach", "04H60DZ": "Insertion of Intraluminal Device into Right Colic Artery, Open Approach", "04H633Z": "Insertion of Infusion Device into Right Colic Artery, Percutaneous Approach", "04H63DZ": "Insertion of Intraluminal Device into Right Colic Artery, Percutaneous Approach", "04H643Z": "Insertion of Infusion Device into Right Colic Artery, Percutaneous Endoscopic Approach", "04H64DZ": "Insertion of Intraluminal Device into Right Colic Artery, Percutaneous Endoscopic Approach", "04H703Z": "Insertion of Infusion Device into Left Colic Artery, Open Approach", "04H70DZ": "Insertion of Intraluminal Device into Left Colic Artery, Open Approach", "04H733Z": "Insertion of Infusion Device into Left Colic Artery, Percutaneous Approach", "04H73DZ": "Insertion of Intraluminal Device into Left Colic Artery, Percutaneous Approach", "04H743Z": "Insertion of Infusion Device into Left Colic Artery, Percutaneous Endoscopic Approach", "04H74DZ": "Insertion of Intraluminal Device into Left Colic Artery, Percutaneous Endoscopic Approach", "04H803Z": "Insertion of Infusion Device into Middle Colic Artery, Open Approach", "04H80DZ": "Insertion of Intraluminal Device into Middle Colic Artery, Open Approach", "04H833Z": "Insertion of Infusion Device into Middle Colic Artery, Percutaneous Approach", "04H83DZ": "Insertion of Intraluminal Device into Middle Colic Artery, Percutaneous Approach", "04H843Z": "Insertion of Infusion Device into Middle Colic Artery, Percutaneous Endoscopic Approach", "04H84DZ": "Insertion of Intraluminal Device into Middle Colic Artery, Percutaneous Endoscopic Approach", "04H903Z": "Insertion of Infusion Device into Right Renal Artery, Open Approach", "04H90DZ": "Insertion of Intraluminal Device into Right Renal Artery, Open Approach", "04H933Z": "Insertion of Infusion Device into Right Renal Artery, Percutaneous Approach", "04H93DZ": "Insertion of Intraluminal Device into Right Renal Artery, Percutaneous Approach", "04H943Z": "Insertion of Infusion Device into Right Renal Artery, Percutaneous Endoscopic Approach", "04H94DZ": "Insertion of Intraluminal Device into Right Renal Artery, Percutaneous Endoscopic Approach", "04HA03Z": "Insertion of Infusion Device into Left Renal Artery, Open Approach", "04HA0DZ": "Insertion of Intraluminal Device into Left Renal Artery, Open Approach", "04HA33Z": "Insertion of Infusion Device into Left Renal Artery, Percutaneous Approach", "04HA3DZ": "Insertion of Intraluminal Device into Left Renal Artery, Percutaneous Approach", "04HA43Z": "Insertion of Infusion Device into Left Renal Artery, Percutaneous Endoscopic Approach", "04HA4DZ": "Insertion of Intraluminal Device into Left Renal Artery, Percutaneous Endoscopic Approach", "04HB03Z": "Insertion of Infusion Device into Inferior Mesenteric Artery, Open Approach", "04HB0DZ": "Insertion of Intraluminal Device into Inferior Mesenteric Artery, Open Approach", "04HB33Z": "Insertion of Infusion Device into Inferior Mesenteric Artery, Percutaneous Approach", "04HB3DZ": "Insertion of Intraluminal Device into Inferior Mesenteric Artery, Percutaneous Approach", "04HB43Z": "Insertion of Infusion Device into Inferior Mesenteric Artery, Percutaneous Endoscopic Approach", "04HB4DZ": "Insertion of Intraluminal Device into Inferior Mesenteric Artery, Percutaneous Endoscopic Approach", "04HC03Z": "Insertion of Infusion Device into Right Common Iliac Artery, Open Approach", "04HC0DZ": "Insertion of Intraluminal Device into Right Common Iliac Artery, Open Approach", "04HC33Z": "Insertion of Infusion Device into Right Common Iliac Artery, Percutaneous Approach", "04HC3DZ": "Insertion of Intraluminal Device into Right Common Iliac Artery, Percutaneous Approach", "04HC43Z": "Insertion of Infusion Device into Right Common Iliac Artery, Percutaneous Endoscopic Approach", "04HC4DZ": "Insertion of Intraluminal Device into Right Common Iliac Artery, Percutaneous Endoscopic Approach", "04HD03Z": "Insertion of Infusion Device into Left Common Iliac Artery, Open Approach", "04HD0DZ": "Insertion of Intraluminal Device into Left Common Iliac Artery, Open Approach", "04HD33Z": "Insertion of Infusion Device into Left Common Iliac Artery, Percutaneous Approach", "04HD3DZ": "Insertion of Intraluminal Device into Left Common Iliac Artery, Percutaneous Approach", "04HD43Z": "Insertion of Infusion Device into Left Common Iliac Artery, Percutaneous Endoscopic Approach", "04HD4DZ": "Insertion of Intraluminal Device into Left Common Iliac Artery, Percutaneous Endoscopic Approach", "04HE03Z": "Insertion of Infusion Device into Right Internal Iliac Artery, Open Approach", "04HE0DZ": "Insertion of Intraluminal Device into Right Internal Iliac Artery, Open Approach", "04HE33Z": "Insertion of Infusion Device into Right Internal Iliac Artery, Percutaneous Approach", "04HE3DZ": "Insertion of Intraluminal Device into Right Internal Iliac Artery, Percutaneous Approach", "04HE43Z": "Insertion of Infusion Device into Right Internal Iliac Artery, Percutaneous Endoscopic Approach", "04HE4DZ": "Insertion of Intraluminal Device into Right Internal Iliac Artery, Percutaneous Endoscopic Approach", "04HF03Z": "Insertion of Infusion Device into Left Internal Iliac Artery, Open Approach", "04HF0DZ": "Insertion of Intraluminal Device into Left Internal Iliac Artery, Open Approach", "04HF33Z": "Insertion of Infusion Device into Left Internal Iliac Artery, Percutaneous Approach", "04HF3DZ": "Insertion of Intraluminal Device into Left Internal Iliac Artery, Percutaneous Approach", "04HF43Z": "Insertion of Infusion Device into Left Internal Iliac Artery, Percutaneous Endoscopic Approach", "04HF4DZ": "Insertion of Intraluminal Device into Left Internal Iliac Artery, Percutaneous Endoscopic Approach", "04HH03Z": "Insertion of Infusion Device into Right External Iliac Artery, Open Approach", "04HH0DZ": "Insertion of Intraluminal Device into Right External Iliac Artery, Open Approach", "04HH33Z": "Insertion of Infusion Device into Right External Iliac Artery, Percutaneous Approach", "04HH3DZ": "Insertion of Intraluminal Device into Right External Iliac Artery, Percutaneous Approach", "04HH43Z": "Insertion of Infusion Device into Right External Iliac Artery, Percutaneous Endoscopic Approach", "04HH4DZ": "Insertion of Intraluminal Device into Right External Iliac Artery, Percutaneous Endoscopic Approach", "04HJ03Z": "Insertion of Infusion Device into Left External Iliac Artery, Open Approach", "04HJ0DZ": "Insertion of Intraluminal Device into Left External Iliac Artery, Open Approach", "04HJ33Z": "Insertion of Infusion Device into Left External Iliac Artery, Percutaneous Approach", "04HJ3DZ": "Insertion of Intraluminal Device into Left External Iliac Artery, Percutaneous Approach", "04HJ43Z": "Insertion of Infusion Device into Left External Iliac Artery, Percutaneous Endoscopic Approach", "04HJ4DZ": "Insertion of Intraluminal Device into Left External Iliac Artery, Percutaneous Endoscopic Approach", "04HK03Z": "Insertion of Infusion Device into Right Femoral Artery, Open Approach", "04HK0DZ": "Insertion of Intraluminal Device into Right Femoral Artery, Open Approach", "04HK33Z": "Insertion of Infusion Device into Right Femoral Artery, Percutaneous Approach", "04HK3DZ": "Insertion of Intraluminal Device into Right Femoral Artery, Percutaneous Approach", "04HK43Z": "Insertion of Infusion Device into Right Femoral Artery, Percutaneous Endoscopic Approach", "04HK4DZ": "Insertion of Intraluminal Device into Right Femoral Artery, Percutaneous Endoscopic Approach", "04HL03Z": "Insertion of Infusion Device into Left Femoral Artery, Open Approach", "04HL0DZ": "Insertion of Intraluminal Device into Left Femoral Artery, Open Approach", "04HL33Z": "Insertion of Infusion Device into Left Femoral Artery, Percutaneous Approach", "04HL3DZ": "Insertion of Intraluminal Device into Left Femoral Artery, Percutaneous Approach", "04HL43Z": "Insertion of Infusion Device into Left Femoral Artery, Percutaneous Endoscopic Approach", "04HL4DZ": "Insertion of Intraluminal Device into Left Femoral Artery, Percutaneous Endoscopic Approach", "04HM03Z": "Insertion of Infusion Device into Right Popliteal Artery, Open Approach", "04HM0DZ": "Insertion of Intraluminal Device into Right Popliteal Artery, Open Approach", "04HM33Z": "Insertion of Infusion Device into Right Popliteal Artery, Percutaneous Approach", "04HM3DZ": "Insertion of Intraluminal Device into Right Popliteal Artery, Percutaneous Approach", "04HM43Z": "Insertion of Infusion Device into Right Popliteal Artery, Percutaneous Endoscopic Approach", "04HM4DZ": "Insertion of Intraluminal Device into Right Popliteal Artery, Percutaneous Endoscopic Approach", "04HN03Z": "Insertion of Infusion Device into Left Popliteal Artery, Open Approach", "04HN0DZ": "Insertion of Intraluminal Device into Left Popliteal Artery, Open Approach", "04HN33Z": "Insertion of Infusion Device into Left Popliteal Artery, Percutaneous Approach", "04HN3DZ": "Insertion of Intraluminal Device into Left Popliteal Artery, Percutaneous Approach", "04HN43Z": "Insertion of Infusion Device into Left Popliteal Artery, Percutaneous Endoscopic Approach", "04HN4DZ": "Insertion of Intraluminal Device into Left Popliteal Artery, Percutaneous Endoscopic Approach", "04HP03Z": "Insertion of Infusion Device into Right Anterior Tibial Artery, Open Approach", "04HP0DZ": "Insertion of Intraluminal Device into Right Anterior Tibial Artery, Open Approach", "04HP33Z": "Insertion of Infusion Device into Right Anterior Tibial Artery, Percutaneous Approach", "04HP3DZ": "Insertion of Intraluminal Device into Right Anterior Tibial Artery, Percutaneous Approach", "04HP43Z": "Insertion of Infusion Device into Right Anterior Tibial Artery, Percutaneous Endoscopic Approach", "04HP4DZ": "Insertion of Intraluminal Device into Right Anterior Tibial Artery, Percutaneous Endoscopic Approach", "04HQ03Z": "Insertion of Infusion Device into Left Anterior Tibial Artery, Open Approach", "04HQ0DZ": "Insertion of Intraluminal Device into Left Anterior Tibial Artery, Open Approach", "04HQ33Z": "Insertion of Infusion Device into Left Anterior Tibial Artery, Percutaneous Approach", "04HQ3DZ": "Insertion of Intraluminal Device into Left Anterior Tibial Artery, Percutaneous Approach", "04HQ43Z": "Insertion of Infusion Device into Left Anterior Tibial Artery, Percutaneous Endoscopic Approach", "04HQ4DZ": "Insertion of Intraluminal Device into Left Anterior Tibial Artery, Percutaneous Endoscopic Approach", "04HR03Z": "Insertion of Infusion Device into Right Posterior Tibial Artery, Open Approach", "04HR0DZ": "Insertion of Intraluminal Device into Right Posterior Tibial Artery, Open Approach", "04HR33Z": "Insertion of Infusion Device into Right Posterior Tibial Artery, Percutaneous Approach", "04HR3DZ": "Insertion of Intraluminal Device into Right Posterior Tibial Artery, Percutaneous Approach", "04HR43Z": "Insertion of Infusion Device into Right Posterior Tibial Artery, Percutaneous Endoscopic Approach", "04HR4DZ": "Insertion of Intraluminal Device into Right Posterior Tibial Artery, Percutaneous Endoscopic Approach", "04HS03Z": "Insertion of Infusion Device into Left Posterior Tibial Artery, Open Approach", "04HS0DZ": "Insertion of Intraluminal Device into Left Posterior Tibial Artery, Open Approach", "04HS33Z": "Insertion of Infusion Device into Left Posterior Tibial Artery, Percutaneous Approach", "04HS3DZ": "Insertion of Intraluminal Device into Left Posterior Tibial Artery, Percutaneous Approach", "04HS43Z": "Insertion of Infusion Device into Left Posterior Tibial Artery, Percutaneous Endoscopic Approach", "04HS4DZ": "Insertion of Intraluminal Device into Left Posterior Tibial Artery, Percutaneous Endoscopic Approach", "04HT03Z": "Insertion of Infusion Device into Right Peroneal Artery, Open Approach", "04HT0DZ": "Insertion of Intraluminal Device into Right Peroneal Artery, Open Approach", "04HT33Z": "Insertion of Infusion Device into Right Peroneal Artery, Percutaneous Approach", "04HT3DZ": "Insertion of Intraluminal Device into Right Peroneal Artery, Percutaneous Approach", "04HT43Z": "Insertion of Infusion Device into Right Peroneal Artery, Percutaneous Endoscopic Approach", "04HT4DZ": "Insertion of Intraluminal Device into Right Peroneal Artery, Percutaneous Endoscopic Approach", "04HU03Z": "Insertion of Infusion Device into Left Peroneal Artery, Open Approach", "04HU0DZ": "Insertion of Intraluminal Device into Left Peroneal Artery, Open Approach", "04HU33Z": "Insertion of Infusion Device into Left Peroneal Artery, Percutaneous Approach", "04HU3DZ": "Insertion of Intraluminal Device into Left Peroneal Artery, Percutaneous Approach", "04HU43Z": "Insertion of Infusion Device into Left Peroneal Artery, Percutaneous Endoscopic Approach", "04HU4DZ": "Insertion of Intraluminal Device into Left Peroneal Artery, Percutaneous Endoscopic Approach", "04HV03Z": "Insertion of Infusion Device into Right Foot Artery, Open Approach", "04HV0DZ": "Insertion of Intraluminal Device into Right Foot Artery, Open Approach", "04HV33Z": "Insertion of Infusion Device into Right Foot Artery, Percutaneous Approach", "04HV3DZ": "Insertion of Intraluminal Device into Right Foot Artery, Percutaneous Approach", "04HV43Z": "Insertion of Infusion Device into Right Foot Artery, Percutaneous Endoscopic Approach", "04HV4DZ": "Insertion of Intraluminal Device into Right Foot Artery, Percutaneous Endoscopic Approach", "04HW03Z": "Insertion of Infusion Device into Left Foot Artery, Open Approach", "04HW0DZ": "Insertion of Intraluminal Device into Left Foot Artery, Open Approach", "04HW33Z": "Insertion of Infusion Device into Left Foot Artery, Percutaneous Approach", "04HW3DZ": "Insertion of Intraluminal Device into Left Foot Artery, Percutaneous Approach", "04HW43Z": "Insertion of Infusion Device into Left Foot Artery, Percutaneous Endoscopic Approach", "04HW4DZ": "Insertion of Intraluminal Device into Left Foot Artery, Percutaneous Endoscopic Approach", "04HY02Z": "Insertion of Monitoring Device into Lower Artery, Open Approach", "04HY03Z": "Insertion of Infusion Device into Lower Artery, Open Approach", "04HY0DZ": "Insertion of Intraluminal Device into Lower Artery, Open Approach", "04HY0YZ": "Insertion of Other Device into Lower Artery, Open Approach", "04HY32Z": "Insertion of Monitoring Device into Lower Artery, Percutaneous Approach", "04HY33Z": "Insertion of Infusion Device into Lower Artery, Percutaneous Approach", "04HY3DZ": "Insertion of Intraluminal Device into Lower Artery, Percutaneous Approach", "04HY3YZ": "Insertion of Other Device into Lower Artery, Percutaneous Approach", "04HY42Z": "Insertion of Monitoring Device into Lower Artery, Percutaneous Endoscopic Approach", "04HY43Z": "Insertion of Infusion Device into Lower Artery, Percutaneous Endoscopic Approach", "04HY4DZ": "Insertion of Intraluminal Device into Lower Artery, Percutaneous Endoscopic Approach", "04HY4YZ": "Insertion of Other Device into Lower Artery, Percutaneous Endoscopic Approach"}