{"04N": "Lower Arteries, Release", "04N00ZZ": "Release Abdominal Aorta, Open Approach", "04N03ZZ": "Release Abdominal Aorta, Percutaneous Approach", "04N04ZZ": "Release Abdominal Aorta, Percutaneous Endoscopic Approach", "04N10ZZ": "Release Celiac Artery, Open Approach", "04N13ZZ": "Release Celiac Artery, Percutaneous Approach", "04N14ZZ": "Release Celiac Artery, Percutaneous Endoscopic Approach", "04N20ZZ": "Release Gastric Artery, Open Approach", "04N23ZZ": "Release Gastric Artery, Percutaneous Approach", "04N24ZZ": "Release Gastric Artery, Percutaneous Endoscopic Approach", "04N30ZZ": "Release Hepatic Artery, Open Approach", "04N33ZZ": "Release Hepatic Artery, Percutaneous Approach", "04N34ZZ": "Release Hepatic Artery, Percutaneous Endoscopic Approach", "04N40ZZ": "Release Splenic Artery, Open Approach", "04N43ZZ": "Release Splenic Artery, Percutaneous Approach", "04N44ZZ": "Release Splenic Artery, Percutaneous Endoscopic Approach", "04N50ZZ": "Release Superior Mesenteric Artery, Open Approach", "04N53ZZ": "Release Superior Mesenteric Artery, Percutaneous Approach", "04N54ZZ": "Release Superior Mesenteric Artery, Percutaneous Endoscopic Approach", "04N60ZZ": "Release Right Colic Artery, Open Approach", "04N63ZZ": "Release Right Colic Artery, Percutaneous Approach", "04N64ZZ": "Release Right Colic Artery, Percutaneous Endoscopic Approach", "04N70ZZ": "Release Left Colic Artery, Open Approach", "04N73ZZ": "Release Left Colic Artery, Percutaneous Approach", "04N74ZZ": "Release Left Colic Artery, Percutaneous Endoscopic Approach", "04N80ZZ": "Release Middle Colic Artery, Open Approach", "04N83ZZ": "Release Middle Colic Artery, Percutaneous Approach", "04N84ZZ": "Release Middle Colic Artery, Percutaneous Endoscopic Approach", "04N90ZZ": "Release Right Renal Artery, Open Approach", "04N93ZZ": "Release Right Renal Artery, Percutaneous Approach", "04N94ZZ": "Release Right Renal Artery, Percutaneous Endoscopic Approach", "04NA0ZZ": "Release Left Renal Artery, Open Approach", "04NA3ZZ": "Release Left Renal Artery, Percutaneous Approach", "04NA4ZZ": "Release Left Renal Artery, Percutaneous Endoscopic Approach", "04NB0ZZ": "Release Inferior Mesenteric Artery, Open Approach", "04NB3ZZ": "Release Inferior Mesenteric Artery, Percutaneous Approach", "04NB4ZZ": "Release Inferior Mesenteric Artery, Percutaneous Endoscopic Approach", "04NC0ZZ": "Release Right Common Iliac Artery, Open Approach", "04NC3ZZ": "Release Right Common Iliac Artery, Percutaneous Approach", "04NC4ZZ": "Release Right Common Iliac Artery, Percutaneous Endoscopic Approach", "04ND0ZZ": "Release Left Common Iliac Artery, Open Approach", "04ND3ZZ": "Release Left Common Iliac Artery, Percutaneous Approach", "04ND4ZZ": "Release Left Common Iliac Artery, Percutaneous Endoscopic Approach", "04NE0ZZ": "Release Right Internal Iliac Artery, Open Approach", "04NE3ZZ": "Release Right Internal Iliac Artery, Percutaneous Approach", "04NE4ZZ": "Release Right Internal Iliac Artery, Percutaneous Endoscopic Approach", "04NF0ZZ": "Release Left Internal Iliac Artery, Open Approach", "04NF3ZZ": "Release Left Internal Iliac Artery, Percutaneous Approach", "04NF4ZZ": "Release Left Internal Iliac Artery, Percutaneous Endoscopic Approach", "04NH0ZZ": "Release Right External Iliac Artery, Open Approach", "04NH3ZZ": "Release Right External Iliac Artery, Percutaneous Approach", "04NH4ZZ": "Release Right External Iliac Artery, Percutaneous Endoscopic Approach", "04NJ0ZZ": "Release Left External Iliac Artery, Open Approach", "04NJ3ZZ": "Release Left External Iliac Artery, Percutaneous Approach", "04NJ4ZZ": "Release Left External Iliac Artery, Percutaneous Endoscopic Approach", "04NK0ZZ": "Release Right Femoral Artery, Open Approach", "04NK3ZZ": "Release Right Femoral Artery, Percutaneous Approach", "04NK4ZZ": "Release Right Femoral Artery, Percutaneous Endoscopic Approach", "04NL0ZZ": "Release Left Femoral Artery, Open Approach", "04NL3ZZ": "Release Left Femoral Artery, Percutaneous Approach", "04NL4ZZ": "Release Left Femoral Artery, Percutaneous Endoscopic Approach", "04NM0ZZ": "Release Right Popliteal Artery, Open Approach", "04NM3ZZ": "Release Right Popliteal Artery, Percutaneous Approach", "04NM4ZZ": "Release Right Popliteal Artery, Percutaneous Endoscopic Approach", "04NN0ZZ": "Release Left Popliteal Artery, Open Approach", "04NN3ZZ": "Release Left Popliteal Artery, Percutaneous Approach", "04NN4ZZ": "Release Left Popliteal Artery, Percutaneous Endoscopic Approach", "04NP0ZZ": "Release Right Anterior Tibial Artery, Open Approach", "04NP3ZZ": "Release Right Anterior Tibial Artery, Percutaneous Approach", "04NP4ZZ": "Release Right Anterior Tibial Artery, Percutaneous Endoscopic Approach", "04NQ0ZZ": "Release Left Anterior Tibial Artery, Open Approach", "04NQ3ZZ": "Release Left Anterior Tibial Artery, Percutaneous Approach", "04NQ4ZZ": "Release Left Anterior Tibial Artery, Percutaneous Endoscopic Approach", "04NR0ZZ": "Release Right Posterior Tibial Artery, Open Approach", "04NR3ZZ": "Release Right Posterior Tibial Artery, Percutaneous Approach", "04NR4ZZ": "Release Right Posterior Tibial Artery, Percutaneous Endoscopic Approach", "04NS0ZZ": "Release Left Posterior Tibial Artery, Open Approach", "04NS3ZZ": "Release Left Posterior Tibial Artery, Percutaneous Approach", "04NS4ZZ": "Release Left Posterior Tibial Artery, Percutaneous Endoscopic Approach", "04NT0ZZ": "Release Right Peroneal Artery, Open Approach", "04NT3ZZ": "Release Right Peroneal Artery, Percutaneous Approach", "04NT4ZZ": "Release Right Peroneal Artery, Percutaneous Endoscopic Approach", "04NU0ZZ": "Release Left Peroneal Artery, Open Approach", "04NU3ZZ": "Release Left Peroneal Artery, Percutaneous Approach", "04NU4ZZ": "Release Left Peroneal Artery, Percutaneous Endoscopic Approach", "04NV0ZZ": "Release Right Foot Artery, Open Approach", "04NV3ZZ": "Release Right Foot Artery, Percutaneous Approach", "04NV4ZZ": "Release Right Foot Artery, Percutaneous Endoscopic Approach", "04NW0ZZ": "Release Left Foot Artery, Open Approach", "04NW3ZZ": "Release Left Foot Artery, Percutaneous Approach", "04NW4ZZ": "Release Left Foot Artery, Percutaneous Endoscopic Approach", "04NY0ZZ": "Release Lower Artery, Open Approach", "04NY3ZZ": "Release Lower Artery, Percutaneous Approach", "04NY4ZZ": "Release Lower Artery, Percutaneous Endoscopic Approach"}