{"04P": "Lower Arteries, Removal", "04PY00Z": "Removal of Drainage Device from Lower Artery, Open Approach", "04PY02Z": "Removal of Monitoring Device from Lower Artery, Open Approach", "04PY03Z": "Removal of Infusion Device from Lower Artery, Open Approach", "04PY07Z": "Removal of Autologous Tissue Substitute from Lower Artery, Open Approach", "04PY0CZ": "Removal of Extraluminal Device from Lower Artery, Open Approach", "04PY0DZ": "Removal of Intraluminal Device from Lower Artery, Open Approach", "04PY0JZ": "Removal of Synthetic Substitute from Lower Artery, Open Approach", "04PY0KZ": "Removal of Nonautologous Tissue Substitute from Lower Artery, Open Approach", "04PY0YZ": "Removal of Other Device from Lower Artery, Open Approach", "04PY30Z": "Removal of Drainage Device from Lower Artery, Percutaneous Approach", "04PY32Z": "Removal of Monitoring Device from Lower Artery, Percutaneous Approach", "04PY33Z": "Removal of Infusion Device from Lower Artery, Percutaneous Approach", "04PY37Z": "Removal of Autologous Tissue Substitute from Lower Artery, Percutaneous Approach", "04PY3CZ": "Removal of Extraluminal Device from Lower Artery, Percutaneous Approach", "04PY3DZ": "Removal of Intraluminal Device from Lower Artery, Percutaneous Approach", "04PY3JZ": "Removal of Synthetic Substitute from Lower Artery, Percutaneous Approach", "04PY3KZ": "Removal of Nonautologous Tissue Substitute from Lower Artery, Percutaneous Approach", "04PY3YZ": "Removal of Other Device from Lower Artery, Percutaneous Approach", "04PY40Z": "Removal of Drainage Device from Lower Artery, Percutaneous Endoscopic Approach", "04PY42Z": "Removal of Monitoring Device from Lower Artery, Percutaneous Endoscopic Approach", "04PY43Z": "Removal of Infusion Device from Lower Artery, Percutaneous Endoscopic Approach", "04PY47Z": "Removal of Autologous Tissue Substitute from Lower Artery, Percutaneous Endoscopic Approach", "04PY4CZ": "Removal of Extraluminal Device from Lower Artery, Percutaneous Endoscopic Approach", "04PY4DZ": "Removal of Intraluminal Device from Lower Artery, Percutaneous Endoscopic Approach", "04PY4JZ": "Removal of Synthetic Substitute from Lower Artery, Percutaneous Endoscopic Approach", "04PY4KZ": "Removal of Nonautologous Tissue Substitute from Lower Artery, Percutaneous Endoscopic Approach", "04PY4YZ": "Removal of Other Device from Lower Artery, Percutaneous Endoscopic Approach", "04PYX0Z": "Removal of Drainage Device from Lower Artery, External Approach", "04PYX1Z": "Removal of Radioactive Element from Lower Artery, External Approach", "04PYX2Z": "Removal of Monitoring Device from Lower Artery, External Approach", "04PYX3Z": "Removal of Infusion Device from Lower Artery, External Approach", "04PYXDZ": "Removal of Intraluminal Device from Lower Artery, External Approach"}