{"04S": "Lower Arteries, Reposition", "04S00ZZ": "Reposition Abdominal Aorta, Open Approach", "04S03ZZ": "Reposition Abdominal Aorta, Percutaneous Approach", "04S04ZZ": "Reposition Abdominal Aorta, Percutaneous Endoscopic Approach", "04S10ZZ": "Reposition Celiac Artery, Open Approach", "04S13ZZ": "Reposition Celiac Artery, Percutaneous Approach", "04S14ZZ": "Reposition Celiac Artery, Percutaneous Endoscopic Approach", "04S20ZZ": "Reposition Gastric Artery, Open Approach", "04S23ZZ": "Reposition Gastric Artery, Percutaneous Approach", "04S24ZZ": "Reposition Gastric Artery, Percutaneous Endoscopic Approach", "04S30ZZ": "Reposition Hepatic Artery, Open Approach", "04S33ZZ": "Reposition Hepatic Artery, Percutaneous Approach", "04S34ZZ": "Reposition Hepatic Artery, Percutaneous Endoscopic Approach", "04S40ZZ": "Reposition Splenic Artery, Open Approach", "04S43ZZ": "Reposition Splenic Artery, Percutaneous Approach", "04S44ZZ": "Reposition Splenic Artery, Percutaneous Endoscopic Approach", "04S50ZZ": "Reposition Superior Mesenteric Artery, Open Approach", "04S53ZZ": "Reposition Superior Mesenteric Artery, Percutaneous Approach", "04S54ZZ": "Reposition Superior Mesenteric Artery, Percutaneous Endoscopic Approach", "04S60ZZ": "Reposition Right Colic Artery, Open Approach", "04S63ZZ": "Reposition Right Colic Artery, Percutaneous Approach", "04S64ZZ": "Reposition Right Colic Artery, Percutaneous Endoscopic Approach", "04S70ZZ": "Reposition Left Colic Artery, Open Approach", "04S73ZZ": "Reposition Left Colic Artery, Percutaneous Approach", "04S74ZZ": "Reposition Left Colic Artery, Percutaneous Endoscopic Approach", "04S80ZZ": "Reposition Middle Colic Artery, Open Approach", "04S83ZZ": "Reposition Middle Colic Artery, Percutaneous Approach", "04S84ZZ": "Reposition Middle Colic Artery, Percutaneous Endoscopic Approach", "04S90ZZ": "Reposition Right Renal Artery, Open Approach", "04S93ZZ": "Reposition Right Renal Artery, Percutaneous Approach", "04S94ZZ": "Reposition Right Renal Artery, Percutaneous Endoscopic Approach", "04SA0ZZ": "Reposition Left Renal Artery, Open Approach", "04SA3ZZ": "Reposition Left Renal Artery, Percutaneous Approach", "04SA4ZZ": "Reposition Left Renal Artery, Percutaneous Endoscopic Approach", "04SB0ZZ": "Reposition Inferior Mesenteric Artery, Open Approach", "04SB3ZZ": "Reposition Inferior Mesenteric Artery, Percutaneous Approach", "04SB4ZZ": "Reposition Inferior Mesenteric Artery, Percutaneous Endoscopic Approach", "04SC0ZZ": "Reposition Right Common Iliac Artery, Open Approach", "04SC3ZZ": "Reposition Right Common Iliac Artery, Percutaneous Approach", "04SC4ZZ": "Reposition Right Common Iliac Artery, Percutaneous Endoscopic Approach", "04SD0ZZ": "Reposition Left Common Iliac Artery, Open Approach", "04SD3ZZ": "Reposition Left Common Iliac Artery, Percutaneous Approach", "04SD4ZZ": "Reposition Left Common Iliac Artery, Percutaneous Endoscopic Approach", "04SE0ZZ": "Reposition Right Internal Iliac Artery, Open Approach", "04SE3ZZ": "Reposition Right Internal Iliac Artery, Percutaneous Approach", "04SE4ZZ": "Reposition Right Internal Iliac Artery, Percutaneous Endoscopic Approach", "04SF0ZZ": "Reposition Left Internal Iliac Artery, Open Approach", "04SF3ZZ": "Reposition Left Internal Iliac Artery, Percutaneous Approach", "04SF4ZZ": "Reposition Left Internal Iliac Artery, Percutaneous Endoscopic Approach", "04SH0ZZ": "Reposition Right External Iliac Artery, Open Approach", "04SH3ZZ": "Reposition Right External Iliac Artery, Percutaneous Approach", "04SH4ZZ": "Reposition Right External Iliac Artery, Percutaneous Endoscopic Approach", "04SJ0ZZ": "Reposition Left External Iliac Artery, Open Approach", "04SJ3ZZ": "Reposition Left External Iliac Artery, Percutaneous Approach", "04SJ4ZZ": "Reposition Left External Iliac Artery, Percutaneous Endoscopic Approach", "04SK0ZZ": "Reposition Right Femoral Artery, Open Approach", "04SK3ZZ": "Reposition Right Femoral Artery, Percutaneous Approach", "04SK4ZZ": "Reposition Right Femoral Artery, Percutaneous Endoscopic Approach", "04SL0ZZ": "Reposition Left Femoral Artery, Open Approach", "04SL3ZZ": "Reposition Left Femoral Artery, Percutaneous Approach", "04SL4ZZ": "Reposition Left Femoral Artery, Percutaneous Endoscopic Approach", "04SM0ZZ": "Reposition Right Popliteal Artery, Open Approach", "04SM3ZZ": "Reposition Right Popliteal Artery, Percutaneous Approach", "04SM4ZZ": "Reposition Right Popliteal Artery, Percutaneous Endoscopic Approach", "04SN0ZZ": "Reposition Left Popliteal Artery, Open Approach", "04SN3ZZ": "Reposition Left Popliteal Artery, Percutaneous Approach", "04SN4ZZ": "Reposition Left Popliteal Artery, Percutaneous Endoscopic Approach", "04SP0ZZ": "Reposition Right Anterior Tibial Artery, Open Approach", "04SP3ZZ": "Reposition Right Anterior Tibial Artery, Percutaneous Approach", "04SP4ZZ": "Reposition Right Anterior Tibial Artery, Percutaneous Endoscopic Approach", "04SQ0ZZ": "Reposition Left Anterior Tibial Artery, Open Approach", "04SQ3ZZ": "Reposition Left Anterior Tibial Artery, Percutaneous Approach", "04SQ4ZZ": "Reposition Left Anterior Tibial Artery, Percutaneous Endoscopic Approach", "04SR0ZZ": "Reposition Right Posterior Tibial Artery, Open Approach", "04SR3ZZ": "Reposition Right Posterior Tibial Artery, Percutaneous Approach", "04SR4ZZ": "Reposition Right Posterior Tibial Artery, Percutaneous Endoscopic Approach", "04SS0ZZ": "Reposition Left Posterior Tibial Artery, Open Approach", "04SS3ZZ": "Reposition Left Posterior Tibial Artery, Percutaneous Approach", "04SS4ZZ": "Reposition Left Posterior Tibial Artery, Percutaneous Endoscopic Approach", "04ST0ZZ": "Reposition Right Peroneal Artery, Open Approach", "04ST3ZZ": "Reposition Right Peroneal Artery, Percutaneous Approach", "04ST4ZZ": "Reposition Right Peroneal Artery, Percutaneous Endoscopic Approach", "04SU0ZZ": "Reposition Left Peroneal Artery, Open Approach", "04SU3ZZ": "Reposition Left Peroneal Artery, Percutaneous Approach", "04SU4ZZ": "Reposition Left Peroneal Artery, Percutaneous Endoscopic Approach", "04SV0ZZ": "Reposition Right Foot Artery, Open Approach", "04SV3ZZ": "Reposition Right Foot Artery, Percutaneous Approach", "04SV4ZZ": "Reposition Right Foot Artery, Percutaneous Endoscopic Approach", "04SW0ZZ": "Reposition Left Foot Artery, Open Approach", "04SW3ZZ": "Reposition Left Foot Artery, Percutaneous Approach", "04SW4ZZ": "Reposition Left Foot Artery, Percutaneous Endoscopic Approach", "04SY0ZZ": "Reposition Lower Artery, Open Approach", "04SY3ZZ": "Reposition Lower Artery, Percutaneous Approach", "04SY4ZZ": "Reposition Lower Artery, Percutaneous Endoscopic Approach"}