{"0F5": "Hepatobiliary System and Pancreas, Destruction", "0F500ZF": "Destruction of Liver using Irreversible Electroporation, Open Approach", "0F500ZZ": "Destruction of Liver, Open Approach", "0F503ZF": "Destruction of Liver using Irreversible Electroporation, Percutaneous Approach", "0F503ZZ": "Destruction of Liver, Percutaneous Approach", "0F504ZF": "Destruction of Liver using Irreversible Electroporation, Percutaneous Endoscopic Approach", "0F504ZZ": "Destruction of Liver, Percutaneous Endoscopic Approach", "0F510ZF": "Destruction of Right Lobe Liver using Irreversible Electroporation, Open Approach", "0F510ZZ": "Destruction of Right Lobe Liver, Open Approach", "0F513ZF": "Destruction of Right Lobe Liver using Irreversible Electroporation, Percutaneous Approach", "0F513ZZ": "Destruction of Right Lobe Liver, Percutaneous Approach", "0F514ZF": "Destruction of Right Lobe Liver using Irreversible Electroporation, Percutaneous Endoscopic Approach", "0F514ZZ": "Destruction of Right Lobe Liver, Percutaneous Endoscopic Approach", "0F520ZF": "Destruction of Left Lobe Liver using Irreversible Electroporation, Open Approach", "0F520ZZ": "Destruction of Left Lobe Liver, Open Approach", "0F523ZF": "Destruction of Left Lobe Liver using Irreversible Electroporation, Percutaneous Approach", "0F523ZZ": "Destruction of Left Lobe Liver, Percutaneous Approach", "0F524ZF": "Destruction of Left Lobe Liver using Irreversible Electroporation, Percutaneous Endoscopic Approach", "0F524ZZ": "Destruction of Left Lobe Liver, Percutaneous Endoscopic Approach", "0F540ZZ": "Destruction of Gallbladder, Open Approach", "0F543ZZ": "Destruction of Gallbladder, Percutaneous Approach", "0F544ZZ": "Destruction of Gallbladder, Percutaneous Endoscopic Approach", "0F548ZZ": "Destruction of Gallbladder, Via Natural or Artificial Opening Endoscopic", "0F550ZZ": "Destruction of Right Hepatic Duct, Open Approach", "0F553ZZ": "Destruction of Right Hepatic Duct, Percutaneous Approach", "0F554ZZ": "Destruction of Right Hepatic Duct, Percutaneous Endoscopic Approach", "0F557ZZ": "Destruction of Right Hepatic Duct, Via Natural or Artificial Opening", "0F558ZZ": "Destruction of Right Hepatic Duct, Via Natural or Artificial Opening Endoscopic", "0F560ZZ": "Destruction of Left Hepatic Duct, Open Approach", "0F563ZZ": "Destruction of Left Hepatic Duct, Percutaneous Approach", "0F564ZZ": "Destruction of Left Hepatic Duct, Percutaneous Endoscopic Approach", "0F567ZZ": "Destruction of Left Hepatic Duct, Via Natural or Artificial Opening", "0F568ZZ": "Destruction of Left Hepatic Duct, Via Natural or Artificial Opening Endoscopic", "0F570ZZ": "Destruction of Common Hepatic Duct, Open Approach", "0F573ZZ": "Destruction of Common Hepatic Duct, Percutaneous Approach", "0F574ZZ": "Destruction of Common Hepatic Duct, Percutaneous Endoscopic Approach", "0F577ZZ": "Destruction of Common Hepatic Duct, Via Natural or Artificial Opening", "0F578ZZ": "Destruction of Common Hepatic Duct, Via Natural or Artificial Opening Endoscopic", "0F580ZZ": "Destruction of Cystic Duct, Open Approach", "0F583ZZ": "Destruction of Cystic Duct, Percutaneous Approach", "0F584ZZ": "Destruction of Cystic Duct, Percutaneous Endoscopic Approach", "0F587ZZ": "Destruction of Cystic Duct, Via Natural or Artificial Opening", "0F588ZZ": "Destruction of Cystic Duct, Via Natural or Artificial Opening Endoscopic", "0F590ZZ": "Destruction of Common Bile Duct, Open Approach", "0F593ZZ": "Destruction of Common Bile Duct, Percutaneous Approach", "0F594ZZ": "Destruction of Common Bile Duct, Percutaneous Endoscopic Approach", "0F597ZZ": "Destruction of Common Bile Duct, Via Natural or Artificial Opening", "0F598ZZ": "Destruction of Common Bile Duct, Via Natural or Artificial Opening Endoscopic", "0F5C0ZZ": "Destruction of Ampulla of Vater, Open Approach", "0F5C3ZZ": "Destruction of Ampulla of Vater, Percutaneous Approach", "0F5C4ZZ": "Destruction of Ampulla of Vater, Percutaneous Endoscopic Approach", "0F5C7ZZ": "Destruction of Ampulla of Vater, Via Natural or Artificial Opening", "0F5C8ZZ": "Destruction of Ampulla of Vater, Via Natural or Artificial Opening Endoscopic", "0F5D0ZZ": "Destruction of Pancreatic Duct, Open Approach", "0F5D3ZZ": "Destruction of Pancreatic Duct, Percutaneous Approach", "0F5D4ZZ": "Destruction of Pancreatic Duct, Percutaneous Endoscopic Approach", "0F5D7ZZ": "Destruction of Pancreatic Duct, Via Natural or Artificial Opening", "0F5D8ZZ": "Destruction of Pancreatic Duct, Via Natural or Artificial Opening Endoscopic", "0F5F0ZZ": "Destruction of Accessory Pancreatic Duct, Open Approach", "0F5F3ZZ": "Destruction of Accessory Pancreatic Duct, Percutaneous Approach", "0F5F4ZZ": "Destruction of Accessory Pancreatic Duct, Percutaneous Endoscopic Approach", "0F5F7ZZ": "Destruction of Accessory Pancreatic Duct, Via Natural or Artificial Opening", "0F5F8ZZ": "Destruction of Accessory Pancreatic Duct, Via Natural or Artificial Opening Endoscopic", "0F5G0ZF": "Destruction of Pancreas using Irreversible Electroporation, Open Approach", "0F5G0ZZ": "Destruction of Pancreas, Open Approach", "0F5G3ZF": "Destruction of Pancreas using Irreversible Electroporation, Percutaneous Approach", "0F5G3ZZ": "Destruction of Pancreas, Percutaneous Approach", "0F5G4ZF": "Destruction of Pancreas using Irreversible Electroporation, Percutaneous Endoscopic Approach", "0F5G4ZZ": "Destruction of Pancreas, Percutaneous Endoscopic Approach", "0F5G8ZZ": "Destruction of Pancreas, Via Natural or Artificial Opening Endoscopic"}