{"0FB": "Hepatobiliary System and Pancreas, Excision", "0FB00ZX": "Excision of Liver, Open Approach, Diagnostic", "0FB00ZZ": "Excision of Liver, Open Approach", "0FB03ZX": "Excision of Liver, Percutaneous Approach, Diagnostic", "0FB03ZZ": "Excision of Liver, Percutaneous Approach", "0FB04ZX": "Excision of Liver, Percutaneous Endoscopic Approach, Diagnostic", "0FB04ZZ": "Excision of Liver, Percutaneous Endoscopic Approach", "0FB10ZX": "Excision of Right Lobe Liver, Open Approach, Diagnostic", "0FB10ZZ": "Excision of Right Lobe Liver, Open Approach", "0FB13ZX": "Excision of Right Lobe Liver, Percutaneous Approach, Diagnostic", "0FB13ZZ": "Excision of Right Lobe Liver, Percutaneous Approach", "0FB14ZX": "Excision of Right Lobe Liver, Percutaneous Endoscopic Approach, Diagnostic", "0FB14ZZ": "Excision of Right Lobe Liver, Percutaneous Endoscopic Approach", "0FB20ZX": "Excision of Left Lobe Liver, Open Approach, Diagnostic", "0FB20ZZ": "Excision of Left Lobe Liver, Open Approach", "0FB23ZX": "Excision of Left Lobe Liver, Percutaneous Approach, Diagnostic", "0FB23ZZ": "Excision of Left Lobe Liver, Percutaneous Approach", "0FB24ZX": "Excision of Left Lobe Liver, Percutaneous Endoscopic Approach, Diagnostic", "0FB24ZZ": "Excision of Left Lobe Liver, Percutaneous Endoscopic Approach", "0FB40ZX": "Excision of Gallbladder, Open Approach, Diagnostic", "0FB40ZZ": "Excision of Gallbladder, Open Approach", "0FB43ZX": "Excision of Gallbladder, Percutaneous Approach, Diagnostic", "0FB43ZZ": "Excision of Gallbladder, Percutaneous Approach", "0FB44ZX": "Excision of Gallbladder, Percutaneous Endoscopic Approach, Diagnostic", "0FB44ZZ": "Excision of Gallbladder, Percutaneous Endoscopic Approach", "0FB48ZX": "Excision of Gallbladder, Via Natural or Artificial Opening Endoscopic, Diagnostic", "0FB48ZZ": "Excision of Gallbladder, Via Natural or Artificial Opening Endoscopic", "0FB50ZX": "Excision of Right Hepatic Duct, Open Approach, Diagnostic", "0FB50ZZ": "Excision of Right Hepatic Duct, Open Approach", "0FB53ZX": "Excision of Right Hepatic Duct, Percutaneous Approach, Diagnostic", "0FB53ZZ": "Excision of Right Hepatic Duct, Percutaneous Approach", "0FB54ZX": "Excision of Right Hepatic Duct, Percutaneous Endoscopic Approach, Diagnostic", "0FB54ZZ": "Excision of Right Hepatic Duct, Percutaneous Endoscopic Approach", "0FB57ZX": "Excision of Right Hepatic Duct, Via Natural or Artificial Opening, Diagnostic", "0FB57ZZ": "Excision of Right Hepatic Duct, Via Natural or Artificial Opening", "0FB58ZX": "Excision of Right Hepatic Duct, Via Natural or Artificial Opening Endoscopic, Diagnostic", "0FB58ZZ": "Excision of Right Hepatic Duct, Via Natural or Artificial Opening Endoscopic", "0FB60ZX": "Excision of Left Hepatic Duct, Open Approach, Diagnostic", "0FB60ZZ": "Excision of Left Hepatic Duct, Open Approach", "0FB63ZX": "Excision of Left Hepatic Duct, Percutaneous Approach, Diagnostic", "0FB63ZZ": "Excision of Left Hepatic Duct, Percutaneous Approach", "0FB64ZX": "Excision of Left Hepatic Duct, Percutaneous Endoscopic Approach, Diagnostic", "0FB64ZZ": "Excision of Left Hepatic Duct, Percutaneous Endoscopic Approach", "0FB67ZX": "Excision of Left Hepatic Duct, Via Natural or Artificial Opening, Diagnostic", "0FB67ZZ": "Excision of Left Hepatic Duct, Via Natural or Artificial Opening", "0FB68ZX": "Excision of Left Hepatic Duct, Via Natural or Artificial Opening Endoscopic, Diagnostic", "0FB68ZZ": "Excision of Left Hepatic Duct, Via Natural or Artificial Opening Endoscopic", "0FB70ZX": "Excision of Common Hepatic Duct, Open Approach, Diagnostic", "0FB70ZZ": "Excision of Common Hepatic Duct, Open Approach", "0FB73ZX": "Excision of Common Hepatic Duct, Percutaneous Approach, Diagnostic", "0FB73ZZ": "Excision of Common Hepatic Duct, Percutaneous Approach", "0FB74ZX": "Excision of Common Hepatic Duct, Percutaneous Endoscopic Approach, Diagnostic", "0FB74ZZ": "Excision of Common Hepatic Duct, Percutaneous Endoscopic Approach", "0FB77ZX": "Excision of Common Hepatic Duct, Via Natural or Artificial Opening, Diagnostic", "0FB77ZZ": "Excision of Common Hepatic Duct, Via Natural or Artificial Opening", "0FB78ZX": "Excision of Common Hepatic Duct, Via Natural or Artificial Opening Endoscopic, Diagnostic", "0FB78ZZ": "Excision of Common Hepatic Duct, Via Natural or Artificial Opening Endoscopic", "0FB80ZX": "Excision of Cystic Duct, Open Approach, Diagnostic", "0FB80ZZ": "Excision of Cystic Duct, Open Approach", "0FB83ZX": "Excision of Cystic Duct, Percutaneous Approach, Diagnostic", "0FB83ZZ": "Excision of Cystic Duct, Percutaneous Approach", "0FB84ZX": "Excision of Cystic Duct, Percutaneous Endoscopic Approach, Diagnostic", "0FB84ZZ": "Excision of Cystic Duct, Percutaneous Endoscopic Approach", "0FB87ZX": "Excision of Cystic Duct, Via Natural or Artificial Opening, Diagnostic", "0FB87ZZ": "Excision of Cystic Duct, Via Natural or Artificial Opening", "0FB88ZX": "Excision of Cystic Duct, Via Natural or Artificial Opening Endoscopic, Diagnostic", "0FB88ZZ": "Excision of Cystic Duct, Via Natural or Artificial Opening Endoscopic", "0FB90ZX": "Excision of Common Bile Duct, Open Approach, Diagnostic", "0FB90ZZ": "Excision of Common Bile Duct, Open Approach", "0FB93ZX": "Excision of Common Bile Duct, Percutaneous Approach, Diagnostic", "0FB93ZZ": "Excision of Common Bile Duct, Percutaneous Approach", "0FB94ZX": "Excision of Common Bile Duct, Percutaneous Endoscopic Approach, Diagnostic", "0FB94ZZ": "Excision of Common Bile Duct, Percutaneous Endoscopic Approach", "0FB97ZX": "Excision of Common Bile Duct, Via Natural or Artificial Opening, Diagnostic", "0FB97ZZ": "Excision of Common Bile Duct, Via Natural or Artificial Opening", "0FB98ZX": "Excision of Common Bile Duct, Via Natural or Artificial Opening Endoscopic, Diagnostic", "0FB98ZZ": "Excision of Common Bile Duct, Via Natural or Artificial Opening Endoscopic", "0FBC0ZX": "Excision of Ampulla of Vater, Open Approach, Diagnostic", "0FBC0ZZ": "Excision of Ampulla of Vater, Open Approach", "0FBC3ZX": "Excision of Ampulla of Vater, Percutaneous Approach, Diagnostic", "0FBC3ZZ": "Excision of Ampulla of Vater, Percutaneous Approach", "0FBC4ZX": "Excision of Ampulla of Vater, Percutaneous Endoscopic Approach, Diagnostic", "0FBC4ZZ": "Excision of Ampulla of Vater, Percutaneous Endoscopic Approach", "0FBC7ZX": "Excision of Ampulla of Vater, Via Natural or Artificial Opening, Diagnostic", "0FBC7ZZ": "Excision of Ampulla of Vater, Via Natural or Artificial Opening", "0FBC8ZX": "Excision of Ampulla of Vater, Via Natural or Artificial Opening Endoscopic, Diagnostic", "0FBC8ZZ": "Excision of Ampulla of Vater, Via Natural or Artificial Opening Endoscopic", "0FBD0ZX": "Excision of Pancreatic Duct, Open Approach, Diagnostic", "0FBD0ZZ": "Excision of Pancreatic Duct, Open Approach", "0FBD3ZX": "Excision of Pancreatic Duct, Percutaneous Approach, Diagnostic", "0FBD3ZZ": "Excision of Pancreatic Duct, Percutaneous Approach", "0FBD4ZX": "Excision of Pancreatic Duct, Percutaneous Endoscopic Approach, Diagnostic", "0FBD4ZZ": "Excision of Pancreatic Duct, Percutaneous Endoscopic Approach", "0FBD7ZX": "Excision of Pancreatic Duct, Via Natural or Artificial Opening, Diagnostic", "0FBD7ZZ": "Excision of Pancreatic Duct, Via Natural or Artificial Opening", "0FBD8ZX": "Excision of Pancreatic Duct, Via Natural or Artificial Opening Endoscopic, Diagnostic", "0FBD8ZZ": "Excision of Pancreatic Duct, Via Natural or Artificial Opening Endoscopic", "0FBF0ZX": "Excision of Accessory Pancreatic Duct, Open Approach, Diagnostic", "0FBF0ZZ": "Excision of Accessory Pancreatic Duct, Open Approach", "0FBF3ZX": "Excision of Accessory Pancreatic Duct, Percutaneous Approach, Diagnostic", "0FBF3ZZ": "Excision of Accessory Pancreatic Duct, Percutaneous Approach", "0FBF4ZX": "Excision of Accessory Pancreatic Duct, Percutaneous Endoscopic Approach, Diagnostic", "0FBF4ZZ": "Excision of Accessory Pancreatic Duct, Percutaneous Endoscopic Approach", "0FBF7ZX": "Excision of Accessory Pancreatic Duct, Via Natural or Artificial Opening, Diagnostic", "0FBF7ZZ": "Excision of Accessory Pancreatic Duct, Via Natural or Artificial Opening", "0FBF8ZX": "Excision of Accessory Pancreatic Duct, Via Natural or Artificial Opening Endoscopic, Diagnostic", "0FBF8ZZ": "Excision of Accessory Pancreatic Duct, Via Natural or Artificial Opening Endoscopic", "0FBG0ZX": "Excision of Pancreas, Open Approach, Diagnostic", "0FBG0ZZ": "Excision of Pancreas, Open Approach", "0FBG3ZX": "Excision of Pancreas, Percutaneous Approach, Diagnostic", "0FBG3ZZ": "Excision of Pancreas, Percutaneous Approach", "0FBG4ZX": "Excision of Pancreas, Percutaneous Endoscopic Approach, Diagnostic", "0FBG4ZZ": "Excision of Pancreas, Percutaneous Endoscopic Approach", "0FBG8ZX": "Excision of Pancreas, Via Natural or Artificial Opening Endoscopic, Diagnostic", "0FBG8ZZ": "Excision of Pancreas, Via Natural or Artificial Opening Endoscopic"}