{"0FH": "Hepatobiliary System and Pancreas, Insertion", "0FH001Z": "Insertion of Radioactive Element into Liver, Open Approach", "0FH002Z": "Insertion of Monitoring Device into Liver, Open Approach", "0FH003Z": "Insertion of Infusion Device into Liver, Open Approach", "0FH00YZ": "Insertion of Other Device into Liver, Open Approach", "0FH031Z": "Insertion of Radioactive Element into Liver, Percutaneous Approach", "0FH032Z": "Insertion of Monitoring Device into Liver, Percutaneous Approach", "0FH033Z": "Insertion of Infusion Device into Liver, Percutaneous Approach", "0FH03YZ": "Insertion of Other Device into Liver, Percutaneous Approach", "0FH041Z": "Insertion of Radioactive Element into Liver, Percutaneous Endoscopic Approach", "0FH042Z": "Insertion of Monitoring Device into Liver, Percutaneous Endoscopic Approach", "0FH043Z": "Insertion of Infusion Device into Liver, Percutaneous Endoscopic Approach", "0FH04YZ": "Insertion of Other Device into Liver, Percutaneous Endoscopic Approach", "0FH102Z": "Insertion of Monitoring Device into Right Lobe Liver, Open Approach", "0FH103Z": "Insertion of Infusion Device into Right Lobe Liver, Open Approach", "0FH132Z": "Insertion of Monitoring Device into Right Lobe Liver, Percutaneous Approach", "0FH133Z": "Insertion of Infusion Device into Right Lobe Liver, Percutaneous Approach", "0FH142Z": "Insertion of Monitoring Device into Right Lobe Liver, Percutaneous Endoscopic Approach", "0FH143Z": "Insertion of Infusion Device into Right Lobe Liver, Percutaneous Endoscopic Approach", "0FH202Z": "Insertion of Monitoring Device into Left Lobe Liver, Open Approach", "0FH203Z": "Insertion of Infusion Device into Left Lobe Liver, Open Approach", "0FH232Z": "Insertion of Monitoring Device into Left Lobe Liver, Percutaneous Approach", "0FH233Z": "Insertion of Infusion Device into Left Lobe Liver, Percutaneous Approach", "0FH242Z": "Insertion of Monitoring Device into Left Lobe Liver, Percutaneous Endoscopic Approach", "0FH243Z": "Insertion of Infusion Device into Left Lobe Liver, Percutaneous Endoscopic Approach", "0FH401Z": "Insertion of Radioactive Element into Gallbladder, Open Approach", "0FH402Z": "Insertion of Monitoring Device into Gallbladder, Open Approach", "0FH403Z": "Insertion of Infusion Device into Gallbladder, Open Approach", "0FH40YZ": "Insertion of Other Device into Gallbladder, Open Approach", "0FH431Z": "Insertion of Radioactive Element into Gallbladder, Percutaneous Approach", "0FH432Z": "Insertion of Monitoring Device into Gallbladder, Percutaneous Approach", "0FH433Z": "Insertion of Infusion Device into Gallbladder, Percutaneous Approach", "0FH43YZ": "Insertion of Other Device into Gallbladder, Percutaneous Approach", "0FH441Z": "Insertion of Radioactive Element into Gallbladder, Percutaneous Endoscopic Approach", "0FH442Z": "Insertion of Monitoring Device into Gallbladder, Percutaneous Endoscopic Approach", "0FH443Z": "Insertion of Infusion Device into Gallbladder, Percutaneous Endoscopic Approach", "0FH44YZ": "Insertion of Other Device into Gallbladder, Percutaneous Endoscopic Approach", "0FHB01Z": "Insertion of Radioactive Element into Hepatobiliary Duct, Open Approach", "0FHB02Z": "Insertion of Monitoring Device into Hepatobiliary Duct, Open Approach", "0FHB03Z": "Insertion of Infusion Device into Hepatobiliary Duct, Open Approach", "0FHB0DZ": "Insertion of Intraluminal Device into Hepatobiliary Duct, Open Approach", "0FHB0YZ": "Insertion of Other Device into Hepatobiliary Duct, Open Approach", "0FHB31Z": "Insertion of Radioactive Element into Hepatobiliary Duct, Percutaneous Approach", "0FHB32Z": "Insertion of Monitoring Device into Hepatobiliary Duct, Percutaneous Approach", "0FHB33Z": "Insertion of Infusion Device into Hepatobiliary Duct, Percutaneous Approach", "0FHB3DZ": "Insertion of Intraluminal Device into Hepatobiliary Duct, Percutaneous Approach", "0FHB3YZ": "Insertion of Other Device into Hepatobiliary Duct, Percutaneous Approach", "0FHB41Z": "Insertion of Radioactive Element into Hepatobiliary Duct, Percutaneous Endoscopic Approach", "0FHB42Z": "Insertion of Monitoring Device into Hepatobiliary Duct, Percutaneous Endoscopic Approach", "0FHB43Z": "Insertion of Infusion Device into Hepatobiliary Duct, Percutaneous Endoscopic Approach", "0FHB4DZ": "Insertion of Intraluminal Device into Hepatobiliary Duct, Percutaneous Endoscopic Approach", "0FHB4YZ": "Insertion of Other Device into Hepatobiliary Duct, Percutaneous Endoscopic Approach", "0FHB71Z": "Insertion of Radioactive Element into Hepatobiliary Duct, Via Natural or Artificial Opening", "0FHB72Z": "Insertion of Monitoring Device into Hepatobiliary Duct, Via Natural or Artificial Opening", "0FHB73Z": "Insertion of Infusion Device into Hepatobiliary Duct, Via Natural or Artificial Opening", "0FHB7DZ": "Insertion of Intraluminal Device into Hepatobiliary Duct, Via Natural or Artificial Opening", "0FHB7YZ": "Insertion of Other Device into Hepatobiliary Duct, Via Natural or Artificial Opening", "0FHB81Z": "Insertion of Radioactive Element into Hepatobiliary Duct, Via Natural or Artificial Opening Endoscopic", "0FHB82Z": "Insertion of Monitoring Device into Hepatobiliary Duct, Via Natural or Artificial Opening Endoscopic", "0FHB83Z": "Insertion of Infusion Device into Hepatobiliary Duct, Via Natural or Artificial Opening Endoscopic", "0FHB8DZ": "Insertion of Intraluminal Device into Hepatobiliary Duct, Via Natural or Artificial Opening Endoscopic", "0FHB8YZ": "Insertion of Other Device into Hepatobiliary Duct, Via Natural or Artificial Opening Endoscopic", "0FHD01Z": "Insertion of Radioactive Element into Pancreatic Duct, Open Approach", "0FHD02Z": "Insertion of Monitoring Device into Pancreatic Duct, Open Approach", "0FHD03Z": "Insertion of Infusion Device into Pancreatic Duct, Open Approach", "0FHD0DZ": "Insertion of Intraluminal Device into Pancreatic Duct, Open Approach", "0FHD0YZ": "Insertion of Other Device into Pancreatic Duct, Open Approach", "0FHD31Z": "Insertion of Radioactive Element into Pancreatic Duct, Percutaneous Approach", "0FHD32Z": "Insertion of Monitoring Device into Pancreatic Duct, Percutaneous Approach", "0FHD33Z": "Insertion of Infusion Device into Pancreatic Duct, Percutaneous Approach", "0FHD3DZ": "Insertion of Intraluminal Device into Pancreatic Duct, Percutaneous Approach", "0FHD3YZ": "Insertion of Other Device into Pancreatic Duct, Percutaneous Approach", "0FHD41Z": "Insertion of Radioactive Element into Pancreatic Duct, Percutaneous Endoscopic Approach", "0FHD42Z": "Insertion of Monitoring Device into Pancreatic Duct, Percutaneous Endoscopic Approach", "0FHD43Z": "Insertion of Infusion Device into Pancreatic Duct, Percutaneous Endoscopic Approach", "0FHD4DZ": "Insertion of Intraluminal Device into Pancreatic Duct, Percutaneous Endoscopic Approach", "0FHD4YZ": "Insertion of Other Device into Pancreatic Duct, Percutaneous Endoscopic Approach", "0FHD71Z": "Insertion of Radioactive Element into Pancreatic Duct, Via Natural or Artificial Opening", "0FHD72Z": "Insertion of Monitoring Device into Pancreatic Duct, Via Natural or Artificial Opening", "0FHD73Z": "Insertion of Infusion Device into Pancreatic Duct, Via Natural or Artificial Opening", "0FHD7DZ": "Insertion of Intraluminal Device into Pancreatic Duct, Via Natural or Artificial Opening", "0FHD7YZ": "Insertion of Other Device into Pancreatic Duct, Via Natural or Artificial Opening", "0FHD81Z": "Insertion of Radioactive Element into Pancreatic Duct, Via Natural or Artificial Opening Endoscopic", "0FHD82Z": "Insertion of Monitoring Device into Pancreatic Duct, Via Natural or Artificial Opening Endoscopic", "0FHD83Z": "Insertion of Infusion Device into Pancreatic Duct, Via Natural or Artificial Opening Endoscopic", "0FHD8DZ": "Insertion of Intraluminal Device into Pancreatic Duct, Via Natural or Artificial Opening Endoscopic", "0FHD8YZ": "Insertion of Other Device into Pancreatic Duct, Via Natural or Artificial Opening Endoscopic", "0FHG01Z": "Insertion of Radioactive Element into Pancreas, Open Approach", "0FHG02Z": "Insertion of Monitoring Device into Pancreas, Open Approach", "0FHG03Z": "Insertion of Infusion Device into Pancreas, Open Approach", "0FHG0YZ": "Insertion of Other Device into Pancreas, Open Approach", "0FHG31Z": "Insertion of Radioactive Element into Pancreas, Percutaneous Approach", "0FHG32Z": "Insertion of Monitoring Device into Pancreas, Percutaneous Approach", "0FHG33Z": "Insertion of Infusion Device into Pancreas, Percutaneous Approach", "0FHG3YZ": "Insertion of Other Device into Pancreas, Percutaneous Approach", "0FHG41Z": "Insertion of Radioactive Element into Pancreas, Percutaneous Endoscopic Approach", "0FHG42Z": "Insertion of Monitoring Device into Pancreas, Percutaneous Endoscopic Approach", "0FHG43Z": "Insertion of Infusion Device into Pancreas, Percutaneous Endoscopic Approach", "0FHG4YZ": "Insertion of Other Device into Pancreas, Percutaneous Endoscopic Approach"}