{"0FL": "Hepatobiliary System and Pancreas, Occlusion", "0FL50CZ": "Occlusion of Right Hepatic Duct with Extraluminal Device, Open Approach", "0FL50DZ": "Occlusion of Right Hepatic Duct with Intraluminal Device, Open Approach", "0FL50ZZ": "Occlusion of Right Hepatic Duct, Open Approach", "0FL53CZ": "Occlusion of Right Hepatic Duct with Extraluminal Device, Percutaneous Approach", "0FL53DZ": "Occlusion of Right Hepatic Duct with Intraluminal Device, Percutaneous Approach", "0FL53ZZ": "Occlusion of Right Hepatic Duct, Percutaneous Approach", "0FL54CZ": "Occlusion of Right Hepatic Duct with Extraluminal Device, Percutaneous Endoscopic Approach", "0FL54DZ": "Occlusion of Right Hepatic Duct with Intraluminal Device, Percutaneous Endoscopic Approach", "0FL54ZZ": "Occlusion of Right Hepatic Duct, Percutaneous Endoscopic Approach", "0FL57DZ": "Occlusion of Right Hepatic Duct with Intraluminal Device, Via Natural or Artificial Opening", "0FL57ZZ": "Occlusion of Right Hepatic Duct, Via Natural or Artificial Opening", "0FL58DZ": "Occlusion of Right Hepatic Duct with Intraluminal Device, Via Natural or Artificial Opening Endoscopic", "0FL58ZZ": "Occlusion of Right Hepatic Duct, Via Natural or Artificial Opening Endoscopic", "0FL60CZ": "Occlusion of Left Hepatic Duct with Extraluminal Device, Open Approach", "0FL60DZ": "Occlusion of Left Hepatic Duct with Intraluminal Device, Open Approach", "0FL60ZZ": "Occlusion of Left Hepatic Duct, Open Approach", "0FL63CZ": "Occlusion of Left Hepatic Duct with Extraluminal Device, Percutaneous Approach", "0FL63DZ": "Occlusion of Left Hepatic Duct with Intraluminal Device, Percutaneous Approach", "0FL63ZZ": "Occlusion of Left Hepatic Duct, Percutaneous Approach", "0FL64CZ": "Occlusion of Left Hepatic Duct with Extraluminal Device, Percutaneous Endoscopic Approach", "0FL64DZ": "Occlusion of Left Hepatic Duct with Intraluminal Device, Percutaneous Endoscopic Approach", "0FL64ZZ": "Occlusion of Left Hepatic Duct, Percutaneous Endoscopic Approach", "0FL67DZ": "Occlusion of Left Hepatic Duct with Intraluminal Device, Via Natural or Artificial Opening", "0FL67ZZ": "Occlusion of Left Hepatic Duct, Via Natural or Artificial Opening", "0FL68DZ": "Occlusion of Left Hepatic Duct with Intraluminal Device, Via Natural or Artificial Opening Endoscopic", "0FL68ZZ": "Occlusion of Left Hepatic Duct, Via Natural or Artificial Opening Endoscopic", "0FL70CZ": "Occlusion of Common Hepatic Duct with Extraluminal Device, Open Approach", "0FL70DZ": "Occlusion of Common Hepatic Duct with Intraluminal Device, Open Approach", "0FL70ZZ": "Occlusion of Common Hepatic Duct, Open Approach", "0FL73CZ": "Occlusion of Common Hepatic Duct with Extraluminal Device, Percutaneous Approach", "0FL73DZ": "Occlusion of Common Hepatic Duct with Intraluminal Device, Percutaneous Approach", "0FL73ZZ": "Occlusion of Common Hepatic Duct, Percutaneous Approach", "0FL74CZ": "Occlusion of Common Hepatic Duct with Extraluminal Device, Percutaneous Endoscopic Approach", "0FL74DZ": "Occlusion of Common Hepatic Duct with Intraluminal Device, Percutaneous Endoscopic Approach", "0FL74ZZ": "Occlusion of Common Hepatic Duct, Percutaneous Endoscopic Approach", "0FL77DZ": "Occlusion of Common Hepatic Duct with Intraluminal Device, Via Natural or Artificial Opening", "0FL77ZZ": "Occlusion of Common Hepatic Duct, Via Natural or Artificial Opening", "0FL78DZ": "Occlusion of Common Hepatic Duct with Intraluminal Device, Via Natural or Artificial Opening Endoscopic", "0FL78ZZ": "Occlusion of Common Hepatic Duct, Via Natural or Artificial Opening Endoscopic", "0FL80CZ": "Occlusion of Cystic Duct with Extraluminal Device, Open Approach", "0FL80DZ": "Occlusion of Cystic Duct with Intraluminal Device, Open Approach", "0FL80ZZ": "Occlusion of Cystic Duct, Open Approach", "0FL83CZ": "Occlusion of Cystic Duct with Extraluminal Device, Percutaneous Approach", "0FL83DZ": "Occlusion of Cystic Duct with Intraluminal Device, Percutaneous Approach", "0FL83ZZ": "Occlusion of Cystic Duct, Percutaneous Approach", "0FL84CZ": "Occlusion of Cystic Duct with Extraluminal Device, Percutaneous Endoscopic Approach", "0FL84DZ": "Occlusion of Cystic Duct with Intraluminal Device, Percutaneous Endoscopic Approach", "0FL84ZZ": "Occlusion of Cystic Duct, Percutaneous Endoscopic Approach", "0FL87DZ": "Occlusion of Cystic Duct with Intraluminal Device, Via Natural or Artificial Opening", "0FL87ZZ": "Occlusion of Cystic Duct, Via Natural or Artificial Opening", "0FL88DZ": "Occlusion of Cystic Duct with Intraluminal Device, Via Natural or Artificial Opening Endoscopic", "0FL88ZZ": "Occlusion of Cystic Duct, Via Natural or Artificial Opening Endoscopic", "0FL90CZ": "Occlusion of Common Bile Duct with Extraluminal Device, Open Approach", "0FL90DZ": "Occlusion of Common Bile Duct with Intraluminal Device, Open Approach", "0FL90ZZ": "Occlusion of Common Bile Duct, Open Approach", "0FL93CZ": "Occlusion of Common Bile Duct with Extraluminal Device, Percutaneous Approach", "0FL93DZ": "Occlusion of Common Bile Duct with Intraluminal Device, Percutaneous Approach", "0FL93ZZ": "Occlusion of Common Bile Duct, Percutaneous Approach", "0FL94CZ": "Occlusion of Common Bile Duct with Extraluminal Device, Percutaneous Endoscopic Approach", "0FL94DZ": "Occlusion of Common Bile Duct with Intraluminal Device, Percutaneous Endoscopic Approach", "0FL94ZZ": "Occlusion of Common Bile Duct, Percutaneous Endoscopic Approach", "0FL97DZ": "Occlusion of Common Bile Duct with Intraluminal Device, Via Natural or Artificial Opening", "0FL97ZZ": "Occlusion of Common Bile Duct, Via Natural or Artificial Opening", "0FL98DZ": "Occlusion of Common Bile Duct with Intraluminal Device, Via Natural or Artificial Opening Endoscopic", "0FL98ZZ": "Occlusion of Common Bile Duct, Via Natural or Artificial Opening Endoscopic", "0FLC0CZ": "Occlusion of Ampulla of Vater with Extraluminal Device, Open Approach", "0FLC0DZ": "Occlusion of Ampulla of Vater with Intraluminal Device, Open Approach", "0FLC0ZZ": "Occlusion of Ampulla of Vater, Open Approach", "0FLC3CZ": "Occlusion of Ampulla of Vater with Extraluminal Device, Percutaneous Approach", "0FLC3DZ": "Occlusion of Ampulla of Vater with Intraluminal Device, Percutaneous Approach", "0FLC3ZZ": "Occlusion of Ampulla of Vater, Percutaneous Approach", "0FLC4CZ": "Occlusion of Ampulla of Vater with Extraluminal Device, Percutaneous Endoscopic Approach", "0FLC4DZ": "Occlusion of Ampulla of Vater with Intraluminal Device, Percutaneous Endoscopic Approach", "0FLC4ZZ": "Occlusion of Ampulla of Vater, Percutaneous Endoscopic Approach", "0FLC7DZ": "Occlusion of Ampulla of Vater with Intraluminal Device, Via Natural or Artificial Opening", "0FLC7ZZ": "Occlusion of Ampulla of Vater, Via Natural or Artificial Opening", "0FLC8DZ": "Occlusion of Ampulla of Vater with Intraluminal Device, Via Natural or Artificial Opening Endoscopic", "0FLC8ZZ": "Occlusion of Ampulla of Vater, Via Natural or Artificial Opening Endoscopic", "0FLD0CZ": "Occlusion of Pancreatic Duct with Extraluminal Device, Open Approach", "0FLD0DZ": "Occlusion of Pancreatic Duct with Intraluminal Device, Open Approach", "0FLD0ZZ": "Occlusion of Pancreatic Duct, Open Approach", "0FLD3CZ": "Occlusion of Pancreatic Duct with Extraluminal Device, Percutaneous Approach", "0FLD3DZ": "Occlusion of Pancreatic Duct with Intraluminal Device, Percutaneous Approach", "0FLD3ZZ": "Occlusion of Pancreatic Duct, Percutaneous Approach", "0FLD4CZ": "Occlusion of Pancreatic Duct with Extraluminal Device, Percutaneous Endoscopic Approach", "0FLD4DZ": "Occlusion of Pancreatic Duct with Intraluminal Device, Percutaneous Endoscopic Approach", "0FLD4ZZ": "Occlusion of Pancreatic Duct, Percutaneous Endoscopic Approach", "0FLD7DZ": "Occlusion of Pancreatic Duct with Intraluminal Device, Via Natural or Artificial Opening", "0FLD7ZZ": "Occlusion of Pancreatic Duct, Via Natural or Artificial Opening", "0FLD8DZ": "Occlusion of Pancreatic Duct with Intraluminal Device, Via Natural or Artificial Opening Endoscopic", "0FLD8ZZ": "Occlusion of Pancreatic Duct, Via Natural or Artificial Opening Endoscopic", "0FLF0CZ": "Occlusion of Accessory Pancreatic Duct with Extraluminal Device, Open Approach", "0FLF0DZ": "Occlusion of Accessory Pancreatic Duct with Intraluminal Device, Open Approach", "0FLF0ZZ": "Occlusion of Accessory Pancreatic Duct, Open Approach", "0FLF3CZ": "Occlusion of Accessory Pancreatic Duct with Extraluminal Device, Percutaneous Approach", "0FLF3DZ": "Occlusion of Accessory Pancreatic Duct with Intraluminal Device, Percutaneous Approach", "0FLF3ZZ": "Occlusion of Accessory Pancreatic Duct, Percutaneous Approach", "0FLF4CZ": "Occlusion of Accessory Pancreatic Duct with Extraluminal Device, Percutaneous Endoscopic Approach", "0FLF4DZ": "Occlusion of Accessory Pancreatic Duct with Intraluminal Device, Percutaneous Endoscopic Approach", "0FLF4ZZ": "Occlusion of Accessory Pancreatic Duct, Percutaneous Endoscopic Approach", "0FLF7DZ": "Occlusion of Accessory Pancreatic Duct with Intraluminal Device, Via Natural or Artificial Opening", "0FLF7ZZ": "Occlusion of Accessory Pancreatic Duct, Via Natural or Artificial Opening", "0FLF8DZ": "Occlusion of Accessory Pancreatic Duct with Intraluminal Device, Via Natural or Artificial Opening Endoscopic", "0FLF8ZZ": "Occlusion of Accessory Pancreatic Duct, Via Natural or Artificial Opening Endoscopic"}