{"0FM": "Hepatobiliary System and Pancreas, Reattachment", "0FM00ZZ": "Reattachment of Liver, Open Approach", "0FM04ZZ": "Reattachment of Liver, Percutaneous Endoscopic Approach", "0FM10ZZ": "Reattachment of Right Lobe Liver, Open Approach", "0FM14ZZ": "Reattachment of Right Lobe Liver, Percutaneous Endoscopic Approach", "0FM20ZZ": "Reattachment of Left Lobe Liver, Open Approach", "0FM24ZZ": "Reattachment of Left Lobe Liver, Percutaneous Endoscopic Approach", "0FM40ZZ": "Reattachment of Gallbladder, Open Approach", "0FM44ZZ": "Reattachment of Gallbladder, Percutaneous Endoscopic Approach", "0FM50ZZ": "Reattachment of Right Hepatic Duct, Open Approach", "0FM54ZZ": "Reattachment of Right Hepatic Duct, Percutaneous Endoscopic Approach", "0FM60ZZ": "Reattachment of Left Hepatic Duct, Open Approach", "0FM64ZZ": "Reattachment of Left Hepatic Duct, Percutaneous Endoscopic Approach", "0FM70ZZ": "Reattachment of Common Hepatic Duct, Open Approach", "0FM74ZZ": "Reattachment of Common Hepatic Duct, Percutaneous Endoscopic Approach", "0FM80ZZ": "Reattachment of Cystic Duct, Open Approach", "0FM84ZZ": "Reattachment of Cystic Duct, Percutaneous Endoscopic Approach", "0FM90ZZ": "Reattachment of Common Bile Duct, Open Approach", "0FM94ZZ": "Reattachment of Common Bile Duct, Percutaneous Endoscopic Approach", "0FMC0ZZ": "Reattachment of Ampulla of Vater, Open Approach", "0FMC4ZZ": "Reattachment of Ampulla of Vater, Percutaneous Endoscopic Approach", "0FMD0ZZ": "Reattachment of Pancreatic Duct, Open Approach", "0FMD4ZZ": "Reattachment of Pancreatic Duct, Percutaneous Endoscopic Approach", "0FMF0ZZ": "Reattachment of Accessory Pancreatic Duct, Open Approach", "0FMF4ZZ": "Reattachment of Accessory Pancreatic Duct, Percutaneous Endoscopic Approach", "0FMG0ZZ": "Reattachment of Pancreas, Open Approach", "0FMG4ZZ": "Reattachment of Pancreas, Percutaneous Endoscopic Approach"}