{"0FQ": "Hepatobiliary System and Pancreas, Repair", "0FQ00ZZ": "Repair Liver, Open Approach", "0FQ03ZZ": "Repair Liver, Percutaneous Approach", "0FQ04ZZ": "Repair Liver, Percutaneous Endoscopic Approach", "0FQ10ZZ": "Repair Right Lobe Liver, Open Approach", "0FQ13ZZ": "Repair Right Lobe Liver, Percutaneous Approach", "0FQ14ZZ": "Repair Right Lobe Liver, Percutaneous Endoscopic Approach", "0FQ20ZZ": "Repair Left Lobe Liver, Open Approach", "0FQ23ZZ": "Repair Left Lobe Liver, Percutaneous Approach", "0FQ24ZZ": "Repair Left Lobe Liver, Percutaneous Endoscopic Approach", "0FQ40ZZ": "Repair Gallbladder, Open Approach", "0FQ43ZZ": "Repair Gallbladder, Percutaneous Approach", "0FQ44ZZ": "Repair Gallbladder, Percutaneous Endoscopic Approach", "0FQ48ZZ": "Repair Gallbladder, Via Natural or Artificial Opening Endoscopic", "0FQ50ZZ": "Repair Right Hepatic Duct, Open Approach", "0FQ53ZZ": "Repair Right Hepatic Duct, Percutaneous Approach", "0FQ54ZZ": "Repair Right Hepatic Duct, Percutaneous Endoscopic Approach", "0FQ57ZZ": "Repair Right Hepatic Duct, Via Natural or Artificial Opening", "0FQ58ZZ": "Repair Right Hepatic Duct, Via Natural or Artificial Opening Endoscopic", "0FQ60ZZ": "Repair Left Hepatic Duct, Open Approach", "0FQ63ZZ": "Repair Left Hepatic Duct, Percutaneous Approach", "0FQ64ZZ": "Repair Left Hepatic Duct, Percutaneous Endoscopic Approach", "0FQ67ZZ": "Repair Left Hepatic Duct, Via Natural or Artificial Opening", "0FQ68ZZ": "Repair Left Hepatic Duct, Via Natural or Artificial Opening Endoscopic", "0FQ70ZZ": "Repair Common Hepatic Duct, Open Approach", "0FQ73ZZ": "Repair Common Hepatic Duct, Percutaneous Approach", "0FQ74ZZ": "Repair Common Hepatic Duct, Percutaneous Endoscopic Approach", "0FQ77ZZ": "Repair Common Hepatic Duct, Via Natural or Artificial Opening", "0FQ78ZZ": "Repair Common Hepatic Duct, Via Natural or Artificial Opening Endoscopic", "0FQ80ZZ": "Repair Cystic Duct, Open Approach", "0FQ83ZZ": "Repair Cystic Duct, Percutaneous Approach", "0FQ84ZZ": "Repair Cystic Duct, Percutaneous Endoscopic Approach", "0FQ87ZZ": "Repair Cystic Duct, Via Natural or Artificial Opening", "0FQ88ZZ": "Repair Cystic Duct, Via Natural or Artificial Opening Endoscopic", "0FQ90ZZ": "Repair Common Bile Duct, Open Approach", "0FQ93ZZ": "Repair Common Bile Duct, Percutaneous Approach", "0FQ94ZZ": "Repair Common Bile Duct, Percutaneous Endoscopic Approach", "0FQ97ZZ": "Repair Common Bile Duct, Via Natural or Artificial Opening", "0FQ98ZZ": "Repair Common Bile Duct, Via Natural or Artificial Opening Endoscopic", "0FQC0ZZ": "Repair Ampulla of Vater, Open Approach", "0FQC3ZZ": "Repair Ampulla of Vater, Percutaneous Approach", "0FQC4ZZ": "Repair Ampulla of Vater, Percutaneous Endoscopic Approach", "0FQC7ZZ": "Repair Ampulla of Vater, Via Natural or Artificial Opening", "0FQC8ZZ": "Repair Ampulla of Vater, Via Natural or Artificial Opening Endoscopic", "0FQD0ZZ": "Repair Pancreatic Duct, Open Approach", "0FQD3ZZ": "Repair Pancreatic Duct, Percutaneous Approach", "0FQD4ZZ": "Repair Pancreatic Duct, Percutaneous Endoscopic Approach", "0FQD7ZZ": "Repair Pancreatic Duct, Via Natural or Artificial Opening", "0FQD8ZZ": "Repair Pancreatic Duct, Via Natural or Artificial Opening Endoscopic", "0FQF0ZZ": "Repair Accessory Pancreatic Duct, Open Approach", "0FQF3ZZ": "Repair Accessory Pancreatic Duct, Percutaneous Approach", "0FQF4ZZ": "Repair Accessory Pancreatic Duct, Percutaneous Endoscopic Approach", "0FQF7ZZ": "Repair Accessory Pancreatic Duct, Via Natural or Artificial Opening", "0FQF8ZZ": "Repair Accessory Pancreatic Duct, Via Natural or Artificial Opening Endoscopic", "0FQG0ZZ": "Repair Pancreas, Open Approach", "0FQG3ZZ": "Repair Pancreas, Percutaneous Approach", "0FQG4ZZ": "Repair Pancreas, Percutaneous Endoscopic Approach", "0FQG8ZZ": "Repair Pancreas, Via Natural or Artificial Opening Endoscopic"}