{"0FR": "Hepatobiliary System and Pancreas, Replacement", "0FR507Z": "Replacement of Right Hepatic Duct with Autologous Tissue Substitute, Open Approach", "0FR50JZ": "Replacement of Right Hepatic Duct with Synthetic Substitute, Open Approach", "0FR50KZ": "Replacement of Right Hepatic Duct with Nonautologous Tissue Substitute, Open Approach", "0FR547Z": "Replacement of Right Hepatic Duct with Autologous Tissue Substitute, Percutaneous Endoscopic Approach", "0FR54JZ": "Replacement of Right Hepatic Duct with Synthetic Substitute, Percutaneous Endoscopic Approach", "0FR54KZ": "Replacement of Right Hepatic Duct with Nonautologous Tissue Substitute, Percutaneous Endoscopic Approach", "0FR587Z": "Replacement of Right Hepatic Duct with Autologous Tissue Substitute, Via Natural or Artificial Opening Endoscopic", "0FR58JZ": "Replacement of Right Hepatic Duct with Synthetic Substitute, Via Natural or Artificial Opening Endoscopic", "0FR58KZ": "Replacement of Right Hepatic Duct with Nonautologous Tissue Substitute, Via Natural or Artificial Opening Endoscopic", "0FR607Z": "Replacement of Left Hepatic Duct with Autologous Tissue Substitute, Open Approach", "0FR60JZ": "Replacement of Left Hepatic Duct with Synthetic Substitute, Open Approach", "0FR60KZ": "Replacement of Left Hepatic Duct with Nonautologous Tissue Substitute, Open Approach", "0FR647Z": "Replacement of Left Hepatic Duct with Autologous Tissue Substitute, Percutaneous Endoscopic Approach", "0FR64JZ": "Replacement of Left Hepatic Duct with Synthetic Substitute, Percutaneous Endoscopic Approach", "0FR64KZ": "Replacement of Left Hepatic Duct with Nonautologous Tissue Substitute, Percutaneous Endoscopic Approach", "0FR687Z": "Replacement of Left Hepatic Duct with Autologous Tissue Substitute, Via Natural or Artificial Opening Endoscopic", "0FR68JZ": "Replacement of Left Hepatic Duct with Synthetic Substitute, Via Natural or Artificial Opening Endoscopic", "0FR68KZ": "Replacement of Left Hepatic Duct with Nonautologous Tissue Substitute, Via Natural or Artificial Opening Endoscopic", "0FR707Z": "Replacement of Common Hepatic Duct with Autologous Tissue Substitute, Open Approach", "0FR70JZ": "Replacement of Common Hepatic Duct with Synthetic Substitute, Open Approach", "0FR70KZ": "Replacement of Common Hepatic Duct with Nonautologous Tissue Substitute, Open Approach", "0FR747Z": "Replacement of Common Hepatic Duct with Autologous Tissue Substitute, Percutaneous Endoscopic Approach", "0FR74JZ": "Replacement of Common Hepatic Duct with Synthetic Substitute, Percutaneous Endoscopic Approach", "0FR74KZ": "Replacement of Common Hepatic Duct with Nonautologous Tissue Substitute, Percutaneous Endoscopic Approach", "0FR787Z": "Replacement of Common Hepatic Duct with Autologous Tissue Substitute, Via Natural or Artificial Opening Endoscopic", "0FR78JZ": "Replacement of Common Hepatic Duct with Synthetic Substitute, Via Natural or Artificial Opening Endoscopic", "0FR78KZ": "Replacement of Common Hepatic Duct with Nonautologous Tissue Substitute, Via Natural or Artificial Opening Endoscopic", "0FR807Z": "Replacement of Cystic Duct with Autologous Tissue Substitute, Open Approach", "0FR80JZ": "Replacement of Cystic Duct with Synthetic Substitute, Open Approach", "0FR80KZ": "Replacement of Cystic Duct with Nonautologous Tissue Substitute, Open Approach", "0FR847Z": "Replacement of Cystic Duct with Autologous Tissue Substitute, Percutaneous Endoscopic Approach", "0FR84JZ": "Replacement of Cystic Duct with Synthetic Substitute, Percutaneous Endoscopic Approach", "0FR84KZ": "Replacement of Cystic Duct with Nonautologous Tissue Substitute, Percutaneous Endoscopic Approach", "0FR887Z": "Replacement of Cystic Duct with Autologous Tissue Substitute, Via Natural or Artificial Opening Endoscopic", "0FR88JZ": "Replacement of Cystic Duct with Synthetic Substitute, Via Natural or Artificial Opening Endoscopic", "0FR88KZ": "Replacement of Cystic Duct with Nonautologous Tissue Substitute, Via Natural or Artificial Opening Endoscopic", "0FR907Z": "Replacement of Common Bile Duct with Autologous Tissue Substitute, Open Approach", "0FR90JZ": "Replacement of Common Bile Duct with Synthetic Substitute, Open Approach", "0FR90KZ": "Replacement of Common Bile Duct with Nonautologous Tissue Substitute, Open Approach", "0FR947Z": "Replacement of Common Bile Duct with Autologous Tissue Substitute, Percutaneous Endoscopic Approach", "0FR94JZ": "Replacement of Common Bile Duct with Synthetic Substitute, Percutaneous Endoscopic Approach", "0FR94KZ": "Replacement of Common Bile Duct with Nonautologous Tissue Substitute, Percutaneous Endoscopic Approach", "0FR987Z": "Replacement of Common Bile Duct with Autologous Tissue Substitute, Via Natural or Artificial Opening Endoscopic", "0FR98JZ": "Replacement of Common Bile Duct with Synthetic Substitute, Via Natural or Artificial Opening Endoscopic", "0FR98KZ": "Replacement of Common Bile Duct with Nonautologous Tissue Substitute, Via Natural or Artificial Opening Endoscopic", "0FRC07Z": "Replacement of Ampulla of Vater with Autologous Tissue Substitute, Open Approach", "0FRC0JZ": "Replacement of Ampulla of Vater with Synthetic Substitute, Open Approach", "0FRC0KZ": "Replacement of Ampulla of Vater with Nonautologous Tissue Substitute, Open Approach", "0FRC47Z": "Replacement of Ampulla of Vater with Autologous Tissue Substitute, Percutaneous Endoscopic Approach", "0FRC4JZ": "Replacement of Ampulla of Vater with Synthetic Substitute, Percutaneous Endoscopic Approach", "0FRC4KZ": "Replacement of Ampulla of Vater with Nonautologous Tissue Substitute, Percutaneous Endoscopic Approach", "0FRC87Z": "Replacement of Ampulla of Vater with Autologous Tissue Substitute, Via Natural or Artificial Opening Endoscopic", "0FRC8JZ": "Replacement of Ampulla of Vater with Synthetic Substitute, Via Natural or Artificial Opening Endoscopic", "0FRC8KZ": "Replacement of Ampulla of Vater with Nonautologous Tissue Substitute, Via Natural or Artificial Opening Endoscopic", "0FRD07Z": "Replacement of Pancreatic Duct with Autologous Tissue Substitute, Open Approach", "0FRD0JZ": "Replacement of Pancreatic Duct with Synthetic Substitute, Open Approach", "0FRD0KZ": "Replacement of Pancreatic Duct with Nonautologous Tissue Substitute, Open Approach", "0FRD47Z": "Replacement of Pancreatic Duct with Autologous Tissue Substitute, Percutaneous Endoscopic Approach", "0FRD4JZ": "Replacement of Pancreatic Duct with Synthetic Substitute, Percutaneous Endoscopic Approach", "0FRD4KZ": "Replacement of Pancreatic Duct with Nonautologous Tissue Substitute, Percutaneous Endoscopic Approach", "0FRD87Z": "Replacement of Pancreatic Duct with Autologous Tissue Substitute, Via Natural or Artificial Opening Endoscopic", "0FRD8JZ": "Replacement of Pancreatic Duct with Synthetic Substitute, Via Natural or Artificial Opening Endoscopic", "0FRD8KZ": "Replacement of Pancreatic Duct with Nonautologous Tissue Substitute, Via Natural or Artificial Opening Endoscopic", "0FRF07Z": "Replacement of Accessory Pancreatic Duct with Autologous Tissue Substitute, Open Approach", "0FRF0JZ": "Replacement of Accessory Pancreatic Duct with Synthetic Substitute, Open Approach", "0FRF0KZ": "Replacement of Accessory Pancreatic Duct with Nonautologous Tissue Substitute, Open Approach", "0FRF47Z": "Replacement of Accessory Pancreatic Duct with Autologous Tissue Substitute, Percutaneous Endoscopic Approach", "0FRF4JZ": "Replacement of Accessory Pancreatic Duct with Synthetic Substitute, Percutaneous Endoscopic Approach", "0FRF4KZ": "Replacement of Accessory Pancreatic Duct with Nonautologous Tissue Substitute, Percutaneous Endoscopic Approach", "0FRF87Z": "Replacement of Accessory Pancreatic Duct with Autologous Tissue Substitute, Via Natural or Artificial Opening Endoscopic", "0FRF8JZ": "Replacement of Accessory Pancreatic Duct with Synthetic Substitute, Via Natural or Artificial Opening Endoscopic", "0FRF8KZ": "Replacement of Accessory Pancreatic Duct with Nonautologous Tissue Substitute, Via Natural or Artificial Opening Endoscopic"}