{"0FU": "Hepatobiliary System and Pancreas, Supplement", "0FU507Z": "Supplement Right Hepatic Duct with Autologous Tissue Substitute, Open Approach", "0FU50JZ": "Supplement Right Hepatic Duct with Synthetic Substitute, Open Approach", "0FU50KZ": "Supplement Right Hepatic Duct with Nonautologous Tissue Substitute, Open Approach", "0FU537Z": "Supplement Right Hepatic Duct with Autologous Tissue Substitute, Percutaneous Approach", "0FU53JZ": "Supplement Right Hepatic Duct with Synthetic Substitute, Percutaneous Approach", "0FU53KZ": "Supplement Right Hepatic Duct with Nonautologous Tissue Substitute, Percutaneous Approach", "0FU547Z": "Supplement Right Hepatic Duct with Autologous Tissue Substitute, Percutaneous Endoscopic Approach", "0FU54JZ": "Supplement Right Hepatic Duct with Synthetic Substitute, Percutaneous Endoscopic Approach", "0FU54KZ": "Supplement Right Hepatic Duct with Nonautologous Tissue Substitute, Percutaneous Endoscopic Approach", "0FU587Z": "Supplement Right Hepatic Duct with Autologous Tissue Substitute, Via Natural or Artificial Opening Endoscopic", "0FU58JZ": "Supplement Right Hepatic Duct with Synthetic Substitute, Via Natural or Artificial Opening Endoscopic", "0FU58KZ": "Supplement Right Hepatic Duct with Nonautologous Tissue Substitute, Via Natural or Artificial Opening Endoscopic", "0FU607Z": "Supplement Left Hepatic Duct with Autologous Tissue Substitute, Open Approach", "0FU60JZ": "Supplement Left Hepatic Duct with Synthetic Substitute, Open Approach", "0FU60KZ": "Supplement Left Hepatic Duct with Nonautologous Tissue Substitute, Open Approach", "0FU637Z": "Supplement Left Hepatic Duct with Autologous Tissue Substitute, Percutaneous Approach", "0FU63JZ": "Supplement Left Hepatic Duct with Synthetic Substitute, Percutaneous Approach", "0FU63KZ": "Supplement Left Hepatic Duct with Nonautologous Tissue Substitute, Percutaneous Approach", "0FU647Z": "Supplement Left Hepatic Duct with Autologous Tissue Substitute, Percutaneous Endoscopic Approach", "0FU64JZ": "Supplement Left Hepatic Duct with Synthetic Substitute, Percutaneous Endoscopic Approach", "0FU64KZ": "Supplement Left Hepatic Duct with Nonautologous Tissue Substitute, Percutaneous Endoscopic Approach", "0FU687Z": "Supplement Left Hepatic Duct with Autologous Tissue Substitute, Via Natural or Artificial Opening Endoscopic", "0FU68JZ": "Supplement Left Hepatic Duct with Synthetic Substitute, Via Natural or Artificial Opening Endoscopic", "0FU68KZ": "Supplement Left Hepatic Duct with Nonautologous Tissue Substitute, Via Natural or Artificial Opening Endoscopic", "0FU707Z": "Supplement Common Hepatic Duct with Autologous Tissue Substitute, Open Approach", "0FU70JZ": "Supplement Common Hepatic Duct with Synthetic Substitute, Open Approach", "0FU70KZ": "Supplement Common Hepatic Duct with Nonautologous Tissue Substitute, Open Approach", "0FU737Z": "Supplement Common Hepatic Duct with Autologous Tissue Substitute, Percutaneous Approach", "0FU73JZ": "Supplement Common Hepatic Duct with Synthetic Substitute, Percutaneous Approach", "0FU73KZ": "Supplement Common Hepatic Duct with Nonautologous Tissue Substitute, Percutaneous Approach", "0FU747Z": "Supplement Common Hepatic Duct with Autologous Tissue Substitute, Percutaneous Endoscopic Approach", "0FU74JZ": "Supplement Common Hepatic Duct with Synthetic Substitute, Percutaneous Endoscopic Approach", "0FU74KZ": "Supplement Common Hepatic Duct with Nonautologous Tissue Substitute, Percutaneous Endoscopic Approach", "0FU787Z": "Supplement Common Hepatic Duct with Autologous Tissue Substitute, Via Natural or Artificial Opening Endoscopic", "0FU78JZ": "Supplement Common Hepatic Duct with Synthetic Substitute, Via Natural or Artificial Opening Endoscopic", "0FU78KZ": "Supplement Common Hepatic Duct with Nonautologous Tissue Substitute, Via Natural or Artificial Opening Endoscopic", "0FU807Z": "Supplement Cystic Duct with Autologous Tissue Substitute, Open Approach", "0FU80JZ": "Supplement Cystic Duct with Synthetic Substitute, Open Approach", "0FU80KZ": "Supplement Cystic Duct with Nonautologous Tissue Substitute, Open Approach", "0FU837Z": "Supplement Cystic Duct with Autologous Tissue Substitute, Percutaneous Approach", "0FU83JZ": "Supplement Cystic Duct with Synthetic Substitute, Percutaneous Approach", "0FU83KZ": "Supplement Cystic Duct with Nonautologous Tissue Substitute, Percutaneous Approach", "0FU847Z": "Supplement Cystic Duct with Autologous Tissue Substitute, Percutaneous Endoscopic Approach", "0FU84JZ": "Supplement Cystic Duct with Synthetic Substitute, Percutaneous Endoscopic Approach", "0FU84KZ": "Supplement Cystic Duct with Nonautologous Tissue Substitute, Percutaneous Endoscopic Approach", "0FU887Z": "Supplement Cystic Duct with Autologous Tissue Substitute, Via Natural or Artificial Opening Endoscopic", "0FU88JZ": "Supplement Cystic Duct with Synthetic Substitute, Via Natural or Artificial Opening Endoscopic", "0FU88KZ": "Supplement Cystic Duct with Nonautologous Tissue Substitute, Via Natural or Artificial Opening Endoscopic", "0FU907Z": "Supplement Common Bile Duct with Autologous Tissue Substitute, Open Approach", "0FU90JZ": "Supplement Common Bile Duct with Synthetic Substitute, Open Approach", "0FU90KZ": "Supplement Common Bile Duct with Nonautologous Tissue Substitute, Open Approach", "0FU937Z": "Supplement Common Bile Duct with Autologous Tissue Substitute, Percutaneous Approach", "0FU93JZ": "Supplement Common Bile Duct with Synthetic Substitute, Percutaneous Approach", "0FU93KZ": "Supplement Common Bile Duct with Nonautologous Tissue Substitute, Percutaneous Approach", "0FU947Z": "Supplement Common Bile Duct with Autologous Tissue Substitute, Percutaneous Endoscopic Approach", "0FU94JZ": "Supplement Common Bile Duct with Synthetic Substitute, Percutaneous Endoscopic Approach", "0FU94KZ": "Supplement Common Bile Duct with Nonautologous Tissue Substitute, Percutaneous Endoscopic Approach", "0FU987Z": "Supplement Common Bile Duct with Autologous Tissue Substitute, Via Natural or Artificial Opening Endoscopic", "0FU98JZ": "Supplement Common Bile Duct with Synthetic Substitute, Via Natural or Artificial Opening Endoscopic", "0FU98KZ": "Supplement Common Bile Duct with Nonautologous Tissue Substitute, Via Natural or Artificial Opening Endoscopic", "0FUC07Z": "Supplement Ampulla of Vater with Autologous Tissue Substitute, Open Approach", "0FUC0JZ": "Supplement Ampulla of Vater with Synthetic Substitute, Open Approach", "0FUC0KZ": "Supplement Ampulla of Vater with Nonautologous Tissue Substitute, Open Approach", "0FUC37Z": "Supplement Ampulla of Vater with Autologous Tissue Substitute, Percutaneous Approach", "0FUC3JZ": "Supplement Ampulla of Vater with Synthetic Substitute, Percutaneous Approach", "0FUC3KZ": "Supplement Ampulla of Vater with Nonautologous Tissue Substitute, Percutaneous Approach", "0FUC47Z": "Supplement Ampulla of Vater with Autologous Tissue Substitute, Percutaneous Endoscopic Approach", "0FUC4JZ": "Supplement Ampulla of Vater with Synthetic Substitute, Percutaneous Endoscopic Approach", "0FUC4KZ": "Supplement Ampulla of Vater with Nonautologous Tissue Substitute, Percutaneous Endoscopic Approach", "0FUC87Z": "Supplement Ampulla of Vater with Autologous Tissue Substitute, Via Natural or Artificial Opening Endoscopic", "0FUC8JZ": "Supplement Ampulla of Vater with Synthetic Substitute, Via Natural or Artificial Opening Endoscopic", "0FUC8KZ": "Supplement Ampulla of Vater with Nonautologous Tissue Substitute, Via Natural or Artificial Opening Endoscopic", "0FUD07Z": "Supplement Pancreatic Duct with Autologous Tissue Substitute, Open Approach", "0FUD0JZ": "Supplement Pancreatic Duct with Synthetic Substitute, Open Approach", "0FUD0KZ": "Supplement Pancreatic Duct with Nonautologous Tissue Substitute, Open Approach", "0FUD37Z": "Supplement Pancreatic Duct with Autologous Tissue Substitute, Percutaneous Approach", "0FUD3JZ": "Supplement Pancreatic Duct with Synthetic Substitute, Percutaneous Approach", "0FUD3KZ": "Supplement Pancreatic Duct with Nonautologous Tissue Substitute, Percutaneous Approach", "0FUD47Z": "Supplement Pancreatic Duct with Autologous Tissue Substitute, Percutaneous Endoscopic Approach", "0FUD4JZ": "Supplement Pancreatic Duct with Synthetic Substitute, Percutaneous Endoscopic Approach", "0FUD4KZ": "Supplement Pancreatic Duct with Nonautologous Tissue Substitute, Percutaneous Endoscopic Approach", "0FUD87Z": "Supplement Pancreatic Duct with Autologous Tissue Substitute, Via Natural or Artificial Opening Endoscopic", "0FUD8JZ": "Supplement Pancreatic Duct with Synthetic Substitute, Via Natural or Artificial Opening Endoscopic", "0FUD8KZ": "Supplement Pancreatic Duct with Nonautologous Tissue Substitute, Via Natural or Artificial Opening Endoscopic", "0FUF07Z": "Supplement Accessory Pancreatic Duct with Autologous Tissue Substitute, Open Approach", "0FUF0JZ": "Supplement Accessory Pancreatic Duct with Synthetic Substitute, Open Approach", "0FUF0KZ": "Supplement Accessory Pancreatic Duct with Nonautologous Tissue Substitute, Open Approach", "0FUF37Z": "Supplement Accessory Pancreatic Duct with Autologous Tissue Substitute, Percutaneous Approach", "0FUF3JZ": "Supplement Accessory Pancreatic Duct with Synthetic Substitute, Percutaneous Approach", "0FUF3KZ": "Supplement Accessory Pancreatic Duct with Nonautologous Tissue Substitute, Percutaneous Approach", "0FUF47Z": "Supplement Accessory Pancreatic Duct with Autologous Tissue Substitute, Percutaneous Endoscopic Approach", "0FUF4JZ": "Supplement Accessory Pancreatic Duct with Synthetic Substitute, Percutaneous Endoscopic Approach", "0FUF4KZ": "Supplement Accessory Pancreatic Duct with Nonautologous Tissue Substitute, Percutaneous Endoscopic Approach", "0FUF87Z": "Supplement Accessory Pancreatic Duct with Autologous Tissue Substitute, Via Natural or Artificial Opening Endoscopic", "0FUF8JZ": "Supplement Accessory Pancreatic Duct with Synthetic Substitute, Via Natural or Artificial Opening Endoscopic", "0FUF8KZ": "Supplement Accessory Pancreatic Duct with Nonautologous Tissue Substitute, Via Natural or Artificial Opening Endoscopic"}