{"037": "Upper Arteries, Dilation", "037004Z": "Dilation of Right Internal Mammary Artery with Drug-eluting Intraluminal Device, Open Approach", "037005Z": "Dilation of Right Internal Mammary Artery with Two Drug-eluting Intraluminal Devices, Open Approach", "037006Z": "Dilation of Right Internal Mammary Artery with Three Drug-eluting Intraluminal Devices, Open Approach", "037007Z": "Dilation of Right Internal Mammary Artery with Four or More Drug-eluting Intraluminal Devices, Open Approach", "03700D1": "Dilation of Right Internal Mammary Artery with Intraluminal Device, using Drug-Coated Balloon, Open Approach", "03700DZ": "Dilation of Right Internal Mammary Artery with Intraluminal Device, Open Approach", "03700EZ": "Dilation of Right Internal Mammary Artery with Two Intraluminal Devices, Open Approach", "03700FZ": "Dilation of Right Internal Mammary Artery with Three Intraluminal Devices, Open Approach", "03700GZ": "Dilation of Right Internal Mammary Artery with Four or More Intraluminal Devices, Open Approach", "03700Z1": "Dilation of Right Internal Mammary Artery using Drug-Coated Balloon, Open Approach", "03700ZZ": "Dilation of Right Internal Mammary Artery, Open Approach", "037034Z": "Dilation of Right Internal Mammary Artery with Drug-eluting Intraluminal Device, Percutaneous Approach", "037035Z": "Dilation of Right Internal Mammary Artery with Two Drug-eluting Intraluminal Devices, Percutaneous Approach", "037036Z": "Dilation of Right Internal Mammary Artery with Three Drug-eluting Intraluminal Devices, Percutaneous Approach", "037037Z": "Dilation of Right Internal Mammary Artery with Four or More Drug-eluting Intraluminal Devices, Percutaneous Approach", "03703D1": "Dilation of Right Internal Mammary Artery with Intraluminal Device, using Drug-Coated Balloon, Percutaneous Approach", "03703DZ": "Dilation of Right Internal Mammary Artery with Intraluminal Device, Percutaneous Approach", "03703EZ": "Dilation of Right Internal Mammary Artery with Two Intraluminal Devices, Percutaneous Approach", "03703FZ": "Dilation of Right Internal Mammary Artery with Three Intraluminal Devices, Percutaneous Approach", "03703GZ": "Dilation of Right Internal Mammary Artery with Four or More Intraluminal Devices, Percutaneous Approach", "03703Z1": "Dilation of Right Internal Mammary Artery using Drug-Coated Balloon, Percutaneous Approach", "03703ZZ": "Dilation of Right Internal Mammary Artery, Percutaneous Approach", "037044Z": "Dilation of Right Internal Mammary Artery with Drug-eluting Intraluminal Device, Percutaneous Endoscopic Approach", "037045Z": "Dilation of Right Internal Mammary Artery with Two Drug-eluting Intraluminal Devices, Percutaneous Endoscopic Approach", "037046Z": "Dilation of Right Internal Mammary Artery with Three Drug-eluting Intraluminal Devices, Percutaneous Endoscopic Approach", "037047Z": "Dilation of Right Internal Mammary Artery with Four or More Drug-eluting Intraluminal Devices, Percutaneous Endoscopic Approach", "03704D1": "Dilation of Right Internal Mammary Artery with Intraluminal Device, using Drug-Coated Balloon, Percutaneous Endoscopic Approach", "03704DZ": "Dilation of Right Internal Mammary Artery with Intraluminal Device, Percutaneous Endoscopic Approach", "03704EZ": "Dilation of Right Internal Mammary Artery with Two Intraluminal Devices, Percutaneous Endoscopic Approach", "03704FZ": "Dilation of Right Internal Mammary Artery with Three Intraluminal Devices, Percutaneous Endoscopic Approach", "03704GZ": "Dilation of Right Internal Mammary Artery with Four or More Intraluminal Devices, Percutaneous Endoscopic Approach", "03704Z1": "Dilation of Right Internal Mammary Artery using Drug-Coated Balloon, Percutaneous Endoscopic Approach", "03704ZZ": "Dilation of Right Internal Mammary Artery, Percutaneous Endoscopic Approach", "037104Z": "Dilation of Left Internal Mammary Artery with Drug-eluting Intraluminal Device, Open Approach", "037105Z": "Dilation of Left Internal Mammary Artery with Two Drug-eluting Intraluminal Devices, Open Approach", "037106Z": "Dilation of Left Internal Mammary Artery with Three Drug-eluting Intraluminal Devices, Open Approach", "037107Z": "Dilation of Left Internal Mammary Artery with Four or More Drug-eluting Intraluminal Devices, Open Approach", "03710D1": "Dilation of Left Internal Mammary Artery with Intraluminal Device, using Drug-Coated Balloon, Open Approach", "03710DZ": "Dilation of Left Internal Mammary Artery with Intraluminal Device, Open Approach", "03710EZ": "Dilation of Left Internal Mammary Artery with Two Intraluminal Devices, Open Approach", "03710FZ": "Dilation of Left Internal Mammary Artery with Three Intraluminal Devices, Open Approach", "03710GZ": "Dilation of Left Internal Mammary Artery with Four or More Intraluminal Devices, Open Approach", "03710Z1": "Dilation of Left Internal Mammary Artery using Drug-Coated Balloon, Open Approach", "03710ZZ": "Dilation of Left Internal Mammary Artery, Open Approach", "037134Z": "Dilation of Left Internal Mammary Artery with Drug-eluting Intraluminal Device, Percutaneous Approach", "037135Z": "Dilation of Left Internal Mammary Artery with Two Drug-eluting Intraluminal Devices, Percutaneous Approach", "037136Z": "Dilation of Left Internal Mammary Artery with Three Drug-eluting Intraluminal Devices, Percutaneous Approach", "037137Z": "Dilation of Left Internal Mammary Artery with Four or More Drug-eluting Intraluminal Devices, Percutaneous Approach", "03713D1": "Dilation of Left Internal Mammary Artery with Intraluminal Device, using Drug-Coated Balloon, Percutaneous Approach", "03713DZ": "Dilation of Left Internal Mammary Artery with Intraluminal Device, Percutaneous Approach", "03713EZ": "Dilation of Left Internal Mammary Artery with Two Intraluminal Devices, Percutaneous Approach", "03713FZ": "Dilation of Left Internal Mammary Artery with Three Intraluminal Devices, Percutaneous Approach", "03713GZ": "Dilation of Left Internal Mammary Artery with Four or More Intraluminal Devices, Percutaneous Approach", "03713Z1": "Dilation of Left Internal Mammary Artery using Drug-Coated Balloon, Percutaneous Approach", "03713ZZ": "Dilation of Left Internal Mammary Artery, Percutaneous Approach", "037144Z": "Dilation of Left Internal Mammary Artery with Drug-eluting Intraluminal Device, Percutaneous Endoscopic Approach", "037145Z": "Dilation of Left Internal Mammary Artery with Two Drug-eluting Intraluminal Devices, Percutaneous Endoscopic Approach", "037146Z": "Dilation of Left Internal Mammary Artery with Three Drug-eluting Intraluminal Devices, Percutaneous Endoscopic Approach", "037147Z": "Dilation of Left Internal Mammary Artery with Four or More Drug-eluting Intraluminal Devices, Percutaneous Endoscopic Approach", "03714D1": "Dilation of Left Internal Mammary Artery with Intraluminal Device, using Drug-Coated Balloon, Percutaneous Endoscopic Approach", "03714DZ": "Dilation of Left Internal Mammary Artery with Intraluminal Device, Percutaneous Endoscopic Approach", "03714EZ": "Dilation of Left Internal Mammary Artery with Two Intraluminal Devices, Percutaneous Endoscopic Approach", "03714FZ": "Dilation of Left Internal Mammary Artery with Three Intraluminal Devices, Percutaneous Endoscopic Approach", "03714GZ": "Dilation of Left Internal Mammary Artery with Four or More Intraluminal Devices, Percutaneous Endoscopic Approach", "03714Z1": "Dilation of Left Internal Mammary Artery using Drug-Coated Balloon, Percutaneous Endoscopic Approach", "03714ZZ": "Dilation of Left Internal Mammary Artery, Percutaneous Endoscopic Approach", "037204Z": "Dilation of Innominate Artery with Drug-eluting Intraluminal Device, Open Approach", "037205Z": "Dilation of Innominate Artery with Two Drug-eluting Intraluminal Devices, Open Approach", "037206Z": "Dilation of Innominate Artery with Three Drug-eluting Intraluminal Devices, Open Approach", "037207Z": "Dilation of Innominate Artery with Four or More Drug-eluting Intraluminal Devices, Open Approach", "03720D1": "Dilation of Innominate Artery with Intraluminal Device, using Drug-Coated Balloon, Open Approach", "03720DZ": "Dilation of Innominate Artery with Intraluminal Device, Open Approach", "03720EZ": "Dilation of Innominate Artery with Two Intraluminal Devices, Open Approach", "03720FZ": "Dilation of Innominate Artery with Three Intraluminal Devices, Open Approach", "03720GZ": "Dilation of Innominate Artery with Four or More Intraluminal Devices, Open Approach", "03720Z1": "Dilation of Innominate Artery using Drug-Coated Balloon, Open Approach", "03720ZZ": "Dilation of Innominate Artery, Open Approach", "037234Z": "Dilation of Innominate Artery with Drug-eluting Intraluminal Device, Percutaneous Approach", "037235Z": "Dilation of Innominate Artery with Two Drug-eluting Intraluminal Devices, Percutaneous Approach", "037236Z": "Dilation of Innominate Artery with Three Drug-eluting Intraluminal Devices, Percutaneous Approach", "037237Z": "Dilation of Innominate Artery with Four or More Drug-eluting Intraluminal Devices, Percutaneous Approach", "03723D1": "Dilation of Innominate Artery with Intraluminal Device, using Drug-Coated Balloon, Percutaneous Approach", "03723DZ": "Dilation of Innominate Artery with Intraluminal Device, Percutaneous Approach", "03723EZ": "Dilation of Innominate Artery with Two Intraluminal Devices, Percutaneous Approach", "03723FZ": "Dilation of Innominate Artery with Three Intraluminal Devices, Percutaneous Approach", "03723GZ": "Dilation of Innominate Artery with Four or More Intraluminal Devices, Percutaneous Approach", "03723Z1": "Dilation of Innominate Artery using Drug-Coated Balloon, Percutaneous Approach", "03723ZZ": "Dilation of Innominate Artery, Percutaneous Approach", "037244Z": "Dilation of Innominate Artery with Drug-eluting Intraluminal Device, Percutaneous Endoscopic Approach", "037245Z": "Dilation of Innominate Artery with Two Drug-eluting Intraluminal Devices, Percutaneous Endoscopic Approach", "037246Z": "Dilation of Innominate Artery with Three Drug-eluting Intraluminal Devices, Percutaneous Endoscopic Approach", "037247Z": "Dilation of Innominate Artery with Four or More Drug-eluting Intraluminal Devices, Percutaneous Endoscopic Approach", "03724D1": "Dilation of Innominate Artery with Intraluminal Device, using Drug-Coated Balloon, Percutaneous Endoscopic Approach", "03724DZ": "Dilation of Innominate Artery with Intraluminal Device, Percutaneous Endoscopic Approach", "03724EZ": "Dilation of Innominate Artery with Two Intraluminal Devices, Percutaneous Endoscopic Approach", "03724FZ": "Dilation of Innominate Artery with Three Intraluminal Devices, Percutaneous Endoscopic Approach", "03724GZ": "Dilation of Innominate Artery with Four or More Intraluminal Devices, Percutaneous Endoscopic Approach", "03724Z1": "Dilation of Innominate Artery using Drug-Coated Balloon, Percutaneous Endoscopic Approach", "03724ZZ": "Dilation of Innominate Artery, Percutaneous Endoscopic Approach", "037304Z": "Dilation of Right Subclavian Artery with Drug-eluting Intraluminal Device, Open Approach", "037305Z": "Dilation of Right Subclavian Artery with Two Drug-eluting Intraluminal Devices, Open Approach", "037306Z": "Dilation of Right Subclavian Artery with Three Drug-eluting Intraluminal Devices, Open Approach", "037307Z": "Dilation of Right Subclavian Artery with Four or More Drug-eluting Intraluminal Devices, Open Approach", "03730D1": "Dilation of Right Subclavian Artery with Intraluminal Device, using Drug-Coated Balloon, Open Approach", "03730DZ": "Dilation of Right Subclavian Artery with Intraluminal Device, Open Approach", "03730EZ": "Dilation of Right Subclavian Artery with Two Intraluminal Devices, Open Approach", "03730FZ": "Dilation of Right Subclavian Artery with Three Intraluminal Devices, Open Approach", "03730GZ": "Dilation of Right Subclavian Artery with Four or More Intraluminal Devices, Open Approach", "03730Z1": "Dilation of Right Subclavian Artery using Drug-Coated Balloon, Open Approach", "03730ZZ": "Dilation of Right Subclavian Artery, Open Approach", "037334Z": "Dilation of Right Subclavian Artery with Drug-eluting Intraluminal Device, Percutaneous Approach", "037335Z": "Dilation of Right Subclavian Artery with Two Drug-eluting Intraluminal Devices, Percutaneous Approach", "037336Z": "Dilation of Right Subclavian Artery with Three Drug-eluting Intraluminal Devices, Percutaneous Approach", "037337Z": "Dilation of Right Subclavian Artery with Four or More Drug-eluting Intraluminal Devices, Percutaneous Approach", "03733D1": "Dilation of Right Subclavian Artery with Intraluminal Device, using Drug-Coated Balloon, Percutaneous Approach", "03733DZ": "Dilation of Right Subclavian Artery with Intraluminal Device, Percutaneous Approach", "03733EZ": "Dilation of Right Subclavian Artery with Two Intraluminal Devices, Percutaneous Approach", "03733FZ": "Dilation of Right Subclavian Artery with Three Intraluminal Devices, Percutaneous Approach", "03733GZ": "Dilation of Right Subclavian Artery with Four or More Intraluminal Devices, Percutaneous Approach", "03733Z1": "Dilation of Right Subclavian Artery using Drug-Coated Balloon, Percutaneous Approach", "03733ZZ": "Dilation of Right Subclavian Artery, Percutaneous Approach", "037344Z": "Dilation of Right Subclavian Artery with Drug-eluting Intraluminal Device, Percutaneous Endoscopic Approach", "037345Z": "Dilation of Right Subclavian Artery with Two Drug-eluting Intraluminal Devices, Percutaneous Endoscopic Approach", "037346Z": "Dilation of Right Subclavian Artery with Three Drug-eluting Intraluminal Devices, Percutaneous Endoscopic Approach", "037347Z": "Dilation of Right Subclavian Artery with Four or More Drug-eluting Intraluminal Devices, Percutaneous Endoscopic Approach", "03734D1": "Dilation of Right Subclavian Artery with Intraluminal Device, using Drug-Coated Balloon, Percutaneous Endoscopic Approach", "03734DZ": "Dilation of Right Subclavian Artery with Intraluminal Device, Percutaneous Endoscopic Approach", "03734EZ": "Dilation of Right Subclavian Artery with Two Intraluminal Devices, Percutaneous Endoscopic Approach", "03734FZ": "Dilation of Right Subclavian Artery with Three Intraluminal Devices, Percutaneous Endoscopic Approach", "03734GZ": "Dilation of Right Subclavian Artery with Four or More Intraluminal Devices, Percutaneous Endoscopic Approach", "03734Z1": "Dilation of Right Subclavian Artery using Drug-Coated Balloon, Percutaneous Endoscopic Approach", "03734ZZ": "Dilation of Right Subclavian Artery, Percutaneous Endoscopic Approach", "037404Z": "Dilation of Left Subclavian Artery with Drug-eluting Intraluminal Device, Open Approach", "037405Z": "Dilation of Left Subclavian Artery with Two Drug-eluting Intraluminal Devices, Open Approach", "037406Z": "Dilation of Left Subclavian Artery with Three Drug-eluting Intraluminal Devices, Open Approach", "037407Z": "Dilation of Left Subclavian Artery with Four or More Drug-eluting Intraluminal Devices, Open Approach", "03740D1": "Dilation of Left Subclavian Artery with Intraluminal Device, using Drug-Coated Balloon, Open Approach", "03740DZ": "Dilation of Left Subclavian Artery with Intraluminal Device, Open Approach", "03740EZ": "Dilation of Left Subclavian Artery with Two Intraluminal Devices, Open Approach", "03740FZ": "Dilation of Left Subclavian Artery with Three Intraluminal Devices, Open Approach", "03740GZ": "Dilation of Left Subclavian Artery with Four or More Intraluminal Devices, Open Approach", "03740Z1": "Dilation of Left Subclavian Artery using Drug-Coated Balloon, Open Approach", "03740ZZ": "Dilation of Left Subclavian Artery, Open Approach", "037434Z": "Dilation of Left Subclavian Artery with Drug-eluting Intraluminal Device, Percutaneous Approach", "037435Z": "Dilation of Left Subclavian Artery with Two Drug-eluting Intraluminal Devices, Percutaneous Approach", "037436Z": "Dilation of Left Subclavian Artery with Three Drug-eluting Intraluminal Devices, Percutaneous Approach", "037437Z": "Dilation of Left Subclavian Artery with Four or More Drug-eluting Intraluminal Devices, Percutaneous Approach", "03743D1": "Dilation of Left Subclavian Artery with Intraluminal Device, using Drug-Coated Balloon, Percutaneous Approach", "03743DZ": "Dilation of Left Subclavian Artery with Intraluminal Device, Percutaneous Approach", "03743EZ": "Dilation of Left Subclavian Artery with Two Intraluminal Devices, Percutaneous Approach", "03743FZ": "Dilation of Left Subclavian Artery with Three Intraluminal Devices, Percutaneous Approach", "03743GZ": "Dilation of Left Subclavian Artery with Four or More Intraluminal Devices, Percutaneous Approach", "03743Z1": "Dilation of Left Subclavian Artery using Drug-Coated Balloon, Percutaneous Approach", "03743ZZ": "Dilation of Left Subclavian Artery, Percutaneous Approach", "037444Z": "Dilation of Left Subclavian Artery with Drug-eluting Intraluminal Device, Percutaneous Endoscopic Approach", "037445Z": "Dilation of Left Subclavian Artery with Two Drug-eluting Intraluminal Devices, Percutaneous Endoscopic Approach", "037446Z": "Dilation of Left Subclavian Artery with Three Drug-eluting Intraluminal Devices, Percutaneous Endoscopic Approach", "037447Z": "Dilation of Left Subclavian Artery with Four or More Drug-eluting Intraluminal Devices, Percutaneous Endoscopic Approach", "03744D1": "Dilation of Left Subclavian Artery with Intraluminal Device, using Drug-Coated Balloon, Percutaneous Endoscopic Approach", "03744DZ": "Dilation of Left Subclavian Artery with Intraluminal Device, Percutaneous Endoscopic Approach", "03744EZ": "Dilation of Left Subclavian Artery with Two Intraluminal Devices, Percutaneous Endoscopic Approach", "03744FZ": "Dilation of Left Subclavian Artery with Three Intraluminal Devices, Percutaneous Endoscopic Approach", "03744GZ": "Dilation of Left Subclavian Artery with Four or More Intraluminal Devices, Percutaneous Endoscopic Approach", "03744Z1": "Dilation of Left Subclavian Artery using Drug-Coated Balloon, Percutaneous Endoscopic Approach", "03744ZZ": "Dilation of Left Subclavian Artery, Percutaneous Endoscopic Approach", "037504Z": "Dilation of Right Axillary Artery with Drug-eluting Intraluminal Device, Open Approach", "037505Z": "Dilation of Right Axillary Artery with Two Drug-eluting Intraluminal Devices, Open Approach", "037506Z": "Dilation of Right Axillary Artery with Three Drug-eluting Intraluminal Devices, Open Approach", "037507Z": "Dilation of Right Axillary Artery with Four or More Drug-eluting Intraluminal Devices, Open Approach", "03750D1": "Dilation of Right Axillary Artery with Intraluminal Device, using Drug-Coated Balloon, Open Approach", "03750DZ": "Dilation of Right Axillary Artery with Intraluminal Device, Open Approach", "03750EZ": "Dilation of Right Axillary Artery with Two Intraluminal Devices, Open Approach", "03750FZ": "Dilation of Right Axillary Artery with Three Intraluminal Devices, Open Approach", "03750GZ": "Dilation of Right Axillary Artery with Four or More Intraluminal Devices, Open Approach", "03750Z1": "Dilation of Right Axillary Artery using Drug-Coated Balloon, Open Approach", "03750ZZ": "Dilation of Right Axillary Artery, Open Approach", "037534Z": "Dilation of Right Axillary Artery with Drug-eluting Intraluminal Device, Percutaneous Approach", "037535Z": "Dilation of Right Axillary Artery with Two Drug-eluting Intraluminal Devices, Percutaneous Approach", "037536Z": "Dilation of Right Axillary Artery with Three Drug-eluting Intraluminal Devices, Percutaneous Approach", "037537Z": "Dilation of Right Axillary Artery with Four or More Drug-eluting Intraluminal Devices, Percutaneous Approach", "03753D1": "Dilation of Right Axillary Artery with Intraluminal Device, using Drug-Coated Balloon, Percutaneous Approach", "03753DZ": "Dilation of Right Axillary Artery with Intraluminal Device, Percutaneous Approach", "03753EZ": "Dilation of Right Axillary Artery with Two Intraluminal Devices, Percutaneous Approach", "03753FZ": "Dilation of Right Axillary Artery with Three Intraluminal Devices, Percutaneous Approach", "03753GZ": "Dilation of Right Axillary Artery with Four or More Intraluminal Devices, Percutaneous Approach", "03753Z1": "Dilation of Right Axillary Artery using Drug-Coated Balloon, Percutaneous Approach", "03753ZZ": "Dilation of Right Axillary Artery, Percutaneous Approach", "037544Z": "Dilation of Right Axillary Artery with Drug-eluting Intraluminal Device, Percutaneous Endoscopic Approach", "037545Z": "Dilation of Right Axillary Artery with Two Drug-eluting Intraluminal Devices, Percutaneous Endoscopic Approach", "037546Z": "Dilation of Right Axillary Artery with Three Drug-eluting Intraluminal Devices, Percutaneous Endoscopic Approach", "037547Z": "Dilation of Right Axillary Artery with Four or More Drug-eluting Intraluminal Devices, Percutaneous Endoscopic Approach", "03754D1": "Dilation of Right Axillary Artery with Intraluminal Device, using Drug-Coated Balloon, Percutaneous Endoscopic Approach", "03754DZ": "Dilation of Right Axillary Artery with Intraluminal Device, Percutaneous Endoscopic Approach", "03754EZ": "Dilation of Right Axillary Artery with Two Intraluminal Devices, Percutaneous Endoscopic Approach", "03754FZ": "Dilation of Right Axillary Artery with Three Intraluminal Devices, Percutaneous Endoscopic Approach", "03754GZ": "Dilation of Right Axillary Artery with Four or More Intraluminal Devices, Percutaneous Endoscopic Approach", "03754Z1": "Dilation of Right Axillary Artery using Drug-Coated Balloon, Percutaneous Endoscopic Approach", "03754ZZ": "Dilation of Right Axillary Artery, Percutaneous Endoscopic Approach", "037604Z": "Dilation of Left Axillary Artery with Drug-eluting Intraluminal Device, Open Approach", "037605Z": "Dilation of Left Axillary Artery with Two Drug-eluting Intraluminal Devices, Open Approach", "037606Z": "Dilation of Left Axillary Artery with Three Drug-eluting Intraluminal Devices, Open Approach", "037607Z": "Dilation of Left Axillary Artery with Four or More Drug-eluting Intraluminal Devices, Open Approach", "03760D1": "Dilation of Left Axillary Artery with Intraluminal Device, using Drug-Coated Balloon, Open Approach", "03760DZ": "Dilation of Left Axillary Artery with Intraluminal Device, Open Approach", "03760EZ": "Dilation of Left Axillary Artery with Two Intraluminal Devices, Open Approach", "03760FZ": "Dilation of Left Axillary Artery with Three Intraluminal Devices, Open Approach", "03760GZ": "Dilation of Left Axillary Artery with Four or More Intraluminal Devices, Open Approach", "03760Z1": "Dilation of Left Axillary Artery using Drug-Coated Balloon, Open Approach", "03760ZZ": "Dilation of Left Axillary Artery, Open Approach", "037634Z": "Dilation of Left Axillary Artery with Drug-eluting Intraluminal Device, Percutaneous Approach", "037635Z": "Dilation of Left Axillary Artery with Two Drug-eluting Intraluminal Devices, Percutaneous Approach", "037636Z": "Dilation of Left Axillary Artery with Three Drug-eluting Intraluminal Devices, Percutaneous Approach", "037637Z": "Dilation of Left Axillary Artery with Four or More Drug-eluting Intraluminal Devices, Percutaneous Approach", "03763D1": "Dilation of Left Axillary Artery with Intraluminal Device, using Drug-Coated Balloon, Percutaneous Approach", "03763DZ": "Dilation of Left Axillary Artery with Intraluminal Device, Percutaneous Approach", "03763EZ": "Dilation of Left Axillary Artery with Two Intraluminal Devices, Percutaneous Approach", "03763FZ": "Dilation of Left Axillary Artery with Three Intraluminal Devices, Percutaneous Approach", "03763GZ": "Dilation of Left Axillary Artery with Four or More Intraluminal Devices, Percutaneous Approach", "03763Z1": "Dilation of Left Axillary Artery using Drug-Coated Balloon, Percutaneous Approach", "03763ZZ": "Dilation of Left Axillary Artery, Percutaneous Approach", "037644Z": "Dilation of Left Axillary Artery with Drug-eluting Intraluminal Device, Percutaneous Endoscopic Approach", "037645Z": "Dilation of Left Axillary Artery with Two Drug-eluting Intraluminal Devices, Percutaneous Endoscopic Approach", "037646Z": "Dilation of Left Axillary Artery with Three Drug-eluting Intraluminal Devices, Percutaneous Endoscopic Approach", "037647Z": "Dilation of Left Axillary Artery with Four or More Drug-eluting Intraluminal Devices, Percutaneous Endoscopic Approach", "03764D1": "Dilation of Left Axillary Artery with Intraluminal Device, using Drug-Coated Balloon, Percutaneous Endoscopic Approach", "03764DZ": "Dilation of Left Axillary Artery with Intraluminal Device, Percutaneous Endoscopic Approach", "03764EZ": "Dilation of Left Axillary Artery with Two Intraluminal Devices, Percutaneous Endoscopic Approach", "03764FZ": "Dilation of Left Axillary Artery with Three Intraluminal Devices, Percutaneous Endoscopic Approach", "03764GZ": "Dilation of Left Axillary Artery with Four or More Intraluminal Devices, Percutaneous Endoscopic Approach", "03764Z1": "Dilation of Left Axillary Artery using Drug-Coated Balloon, Percutaneous Endoscopic Approach", "03764ZZ": "Dilation of Left Axillary Artery, Percutaneous Endoscopic Approach", "037704Z": "Dilation of Right Brachial Artery with Drug-eluting Intraluminal Device, Open Approach", "037705Z": "Dilation of Right Brachial Artery with Two Drug-eluting Intraluminal Devices, Open Approach", "037706Z": "Dilation of Right Brachial Artery with Three Drug-eluting Intraluminal Devices, Open Approach", "037707Z": "Dilation of Right Brachial Artery with Four or More Drug-eluting Intraluminal Devices, Open Approach", "03770D1": "Dilation of Right Brachial Artery with Intraluminal Device, using Drug-Coated Balloon, Open Approach", "03770DZ": "Dilation of Right Brachial Artery with Intraluminal Device, Open Approach", "03770EZ": "Dilation of Right Brachial Artery with Two Intraluminal Devices, Open Approach", "03770FZ": "Dilation of Right Brachial Artery with Three Intraluminal Devices, Open Approach", "03770GZ": "Dilation of Right Brachial Artery with Four or More Intraluminal Devices, Open Approach", "03770Z1": "Dilation of Right Brachial Artery using Drug-Coated Balloon, Open Approach", "03770ZZ": "Dilation of Right Brachial Artery, Open Approach", "037734Z": "Dilation of Right Brachial Artery with Drug-eluting Intraluminal Device, Percutaneous Approach", "037735Z": "Dilation of Right Brachial Artery with Two Drug-eluting Intraluminal Devices, Percutaneous Approach", "037736Z": "Dilation of Right Brachial Artery with Three Drug-eluting Intraluminal Devices, Percutaneous Approach", "037737Z": "Dilation of Right Brachial Artery with Four or More Drug-eluting Intraluminal Devices, Percutaneous Approach", "03773D1": "Dilation of Right Brachial Artery with Intraluminal Device, using Drug-Coated Balloon, Percutaneous Approach", "03773DZ": "Dilation of Right Brachial Artery with Intraluminal Device, Percutaneous Approach", "03773EZ": "Dilation of Right Brachial Artery with Two Intraluminal Devices, Percutaneous Approach", "03773FZ": "Dilation of Right Brachial Artery with Three Intraluminal Devices, Percutaneous Approach", "03773GZ": "Dilation of Right Brachial Artery with Four or More Intraluminal Devices, Percutaneous Approach", "03773Z1": "Dilation of Right Brachial Artery using Drug-Coated Balloon, Percutaneous Approach", "03773ZZ": "Dilation of Right Brachial Artery, Percutaneous Approach", "037744Z": "Dilation of Right Brachial Artery with Drug-eluting Intraluminal Device, Percutaneous Endoscopic Approach", "037745Z": "Dilation of Right Brachial Artery with Two Drug-eluting Intraluminal Devices, Percutaneous Endoscopic Approach", "037746Z": "Dilation of Right Brachial Artery with Three Drug-eluting Intraluminal Devices, Percutaneous Endoscopic Approach", "037747Z": "Dilation of Right Brachial Artery with Four or More Drug-eluting Intraluminal Devices, Percutaneous Endoscopic Approach", "03774D1": "Dilation of Right Brachial Artery with Intraluminal Device, using Drug-Coated Balloon, Percutaneous Endoscopic Approach", "03774DZ": "Dilation of Right Brachial Artery with Intraluminal Device, Percutaneous Endoscopic Approach", "03774EZ": "Dilation of Right Brachial Artery with Two Intraluminal Devices, Percutaneous Endoscopic Approach", "03774FZ": "Dilation of Right Brachial Artery with Three Intraluminal Devices, Percutaneous Endoscopic Approach", "03774GZ": "Dilation of Right Brachial Artery with Four or More Intraluminal Devices, Percutaneous Endoscopic Approach", "03774Z1": "Dilation of Right Brachial Artery using Drug-Coated Balloon, Percutaneous Endoscopic Approach", "03774ZZ": "Dilation of Right Brachial Artery, Percutaneous Endoscopic Approach", "037804Z": "Dilation of Left Brachial Artery with Drug-eluting Intraluminal Device, Open Approach", "037805Z": "Dilation of Left Brachial Artery with Two Drug-eluting Intraluminal Devices, Open Approach", "037806Z": "Dilation of Left Brachial Artery with Three Drug-eluting Intraluminal Devices, Open Approach", "037807Z": "Dilation of Left Brachial Artery with Four or More Drug-eluting Intraluminal Devices, Open Approach", "03780D1": "Dilation of Left Brachial Artery with Intraluminal Device, using Drug-Coated Balloon, Open Approach", "03780DZ": "Dilation of Left Brachial Artery with Intraluminal Device, Open Approach", "03780EZ": "Dilation of Left Brachial Artery with Two Intraluminal Devices, Open Approach", "03780FZ": "Dilation of Left Brachial Artery with Three Intraluminal Devices, Open Approach", "03780GZ": "Dilation of Left Brachial Artery with Four or More Intraluminal Devices, Open Approach", "03780Z1": "Dilation of Left Brachial Artery using Drug-Coated Balloon, Open Approach", "03780ZZ": "Dilation of Left Brachial Artery, Open Approach", "037834Z": "Dilation of Left Brachial Artery with Drug-eluting Intraluminal Device, Percutaneous Approach", "037835Z": "Dilation of Left Brachial Artery with Two Drug-eluting Intraluminal Devices, Percutaneous Approach", "037836Z": "Dilation of Left Brachial Artery with Three Drug-eluting Intraluminal Devices, Percutaneous Approach", "037837Z": "Dilation of Left Brachial Artery with Four or More Drug-eluting Intraluminal Devices, Percutaneous Approach", "03783D1": "Dilation of Left Brachial Artery with Intraluminal Device, using Drug-Coated Balloon, Percutaneous Approach", "03783DZ": "Dilation of Left Brachial Artery with Intraluminal Device, Percutaneous Approach", "03783EZ": "Dilation of Left Brachial Artery with Two Intraluminal Devices, Percutaneous Approach", "03783FZ": "Dilation of Left Brachial Artery with Three Intraluminal Devices, Percutaneous Approach", "03783GZ": "Dilation of Left Brachial Artery with Four or More Intraluminal Devices, Percutaneous Approach", "03783Z1": "Dilation of Left Brachial Artery using Drug-Coated Balloon, Percutaneous Approach", "03783ZZ": "Dilation of Left Brachial Artery, Percutaneous Approach", "037844Z": "Dilation of Left Brachial Artery with Drug-eluting Intraluminal Device, Percutaneous Endoscopic Approach", "037845Z": "Dilation of Left Brachial Artery with Two Drug-eluting Intraluminal Devices, Percutaneous Endoscopic Approach", "037846Z": "Dilation of Left Brachial Artery with Three Drug-eluting Intraluminal Devices, Percutaneous Endoscopic Approach", "037847Z": "Dilation of Left Brachial Artery with Four or More Drug-eluting Intraluminal Devices, Percutaneous Endoscopic Approach", "03784D1": "Dilation of Left Brachial Artery with Intraluminal Device, using Drug-Coated Balloon, Percutaneous Endoscopic Approach", "03784DZ": "Dilation of Left Brachial Artery with Intraluminal Device, Percutaneous Endoscopic Approach", "03784EZ": "Dilation of Left Brachial Artery with Two Intraluminal Devices, Percutaneous Endoscopic Approach", "03784FZ": "Dilation of Left Brachial Artery with Three Intraluminal Devices, Percutaneous Endoscopic Approach", "03784GZ": "Dilation of Left Brachial Artery with Four or More Intraluminal Devices, Percutaneous Endoscopic Approach", "03784Z1": "Dilation of Left Brachial Artery using Drug-Coated Balloon, Percutaneous Endoscopic Approach", "03784ZZ": "Dilation of Left Brachial Artery, Percutaneous Endoscopic Approach", "037904Z": "Dilation of Right Ulnar Artery with Drug-eluting Intraluminal Device, Open Approach", "037905Z": "Dilation of Right Ulnar Artery with Two Drug-eluting Intraluminal Devices, Open Approach", "037906Z": "Dilation of Right Ulnar Artery with Three Drug-eluting Intraluminal Devices, Open Approach", "037907Z": "Dilation of Right Ulnar Artery with Four or More Drug-eluting Intraluminal Devices, Open Approach", "03790D1": "Dilation of Right Ulnar Artery with Intraluminal Device, using Drug-Coated Balloon, Open Approach", "03790DZ": "Dilation of Right Ulnar Artery with Intraluminal Device, Open Approach", "03790EZ": "Dilation of Right Ulnar Artery with Two Intraluminal Devices, Open Approach", "03790FZ": "Dilation of Right Ulnar Artery with Three Intraluminal Devices, Open Approach", "03790GZ": "Dilation of Right Ulnar Artery with Four or More Intraluminal Devices, Open Approach", "03790Z1": "Dilation of Right Ulnar Artery using Drug-Coated Balloon, Open Approach", "03790ZZ": "Dilation of Right Ulnar Artery, Open Approach", "037934Z": "Dilation of Right Ulnar Artery with Drug-eluting Intraluminal Device, Percutaneous Approach", "037935Z": "Dilation of Right Ulnar Artery with Two Drug-eluting Intraluminal Devices, Percutaneous Approach", "037936Z": "Dilation of Right Ulnar Artery with Three Drug-eluting Intraluminal Devices, Percutaneous Approach", "037937Z": "Dilation of Right Ulnar Artery with Four or More Drug-eluting Intraluminal Devices, Percutaneous Approach", "03793D1": "Dilation of Right Ulnar Artery with Intraluminal Device, using Drug-Coated Balloon, Percutaneous Approach", "03793DZ": "Dilation of Right Ulnar Artery with Intraluminal Device, Percutaneous Approach", "03793EZ": "Dilation of Right Ulnar Artery with Two Intraluminal Devices, Percutaneous Approach", "03793FZ": "Dilation of Right Ulnar Artery with Three Intraluminal Devices, Percutaneous Approach", "03793GZ": "Dilation of Right Ulnar Artery with Four or More Intraluminal Devices, Percutaneous Approach", "03793Z1": "Dilation of Right Ulnar Artery using Drug-Coated Balloon, Percutaneous Approach", "03793ZZ": "Dilation of Right Ulnar Artery, Percutaneous Approach", "037944Z": "Dilation of Right Ulnar Artery with Drug-eluting Intraluminal Device, Percutaneous Endoscopic Approach", "037945Z": "Dilation of Right Ulnar Artery with Two Drug-eluting Intraluminal Devices, Percutaneous Endoscopic Approach", "037946Z": "Dilation of Right Ulnar Artery with Three Drug-eluting Intraluminal Devices, Percutaneous Endoscopic Approach", "037947Z": "Dilation of Right Ulnar Artery with Four or More Drug-eluting Intraluminal Devices, Percutaneous Endoscopic Approach", "03794D1": "Dilation of Right Ulnar Artery with Intraluminal Device, using Drug-Coated Balloon, Percutaneous Endoscopic Approach", "03794DZ": "Dilation of Right Ulnar Artery with Intraluminal Device, Percutaneous Endoscopic Approach", "03794EZ": "Dilation of Right Ulnar Artery with Two Intraluminal Devices, Percutaneous Endoscopic Approach", "03794FZ": "Dilation of Right Ulnar Artery with Three Intraluminal Devices, Percutaneous Endoscopic Approach", "03794GZ": "Dilation of Right Ulnar Artery with Four or More Intraluminal Devices, Percutaneous Endoscopic Approach", "03794Z1": "Dilation of Right Ulnar Artery using Drug-Coated Balloon, Percutaneous Endoscopic Approach", "03794ZZ": "Dilation of Right Ulnar Artery, Percutaneous Endoscopic Approach", "037A04Z": "Dilation of Left Ulnar Artery with Drug-eluting Intraluminal Device, Open Approach", "037A05Z": "Dilation of Left Ulnar Artery with Two Drug-eluting Intraluminal Devices, Open Approach", "037A06Z": "Dilation of Left Ulnar Artery with Three Drug-eluting Intraluminal Devices, Open Approach", "037A07Z": "Dilation of Left Ulnar Artery with Four or More Drug-eluting Intraluminal Devices, Open Approach", "037A0D1": "Dilation of Left Ulnar Artery with Intraluminal Device, using Drug-Coated Balloon, Open Approach", "037A0DZ": "Dilation of Left Ulnar Artery with Intraluminal Device, Open Approach", "037A0EZ": "Dilation of Left Ulnar Artery with Two Intraluminal Devices, Open Approach", "037A0FZ": "Dilation of Left Ulnar Artery with Three Intraluminal Devices, Open Approach", "037A0GZ": "Dilation of Left Ulnar Artery with Four or More Intraluminal Devices, Open Approach", "037A0Z1": "Dilation of Left Ulnar Artery using Drug-Coated Balloon, Open Approach", "037A0ZZ": "Dilation of Left Ulnar Artery, Open Approach", "037A34Z": "Dilation of Left Ulnar Artery with Drug-eluting Intraluminal Device, Percutaneous Approach", "037A35Z": "Dilation of Left Ulnar Artery with Two Drug-eluting Intraluminal Devices, Percutaneous Approach", "037A36Z": "Dilation of Left Ulnar Artery with Three Drug-eluting Intraluminal Devices, Percutaneous Approach", "037A37Z": "Dilation of Left Ulnar Artery with Four or More Drug-eluting Intraluminal Devices, Percutaneous Approach", "037A3D1": "Dilation of Left Ulnar Artery with Intraluminal Device, using Drug-Coated Balloon, Percutaneous Approach", "037A3DZ": "Dilation of Left Ulnar Artery with Intraluminal Device, Percutaneous Approach", "037A3EZ": "Dilation of Left Ulnar Artery with Two Intraluminal Devices, Percutaneous Approach", "037A3FZ": "Dilation of Left Ulnar Artery with Three Intraluminal Devices, Percutaneous Approach", "037A3GZ": "Dilation of Left Ulnar Artery with Four or More Intraluminal Devices, Percutaneous Approach", "037A3Z1": "Dilation of Left Ulnar Artery using Drug-Coated Balloon, Percutaneous Approach", "037A3ZZ": "Dilation of Left Ulnar Artery, Percutaneous Approach", "037A44Z": "Dilation of Left Ulnar Artery with Drug-eluting Intraluminal Device, Percutaneous Endoscopic Approach", "037A45Z": "Dilation of Left Ulnar Artery with Two Drug-eluting Intraluminal Devices, Percutaneous Endoscopic Approach", "037A46Z": "Dilation of Left Ulnar Artery with Three Drug-eluting Intraluminal Devices, Percutaneous Endoscopic Approach", "037A47Z": "Dilation of Left Ulnar Artery with Four or More Drug-eluting Intraluminal Devices, Percutaneous Endoscopic Approach", "037A4D1": "Dilation of Left Ulnar Artery with Intraluminal Device, using Drug-Coated Balloon, Percutaneous Endoscopic Approach", "037A4DZ": "Dilation of Left Ulnar Artery with Intraluminal Device, Percutaneous Endoscopic Approach", "037A4EZ": "Dilation of Left Ulnar Artery with Two Intraluminal Devices, Percutaneous Endoscopic Approach", "037A4FZ": "Dilation of Left Ulnar Artery with Three Intraluminal Devices, Percutaneous Endoscopic Approach", "037A4GZ": "Dilation of Left Ulnar Artery with Four or More Intraluminal Devices, Percutaneous Endoscopic Approach", "037A4Z1": "Dilation of Left Ulnar Artery using Drug-Coated Balloon, Percutaneous Endoscopic Approach", "037A4ZZ": "Dilation of Left Ulnar Artery, Percutaneous Endoscopic Approach", "037B04Z": "Dilation of Right Radial Artery with Drug-eluting Intraluminal Device, Open Approach", "037B05Z": "Dilation of Right Radial Artery with Two Drug-eluting Intraluminal Devices, Open Approach", "037B06Z": "Dilation of Right Radial Artery with Three Drug-eluting Intraluminal Devices, Open Approach", "037B07Z": "Dilation of Right Radial Artery with Four or More Drug-eluting Intraluminal Devices, Open Approach", "037B0D1": "Dilation of Right Radial Artery with Intraluminal Device, using Drug-Coated Balloon, Open Approach", "037B0DZ": "Dilation of Right Radial Artery with Intraluminal Device, Open Approach", "037B0EZ": "Dilation of Right Radial Artery with Two Intraluminal Devices, Open Approach", "037B0FZ": "Dilation of Right Radial Artery with Three Intraluminal Devices, Open Approach", "037B0GZ": "Dilation of Right Radial Artery with Four or More Intraluminal Devices, Open Approach", "037B0Z1": "Dilation of Right Radial Artery using Drug-Coated Balloon, Open Approach", "037B0ZZ": "Dilation of Right Radial Artery, Open Approach", "037B34Z": "Dilation of Right Radial Artery with Drug-eluting Intraluminal Device, Percutaneous Approach", "037B35Z": "Dilation of Right Radial Artery with Two Drug-eluting Intraluminal Devices, Percutaneous Approach", "037B36Z": "Dilation of Right Radial Artery with Three Drug-eluting Intraluminal Devices, Percutaneous Approach", "037B37Z": "Dilation of Right Radial Artery with Four or More Drug-eluting Intraluminal Devices, Percutaneous Approach", "037B3D1": "Dilation of Right Radial Artery with Intraluminal Device, using Drug-Coated Balloon, Percutaneous Approach", "037B3DZ": "Dilation of Right Radial Artery with Intraluminal Device, Percutaneous Approach", "037B3EZ": "Dilation of Right Radial Artery with Two Intraluminal Devices, Percutaneous Approach", "037B3FZ": "Dilation of Right Radial Artery with Three Intraluminal Devices, Percutaneous Approach", "037B3GZ": "Dilation of Right Radial Artery with Four or More Intraluminal Devices, Percutaneous Approach", "037B3Z1": "Dilation of Right Radial Artery using Drug-Coated Balloon, Percutaneous Approach", "037B3ZZ": "Dilation of Right Radial Artery, Percutaneous Approach", "037B44Z": "Dilation of Right Radial Artery with Drug-eluting Intraluminal Device, Percutaneous Endoscopic Approach", "037B45Z": "Dilation of Right Radial Artery with Two Drug-eluting Intraluminal Devices, Percutaneous Endoscopic Approach", "037B46Z": "Dilation of Right Radial Artery with Three Drug-eluting Intraluminal Devices, Percutaneous Endoscopic Approach", "037B47Z": "Dilation of Right Radial Artery with Four or More Drug-eluting Intraluminal Devices, Percutaneous Endoscopic Approach", "037B4D1": "Dilation of Right Radial Artery with Intraluminal Device, using Drug-Coated Balloon, Percutaneous Endoscopic Approach", "037B4DZ": "Dilation of Right Radial Artery with Intraluminal Device, Percutaneous Endoscopic Approach", "037B4EZ": "Dilation of Right Radial Artery with Two Intraluminal Devices, Percutaneous Endoscopic Approach", "037B4FZ": "Dilation of Right Radial Artery with Three Intraluminal Devices, Percutaneous Endoscopic Approach", "037B4GZ": "Dilation of Right Radial Artery with Four or More Intraluminal Devices, Percutaneous Endoscopic Approach", "037B4Z1": "Dilation of Right Radial Artery using Drug-Coated Balloon, Percutaneous Endoscopic Approach", "037B4ZZ": "Dilation of Right Radial Artery, Percutaneous Endoscopic Approach", "037C04Z": "Dilation of Left Radial Artery with Drug-eluting Intraluminal Device, Open Approach", "037C05Z": "Dilation of Left Radial Artery with Two Drug-eluting Intraluminal Devices, Open Approach", "037C06Z": "Dilation of Left Radial Artery with Three Drug-eluting Intraluminal Devices, Open Approach", "037C07Z": "Dilation of Left Radial Artery with Four or More Drug-eluting Intraluminal Devices, Open Approach", "037C0D1": "Dilation of Left Radial Artery with Intraluminal Device, using Drug-Coated Balloon, Open Approach", "037C0DZ": "Dilation of Left Radial Artery with Intraluminal Device, Open Approach", "037C0EZ": "Dilation of Left Radial Artery with Two Intraluminal Devices, Open Approach", "037C0FZ": "Dilation of Left Radial Artery with Three Intraluminal Devices, Open Approach", "037C0GZ": "Dilation of Left Radial Artery with Four or More Intraluminal Devices, Open Approach", "037C0Z1": "Dilation of Left Radial Artery using Drug-Coated Balloon, Open Approach", "037C0ZZ": "Dilation of Left Radial Artery, Open Approach", "037C34Z": "Dilation of Left Radial Artery with Drug-eluting Intraluminal Device, Percutaneous Approach", "037C35Z": "Dilation of Left Radial Artery with Two Drug-eluting Intraluminal Devices, Percutaneous Approach", "037C36Z": "Dilation of Left Radial Artery with Three Drug-eluting Intraluminal Devices, Percutaneous Approach", "037C37Z": "Dilation of Left Radial Artery with Four or More Drug-eluting Intraluminal Devices, Percutaneous Approach", "037C3D1": "Dilation of Left Radial Artery with Intraluminal Device, using Drug-Coated Balloon, Percutaneous Approach", "037C3DZ": "Dilation of Left Radial Artery with Intraluminal Device, Percutaneous Approach", "037C3EZ": "Dilation of Left Radial Artery with Two Intraluminal Devices, Percutaneous Approach", "037C3FZ": "Dilation of Left Radial Artery with Three Intraluminal Devices, Percutaneous Approach", "037C3GZ": "Dilation of Left Radial Artery with Four or More Intraluminal Devices, Percutaneous Approach", "037C3Z1": "Dilation of Left Radial Artery using Drug-Coated Balloon, Percutaneous Approach", "037C3ZZ": "Dilation of Left Radial Artery, Percutaneous Approach", "037C44Z": "Dilation of Left Radial Artery with Drug-eluting Intraluminal Device, Percutaneous Endoscopic Approach", "037C45Z": "Dilation of Left Radial Artery with Two Drug-eluting Intraluminal Devices, Percutaneous Endoscopic Approach", "037C46Z": "Dilation of Left Radial Artery with Three Drug-eluting Intraluminal Devices, Percutaneous Endoscopic Approach", "037C47Z": "Dilation of Left Radial Artery with Four or More Drug-eluting Intraluminal Devices, Percutaneous Endoscopic Approach", "037C4D1": "Dilation of Left Radial Artery with Intraluminal Device, using Drug-Coated Balloon, Percutaneous Endoscopic Approach", "037C4DZ": "Dilation of Left Radial Artery with Intraluminal Device, Percutaneous Endoscopic Approach", "037C4EZ": "Dilation of Left Radial Artery with Two Intraluminal Devices, Percutaneous Endoscopic Approach", "037C4FZ": "Dilation of Left Radial Artery with Three Intraluminal Devices, Percutaneous Endoscopic Approach", "037C4GZ": "Dilation of Left Radial Artery with Four or More Intraluminal Devices, Percutaneous Endoscopic Approach", "037C4Z1": "Dilation of Left Radial Artery using Drug-Coated Balloon, Percutaneous Endoscopic Approach", "037C4ZZ": "Dilation of Left Radial Artery, Percutaneous Endoscopic Approach", "037D04Z": "Dilation of Right Hand Artery with Drug-eluting Intraluminal Device, Open Approach", "037D05Z": "Dilation of Right Hand Artery with Two Drug-eluting Intraluminal Devices, Open Approach", "037D06Z": "Dilation of Right Hand Artery with Three Drug-eluting Intraluminal Devices, Open Approach", "037D07Z": "Dilation of Right Hand Artery with Four or More Drug-eluting Intraluminal Devices, Open Approach", "037D0DZ": "Dilation of Right Hand Artery with Intraluminal Device, Open Approach", "037D0EZ": "Dilation of Right Hand Artery with Two Intraluminal Devices, Open Approach", "037D0FZ": "Dilation of Right Hand Artery with Three Intraluminal Devices, Open Approach", "037D0GZ": "Dilation of Right Hand Artery with Four or More Intraluminal Devices, Open Approach", "037D0ZZ": "Dilation of Right Hand Artery, Open Approach", "037D34Z": "Dilation of Right Hand Artery with Drug-eluting Intraluminal Device, Percutaneous Approach", "037D35Z": "Dilation of Right Hand Artery with Two Drug-eluting Intraluminal Devices, Percutaneous Approach", "037D36Z": "Dilation of Right Hand Artery with Three Drug-eluting Intraluminal Devices, Percutaneous Approach", "037D37Z": "Dilation of Right Hand Artery with Four or More Drug-eluting Intraluminal Devices, Percutaneous Approach", "037D3DZ": "Dilation of Right Hand Artery with Intraluminal Device, Percutaneous Approach", "037D3EZ": "Dilation of Right Hand Artery with Two Intraluminal Devices, Percutaneous Approach", "037D3FZ": "Dilation of Right Hand Artery with Three Intraluminal Devices, Percutaneous Approach", "037D3GZ": "Dilation of Right Hand Artery with Four or More Intraluminal Devices, Percutaneous Approach", "037D3ZZ": "Dilation of Right Hand Artery, Percutaneous Approach", "037D44Z": "Dilation of Right Hand Artery with Drug-eluting Intraluminal Device, Percutaneous Endoscopic Approach", "037D45Z": "Dilation of Right Hand Artery with Two Drug-eluting Intraluminal Devices, Percutaneous Endoscopic Approach", "037D46Z": "Dilation of Right Hand Artery with Three Drug-eluting Intraluminal Devices, Percutaneous Endoscopic Approach", "037D47Z": "Dilation of Right Hand Artery with Four or More Drug-eluting Intraluminal Devices, Percutaneous Endoscopic Approach", "037D4DZ": "Dilation of Right Hand Artery with Intraluminal Device, Percutaneous Endoscopic Approach", "037D4EZ": "Dilation of Right Hand Artery with Two Intraluminal Devices, Percutaneous Endoscopic Approach", "037D4FZ": "Dilation of Right Hand Artery with Three Intraluminal Devices, Percutaneous Endoscopic Approach", "037D4GZ": "Dilation of Right Hand Artery with Four or More Intraluminal Devices, Percutaneous Endoscopic Approach", "037D4ZZ": "Dilation of Right Hand Artery, Percutaneous Endoscopic Approach", "037F04Z": "Dilation of Left Hand Artery with Drug-eluting Intraluminal Device, Open Approach", "037F05Z": "Dilation of Left Hand Artery with Two Drug-eluting Intraluminal Devices, Open Approach", "037F06Z": "Dilation of Left Hand Artery with Three Drug-eluting Intraluminal Devices, Open Approach", "037F07Z": "Dilation of Left Hand Artery with Four or More Drug-eluting Intraluminal Devices, Open Approach", "037F0DZ": "Dilation of Left Hand Artery with Intraluminal Device, Open Approach", "037F0EZ": "Dilation of Left Hand Artery with Two Intraluminal Devices, Open Approach", "037F0FZ": "Dilation of Left Hand Artery with Three Intraluminal Devices, Open Approach", "037F0GZ": "Dilation of Left Hand Artery with Four or More Intraluminal Devices, Open Approach", "037F0ZZ": "Dilation of Left Hand Artery, Open Approach", "037F34Z": "Dilation of Left Hand Artery with Drug-eluting Intraluminal Device, Percutaneous Approach", "037F35Z": "Dilation of Left Hand Artery with Two Drug-eluting Intraluminal Devices, Percutaneous Approach", "037F36Z": "Dilation of Left Hand Artery with Three Drug-eluting Intraluminal Devices, Percutaneous Approach", "037F37Z": "Dilation of Left Hand Artery with Four or More Drug-eluting Intraluminal Devices, Percutaneous Approach", "037F3DZ": "Dilation of Left Hand Artery with Intraluminal Device, Percutaneous Approach", "037F3EZ": "Dilation of Left Hand Artery with Two Intraluminal Devices, Percutaneous Approach", "037F3FZ": "Dilation of Left Hand Artery with Three Intraluminal Devices, Percutaneous Approach", "037F3GZ": "Dilation of Left Hand Artery with Four or More Intraluminal Devices, Percutaneous Approach", "037F3ZZ": "Dilation of Left Hand Artery, Percutaneous Approach", "037F44Z": "Dilation of Left Hand Artery with Drug-eluting Intraluminal Device, Percutaneous Endoscopic Approach", "037F45Z": "Dilation of Left Hand Artery with Two Drug-eluting Intraluminal Devices, Percutaneous Endoscopic Approach", "037F46Z": "Dilation of Left Hand Artery with Three Drug-eluting Intraluminal Devices, Percutaneous Endoscopic Approach", "037F47Z": "Dilation of Left Hand Artery with Four or More Drug-eluting Intraluminal Devices, Percutaneous Endoscopic Approach", "037F4DZ": "Dilation of Left Hand Artery with Intraluminal Device, Percutaneous Endoscopic Approach", "037F4EZ": "Dilation of Left Hand Artery with Two Intraluminal Devices, Percutaneous Endoscopic Approach", "037F4FZ": "Dilation of Left Hand Artery with Three Intraluminal Devices, Percutaneous Endoscopic Approach", "037F4GZ": "Dilation of Left Hand Artery with Four or More Intraluminal Devices, Percutaneous Endoscopic Approach", "037F4ZZ": "Dilation of Left Hand Artery, Percutaneous Endoscopic Approach", "037G04Z": "Dilation of Intracranial Artery with Drug-eluting Intraluminal Device, Open Approach", "037G05Z": "Dilation of Intracranial Artery with Two Drug-eluting Intraluminal Devices, Open Approach", "037G06Z": "Dilation of Intracranial Artery with Three Drug-eluting Intraluminal Devices, Open Approach", "037G07Z": "Dilation of Intracranial Artery with Four or More Drug-eluting Intraluminal Devices, Open Approach", "037G0DZ": "Dilation of Intracranial Artery with Intraluminal Device, Open Approach", "037G0EZ": "Dilation of Intracranial Artery with Two Intraluminal Devices, Open Approach", "037G0FZ": "Dilation of Intracranial Artery with Three Intraluminal Devices, Open Approach", "037G0GZ": "Dilation of Intracranial Artery with Four or More Intraluminal Devices, Open Approach", "037G0ZZ": "Dilation of Intracranial Artery, Open Approach", "037G34Z": "Dilation of Intracranial Artery with Drug-eluting Intraluminal Device, Percutaneous Approach", "037G35Z": "Dilation of Intracranial Artery with Two Drug-eluting Intraluminal Devices, Percutaneous Approach", "037G36Z": "Dilation of Intracranial Artery with Three Drug-eluting Intraluminal Devices, Percutaneous Approach", "037G37Z": "Dilation of Intracranial Artery with Four or More Drug-eluting Intraluminal Devices, Percutaneous Approach", "037G3DZ": "Dilation of Intracranial Artery with Intraluminal Device, Percutaneous Approach", "037G3EZ": "Dilation of Intracranial Artery with Two Intraluminal Devices, Percutaneous Approach", "037G3FZ": "Dilation of Intracranial Artery with Three Intraluminal Devices, Percutaneous Approach", "037G3GZ": "Dilation of Intracranial Artery with Four or More Intraluminal Devices, Percutaneous Approach", "037G3ZZ": "Dilation of Intracranial Artery, Percutaneous Approach", "037G44Z": "Dilation of Intracranial Artery with Drug-eluting Intraluminal Device, Percutaneous Endoscopic Approach", "037G45Z": "Dilation of Intracranial Artery with Two Drug-eluting Intraluminal Devices, Percutaneous Endoscopic Approach", "037G46Z": "Dilation of Intracranial Artery with Three Drug-eluting Intraluminal Devices, Percutaneous Endoscopic Approach", "037G47Z": "Dilation of Intracranial Artery with Four or More Drug-eluting Intraluminal Devices, Percutaneous Endoscopic Approach", "037G4DZ": "Dilation of Intracranial Artery with Intraluminal Device, Percutaneous Endoscopic Approach", "037G4EZ": "Dilation of Intracranial Artery with Two Intraluminal Devices, Percutaneous Endoscopic Approach", "037G4FZ": "Dilation of Intracranial Artery with Three Intraluminal Devices, Percutaneous Endoscopic Approach", "037G4GZ": "Dilation of Intracranial Artery with Four or More Intraluminal Devices, Percutaneous Endoscopic Approach", "037G4ZZ": "Dilation of Intracranial Artery, Percutaneous Endoscopic Approach", "037H04Z": "Dilation of Right Common Carotid Artery with Drug-eluting Intraluminal Device, Open Approach", "037H05Z": "Dilation of Right Common Carotid Artery with Two Drug-eluting Intraluminal Devices, Open Approach", "037H06Z": "Dilation of Right Common Carotid Artery with Three Drug-eluting Intraluminal Devices, Open Approach", "037H07Z": "Dilation of Right Common Carotid Artery with Four or More Drug-eluting Intraluminal Devices, Open Approach", "037H0DZ": "Dilation of Right Common Carotid Artery with Intraluminal Device, Open Approach", "037H0EZ": "Dilation of Right Common Carotid Artery with Two Intraluminal Devices, Open Approach", "037H0FZ": "Dilation of Right Common Carotid Artery with Three Intraluminal Devices, Open Approach", "037H0GZ": "Dilation of Right Common Carotid Artery with Four or More Intraluminal Devices, Open Approach", "037H0ZZ": "Dilation of Right Common Carotid Artery, Open Approach", "037H34Z": "Dilation of Right Common Carotid Artery with Drug-eluting Intraluminal Device, Percutaneous Approach", "037H35Z": "Dilation of Right Common Carotid Artery with Two Drug-eluting Intraluminal Devices, Percutaneous Approach", "037H36Z": "Dilation of Right Common Carotid Artery with Three Drug-eluting Intraluminal Devices, Percutaneous Approach", "037H37Z": "Dilation of Right Common Carotid Artery with Four or More Drug-eluting Intraluminal Devices, Percutaneous Approach", "037H3DZ": "Dilation of Right Common Carotid Artery with Intraluminal Device, Percutaneous Approach", "037H3EZ": "Dilation of Right Common Carotid Artery with Two Intraluminal Devices, Percutaneous Approach", "037H3FZ": "Dilation of Right Common Carotid Artery with Three Intraluminal Devices, Percutaneous Approach", "037H3GZ": "Dilation of Right Common Carotid Artery with Four or More Intraluminal Devices, Percutaneous Approach", "037H3ZZ": "Dilation of Right Common Carotid Artery, Percutaneous Approach", "037H44Z": "Dilation of Right Common Carotid Artery with Drug-eluting Intraluminal Device, Percutaneous Endoscopic Approach", "037H45Z": "Dilation of Right Common Carotid Artery with Two Drug-eluting Intraluminal Devices, Percutaneous Endoscopic Approach", "037H46Z": "Dilation of Right Common Carotid Artery with Three Drug-eluting Intraluminal Devices, Percutaneous Endoscopic Approach", "037H47Z": "Dilation of Right Common Carotid Artery with Four or More Drug-eluting Intraluminal Devices, Percutaneous Endoscopic Approach", "037H4DZ": "Dilation of Right Common Carotid Artery with Intraluminal Device, Percutaneous Endoscopic Approach", "037H4EZ": "Dilation of Right Common Carotid Artery with Two Intraluminal Devices, Percutaneous Endoscopic Approach", "037H4FZ": "Dilation of Right Common Carotid Artery with Three Intraluminal Devices, Percutaneous Endoscopic Approach", "037H4GZ": "Dilation of Right Common Carotid Artery with Four or More Intraluminal Devices, Percutaneous Endoscopic Approach", "037H4ZZ": "Dilation of Right Common Carotid Artery, Percutaneous Endoscopic Approach", "037J04Z": "Dilation of Left Common Carotid Artery with Drug-eluting Intraluminal Device, Open Approach", "037J05Z": "Dilation of Left Common Carotid Artery with Two Drug-eluting Intraluminal Devices, Open Approach", "037J06Z": "Dilation of Left Common Carotid Artery with Three Drug-eluting Intraluminal Devices, Open Approach", "037J07Z": "Dilation of Left Common Carotid Artery with Four or More Drug-eluting Intraluminal Devices, Open Approach", "037J0DZ": "Dilation of Left Common Carotid Artery with Intraluminal Device, Open Approach", "037J0EZ": "Dilation of Left Common Carotid Artery with Two Intraluminal Devices, Open Approach", "037J0FZ": "Dilation of Left Common Carotid Artery with Three Intraluminal Devices, Open Approach", "037J0GZ": "Dilation of Left Common Carotid Artery with Four or More Intraluminal Devices, Open Approach", "037J0ZZ": "Dilation of Left Common Carotid Artery, Open Approach", "037J34Z": "Dilation of Left Common Carotid Artery with Drug-eluting Intraluminal Device, Percutaneous Approach", "037J35Z": "Dilation of Left Common Carotid Artery with Two Drug-eluting Intraluminal Devices, Percutaneous Approach", "037J36Z": "Dilation of Left Common Carotid Artery with Three Drug-eluting Intraluminal Devices, Percutaneous Approach", "037J37Z": "Dilation of Left Common Carotid Artery with Four or More Drug-eluting Intraluminal Devices, Percutaneous Approach", "037J3DZ": "Dilation of Left Common Carotid Artery with Intraluminal Device, Percutaneous Approach", "037J3EZ": "Dilation of Left Common Carotid Artery with Two Intraluminal Devices, Percutaneous Approach", "037J3FZ": "Dilation of Left Common Carotid Artery with Three Intraluminal Devices, Percutaneous Approach", "037J3GZ": "Dilation of Left Common Carotid Artery with Four or More Intraluminal Devices, Percutaneous Approach", "037J3ZZ": "Dilation of Left Common Carotid Artery, Percutaneous Approach", "037J44Z": "Dilation of Left Common Carotid Artery with Drug-eluting Intraluminal Device, Percutaneous Endoscopic Approach", "037J45Z": "Dilation of Left Common Carotid Artery with Two Drug-eluting Intraluminal Devices, Percutaneous Endoscopic Approach", "037J46Z": "Dilation of Left Common Carotid Artery with Three Drug-eluting Intraluminal Devices, Percutaneous Endoscopic Approach", "037J47Z": "Dilation of Left Common Carotid Artery with Four or More Drug-eluting Intraluminal Devices, Percutaneous Endoscopic Approach", "037J4DZ": "Dilation of Left Common Carotid Artery with Intraluminal Device, Percutaneous Endoscopic Approach", "037J4EZ": "Dilation of Left Common Carotid Artery with Two Intraluminal Devices, Percutaneous Endoscopic Approach", "037J4FZ": "Dilation of Left Common Carotid Artery with Three Intraluminal Devices, Percutaneous Endoscopic Approach", "037J4GZ": "Dilation of Left Common Carotid Artery with Four or More Intraluminal Devices, Percutaneous Endoscopic Approach", "037J4ZZ": "Dilation of Left Common Carotid Artery, Percutaneous Endoscopic Approach", "037K04Z": "Dilation of Right Internal Carotid Artery with Drug-eluting Intraluminal Device, Open Approach", "037K05Z": "Dilation of Right Internal Carotid Artery with Two Drug-eluting Intraluminal Devices, Open Approach", "037K06Z": "Dilation of Right Internal Carotid Artery with Three Drug-eluting Intraluminal Devices, Open Approach", "037K07Z": "Dilation of Right Internal Carotid Artery with Four or More Drug-eluting Intraluminal Devices, Open Approach", "037K0DZ": "Dilation of Right Internal Carotid Artery with Intraluminal Device, Open Approach", "037K0EZ": "Dilation of Right Internal Carotid Artery with Two Intraluminal Devices, Open Approach", "037K0FZ": "Dilation of Right Internal Carotid Artery with Three Intraluminal Devices, Open Approach", "037K0GZ": "Dilation of Right Internal Carotid Artery with Four or More Intraluminal Devices, Open Approach", "037K0ZZ": "Dilation of Right Internal Carotid Artery, Open Approach", "037K34Z": "Dilation of Right Internal Carotid Artery with Drug-eluting Intraluminal Device, Percutaneous Approach", "037K35Z": "Dilation of Right Internal Carotid Artery with Two Drug-eluting Intraluminal Devices, Percutaneous Approach", "037K36Z": "Dilation of Right Internal Carotid Artery with Three Drug-eluting Intraluminal Devices, Percutaneous Approach", "037K37Z": "Dilation of Right Internal Carotid Artery with Four or More Drug-eluting Intraluminal Devices, Percutaneous Approach", "037K3DZ": "Dilation of Right Internal Carotid Artery with Intraluminal Device, Percutaneous Approach", "037K3EZ": "Dilation of Right Internal Carotid Artery with Two Intraluminal Devices, Percutaneous Approach", "037K3FZ": "Dilation of Right Internal Carotid Artery with Three Intraluminal Devices, Percutaneous Approach", "037K3GZ": "Dilation of Right Internal Carotid Artery with Four or More Intraluminal Devices, Percutaneous Approach", "037K3ZZ": "Dilation of Right Internal Carotid Artery, Percutaneous Approach", "037K44Z": "Dilation of Right Internal Carotid Artery with Drug-eluting Intraluminal Device, Percutaneous Endoscopic Approach", "037K45Z": "Dilation of Right Internal Carotid Artery with Two Drug-eluting Intraluminal Devices, Percutaneous Endoscopic Approach", "037K46Z": "Dilation of Right Internal Carotid Artery with Three Drug-eluting Intraluminal Devices, Percutaneous Endoscopic Approach", "037K47Z": "Dilation of Right Internal Carotid Artery with Four or More Drug-eluting Intraluminal Devices, Percutaneous Endoscopic Approach", "037K4DZ": "Dilation of Right Internal Carotid Artery with Intraluminal Device, Percutaneous Endoscopic Approach", "037K4EZ": "Dilation of Right Internal Carotid Artery with Two Intraluminal Devices, Percutaneous Endoscopic Approach", "037K4FZ": "Dilation of Right Internal Carotid Artery with Three Intraluminal Devices, Percutaneous Endoscopic Approach", "037K4GZ": "Dilation of Right Internal Carotid Artery with Four or More Intraluminal Devices, Percutaneous Endoscopic Approach", "037K4ZZ": "Dilation of Right Internal Carotid Artery, Percutaneous Endoscopic Approach", "037L04Z": "Dilation of Left Internal Carotid Artery with Drug-eluting Intraluminal Device, Open Approach", "037L05Z": "Dilation of Left Internal Carotid Artery with Two Drug-eluting Intraluminal Devices, Open Approach", "037L06Z": "Dilation of Left Internal Carotid Artery with Three Drug-eluting Intraluminal Devices, Open Approach", "037L07Z": "Dilation of Left Internal Carotid Artery with Four or More Drug-eluting Intraluminal Devices, Open Approach", "037L0DZ": "Dilation of Left Internal Carotid Artery with Intraluminal Device, Open Approach", "037L0EZ": "Dilation of Left Internal Carotid Artery with Two Intraluminal Devices, Open Approach", "037L0FZ": "Dilation of Left Internal Carotid Artery with Three Intraluminal Devices, Open Approach", "037L0GZ": "Dilation of Left Internal Carotid Artery with Four or More Intraluminal Devices, Open Approach", "037L0ZZ": "Dilation of Left Internal Carotid Artery, Open Approach", "037L34Z": "Dilation of Left Internal Carotid Artery with Drug-eluting Intraluminal Device, Percutaneous Approach", "037L35Z": "Dilation of Left Internal Carotid Artery with Two Drug-eluting Intraluminal Devices, Percutaneous Approach", "037L36Z": "Dilation of Left Internal Carotid Artery with Three Drug-eluting Intraluminal Devices, Percutaneous Approach", "037L37Z": "Dilation of Left Internal Carotid Artery with Four or More Drug-eluting Intraluminal Devices, Percutaneous Approach", "037L3DZ": "Dilation of Left Internal Carotid Artery with Intraluminal Device, Percutaneous Approach", "037L3EZ": "Dilation of Left Internal Carotid Artery with Two Intraluminal Devices, Percutaneous Approach", "037L3FZ": "Dilation of Left Internal Carotid Artery with Three Intraluminal Devices, Percutaneous Approach", "037L3GZ": "Dilation of Left Internal Carotid Artery with Four or More Intraluminal Devices, Percutaneous Approach", "037L3ZZ": "Dilation of Left Internal Carotid Artery, Percutaneous Approach", "037L44Z": "Dilation of Left Internal Carotid Artery with Drug-eluting Intraluminal Device, Percutaneous Endoscopic Approach", "037L45Z": "Dilation of Left Internal Carotid Artery with Two Drug-eluting Intraluminal Devices, Percutaneous Endoscopic Approach", "037L46Z": "Dilation of Left Internal Carotid Artery with Three Drug-eluting Intraluminal Devices, Percutaneous Endoscopic Approach", "037L47Z": "Dilation of Left Internal Carotid Artery with Four or More Drug-eluting Intraluminal Devices, Percutaneous Endoscopic Approach", "037L4DZ": "Dilation of Left Internal Carotid Artery with Intraluminal Device, Percutaneous Endoscopic Approach", "037L4EZ": "Dilation of Left Internal Carotid Artery with Two Intraluminal Devices, Percutaneous Endoscopic Approach", "037L4FZ": "Dilation of Left Internal Carotid Artery with Three Intraluminal Devices, Percutaneous Endoscopic Approach", "037L4GZ": "Dilation of Left Internal Carotid Artery with Four or More Intraluminal Devices, Percutaneous Endoscopic Approach", "037L4ZZ": "Dilation of Left Internal Carotid Artery, Percutaneous Endoscopic Approach", "037M04Z": "Dilation of Right External Carotid Artery with Drug-eluting Intraluminal Device, Open Approach", "037M05Z": "Dilation of Right External Carotid Artery with Two Drug-eluting Intraluminal Devices, Open Approach", "037M06Z": "Dilation of Right External Carotid Artery with Three Drug-eluting Intraluminal Devices, Open Approach", "037M07Z": "Dilation of Right External Carotid Artery with Four or More Drug-eluting Intraluminal Devices, Open Approach", "037M0DZ": "Dilation of Right External Carotid Artery with Intraluminal Device, Open Approach", "037M0EZ": "Dilation of Right External Carotid Artery with Two Intraluminal Devices, Open Approach", "037M0FZ": "Dilation of Right External Carotid Artery with Three Intraluminal Devices, Open Approach", "037M0GZ": "Dilation of Right External Carotid Artery with Four or More Intraluminal Devices, Open Approach", "037M0ZZ": "Dilation of Right External Carotid Artery, Open Approach", "037M34Z": "Dilation of Right External Carotid Artery with Drug-eluting Intraluminal Device, Percutaneous Approach", "037M35Z": "Dilation of Right External Carotid Artery with Two Drug-eluting Intraluminal Devices, Percutaneous Approach", "037M36Z": "Dilation of Right External Carotid Artery with Three Drug-eluting Intraluminal Devices, Percutaneous Approach", "037M37Z": "Dilation of Right External Carotid Artery with Four or More Drug-eluting Intraluminal Devices, Percutaneous Approach", "037M3DZ": "Dilation of Right External Carotid Artery with Intraluminal Device, Percutaneous Approach", "037M3EZ": "Dilation of Right External Carotid Artery with Two Intraluminal Devices, Percutaneous Approach", "037M3FZ": "Dilation of Right External Carotid Artery with Three Intraluminal Devices, Percutaneous Approach", "037M3GZ": "Dilation of Right External Carotid Artery with Four or More Intraluminal Devices, Percutaneous Approach", "037M3ZZ": "Dilation of Right External Carotid Artery, Percutaneous Approach", "037M44Z": "Dilation of Right External Carotid Artery with Drug-eluting Intraluminal Device, Percutaneous Endoscopic Approach", "037M45Z": "Dilation of Right External Carotid Artery with Two Drug-eluting Intraluminal Devices, Percutaneous Endoscopic Approach", "037M46Z": "Dilation of Right External Carotid Artery with Three Drug-eluting Intraluminal Devices, Percutaneous Endoscopic Approach", "037M47Z": "Dilation of Right External Carotid Artery with Four or More Drug-eluting Intraluminal Devices, Percutaneous Endoscopic Approach", "037M4DZ": "Dilation of Right External Carotid Artery with Intraluminal Device, Percutaneous Endoscopic Approach", "037M4EZ": "Dilation of Right External Carotid Artery with Two Intraluminal Devices, Percutaneous Endoscopic Approach", "037M4FZ": "Dilation of Right External Carotid Artery with Three Intraluminal Devices, Percutaneous Endoscopic Approach", "037M4GZ": "Dilation of Right External Carotid Artery with Four or More Intraluminal Devices, Percutaneous Endoscopic Approach", "037M4ZZ": "Dilation of Right External Carotid Artery, Percutaneous Endoscopic Approach", "037N04Z": "Dilation of Left External Carotid Artery with Drug-eluting Intraluminal Device, Open Approach", "037N05Z": "Dilation of Left External Carotid Artery with Two Drug-eluting Intraluminal Devices, Open Approach", "037N06Z": "Dilation of Left External Carotid Artery with Three Drug-eluting Intraluminal Devices, Open Approach", "037N07Z": "Dilation of Left External Carotid Artery with Four or More Drug-eluting Intraluminal Devices, Open Approach", "037N0DZ": "Dilation of Left External Carotid Artery with Intraluminal Device, Open Approach", "037N0EZ": "Dilation of Left External Carotid Artery with Two Intraluminal Devices, Open Approach", "037N0FZ": "Dilation of Left External Carotid Artery with Three Intraluminal Devices, Open Approach", "037N0GZ": "Dilation of Left External Carotid Artery with Four or More Intraluminal Devices, Open Approach", "037N0ZZ": "Dilation of Left External Carotid Artery, Open Approach", "037N34Z": "Dilation of Left External Carotid Artery with Drug-eluting Intraluminal Device, Percutaneous Approach", "037N35Z": "Dilation of Left External Carotid Artery with Two Drug-eluting Intraluminal Devices, Percutaneous Approach", "037N36Z": "Dilation of Left External Carotid Artery with Three Drug-eluting Intraluminal Devices, Percutaneous Approach", "037N37Z": "Dilation of Left External Carotid Artery with Four or More Drug-eluting Intraluminal Devices, Percutaneous Approach", "037N3DZ": "Dilation of Left External Carotid Artery with Intraluminal Device, Percutaneous Approach", "037N3EZ": "Dilation of Left External Carotid Artery with Two Intraluminal Devices, Percutaneous Approach", "037N3FZ": "Dilation of Left External Carotid Artery with Three Intraluminal Devices, Percutaneous Approach", "037N3GZ": "Dilation of Left External Carotid Artery with Four or More Intraluminal Devices, Percutaneous Approach", "037N3ZZ": "Dilation of Left External Carotid Artery, Percutaneous Approach", "037N44Z": "Dilation of Left External Carotid Artery with Drug-eluting Intraluminal Device, Percutaneous Endoscopic Approach", "037N45Z": "Dilation of Left External Carotid Artery with Two Drug-eluting Intraluminal Devices, Percutaneous Endoscopic Approach", "037N46Z": "Dilation of Left External Carotid Artery with Three Drug-eluting Intraluminal Devices, Percutaneous Endoscopic Approach", "037N47Z": "Dilation of Left External Carotid Artery with Four or More Drug-eluting Intraluminal Devices, Percutaneous Endoscopic Approach", "037N4DZ": "Dilation of Left External Carotid Artery with Intraluminal Device, Percutaneous Endoscopic Approach", "037N4EZ": "Dilation of Left External Carotid Artery with Two Intraluminal Devices, Percutaneous Endoscopic Approach", "037N4FZ": "Dilation of Left External Carotid Artery with Three Intraluminal Devices, Percutaneous Endoscopic Approach", "037N4GZ": "Dilation of Left External Carotid Artery with Four or More Intraluminal Devices, Percutaneous Endoscopic Approach", "037N4ZZ": "Dilation of Left External Carotid Artery, Percutaneous Endoscopic Approach", "037P04Z": "Dilation of Right Vertebral Artery with Drug-eluting Intraluminal Device, Open Approach", "037P05Z": "Dilation of Right Vertebral Artery with Two Drug-eluting Intraluminal Devices, Open Approach", "037P06Z": "Dilation of Right Vertebral Artery with Three Drug-eluting Intraluminal Devices, Open Approach", "037P07Z": "Dilation of Right Vertebral Artery with Four or More Drug-eluting Intraluminal Devices, Open Approach", "037P0DZ": "Dilation of Right Vertebral Artery with Intraluminal Device, Open Approach", "037P0EZ": "Dilation of Right Vertebral Artery with Two Intraluminal Devices, Open Approach", "037P0FZ": "Dilation of Right Vertebral Artery with Three Intraluminal Devices, Open Approach", "037P0GZ": "Dilation of Right Vertebral Artery with Four or More Intraluminal Devices, Open Approach", "037P0ZZ": "Dilation of Right Vertebral Artery, Open Approach", "037P34Z": "Dilation of Right Vertebral Artery with Drug-eluting Intraluminal Device, Percutaneous Approach", "037P35Z": "Dilation of Right Vertebral Artery with Two Drug-eluting Intraluminal Devices, Percutaneous Approach", "037P36Z": "Dilation of Right Vertebral Artery with Three Drug-eluting Intraluminal Devices, Percutaneous Approach", "037P37Z": "Dilation of Right Vertebral Artery with Four or More Drug-eluting Intraluminal Devices, Percutaneous Approach", "037P3DZ": "Dilation of Right Vertebral Artery with Intraluminal Device, Percutaneous Approach", "037P3EZ": "Dilation of Right Vertebral Artery with Two Intraluminal Devices, Percutaneous Approach", "037P3FZ": "Dilation of Right Vertebral Artery with Three Intraluminal Devices, Percutaneous Approach", "037P3GZ": "Dilation of Right Vertebral Artery with Four or More Intraluminal Devices, Percutaneous Approach", "037P3ZZ": "Dilation of Right Vertebral Artery, Percutaneous Approach", "037P44Z": "Dilation of Right Vertebral Artery with Drug-eluting Intraluminal Device, Percutaneous Endoscopic Approach", "037P45Z": "Dilation of Right Vertebral Artery with Two Drug-eluting Intraluminal Devices, Percutaneous Endoscopic Approach", "037P46Z": "Dilation of Right Vertebral Artery with Three Drug-eluting Intraluminal Devices, Percutaneous Endoscopic Approach", "037P47Z": "Dilation of Right Vertebral Artery with Four or More Drug-eluting Intraluminal Devices, Percutaneous Endoscopic Approach", "037P4DZ": "Dilation of Right Vertebral Artery with Intraluminal Device, Percutaneous Endoscopic Approach", "037P4EZ": "Dilation of Right Vertebral Artery with Two Intraluminal Devices, Percutaneous Endoscopic Approach", "037P4FZ": "Dilation of Right Vertebral Artery with Three Intraluminal Devices, Percutaneous Endoscopic Approach", "037P4GZ": "Dilation of Right Vertebral Artery with Four or More Intraluminal Devices, Percutaneous Endoscopic Approach", "037P4ZZ": "Dilation of Right Vertebral Artery, Percutaneous Endoscopic Approach", "037Q04Z": "Dilation of Left Vertebral Artery with Drug-eluting Intraluminal Device, Open Approach", "037Q05Z": "Dilation of Left Vertebral Artery with Two Drug-eluting Intraluminal Devices, Open Approach", "037Q06Z": "Dilation of Left Vertebral Artery with Three Drug-eluting Intraluminal Devices, Open Approach", "037Q07Z": "Dilation of Left Vertebral Artery with Four or More Drug-eluting Intraluminal Devices, Open Approach", "037Q0DZ": "Dilation of Left Vertebral Artery with Intraluminal Device, Open Approach", "037Q0EZ": "Dilation of Left Vertebral Artery with Two Intraluminal Devices, Open Approach", "037Q0FZ": "Dilation of Left Vertebral Artery with Three Intraluminal Devices, Open Approach", "037Q0GZ": "Dilation of Left Vertebral Artery with Four or More Intraluminal Devices, Open Approach", "037Q0ZZ": "Dilation of Left Vertebral Artery, Open Approach", "037Q34Z": "Dilation of Left Vertebral Artery with Drug-eluting Intraluminal Device, Percutaneous Approach", "037Q35Z": "Dilation of Left Vertebral Artery with Two Drug-eluting Intraluminal Devices, Percutaneous Approach", "037Q36Z": "Dilation of Left Vertebral Artery with Three Drug-eluting Intraluminal Devices, Percutaneous Approach", "037Q37Z": "Dilation of Left Vertebral Artery with Four or More Drug-eluting Intraluminal Devices, Percutaneous Approach", "037Q3DZ": "Dilation of Left Vertebral Artery with Intraluminal Device, Percutaneous Approach", "037Q3EZ": "Dilation of Left Vertebral Artery with Two Intraluminal Devices, Percutaneous Approach", "037Q3FZ": "Dilation of Left Vertebral Artery with Three Intraluminal Devices, Percutaneous Approach", "037Q3GZ": "Dilation of Left Vertebral Artery with Four or More Intraluminal Devices, Percutaneous Approach", "037Q3ZZ": "Dilation of Left Vertebral Artery, Percutaneous Approach", "037Q44Z": "Dilation of Left Vertebral Artery with Drug-eluting Intraluminal Device, Percutaneous Endoscopic Approach", "037Q45Z": "Dilation of Left Vertebral Artery with Two Drug-eluting Intraluminal Devices, Percutaneous Endoscopic Approach", "037Q46Z": "Dilation of Left Vertebral Artery with Three Drug-eluting Intraluminal Devices, Percutaneous Endoscopic Approach", "037Q47Z": "Dilation of Left Vertebral Artery with Four or More Drug-eluting Intraluminal Devices, Percutaneous Endoscopic Approach", "037Q4DZ": "Dilation of Left Vertebral Artery with Intraluminal Device, Percutaneous Endoscopic Approach", "037Q4EZ": "Dilation of Left Vertebral Artery with Two Intraluminal Devices, Percutaneous Endoscopic Approach", "037Q4FZ": "Dilation of Left Vertebral Artery with Three Intraluminal Devices, Percutaneous Endoscopic Approach", "037Q4GZ": "Dilation of Left Vertebral Artery with Four or More Intraluminal Devices, Percutaneous Endoscopic Approach", "037Q4ZZ": "Dilation of Left Vertebral Artery, Percutaneous Endoscopic Approach", "037R04Z": "Dilation of Face Artery with Drug-eluting Intraluminal Device, Open Approach", "037R05Z": "Dilation of Face Artery with Two Drug-eluting Intraluminal Devices, Open Approach", "037R06Z": "Dilation of Face Artery with Three Drug-eluting Intraluminal Devices, Open Approach", "037R07Z": "Dilation of Face Artery with Four or More Drug-eluting Intraluminal Devices, Open Approach", "037R0DZ": "Dilation of Face Artery with Intraluminal Device, Open Approach", "037R0EZ": "Dilation of Face Artery with Two Intraluminal Devices, Open Approach", "037R0FZ": "Dilation of Face Artery with Three Intraluminal Devices, Open Approach", "037R0GZ": "Dilation of Face Artery with Four or More Intraluminal Devices, Open Approach", "037R0ZZ": "Dilation of Face Artery, Open Approach", "037R34Z": "Dilation of Face Artery with Drug-eluting Intraluminal Device, Percutaneous Approach", "037R35Z": "Dilation of Face Artery with Two Drug-eluting Intraluminal Devices, Percutaneous Approach", "037R36Z": "Dilation of Face Artery with Three Drug-eluting Intraluminal Devices, Percutaneous Approach", "037R37Z": "Dilation of Face Artery with Four or More Drug-eluting Intraluminal Devices, Percutaneous Approach", "037R3DZ": "Dilation of Face Artery with Intraluminal Device, Percutaneous Approach", "037R3EZ": "Dilation of Face Artery with Two Intraluminal Devices, Percutaneous Approach", "037R3FZ": "Dilation of Face Artery with Three Intraluminal Devices, Percutaneous Approach", "037R3GZ": "Dilation of Face Artery with Four or More Intraluminal Devices, Percutaneous Approach", "037R3ZZ": "Dilation of Face Artery, Percutaneous Approach", "037R44Z": "Dilation of Face Artery with Drug-eluting Intraluminal Device, Percutaneous Endoscopic Approach", "037R45Z": "Dilation of Face Artery with Two Drug-eluting Intraluminal Devices, Percutaneous Endoscopic Approach", "037R46Z": "Dilation of Face Artery with Three Drug-eluting Intraluminal Devices, Percutaneous Endoscopic Approach", "037R47Z": "Dilation of Face Artery with Four or More Drug-eluting Intraluminal Devices, Percutaneous Endoscopic Approach", "037R4DZ": "Dilation of Face Artery with Intraluminal Device, Percutaneous Endoscopic Approach", "037R4EZ": "Dilation of Face Artery with Two Intraluminal Devices, Percutaneous Endoscopic Approach", "037R4FZ": "Dilation of Face Artery with Three Intraluminal Devices, Percutaneous Endoscopic Approach", "037R4GZ": "Dilation of Face Artery with Four or More Intraluminal Devices, Percutaneous Endoscopic Approach", "037R4ZZ": "Dilation of Face Artery, Percutaneous Endoscopic Approach", "037S04Z": "Dilation of Right Temporal Artery with Drug-eluting Intraluminal Device, Open Approach", "037S05Z": "Dilation of Right Temporal Artery with Two Drug-eluting Intraluminal Devices, Open Approach", "037S06Z": "Dilation of Right Temporal Artery with Three Drug-eluting Intraluminal Devices, Open Approach", "037S07Z": "Dilation of Right Temporal Artery with Four or More Drug-eluting Intraluminal Devices, Open Approach", "037S0DZ": "Dilation of Right Temporal Artery with Intraluminal Device, Open Approach", "037S0EZ": "Dilation of Right Temporal Artery with Two Intraluminal Devices, Open Approach", "037S0FZ": "Dilation of Right Temporal Artery with Three Intraluminal Devices, Open Approach", "037S0GZ": "Dilation of Right Temporal Artery with Four or More Intraluminal Devices, Open Approach", "037S0ZZ": "Dilation of Right Temporal Artery, Open Approach", "037S34Z": "Dilation of Right Temporal Artery with Drug-eluting Intraluminal Device, Percutaneous Approach", "037S35Z": "Dilation of Right Temporal Artery with Two Drug-eluting Intraluminal Devices, Percutaneous Approach", "037S36Z": "Dilation of Right Temporal Artery with Three Drug-eluting Intraluminal Devices, Percutaneous Approach", "037S37Z": "Dilation of Right Temporal Artery with Four or More Drug-eluting Intraluminal Devices, Percutaneous Approach", "037S3DZ": "Dilation of Right Temporal Artery with Intraluminal Device, Percutaneous Approach", "037S3EZ": "Dilation of Right Temporal Artery with Two Intraluminal Devices, Percutaneous Approach", "037S3FZ": "Dilation of Right Temporal Artery with Three Intraluminal Devices, Percutaneous Approach", "037S3GZ": "Dilation of Right Temporal Artery with Four or More Intraluminal Devices, Percutaneous Approach", "037S3ZZ": "Dilation of Right Temporal Artery, Percutaneous Approach", "037S44Z": "Dilation of Right Temporal Artery with Drug-eluting Intraluminal Device, Percutaneous Endoscopic Approach", "037S45Z": "Dilation of Right Temporal Artery with Two Drug-eluting Intraluminal Devices, Percutaneous Endoscopic Approach", "037S46Z": "Dilation of Right Temporal Artery with Three Drug-eluting Intraluminal Devices, Percutaneous Endoscopic Approach", "037S47Z": "Dilation of Right Temporal Artery with Four or More Drug-eluting Intraluminal Devices, Percutaneous Endoscopic Approach", "037S4DZ": "Dilation of Right Temporal Artery with Intraluminal Device, Percutaneous Endoscopic Approach", "037S4EZ": "Dilation of Right Temporal Artery with Two Intraluminal Devices, Percutaneous Endoscopic Approach", "037S4FZ": "Dilation of Right Temporal Artery with Three Intraluminal Devices, Percutaneous Endoscopic Approach", "037S4GZ": "Dilation of Right Temporal Artery with Four or More Intraluminal Devices, Percutaneous Endoscopic Approach", "037S4ZZ": "Dilation of Right Temporal Artery, Percutaneous Endoscopic Approach", "037T04Z": "Dilation of Left Temporal Artery with Drug-eluting Intraluminal Device, Open Approach", "037T05Z": "Dilation of Left Temporal Artery with Two Drug-eluting Intraluminal Devices, Open Approach", "037T06Z": "Dilation of Left Temporal Artery with Three Drug-eluting Intraluminal Devices, Open Approach", "037T07Z": "Dilation of Left Temporal Artery with Four or More Drug-eluting Intraluminal Devices, Open Approach", "037T0DZ": "Dilation of Left Temporal Artery with Intraluminal Device, Open Approach", "037T0EZ": "Dilation of Left Temporal Artery with Two Intraluminal Devices, Open Approach", "037T0FZ": "Dilation of Left Temporal Artery with Three Intraluminal Devices, Open Approach", "037T0GZ": "Dilation of Left Temporal Artery with Four or More Intraluminal Devices, Open Approach", "037T0ZZ": "Dilation of Left Temporal Artery, Open Approach", "037T34Z": "Dilation of Left Temporal Artery with Drug-eluting Intraluminal Device, Percutaneous Approach", "037T35Z": "Dilation of Left Temporal Artery with Two Drug-eluting Intraluminal Devices, Percutaneous Approach", "037T36Z": "Dilation of Left Temporal Artery with Three Drug-eluting Intraluminal Devices, Percutaneous Approach", "037T37Z": "Dilation of Left Temporal Artery with Four or More Drug-eluting Intraluminal Devices, Percutaneous Approach", "037T3DZ": "Dilation of Left Temporal Artery with Intraluminal Device, Percutaneous Approach", "037T3EZ": "Dilation of Left Temporal Artery with Two Intraluminal Devices, Percutaneous Approach", "037T3FZ": "Dilation of Left Temporal Artery with Three Intraluminal Devices, Percutaneous Approach", "037T3GZ": "Dilation of Left Temporal Artery with Four or More Intraluminal Devices, Percutaneous Approach", "037T3ZZ": "Dilation of Left Temporal Artery, Percutaneous Approach", "037T44Z": "Dilation of Left Temporal Artery with Drug-eluting Intraluminal Device, Percutaneous Endoscopic Approach", "037T45Z": "Dilation of Left Temporal Artery with Two Drug-eluting Intraluminal Devices, Percutaneous Endoscopic Approach", "037T46Z": "Dilation of Left Temporal Artery with Three Drug-eluting Intraluminal Devices, Percutaneous Endoscopic Approach", "037T47Z": "Dilation of Left Temporal Artery with Four or More Drug-eluting Intraluminal Devices, Percutaneous Endoscopic Approach", "037T4DZ": "Dilation of Left Temporal Artery with Intraluminal Device, Percutaneous Endoscopic Approach", "037T4EZ": "Dilation of Left Temporal Artery with Two Intraluminal Devices, Percutaneous Endoscopic Approach", "037T4FZ": "Dilation of Left Temporal Artery with Three Intraluminal Devices, Percutaneous Endoscopic Approach", "037T4GZ": "Dilation of Left Temporal Artery with Four or More Intraluminal Devices, Percutaneous Endoscopic Approach", "037T4ZZ": "Dilation of Left Temporal Artery, Percutaneous Endoscopic Approach", "037U04Z": "Dilation of Right Thyroid Artery with Drug-eluting Intraluminal Device, Open Approach", "037U05Z": "Dilation of Right Thyroid Artery with Two Drug-eluting Intraluminal Devices, Open Approach", "037U06Z": "Dilation of Right Thyroid Artery with Three Drug-eluting Intraluminal Devices, Open Approach", "037U07Z": "Dilation of Right Thyroid Artery with Four or More Drug-eluting Intraluminal Devices, Open Approach", "037U0DZ": "Dilation of Right Thyroid Artery with Intraluminal Device, Open Approach", "037U0EZ": "Dilation of Right Thyroid Artery with Two Intraluminal Devices, Open Approach", "037U0FZ": "Dilation of Right Thyroid Artery with Three Intraluminal Devices, Open Approach", "037U0GZ": "Dilation of Right Thyroid Artery with Four or More Intraluminal Devices, Open Approach", "037U0ZZ": "Dilation of Right Thyroid Artery, Open Approach", "037U34Z": "Dilation of Right Thyroid Artery with Drug-eluting Intraluminal Device, Percutaneous Approach", "037U35Z": "Dilation of Right Thyroid Artery with Two Drug-eluting Intraluminal Devices, Percutaneous Approach", "037U36Z": "Dilation of Right Thyroid Artery with Three Drug-eluting Intraluminal Devices, Percutaneous Approach", "037U37Z": "Dilation of Right Thyroid Artery with Four or More Drug-eluting Intraluminal Devices, Percutaneous Approach", "037U3DZ": "Dilation of Right Thyroid Artery with Intraluminal Device, Percutaneous Approach", "037U3EZ": "Dilation of Right Thyroid Artery with Two Intraluminal Devices, Percutaneous Approach", "037U3FZ": "Dilation of Right Thyroid Artery with Three Intraluminal Devices, Percutaneous Approach", "037U3GZ": "Dilation of Right Thyroid Artery with Four or More Intraluminal Devices, Percutaneous Approach", "037U3ZZ": "Dilation of Right Thyroid Artery, Percutaneous Approach", "037U44Z": "Dilation of Right Thyroid Artery with Drug-eluting Intraluminal Device, Percutaneous Endoscopic Approach", "037U45Z": "Dilation of Right Thyroid Artery with Two Drug-eluting Intraluminal Devices, Percutaneous Endoscopic Approach", "037U46Z": "Dilation of Right Thyroid Artery with Three Drug-eluting Intraluminal Devices, Percutaneous Endoscopic Approach", "037U47Z": "Dilation of Right Thyroid Artery with Four or More Drug-eluting Intraluminal Devices, Percutaneous Endoscopic Approach", "037U4DZ": "Dilation of Right Thyroid Artery with Intraluminal Device, Percutaneous Endoscopic Approach", "037U4EZ": "Dilation of Right Thyroid Artery with Two Intraluminal Devices, Percutaneous Endoscopic Approach", "037U4FZ": "Dilation of Right Thyroid Artery with Three Intraluminal Devices, Percutaneous Endoscopic Approach", "037U4GZ": "Dilation of Right Thyroid Artery with Four or More Intraluminal Devices, Percutaneous Endoscopic Approach", "037U4ZZ": "Dilation of Right Thyroid Artery, Percutaneous Endoscopic Approach", "037V04Z": "Dilation of Left Thyroid Artery with Drug-eluting Intraluminal Device, Open Approach", "037V05Z": "Dilation of Left Thyroid Artery with Two Drug-eluting Intraluminal Devices, Open Approach", "037V06Z": "Dilation of Left Thyroid Artery with Three Drug-eluting Intraluminal Devices, Open Approach", "037V07Z": "Dilation of Left Thyroid Artery with Four or More Drug-eluting Intraluminal Devices, Open Approach", "037V0DZ": "Dilation of Left Thyroid Artery with Intraluminal Device, Open Approach", "037V0EZ": "Dilation of Left Thyroid Artery with Two Intraluminal Devices, Open Approach", "037V0FZ": "Dilation of Left Thyroid Artery with Three Intraluminal Devices, Open Approach", "037V0GZ": "Dilation of Left Thyroid Artery with Four or More Intraluminal Devices, Open Approach", "037V0ZZ": "Dilation of Left Thyroid Artery, Open Approach", "037V34Z": "Dilation of Left Thyroid Artery with Drug-eluting Intraluminal Device, Percutaneous Approach", "037V35Z": "Dilation of Left Thyroid Artery with Two Drug-eluting Intraluminal Devices, Percutaneous Approach", "037V36Z": "Dilation of Left Thyroid Artery with Three Drug-eluting Intraluminal Devices, Percutaneous Approach", "037V37Z": "Dilation of Left Thyroid Artery with Four or More Drug-eluting Intraluminal Devices, Percutaneous Approach", "037V3DZ": "Dilation of Left Thyroid Artery with Intraluminal Device, Percutaneous Approach", "037V3EZ": "Dilation of Left Thyroid Artery with Two Intraluminal Devices, Percutaneous Approach", "037V3FZ": "Dilation of Left Thyroid Artery with Three Intraluminal Devices, Percutaneous Approach", "037V3GZ": "Dilation of Left Thyroid Artery with Four or More Intraluminal Devices, Percutaneous Approach", "037V3ZZ": "Dilation of Left Thyroid Artery, Percutaneous Approach", "037V44Z": "Dilation of Left Thyroid Artery with Drug-eluting Intraluminal Device, Percutaneous Endoscopic Approach", "037V45Z": "Dilation of Left Thyroid Artery with Two Drug-eluting Intraluminal Devices, Percutaneous Endoscopic Approach", "037V46Z": "Dilation of Left Thyroid Artery with Three Drug-eluting Intraluminal Devices, Percutaneous Endoscopic Approach", "037V47Z": "Dilation of Left Thyroid Artery with Four or More Drug-eluting Intraluminal Devices, Percutaneous Endoscopic Approach", "037V4DZ": "Dilation of Left Thyroid Artery with Intraluminal Device, Percutaneous Endoscopic Approach", "037V4EZ": "Dilation of Left Thyroid Artery with Two Intraluminal Devices, Percutaneous Endoscopic Approach", "037V4FZ": "Dilation of Left Thyroid Artery with Three Intraluminal Devices, Percutaneous Endoscopic Approach", "037V4GZ": "Dilation of Left Thyroid Artery with Four or More Intraluminal Devices, Percutaneous Endoscopic Approach", "037V4ZZ": "Dilation of Left Thyroid Artery, Percutaneous Endoscopic Approach", "037Y04Z": "Dilation of Upper Artery with Drug-eluting Intraluminal Device, Open Approach", "037Y05Z": "Dilation of Upper Artery with Two Drug-eluting Intraluminal Devices, Open Approach", "037Y06Z": "Dilation of Upper Artery with Three Drug-eluting Intraluminal Devices, Open Approach", "037Y07Z": "Dilation of Upper Artery with Four or More Drug-eluting Intraluminal Devices, Open Approach", "037Y0DZ": "Dilation of Upper Artery with Intraluminal Device, Open Approach", "037Y0EZ": "Dilation of Upper Artery with Two Intraluminal Devices, Open Approach", "037Y0FZ": "Dilation of Upper Artery with Three Intraluminal Devices, Open Approach", "037Y0GZ": "Dilation of Upper Artery with Four or More Intraluminal Devices, Open Approach", "037Y0ZZ": "Dilation of Upper Artery, Open Approach", "037Y34Z": "Dilation of Upper Artery with Drug-eluting Intraluminal Device, Percutaneous Approach", "037Y35Z": "Dilation of Upper Artery with Two Drug-eluting Intraluminal Devices, Percutaneous Approach", "037Y36Z": "Dilation of Upper Artery with Three Drug-eluting Intraluminal Devices, Percutaneous Approach", "037Y37Z": "Dilation of Upper Artery with Four or More Drug-eluting Intraluminal Devices, Percutaneous Approach", "037Y3DZ": "Dilation of Upper Artery with Intraluminal Device, Percutaneous Approach", "037Y3EZ": "Dilation of Upper Artery with Two Intraluminal Devices, Percutaneous Approach", "037Y3FZ": "Dilation of Upper Artery with Three Intraluminal Devices, Percutaneous Approach", "037Y3GZ": "Dilation of Upper Artery with Four or More Intraluminal Devices, Percutaneous Approach", "037Y3ZZ": "Dilation of Upper Artery, Percutaneous Approach", "037Y44Z": "Dilation of Upper Artery with Drug-eluting Intraluminal Device, Percutaneous Endoscopic Approach", "037Y45Z": "Dilation of Upper Artery with Two Drug-eluting Intraluminal Devices, Percutaneous Endoscopic Approach", "037Y46Z": "Dilation of Upper Artery with Three Drug-eluting Intraluminal Devices, Percutaneous Endoscopic Approach", "037Y47Z": "Dilation of Upper Artery with Four or More Drug-eluting Intraluminal Devices, Percutaneous Endoscopic Approach", "037Y4DZ": "Dilation of Upper Artery with Intraluminal Device, Percutaneous Endoscopic Approach", "037Y4EZ": "Dilation of Upper Artery with Two Intraluminal Devices, Percutaneous Endoscopic Approach", "037Y4FZ": "Dilation of Upper Artery with Three Intraluminal Devices, Percutaneous Endoscopic Approach", "037Y4GZ": "Dilation of Upper Artery with Four or More Intraluminal Devices, Percutaneous Endoscopic Approach", "037Y4ZZ": "Dilation of Upper Artery, Percutaneous Endoscopic Approach"}