{"03B": "Upper Arteries, Excision", "03B00ZX": "Excision of Right Internal Mammary Artery, Open Approach, Diagnostic", "03B00ZZ": "Excision of Right Internal Mammary Artery, Open Approach", "03B03ZX": "Excision of Right Internal Mammary Artery, Percutaneous Approach, Diagnostic", "03B03ZZ": "Excision of Right Internal Mammary Artery, Percutaneous Approach", "03B04ZX": "Excision of Right Internal Mammary Artery, Percutaneous Endoscopic Approach, Diagnostic", "03B04ZZ": "Excision of Right Internal Mammary Artery, Percutaneous Endoscopic Approach", "03B10ZX": "Excision of Left Internal Mammary Artery, Open Approach, Diagnostic", "03B10ZZ": "Excision of Left Internal Mammary Artery, Open Approach", "03B13ZX": "Excision of Left Internal Mammary Artery, Percutaneous Approach, Diagnostic", "03B13ZZ": "Excision of Left Internal Mammary Artery, Percutaneous Approach", "03B14ZX": "Excision of Left Internal Mammary Artery, Percutaneous Endoscopic Approach, Diagnostic", "03B14ZZ": "Excision of Left Internal Mammary Artery, Percutaneous Endoscopic Approach", "03B20ZX": "Excision of Innominate Artery, Open Approach, Diagnostic", "03B20ZZ": "Excision of Innominate Artery, Open Approach", "03B23ZX": "Excision of Innominate Artery, Percutaneous Approach, Diagnostic", "03B23ZZ": "Excision of Innominate Artery, Percutaneous Approach", "03B24ZX": "Excision of Innominate Artery, Percutaneous Endoscopic Approach, Diagnostic", "03B24ZZ": "Excision of Innominate Artery, Percutaneous Endoscopic Approach", "03B30ZX": "Excision of Right Subclavian Artery, Open Approach, Diagnostic", "03B30ZZ": "Excision of Right Subclavian Artery, Open Approach", "03B33ZX": "Excision of Right Subclavian Artery, Percutaneous Approach, Diagnostic", "03B33ZZ": "Excision of Right Subclavian Artery, Percutaneous Approach", "03B34ZX": "Excision of Right Subclavian Artery, Percutaneous Endoscopic Approach, Diagnostic", "03B34ZZ": "Excision of Right Subclavian Artery, Percutaneous Endoscopic Approach", "03B40ZX": "Excision of Left Subclavian Artery, Open Approach, Diagnostic", "03B40ZZ": "Excision of Left Subclavian Artery, Open Approach", "03B43ZX": "Excision of Left Subclavian Artery, Percutaneous Approach, Diagnostic", "03B43ZZ": "Excision of Left Subclavian Artery, Percutaneous Approach", "03B44ZX": "Excision of Left Subclavian Artery, Percutaneous Endoscopic Approach, Diagnostic", "03B44ZZ": "Excision of Left Subclavian Artery, Percutaneous Endoscopic Approach", "03B50ZX": "Excision of Right Axillary Artery, Open Approach, Diagnostic", "03B50ZZ": "Excision of Right Axillary Artery, Open Approach", "03B53ZX": "Excision of Right Axillary Artery, Percutaneous Approach, Diagnostic", "03B53ZZ": "Excision of Right Axillary Artery, Percutaneous Approach", "03B54ZX": "Excision of Right Axillary Artery, Percutaneous Endoscopic Approach, Diagnostic", "03B54ZZ": "Excision of Right Axillary Artery, Percutaneous Endoscopic Approach", "03B60ZX": "Excision of Left Axillary Artery, Open Approach, Diagnostic", "03B60ZZ": "Excision of Left Axillary Artery, Open Approach", "03B63ZX": "Excision of Left Axillary Artery, Percutaneous Approach, Diagnostic", "03B63ZZ": "Excision of Left Axillary Artery, Percutaneous Approach", "03B64ZX": "Excision of Left Axillary Artery, Percutaneous Endoscopic Approach, Diagnostic", "03B64ZZ": "Excision of Left Axillary Artery, Percutaneous Endoscopic Approach", "03B70ZX": "Excision of Right Brachial Artery, Open Approach, Diagnostic", "03B70ZZ": "Excision of Right Brachial Artery, Open Approach", "03B73ZX": "Excision of Right Brachial Artery, Percutaneous Approach, Diagnostic", "03B73ZZ": "Excision of Right Brachial Artery, Percutaneous Approach", "03B74ZX": "Excision of Right Brachial Artery, Percutaneous Endoscopic Approach, Diagnostic", "03B74ZZ": "Excision of Right Brachial Artery, Percutaneous Endoscopic Approach", "03B80ZX": "Excision of Left Brachial Artery, Open Approach, Diagnostic", "03B80ZZ": "Excision of Left Brachial Artery, Open Approach", "03B83ZX": "Excision of Left Brachial Artery, Percutaneous Approach, Diagnostic", "03B83ZZ": "Excision of Left Brachial Artery, Percutaneous Approach", "03B84ZX": "Excision of Left Brachial Artery, Percutaneous Endoscopic Approach, Diagnostic", "03B84ZZ": "Excision of Left Brachial Artery, Percutaneous Endoscopic Approach", "03B90ZX": "Excision of Right Ulnar Artery, Open Approach, Diagnostic", "03B90ZZ": "Excision of Right Ulnar Artery, Open Approach", "03B93ZX": "Excision of Right Ulnar Artery, Percutaneous Approach, Diagnostic", "03B93ZZ": "Excision of Right Ulnar Artery, Percutaneous Approach", "03B94ZX": "Excision of Right Ulnar Artery, Percutaneous Endoscopic Approach, Diagnostic", "03B94ZZ": "Excision of Right Ulnar Artery, Percutaneous Endoscopic Approach", "03BA0ZX": "Excision of Left Ulnar Artery, Open Approach, Diagnostic", "03BA0ZZ": "Excision of Left Ulnar Artery, Open Approach", "03BA3ZX": "Excision of Left Ulnar Artery, Percutaneous Approach, Diagnostic", "03BA3ZZ": "Excision of Left Ulnar Artery, Percutaneous Approach", "03BA4ZX": "Excision of Left Ulnar Artery, Percutaneous Endoscopic Approach, Diagnostic", "03BA4ZZ": "Excision of Left Ulnar Artery, Percutaneous Endoscopic Approach", "03BB0ZX": "Excision of Right Radial Artery, Open Approach, Diagnostic", "03BB0ZZ": "Excision of Right Radial Artery, Open Approach", "03BB3ZX": "Excision of Right Radial Artery, Percutaneous Approach, Diagnostic", "03BB3ZZ": "Excision of Right Radial Artery, Percutaneous Approach", "03BB4ZX": "Excision of Right Radial Artery, Percutaneous Endoscopic Approach, Diagnostic", "03BB4ZZ": "Excision of Right Radial Artery, Percutaneous Endoscopic Approach", "03BC0ZX": "Excision of Left Radial Artery, Open Approach, Diagnostic", "03BC0ZZ": "Excision of Left Radial Artery, Open Approach", "03BC3ZX": "Excision of Left Radial Artery, Percutaneous Approach, Diagnostic", "03BC3ZZ": "Excision of Left Radial Artery, Percutaneous Approach", "03BC4ZX": "Excision of Left Radial Artery, Percutaneous Endoscopic Approach, Diagnostic", "03BC4ZZ": "Excision of Left Radial Artery, Percutaneous Endoscopic Approach", "03BD0ZX": "Excision of Right Hand Artery, Open Approach, Diagnostic", "03BD0ZZ": "Excision of Right Hand Artery, Open Approach", "03BD3ZX": "Excision of Right Hand Artery, Percutaneous Approach, Diagnostic", "03BD3ZZ": "Excision of Right Hand Artery, Percutaneous Approach", "03BD4ZX": "Excision of Right Hand Artery, Percutaneous Endoscopic Approach, Diagnostic", "03BD4ZZ": "Excision of Right Hand Artery, Percutaneous Endoscopic Approach", "03BF0ZX": "Excision of Left Hand Artery, Open Approach, Diagnostic", "03BF0ZZ": "Excision of Left Hand Artery, Open Approach", "03BF3ZX": "Excision of Left Hand Artery, Percutaneous Approach, Diagnostic", "03BF3ZZ": "Excision of Left Hand Artery, Percutaneous Approach", "03BF4ZX": "Excision of Left Hand Artery, Percutaneous Endoscopic Approach, Diagnostic", "03BF4ZZ": "Excision of Left Hand Artery, Percutaneous Endoscopic Approach", "03BG0ZX": "Excision of Intracranial Artery, Open Approach, Diagnostic", "03BG0ZZ": "Excision of Intracranial Artery, Open Approach", "03BG3ZX": "Excision of Intracranial Artery, Percutaneous Approach, Diagnostic", "03BG3ZZ": "Excision of Intracranial Artery, Percutaneous Approach", "03BG4ZX": "Excision of Intracranial Artery, Percutaneous Endoscopic Approach, Diagnostic", "03BG4ZZ": "Excision of Intracranial Artery, Percutaneous Endoscopic Approach", "03BH0ZX": "Excision of Right Common Carotid Artery, Open Approach, Diagnostic", "03BH0ZZ": "Excision of Right Common Carotid Artery, Open Approach", "03BH3ZX": "Excision of Right Common Carotid Artery, Percutaneous Approach, Diagnostic", "03BH3ZZ": "Excision of Right Common Carotid Artery, Percutaneous Approach", "03BH4ZX": "Excision of Right Common Carotid Artery, Percutaneous Endoscopic Approach, Diagnostic", "03BH4ZZ": "Excision of Right Common Carotid Artery, Percutaneous Endoscopic Approach", "03BJ0ZX": "Excision of Left Common Carotid Artery, Open Approach, Diagnostic", "03BJ0ZZ": "Excision of Left Common Carotid Artery, Open Approach", "03BJ3ZX": "Excision of Left Common Carotid Artery, Percutaneous Approach, Diagnostic", "03BJ3ZZ": "Excision of Left Common Carotid Artery, Percutaneous Approach", "03BJ4ZX": "Excision of Left Common Carotid Artery, Percutaneous Endoscopic Approach, Diagnostic", "03BJ4ZZ": "Excision of Left Common Carotid Artery, Percutaneous Endoscopic Approach", "03BK0ZX": "Excision of Right Internal Carotid Artery, Open Approach, Diagnostic", "03BK0ZZ": "Excision of Right Internal Carotid Artery, Open Approach", "03BK3ZX": "Excision of Right Internal Carotid Artery, Percutaneous Approach, Diagnostic", "03BK3ZZ": "Excision of Right Internal Carotid Artery, Percutaneous Approach", "03BK4ZX": "Excision of Right Internal Carotid Artery, Percutaneous Endoscopic Approach, Diagnostic", "03BK4ZZ": "Excision of Right Internal Carotid Artery, Percutaneous Endoscopic Approach", "03BL0ZX": "Excision of Left Internal Carotid Artery, Open Approach, Diagnostic", "03BL0ZZ": "Excision of Left Internal Carotid Artery, Open Approach", "03BL3ZX": "Excision of Left Internal Carotid Artery, Percutaneous Approach, Diagnostic", "03BL3ZZ": "Excision of Left Internal Carotid Artery, Percutaneous Approach", "03BL4ZX": "Excision of Left Internal Carotid Artery, Percutaneous Endoscopic Approach, Diagnostic", "03BL4ZZ": "Excision of Left Internal Carotid Artery, Percutaneous Endoscopic Approach", "03BM0ZX": "Excision of Right External Carotid Artery, Open Approach, Diagnostic", "03BM0ZZ": "Excision of Right External Carotid Artery, Open Approach", "03BM3ZX": "Excision of Right External Carotid Artery, Percutaneous Approach, Diagnostic", "03BM3ZZ": "Excision of Right External Carotid Artery, Percutaneous Approach", "03BM4ZX": "Excision of Right External Carotid Artery, Percutaneous Endoscopic Approach, Diagnostic", "03BM4ZZ": "Excision of Right External Carotid Artery, Percutaneous Endoscopic Approach", "03BN0ZX": "Excision of Left External Carotid Artery, Open Approach, Diagnostic", "03BN0ZZ": "Excision of Left External Carotid Artery, Open Approach", "03BN3ZX": "Excision of Left External Carotid Artery, Percutaneous Approach, Diagnostic", "03BN3ZZ": "Excision of Left External Carotid Artery, Percutaneous Approach", "03BN4ZX": "Excision of Left External Carotid Artery, Percutaneous Endoscopic Approach, Diagnostic", "03BN4ZZ": "Excision of Left External Carotid Artery, Percutaneous Endoscopic Approach", "03BP0ZX": "Excision of Right Vertebral Artery, Open Approach, Diagnostic", "03BP0ZZ": "Excision of Right Vertebral Artery, Open Approach", "03BP3ZX": "Excision of Right Vertebral Artery, Percutaneous Approach, Diagnostic", "03BP3ZZ": "Excision of Right Vertebral Artery, Percutaneous Approach", "03BP4ZX": "Excision of Right Vertebral Artery, Percutaneous Endoscopic Approach, Diagnostic", "03BP4ZZ": "Excision of Right Vertebral Artery, Percutaneous Endoscopic Approach", "03BQ0ZX": "Excision of Left Vertebral Artery, Open Approach, Diagnostic", "03BQ0ZZ": "Excision of Left Vertebral Artery, Open Approach", "03BQ3ZX": "Excision of Left Vertebral Artery, Percutaneous Approach, Diagnostic", "03BQ3ZZ": "Excision of Left Vertebral Artery, Percutaneous Approach", "03BQ4ZX": "Excision of Left Vertebral Artery, Percutaneous Endoscopic Approach, Diagnostic", "03BQ4ZZ": "Excision of Left Vertebral Artery, Percutaneous Endoscopic Approach", "03BR0ZX": "Excision of Face Artery, Open Approach, Diagnostic", "03BR0ZZ": "Excision of Face Artery, Open Approach", "03BR3ZX": "Excision of Face Artery, Percutaneous Approach, Diagnostic", "03BR3ZZ": "Excision of Face Artery, Percutaneous Approach", "03BR4ZX": "Excision of Face Artery, Percutaneous Endoscopic Approach, Diagnostic", "03BR4ZZ": "Excision of Face Artery, Percutaneous Endoscopic Approach", "03BS0ZX": "Excision of Right Temporal Artery, Open Approach, Diagnostic", "03BS0ZZ": "Excision of Right Temporal Artery, Open Approach", "03BS3ZX": "Excision of Right Temporal Artery, Percutaneous Approach, Diagnostic", "03BS3ZZ": "Excision of Right Temporal Artery, Percutaneous Approach", "03BS4ZX": "Excision of Right Temporal Artery, Percutaneous Endoscopic Approach, Diagnostic", "03BS4ZZ": "Excision of Right Temporal Artery, Percutaneous Endoscopic Approach", "03BT0ZX": "Excision of Left Temporal Artery, Open Approach, Diagnostic", "03BT0ZZ": "Excision of Left Temporal Artery, Open Approach", "03BT3ZX": "Excision of Left Temporal Artery, Percutaneous Approach, Diagnostic", "03BT3ZZ": "Excision of Left Temporal Artery, Percutaneous Approach", "03BT4ZX": "Excision of Left Temporal Artery, Percutaneous Endoscopic Approach, Diagnostic", "03BT4ZZ": "Excision of Left Temporal Artery, Percutaneous Endoscopic Approach", "03BU0ZX": "Excision of Right Thyroid Artery, Open Approach, Diagnostic", "03BU0ZZ": "Excision of Right Thyroid Artery, Open Approach", "03BU3ZX": "Excision of Right Thyroid Artery, Percutaneous Approach, Diagnostic", "03BU3ZZ": "Excision of Right Thyroid Artery, Percutaneous Approach", "03BU4ZX": "Excision of Right Thyroid Artery, Percutaneous Endoscopic Approach, Diagnostic", "03BU4ZZ": "Excision of Right Thyroid Artery, Percutaneous Endoscopic Approach", "03BV0ZX": "Excision of Left Thyroid Artery, Open Approach, Diagnostic", "03BV0ZZ": "Excision of Left Thyroid Artery, Open Approach", "03BV3ZX": "Excision of Left Thyroid Artery, Percutaneous Approach, Diagnostic", "03BV3ZZ": "Excision of Left Thyroid Artery, Percutaneous Approach", "03BV4ZX": "Excision of Left Thyroid Artery, Percutaneous Endoscopic Approach, Diagnostic", "03BV4ZZ": "Excision of Left Thyroid Artery, Percutaneous Endoscopic Approach", "03BY0ZX": "Excision of Upper Artery, Open Approach, Diagnostic", "03BY0ZZ": "Excision of Upper Artery, Open Approach", "03BY3ZX": "Excision of Upper Artery, Percutaneous Approach, Diagnostic", "03BY3ZZ": "Excision of Upper Artery, Percutaneous Approach", "03BY4ZX": "Excision of Upper Artery, Percutaneous Endoscopic Approach, Diagnostic", "03BY4ZZ": "Excision of Upper Artery, Percutaneous Endoscopic Approach"}