{"03F": "Upper Arteries, Fragmentation", "03F23Z0": "Fragmentation of Innominate Artery, Percutaneous Approach, Ultrasonic", "03F23ZZ": "Fragmentation of Innominate Artery, Percutaneous Approach", "03F33Z0": "Fragmentation of Right Subclavian Artery, Percutaneous Approach, Ultrasonic", "03F33ZZ": "Fragmentation of Right Subclavian Artery, Percutaneous Approach", "03F43Z0": "Fragmentation of Left Subclavian Artery, Percutaneous Approach, Ultrasonic", "03F43ZZ": "Fragmentation of Left Subclavian Artery, Percutaneous Approach", "03F53Z0": "Fragmentation of Right Axillary Artery, Percutaneous Approach, Ultrasonic", "03F53ZZ": "Fragmentation of Right Axillary Artery, Percutaneous Approach", "03F63Z0": "Fragmentation of Left Axillary Artery, Percutaneous Approach, Ultrasonic", "03F63ZZ": "Fragmentation of Left Axillary Artery, Percutaneous Approach", "03F73Z0": "Fragmentation of Right Brachial Artery, Percutaneous Approach, Ultrasonic", "03F73ZZ": "Fragmentation of Right Brachial Artery, Percutaneous Approach", "03F83Z0": "Fragmentation of Left Brachial Artery, Percutaneous Approach, Ultrasonic", "03F83ZZ": "Fragmentation of Left Brachial Artery, Percutaneous Approach", "03F93Z0": "Fragmentation of Right Ulnar Artery, Percutaneous Approach, Ultrasonic", "03F93ZZ": "Fragmentation of Right Ulnar Artery, Percutaneous Approach", "03FA3Z0": "Fragmentation of Left Ulnar Artery, Percutaneous Approach, Ultrasonic", "03FA3ZZ": "Fragmentation of Left Ulnar Artery, Percutaneous Approach", "03FB3Z0": "Fragmentation of Right Radial Artery, Percutaneous Approach, Ultrasonic", "03FB3ZZ": "Fragmentation of Right Radial Artery, Percutaneous Approach", "03FC3Z0": "Fragmentation of Left Radial Artery, Percutaneous Approach, Ultrasonic", "03FC3ZZ": "Fragmentation of Left Radial Artery, Percutaneous Approach", "03FY3Z0": "Fragmentation of Upper Artery, Percutaneous Approach, Ultrasonic", "03FY3ZZ": "Fragmentation of Upper Artery, Percutaneous Approach"}