{"03S": "Upper Arteries, Reposition", "03S00ZZ": "Reposition Right Internal Mammary Artery, Open Approach", "03S03ZZ": "Reposition Right Internal Mammary Artery, Percutaneous Approach", "03S04ZZ": "Reposition Right Internal Mammary Artery, Percutaneous Endoscopic Approach", "03S10ZZ": "Reposition Left Internal Mammary Artery, Open Approach", "03S13ZZ": "Reposition Left Internal Mammary Artery, Percutaneous Approach", "03S14ZZ": "Reposition Left Internal Mammary Artery, Percutaneous Endoscopic Approach", "03S20ZZ": "Reposition Innominate Artery, Open Approach", "03S23ZZ": "Reposition Innominate Artery, Percutaneous Approach", "03S24ZZ": "Reposition Innominate Artery, Percutaneous Endoscopic Approach", "03S30ZZ": "Reposition Right Subclavian Artery, Open Approach", "03S33ZZ": "Reposition Right Subclavian Artery, Percutaneous Approach", "03S34ZZ": "Reposition Right Subclavian Artery, Percutaneous Endoscopic Approach", "03S40ZZ": "Reposition Left Subclavian Artery, Open Approach", "03S43ZZ": "Reposition Left Subclavian Artery, Percutaneous Approach", "03S44ZZ": "Reposition Left Subclavian Artery, Percutaneous Endoscopic Approach", "03S50ZZ": "Reposition Right Axillary Artery, Open Approach", "03S53ZZ": "Reposition Right Axillary Artery, Percutaneous Approach", "03S54ZZ": "Reposition Right Axillary Artery, Percutaneous Endoscopic Approach", "03S60ZZ": "Reposition Left Axillary Artery, Open Approach", "03S63ZZ": "Reposition Left Axillary Artery, Percutaneous Approach", "03S64ZZ": "Reposition Left Axillary Artery, Percutaneous Endoscopic Approach", "03S70ZZ": "Reposition Right Brachial Artery, Open Approach", "03S73ZZ": "Reposition Right Brachial Artery, Percutaneous Approach", "03S74ZZ": "Reposition Right Brachial Artery, Percutaneous Endoscopic Approach", "03S80ZZ": "Reposition Left Brachial Artery, Open Approach", "03S83ZZ": "Reposition Left Brachial Artery, Percutaneous Approach", "03S84ZZ": "Reposition Left Brachial Artery, Percutaneous Endoscopic Approach", "03S90ZZ": "Reposition Right Ulnar Artery, Open Approach", "03S93ZZ": "Reposition Right Ulnar Artery, Percutaneous Approach", "03S94ZZ": "Reposition Right Ulnar Artery, Percutaneous Endoscopic Approach", "03SA0ZZ": "Reposition Left Ulnar Artery, Open Approach", "03SA3ZZ": "Reposition Left Ulnar Artery, Percutaneous Approach", "03SA4ZZ": "Reposition Left Ulnar Artery, Percutaneous Endoscopic Approach", "03SB0ZZ": "Reposition Right Radial Artery, Open Approach", "03SB3ZZ": "Reposition Right Radial Artery, Percutaneous Approach", "03SB4ZZ": "Reposition Right Radial Artery, Percutaneous Endoscopic Approach", "03SC0ZZ": "Reposition Left Radial Artery, Open Approach", "03SC3ZZ": "Reposition Left Radial Artery, Percutaneous Approach", "03SC4ZZ": "Reposition Left Radial Artery, Percutaneous Endoscopic Approach", "03SD0ZZ": "Reposition Right Hand Artery, Open Approach", "03SD3ZZ": "Reposition Right Hand Artery, Percutaneous Approach", "03SD4ZZ": "Reposition Right Hand Artery, Percutaneous Endoscopic Approach", "03SF0ZZ": "Reposition Left Hand Artery, Open Approach", "03SF3ZZ": "Reposition Left Hand Artery, Percutaneous Approach", "03SF4ZZ": "Reposition Left Hand Artery, Percutaneous Endoscopic Approach", "03SG0ZZ": "Reposition Intracranial Artery, Open Approach", "03SG3ZZ": "Reposition Intracranial Artery, Percutaneous Approach", "03SG4ZZ": "Reposition Intracranial Artery, Percutaneous Endoscopic Approach", "03SH0ZZ": "Reposition Right Common Carotid Artery, Open Approach", "03SH3ZZ": "Reposition Right Common Carotid Artery, Percutaneous Approach", "03SH4ZZ": "Reposition Right Common Carotid Artery, Percutaneous Endoscopic Approach", "03SJ0ZZ": "Reposition Left Common Carotid Artery, Open Approach", "03SJ3ZZ": "Reposition Left Common Carotid Artery, Percutaneous Approach", "03SJ4ZZ": "Reposition Left Common Carotid Artery, Percutaneous Endoscopic Approach", "03SK0ZZ": "Reposition Right Internal Carotid Artery, Open Approach", "03SK3ZZ": "Reposition Right Internal Carotid Artery, Percutaneous Approach", "03SK4ZZ": "Reposition Right Internal Carotid Artery, Percutaneous Endoscopic Approach", "03SL0ZZ": "Reposition Left Internal Carotid Artery, Open Approach", "03SL3ZZ": "Reposition Left Internal Carotid Artery, Percutaneous Approach", "03SL4ZZ": "Reposition Left Internal Carotid Artery, Percutaneous Endoscopic Approach", "03SM0ZZ": "Reposition Right External Carotid Artery, Open Approach", "03SM3ZZ": "Reposition Right External Carotid Artery, Percutaneous Approach", "03SM4ZZ": "Reposition Right External Carotid Artery, Percutaneous Endoscopic Approach", "03SN0ZZ": "Reposition Left External Carotid Artery, Open Approach", "03SN3ZZ": "Reposition Left External Carotid Artery, Percutaneous Approach", "03SN4ZZ": "Reposition Left External Carotid Artery, Percutaneous Endoscopic Approach", "03SP0ZZ": "Reposition Right Vertebral Artery, Open Approach", "03SP3ZZ": "Reposition Right Vertebral Artery, Percutaneous Approach", "03SP4ZZ": "Reposition Right Vertebral Artery, Percutaneous Endoscopic Approach", "03SQ0ZZ": "Reposition Left Vertebral Artery, Open Approach", "03SQ3ZZ": "Reposition Left Vertebral Artery, Percutaneous Approach", "03SQ4ZZ": "Reposition Left Vertebral Artery, Percutaneous Endoscopic Approach", "03SR0ZZ": "Reposition Face Artery, Open Approach", "03SR3ZZ": "Reposition Face Artery, Percutaneous Approach", "03SR4ZZ": "Reposition Face Artery, Percutaneous Endoscopic Approach", "03SS0ZZ": "Reposition Right Temporal Artery, Open Approach", "03SS3ZZ": "Reposition Right Temporal Artery, Percutaneous Approach", "03SS4ZZ": "Reposition Right Temporal Artery, Percutaneous Endoscopic Approach", "03ST0ZZ": "Reposition Left Temporal Artery, Open Approach", "03ST3ZZ": "Reposition Left Temporal Artery, Percutaneous Approach", "03ST4ZZ": "Reposition Left Temporal Artery, Percutaneous Endoscopic Approach", "03SU0ZZ": "Reposition Right Thyroid Artery, Open Approach", "03SU3ZZ": "Reposition Right Thyroid Artery, Percutaneous Approach", "03SU4ZZ": "Reposition Right Thyroid Artery, Percutaneous Endoscopic Approach", "03SV0ZZ": "Reposition Left Thyroid Artery, Open Approach", "03SV3ZZ": "Reposition Left Thyroid Artery, Percutaneous Approach", "03SV4ZZ": "Reposition Left Thyroid Artery, Percutaneous Endoscopic Approach", "03SY0ZZ": "Reposition Upper Artery, Open Approach", "03SY3ZZ": "Reposition Upper Artery, Percutaneous Approach", "03SY4ZZ": "Reposition Upper Artery, Percutaneous Endoscopic Approach"}