{"03V": "Upper Arteries, Restriction", "03V00CZ": "Restriction of Right Internal Mammary Artery with Extraluminal Device, Open Approach", "03V00DZ": "Restriction of Right Internal Mammary Artery with Intraluminal Device, Open Approach", "03V00ZZ": "Restriction of Right Internal Mammary Artery, Open Approach", "03V03CZ": "Restriction of Right Internal Mammary Artery with Extraluminal Device, Percutaneous Approach", "03V03DZ": "Restriction of Right Internal Mammary Artery with Intraluminal Device, Percutaneous Approach", "03V03ZZ": "Restriction of Right Internal Mammary Artery, Percutaneous Approach", "03V04CZ": "Restriction of Right Internal Mammary Artery with Extraluminal Device, Percutaneous Endoscopic Approach", "03V04DZ": "Restriction of Right Internal Mammary Artery with Intraluminal Device, Percutaneous Endoscopic Approach", "03V04ZZ": "Restriction of Right Internal Mammary Artery, Percutaneous Endoscopic Approach", "03V10CZ": "Restriction of Left Internal Mammary Artery with Extraluminal Device, Open Approach", "03V10DZ": "Restriction of Left Internal Mammary Artery with Intraluminal Device, Open Approach", "03V10ZZ": "Restriction of Left Internal Mammary Artery, Open Approach", "03V13CZ": "Restriction of Left Internal Mammary Artery with Extraluminal Device, Percutaneous Approach", "03V13DZ": "Restriction of Left Internal Mammary Artery with Intraluminal Device, Percutaneous Approach", "03V13ZZ": "Restriction of Left Internal Mammary Artery, Percutaneous Approach", "03V14CZ": "Restriction of Left Internal Mammary Artery with Extraluminal Device, Percutaneous Endoscopic Approach", "03V14DZ": "Restriction of Left Internal Mammary Artery with Intraluminal Device, Percutaneous Endoscopic Approach", "03V14ZZ": "Restriction of Left Internal Mammary Artery, Percutaneous Endoscopic Approach", "03V20CZ": "Restriction of Innominate Artery with Extraluminal Device, Open Approach", "03V20DZ": "Restriction of Innominate Artery with Intraluminal Device, Open Approach", "03V20ZZ": "Restriction of Innominate Artery, Open Approach", "03V23CZ": "Restriction of Innominate Artery with Extraluminal Device, Percutaneous Approach", "03V23DZ": "Restriction of Innominate Artery with Intraluminal Device, Percutaneous Approach", "03V23ZZ": "Restriction of Innominate Artery, Percutaneous Approach", "03V24CZ": "Restriction of Innominate Artery with Extraluminal Device, Percutaneous Endoscopic Approach", "03V24DZ": "Restriction of Innominate Artery with Intraluminal Device, Percutaneous Endoscopic Approach", "03V24ZZ": "Restriction of Innominate Artery, Percutaneous Endoscopic Approach", "03V30CZ": "Restriction of Right Subclavian Artery with Extraluminal Device, Open Approach", "03V30DZ": "Restriction of Right Subclavian Artery with Intraluminal Device, Open Approach", "03V30ZZ": "Restriction of Right Subclavian Artery, Open Approach", "03V33CZ": "Restriction of Right Subclavian Artery with Extraluminal Device, Percutaneous Approach", "03V33DZ": "Restriction of Right Subclavian Artery with Intraluminal Device, Percutaneous Approach", "03V33ZZ": "Restriction of Right Subclavian Artery, Percutaneous Approach", "03V34CZ": "Restriction of Right Subclavian Artery with Extraluminal Device, Percutaneous Endoscopic Approach", "03V34DZ": "Restriction of Right Subclavian Artery with Intraluminal Device, Percutaneous Endoscopic Approach", "03V34ZZ": "Restriction of Right Subclavian Artery, Percutaneous Endoscopic Approach", "03V40CZ": "Restriction of Left Subclavian Artery with Extraluminal Device, Open Approach", "03V40DZ": "Restriction of Left Subclavian Artery with Intraluminal Device, Open Approach", "03V40ZZ": "Restriction of Left Subclavian Artery, Open Approach", "03V43CZ": "Restriction of Left Subclavian Artery with Extraluminal Device, Percutaneous Approach", "03V43DZ": "Restriction of Left Subclavian Artery with Intraluminal Device, Percutaneous Approach", "03V43ZZ": "Restriction of Left Subclavian Artery, Percutaneous Approach", "03V44CZ": "Restriction of Left Subclavian Artery with Extraluminal Device, Percutaneous Endoscopic Approach", "03V44DZ": "Restriction of Left Subclavian Artery with Intraluminal Device, Percutaneous Endoscopic Approach", "03V44ZZ": "Restriction of Left Subclavian Artery, Percutaneous Endoscopic Approach", "03V50CZ": "Restriction of Right Axillary Artery with Extraluminal Device, Open Approach", "03V50DZ": "Restriction of Right Axillary Artery with Intraluminal Device, Open Approach", "03V50ZZ": "Restriction of Right Axillary Artery, Open Approach", "03V53CZ": "Restriction of Right Axillary Artery with Extraluminal Device, Percutaneous Approach", "03V53DZ": "Restriction of Right Axillary Artery with Intraluminal Device, Percutaneous Approach", "03V53ZZ": "Restriction of Right Axillary Artery, Percutaneous Approach", "03V54CZ": "Restriction of Right Axillary Artery with Extraluminal Device, Percutaneous Endoscopic Approach", "03V54DZ": "Restriction of Right Axillary Artery with Intraluminal Device, Percutaneous Endoscopic Approach", "03V54ZZ": "Restriction of Right Axillary Artery, Percutaneous Endoscopic Approach", "03V60CZ": "Restriction of Left Axillary Artery with Extraluminal Device, Open Approach", "03V60DZ": "Restriction of Left Axillary Artery with Intraluminal Device, Open Approach", "03V60ZZ": "Restriction of Left Axillary Artery, Open Approach", "03V63CZ": "Restriction of Left Axillary Artery with Extraluminal Device, Percutaneous Approach", "03V63DZ": "Restriction of Left Axillary Artery with Intraluminal Device, Percutaneous Approach", "03V63ZZ": "Restriction of Left Axillary Artery, Percutaneous Approach", "03V64CZ": "Restriction of Left Axillary Artery with Extraluminal Device, Percutaneous Endoscopic Approach", "03V64DZ": "Restriction of Left Axillary Artery with Intraluminal Device, Percutaneous Endoscopic Approach", "03V64ZZ": "Restriction of Left Axillary Artery, Percutaneous Endoscopic Approach", "03V70CZ": "Restriction of Right Brachial Artery with Extraluminal Device, Open Approach", "03V70DZ": "Restriction of Right Brachial Artery with Intraluminal Device, Open Approach", "03V70ZZ": "Restriction of Right Brachial Artery, Open Approach", "03V73CZ": "Restriction of Right Brachial Artery with Extraluminal Device, Percutaneous Approach", "03V73DZ": "Restriction of Right Brachial Artery with Intraluminal Device, Percutaneous Approach", "03V73ZZ": "Restriction of Right Brachial Artery, Percutaneous Approach", "03V74CZ": "Restriction of Right Brachial Artery with Extraluminal Device, Percutaneous Endoscopic Approach", "03V74DZ": "Restriction of Right Brachial Artery with Intraluminal Device, Percutaneous Endoscopic Approach", "03V74ZZ": "Restriction of Right Brachial Artery, Percutaneous Endoscopic Approach", "03V80CZ": "Restriction of Left Brachial Artery with Extraluminal Device, Open Approach", "03V80DZ": "Restriction of Left Brachial Artery with Intraluminal Device, Open Approach", "03V80ZZ": "Restriction of Left Brachial Artery, Open Approach", "03V83CZ": "Restriction of Left Brachial Artery with Extraluminal Device, Percutaneous Approach", "03V83DZ": "Restriction of Left Brachial Artery with Intraluminal Device, Percutaneous Approach", "03V83ZZ": "Restriction of Left Brachial Artery, Percutaneous Approach", "03V84CZ": "Restriction of Left Brachial Artery with Extraluminal Device, Percutaneous Endoscopic Approach", "03V84DZ": "Restriction of Left Brachial Artery with Intraluminal Device, Percutaneous Endoscopic Approach", "03V84ZZ": "Restriction of Left Brachial Artery, Percutaneous Endoscopic Approach", "03V90CZ": "Restriction of Right Ulnar Artery with Extraluminal Device, Open Approach", "03V90DZ": "Restriction of Right Ulnar Artery with Intraluminal Device, Open Approach", "03V90ZZ": "Restriction of Right Ulnar Artery, Open Approach", "03V93CZ": "Restriction of Right Ulnar Artery with Extraluminal Device, Percutaneous Approach", "03V93DZ": "Restriction of Right Ulnar Artery with Intraluminal Device, Percutaneous Approach", "03V93ZZ": "Restriction of Right Ulnar Artery, Percutaneous Approach", "03V94CZ": "Restriction of Right Ulnar Artery with Extraluminal Device, Percutaneous Endoscopic Approach", "03V94DZ": "Restriction of Right Ulnar Artery with Intraluminal Device, Percutaneous Endoscopic Approach", "03V94ZZ": "Restriction of Right Ulnar Artery, Percutaneous Endoscopic Approach", "03VA0CZ": "Restriction of Left Ulnar Artery with Extraluminal Device, Open Approach", "03VA0DZ": "Restriction of Left Ulnar Artery with Intraluminal Device, Open Approach", "03VA0ZZ": "Restriction of Left Ulnar Artery, Open Approach", "03VA3CZ": "Restriction of Left Ulnar Artery with Extraluminal Device, Percutaneous Approach", "03VA3DZ": "Restriction of Left Ulnar Artery with Intraluminal Device, Percutaneous Approach", "03VA3ZZ": "Restriction of Left Ulnar Artery, Percutaneous Approach", "03VA4CZ": "Restriction of Left Ulnar Artery with Extraluminal Device, Percutaneous Endoscopic Approach", "03VA4DZ": "Restriction of Left Ulnar Artery with Intraluminal Device, Percutaneous Endoscopic Approach", "03VA4ZZ": "Restriction of Left Ulnar Artery, Percutaneous Endoscopic Approach", "03VB0CZ": "Restriction of Right Radial Artery with Extraluminal Device, Open Approach", "03VB0DZ": "Restriction of Right Radial Artery with Intraluminal Device, Open Approach", "03VB0ZZ": "Restriction of Right Radial Artery, Open Approach", "03VB3CZ": "Restriction of Right Radial Artery with Extraluminal Device, Percutaneous Approach", "03VB3DZ": "Restriction of Right Radial Artery with Intraluminal Device, Percutaneous Approach", "03VB3ZZ": "Restriction of Right Radial Artery, Percutaneous Approach", "03VB4CZ": "Restriction of Right Radial Artery with Extraluminal Device, Percutaneous Endoscopic Approach", "03VB4DZ": "Restriction of Right Radial Artery with Intraluminal Device, Percutaneous Endoscopic Approach", "03VB4ZZ": "Restriction of Right Radial Artery, Percutaneous Endoscopic Approach", "03VC0CZ": "Restriction of Left Radial Artery with Extraluminal Device, Open Approach", "03VC0DZ": "Restriction of Left Radial Artery with Intraluminal Device, Open Approach", "03VC0ZZ": "Restriction of Left Radial Artery, Open Approach", "03VC3CZ": "Restriction of Left Radial Artery with Extraluminal Device, Percutaneous Approach", "03VC3DZ": "Restriction of Left Radial Artery with Intraluminal Device, Percutaneous Approach", "03VC3ZZ": "Restriction of Left Radial Artery, Percutaneous Approach", "03VC4CZ": "Restriction of Left Radial Artery with Extraluminal Device, Percutaneous Endoscopic Approach", "03VC4DZ": "Restriction of Left Radial Artery with Intraluminal Device, Percutaneous Endoscopic Approach", "03VC4ZZ": "Restriction of Left Radial Artery, Percutaneous Endoscopic Approach", "03VD0CZ": "Restriction of Right Hand Artery with Extraluminal Device, Open Approach", "03VD0DZ": "Restriction of Right Hand Artery with Intraluminal Device, Open Approach", "03VD0ZZ": "Restriction of Right Hand Artery, Open Approach", "03VD3CZ": "Restriction of Right Hand Artery with Extraluminal Device, Percutaneous Approach", "03VD3DZ": "Restriction of Right Hand Artery with Intraluminal Device, Percutaneous Approach", "03VD3ZZ": "Restriction of Right Hand Artery, Percutaneous Approach", "03VD4CZ": "Restriction of Right Hand Artery with Extraluminal Device, Percutaneous Endoscopic Approach", "03VD4DZ": "Restriction of Right Hand Artery with Intraluminal Device, Percutaneous Endoscopic Approach", "03VD4ZZ": "Restriction of Right Hand Artery, Percutaneous Endoscopic Approach", "03VF0CZ": "Restriction of Left Hand Artery with Extraluminal Device, Open Approach", "03VF0DZ": "Restriction of Left Hand Artery with Intraluminal Device, Open Approach", "03VF0ZZ": "Restriction of Left Hand Artery, Open Approach", "03VF3CZ": "Restriction of Left Hand Artery with Extraluminal Device, Percutaneous Approach", "03VF3DZ": "Restriction of Left Hand Artery with Intraluminal Device, Percutaneous Approach", "03VF3ZZ": "Restriction of Left Hand Artery, Percutaneous Approach", "03VF4CZ": "Restriction of Left Hand Artery with Extraluminal Device, Percutaneous Endoscopic Approach", "03VF4DZ": "Restriction of Left Hand Artery with Intraluminal Device, Percutaneous Endoscopic Approach", "03VF4ZZ": "Restriction of Left Hand Artery, Percutaneous Endoscopic Approach", "03VG0BZ": "Restriction of Intracranial Artery with Bioactive Intraluminal Device, Open Approach", "03VG0CZ": "Restriction of Intracranial Artery with Extraluminal Device, Open Approach", "03VG0DZ": "Restriction of Intracranial Artery with Intraluminal Device, Open Approach", "03VG0HZ": "Restriction of Intracranial Artery with Intraluminal Device, Flow Diverter, Open Approach", "03VG0ZZ": "Restriction of Intracranial Artery, Open Approach", "03VG3BZ": "Restriction of Intracranial Artery with Bioactive Intraluminal Device, Percutaneous Approach", "03VG3CZ": "Restriction of Intracranial Artery with Extraluminal Device, Percutaneous Approach", "03VG3DZ": "Restriction of Intracranial Artery with Intraluminal Device, Percutaneous Approach", "03VG3HZ": "Restriction of Intracranial Artery with Intraluminal Device, Flow Diverter, Percutaneous Approach", "03VG3ZZ": "Restriction of Intracranial Artery, Percutaneous Approach", "03VG4BZ": "Restriction of Intracranial Artery with Bioactive Intraluminal Device, Percutaneous Endoscopic Approach", "03VG4CZ": "Restriction of Intracranial Artery with Extraluminal Device, Percutaneous Endoscopic Approach", "03VG4DZ": "Restriction of Intracranial Artery with Intraluminal Device, Percutaneous Endoscopic Approach", "03VG4HZ": "Restriction of Intracranial Artery with Intraluminal Device, Flow Diverter, Percutaneous Endoscopic Approach", "03VG4ZZ": "Restriction of Intracranial Artery, Percutaneous Endoscopic Approach", "03VH0BZ": "Restriction of Right Common Carotid Artery with Bioactive Intraluminal Device, Open Approach", "03VH0CZ": "Restriction of Right Common Carotid Artery with Extraluminal Device, Open Approach", "03VH0DZ": "Restriction of Right Common Carotid Artery with Intraluminal Device, Open Approach", "03VH0HZ": "Restriction of Right Common Carotid Artery with Intraluminal Device, Flow Diverter, Open Approach", "03VH0ZZ": "Restriction of Right Common Carotid Artery, Open Approach", "03VH3BZ": "Restriction of Right Common Carotid Artery with Bioactive Intraluminal Device, Percutaneous Approach", "03VH3CZ": "Restriction of Right Common Carotid Artery with Extraluminal Device, Percutaneous Approach", "03VH3DZ": "Restriction of Right Common Carotid Artery with Intraluminal Device, Percutaneous Approach", "03VH3HZ": "Restriction of Right Common Carotid Artery with Intraluminal Device, Flow Diverter, Percutaneous Approach", "03VH3ZZ": "Restriction of Right Common Carotid Artery, Percutaneous Approach", "03VH4BZ": "Restriction of Right Common Carotid Artery with Bioactive Intraluminal Device, Percutaneous Endoscopic Approach", "03VH4CZ": "Restriction of Right Common Carotid Artery with Extraluminal Device, Percutaneous Endoscopic Approach", "03VH4DZ": "Restriction of Right Common Carotid Artery with Intraluminal Device, Percutaneous Endoscopic Approach", "03VH4HZ": "Restriction of Right Common Carotid Artery with Intraluminal Device, Flow Diverter, Percutaneous Endoscopic Approach", "03VH4ZZ": "Restriction of Right Common Carotid Artery, Percutaneous Endoscopic Approach", "03VJ0BZ": "Restriction of Left Common Carotid Artery with Bioactive Intraluminal Device, Open Approach", "03VJ0CZ": "Restriction of Left Common Carotid Artery with Extraluminal Device, Open Approach", "03VJ0DZ": "Restriction of Left Common Carotid Artery with Intraluminal Device, Open Approach", "03VJ0HZ": "Restriction of Left Common Carotid Artery with Intraluminal Device, Flow Diverter, Open Approach", "03VJ0ZZ": "Restriction of Left Common Carotid Artery, Open Approach", "03VJ3BZ": "Restriction of Left Common Carotid Artery with Bioactive Intraluminal Device, Percutaneous Approach", "03VJ3CZ": "Restriction of Left Common Carotid Artery with Extraluminal Device, Percutaneous Approach", "03VJ3DZ": "Restriction of Left Common Carotid Artery with Intraluminal Device, Percutaneous Approach", "03VJ3HZ": "Restriction of Left Common Carotid Artery with Intraluminal Device, Flow Diverter, Percutaneous Approach", "03VJ3ZZ": "Restriction of Left Common Carotid Artery, Percutaneous Approach", "03VJ4BZ": "Restriction of Left Common Carotid Artery with Bioactive Intraluminal Device, Percutaneous Endoscopic Approach", "03VJ4CZ": "Restriction of Left Common Carotid Artery with Extraluminal Device, Percutaneous Endoscopic Approach", "03VJ4DZ": "Restriction of Left Common Carotid Artery with Intraluminal Device, Percutaneous Endoscopic Approach", "03VJ4HZ": "Restriction of Left Common Carotid Artery with Intraluminal Device, Flow Diverter, Percutaneous Endoscopic Approach", "03VJ4ZZ": "Restriction of Left Common Carotid Artery, Percutaneous Endoscopic Approach", "03VK0BZ": "Restriction of Right Internal Carotid Artery with Bioactive Intraluminal Device, Open Approach", "03VK0CZ": "Restriction of Right Internal Carotid Artery with Extraluminal Device, Open Approach", "03VK0DZ": "Restriction of Right Internal Carotid Artery with Intraluminal Device, Open Approach", "03VK0HZ": "Restriction of Right Internal Carotid Artery with Intraluminal Device, Flow Diverter, Open Approach", "03VK0ZZ": "Restriction of Right Internal Carotid Artery, Open Approach", "03VK3BZ": "Restriction of Right Internal Carotid Artery with Bioactive Intraluminal Device, Percutaneous Approach", "03VK3CZ": "Restriction of Right Internal Carotid Artery with Extraluminal Device, Percutaneous Approach", "03VK3DZ": "Restriction of Right Internal Carotid Artery with Intraluminal Device, Percutaneous Approach", "03VK3HZ": "Restriction of Right Internal Carotid Artery with Intraluminal Device, Flow Diverter, Percutaneous Approach", "03VK3ZZ": "Restriction of Right Internal Carotid Artery, Percutaneous Approach", "03VK4BZ": "Restriction of Right Internal Carotid Artery with Bioactive Intraluminal Device, Percutaneous Endoscopic Approach", "03VK4CZ": "Restriction of Right Internal Carotid Artery with Extraluminal Device, Percutaneous Endoscopic Approach", "03VK4DZ": "Restriction of Right Internal Carotid Artery with Intraluminal Device, Percutaneous Endoscopic Approach", "03VK4HZ": "Restriction of Right Internal Carotid Artery with Intraluminal Device, Flow Diverter, Percutaneous Endoscopic Approach", "03VK4ZZ": "Restriction of Right Internal Carotid Artery, Percutaneous Endoscopic Approach", "03VL0BZ": "Restriction of Left Internal Carotid Artery with Bioactive Intraluminal Device, Open Approach", "03VL0CZ": "Restriction of Left Internal Carotid Artery with Extraluminal Device, Open Approach", "03VL0DZ": "Restriction of Left Internal Carotid Artery with Intraluminal Device, Open Approach", "03VL0HZ": "Restriction of Left Internal Carotid Artery with Intraluminal Device, Flow Diverter, Open Approach", "03VL0ZZ": "Restriction of Left Internal Carotid Artery, Open Approach", "03VL3BZ": "Restriction of Left Internal Carotid Artery with Bioactive Intraluminal Device, Percutaneous Approach", "03VL3CZ": "Restriction of Left Internal Carotid Artery with Extraluminal Device, Percutaneous Approach", "03VL3DZ": "Restriction of Left Internal Carotid Artery with Intraluminal Device, Percutaneous Approach", "03VL3HZ": "Restriction of Left Internal Carotid Artery with Intraluminal Device, Flow Diverter, Percutaneous Approach", "03VL3ZZ": "Restriction of Left Internal Carotid Artery, Percutaneous Approach", "03VL4BZ": "Restriction of Left Internal Carotid Artery with Bioactive Intraluminal Device, Percutaneous Endoscopic Approach", "03VL4CZ": "Restriction of Left Internal Carotid Artery with Extraluminal Device, Percutaneous Endoscopic Approach", "03VL4DZ": "Restriction of Left Internal Carotid Artery with Intraluminal Device, Percutaneous Endoscopic Approach", "03VL4HZ": "Restriction of Left Internal Carotid Artery with Intraluminal Device, Flow Diverter, Percutaneous Endoscopic Approach", "03VL4ZZ": "Restriction of Left Internal Carotid Artery, Percutaneous Endoscopic Approach", "03VM0BZ": "Restriction of Right External Carotid Artery with Bioactive Intraluminal Device, Open Approach", "03VM0CZ": "Restriction of Right External Carotid Artery with Extraluminal Device, Open Approach", "03VM0DZ": "Restriction of Right External Carotid Artery with Intraluminal Device, Open Approach", "03VM0HZ": "Restriction of Right External Carotid Artery with Intraluminal Device, Flow Diverter, Open Approach", "03VM0ZZ": "Restriction of Right External Carotid Artery, Open Approach", "03VM3BZ": "Restriction of Right External Carotid Artery with Bioactive Intraluminal Device, Percutaneous Approach", "03VM3CZ": "Restriction of Right External Carotid Artery with Extraluminal Device, Percutaneous Approach", "03VM3DZ": "Restriction of Right External Carotid Artery with Intraluminal Device, Percutaneous Approach", "03VM3HZ": "Restriction of Right External Carotid Artery with Intraluminal Device, Flow Diverter, Percutaneous Approach", "03VM3ZZ": "Restriction of Right External Carotid Artery, Percutaneous Approach", "03VM4BZ": "Restriction of Right External Carotid Artery with Bioactive Intraluminal Device, Percutaneous Endoscopic Approach", "03VM4CZ": "Restriction of Right External Carotid Artery with Extraluminal Device, Percutaneous Endoscopic Approach", "03VM4DZ": "Restriction of Right External Carotid Artery with Intraluminal Device, Percutaneous Endoscopic Approach", "03VM4HZ": "Restriction of Right External Carotid Artery with Intraluminal Device, Flow Diverter, Percutaneous Endoscopic Approach", "03VM4ZZ": "Restriction of Right External Carotid Artery, Percutaneous Endoscopic Approach", "03VN0BZ": "Restriction of Left External Carotid Artery with Bioactive Intraluminal Device, Open Approach", "03VN0CZ": "Restriction of Left External Carotid Artery with Extraluminal Device, Open Approach", "03VN0DZ": "Restriction of Left External Carotid Artery with Intraluminal Device, Open Approach", "03VN0HZ": "Restriction of Left External Carotid Artery with Intraluminal Device, Flow Diverter, Open Approach", "03VN0ZZ": "Restriction of Left External Carotid Artery, Open Approach", "03VN3BZ": "Restriction of Left External Carotid Artery with Bioactive Intraluminal Device, Percutaneous Approach", "03VN3CZ": "Restriction of Left External Carotid Artery with Extraluminal Device, Percutaneous Approach", "03VN3DZ": "Restriction of Left External Carotid Artery with Intraluminal Device, Percutaneous Approach", "03VN3HZ": "Restriction of Left External Carotid Artery with Intraluminal Device, Flow Diverter, Percutaneous Approach", "03VN3ZZ": "Restriction of Left External Carotid Artery, Percutaneous Approach", "03VN4BZ": "Restriction of Left External Carotid Artery with Bioactive Intraluminal Device, Percutaneous Endoscopic Approach", "03VN4CZ": "Restriction of Left External Carotid Artery with Extraluminal Device, Percutaneous Endoscopic Approach", "03VN4DZ": "Restriction of Left External Carotid Artery with Intraluminal Device, Percutaneous Endoscopic Approach", "03VN4HZ": "Restriction of Left External Carotid Artery with Intraluminal Device, Flow Diverter, Percutaneous Endoscopic Approach", "03VN4ZZ": "Restriction of Left External Carotid Artery, Percutaneous Endoscopic Approach", "03VP0BZ": "Restriction of Right Vertebral Artery with Bioactive Intraluminal Device, Open Approach", "03VP0CZ": "Restriction of Right Vertebral Artery with Extraluminal Device, Open Approach", "03VP0DZ": "Restriction of Right Vertebral Artery with Intraluminal Device, Open Approach", "03VP0HZ": "Restriction of Right Vertebral Artery with Intraluminal Device, Flow Diverter, Open Approach", "03VP0ZZ": "Restriction of Right Vertebral Artery, Open Approach", "03VP3BZ": "Restriction of Right Vertebral Artery with Bioactive Intraluminal Device, Percutaneous Approach", "03VP3CZ": "Restriction of Right Vertebral Artery with Extraluminal Device, Percutaneous Approach", "03VP3DZ": "Restriction of Right Vertebral Artery with Intraluminal Device, Percutaneous Approach", "03VP3HZ": "Restriction of Right Vertebral Artery with Intraluminal Device, Flow Diverter, Percutaneous Approach", "03VP3ZZ": "Restriction of Right Vertebral Artery, Percutaneous Approach", "03VP4BZ": "Restriction of Right Vertebral Artery with Bioactive Intraluminal Device, Percutaneous Endoscopic Approach", "03VP4CZ": "Restriction of Right Vertebral Artery with Extraluminal Device, Percutaneous Endoscopic Approach", "03VP4DZ": "Restriction of Right Vertebral Artery with Intraluminal Device, Percutaneous Endoscopic Approach", "03VP4HZ": "Restriction of Right Vertebral Artery with Intraluminal Device, Flow Diverter, Percutaneous Endoscopic Approach", "03VP4ZZ": "Restriction of Right Vertebral Artery, Percutaneous Endoscopic Approach", "03VQ0BZ": "Restriction of Left Vertebral Artery with Bioactive Intraluminal Device, Open Approach", "03VQ0CZ": "Restriction of Left Vertebral Artery with Extraluminal Device, Open Approach", "03VQ0DZ": "Restriction of Left Vertebral Artery with Intraluminal Device, Open Approach", "03VQ0HZ": "Restriction of Left Vertebral Artery with Intraluminal Device, Flow Diverter, Open Approach", "03VQ0ZZ": "Restriction of Left Vertebral Artery, Open Approach", "03VQ3BZ": "Restriction of Left Vertebral Artery with Bioactive Intraluminal Device, Percutaneous Approach", "03VQ3CZ": "Restriction of Left Vertebral Artery with Extraluminal Device, Percutaneous Approach", "03VQ3DZ": "Restriction of Left Vertebral Artery with Intraluminal Device, Percutaneous Approach", "03VQ3HZ": "Restriction of Left Vertebral Artery with Intraluminal Device, Flow Diverter, Percutaneous Approach", "03VQ3ZZ": "Restriction of Left Vertebral Artery, Percutaneous Approach", "03VQ4BZ": "Restriction of Left Vertebral Artery with Bioactive Intraluminal Device, Percutaneous Endoscopic Approach", "03VQ4CZ": "Restriction of Left Vertebral Artery with Extraluminal Device, Percutaneous Endoscopic Approach", "03VQ4DZ": "Restriction of Left Vertebral Artery with Intraluminal Device, Percutaneous Endoscopic Approach", "03VQ4HZ": "Restriction of Left Vertebral Artery with Intraluminal Device, Flow Diverter, Percutaneous Endoscopic Approach", "03VQ4ZZ": "Restriction of Left Vertebral Artery, Percutaneous Endoscopic Approach", "03VR0CZ": "Restriction of Face Artery with Extraluminal Device, Open Approach", "03VR0DZ": "Restriction of Face Artery with Intraluminal Device, Open Approach", "03VR0ZZ": "Restriction of Face Artery, Open Approach", "03VR3CZ": "Restriction of Face Artery with Extraluminal Device, Percutaneous Approach", "03VR3DZ": "Restriction of Face Artery with Intraluminal Device, Percutaneous Approach", "03VR3ZZ": "Restriction of Face Artery, Percutaneous Approach", "03VR4CZ": "Restriction of Face Artery with Extraluminal Device, Percutaneous Endoscopic Approach", "03VR4DZ": "Restriction of Face Artery with Intraluminal Device, Percutaneous Endoscopic Approach", "03VR4ZZ": "Restriction of Face Artery, Percutaneous Endoscopic Approach", "03VS0CZ": "Restriction of Right Temporal Artery with Extraluminal Device, Open Approach", "03VS0DZ": "Restriction of Right Temporal Artery with Intraluminal Device, Open Approach", "03VS0ZZ": "Restriction of Right Temporal Artery, Open Approach", "03VS3CZ": "Restriction of Right Temporal Artery with Extraluminal Device, Percutaneous Approach", "03VS3DZ": "Restriction of Right Temporal Artery with Intraluminal Device, Percutaneous Approach", "03VS3ZZ": "Restriction of Right Temporal Artery, Percutaneous Approach", "03VS4CZ": "Restriction of Right Temporal Artery with Extraluminal Device, Percutaneous Endoscopic Approach", "03VS4DZ": "Restriction of Right Temporal Artery with Intraluminal Device, Percutaneous Endoscopic Approach", "03VS4ZZ": "Restriction of Right Temporal Artery, Percutaneous Endoscopic Approach", "03VT0CZ": "Restriction of Left Temporal Artery with Extraluminal Device, Open Approach", "03VT0DZ": "Restriction of Left Temporal Artery with Intraluminal Device, Open Approach", "03VT0ZZ": "Restriction of Left Temporal Artery, Open Approach", "03VT3CZ": "Restriction of Left Temporal Artery with Extraluminal Device, Percutaneous Approach", "03VT3DZ": "Restriction of Left Temporal Artery with Intraluminal Device, Percutaneous Approach", "03VT3ZZ": "Restriction of Left Temporal Artery, Percutaneous Approach", "03VT4CZ": "Restriction of Left Temporal Artery with Extraluminal Device, Percutaneous Endoscopic Approach", "03VT4DZ": "Restriction of Left Temporal Artery with Intraluminal Device, Percutaneous Endoscopic Approach", "03VT4ZZ": "Restriction of Left Temporal Artery, Percutaneous Endoscopic Approach", "03VU0CZ": "Restriction of Right Thyroid Artery with Extraluminal Device, Open Approach", "03VU0DZ": "Restriction of Right Thyroid Artery with Intraluminal Device, Open Approach", "03VU0ZZ": "Restriction of Right Thyroid Artery, Open Approach", "03VU3CZ": "Restriction of Right Thyroid Artery with Extraluminal Device, Percutaneous Approach", "03VU3DZ": "Restriction of Right Thyroid Artery with Intraluminal Device, Percutaneous Approach", "03VU3ZZ": "Restriction of Right Thyroid Artery, Percutaneous Approach", "03VU4CZ": "Restriction of Right Thyroid Artery with Extraluminal Device, Percutaneous Endoscopic Approach", "03VU4DZ": "Restriction of Right Thyroid Artery with Intraluminal Device, Percutaneous Endoscopic Approach", "03VU4ZZ": "Restriction of Right Thyroid Artery, Percutaneous Endoscopic Approach", "03VV0CZ": "Restriction of Left Thyroid Artery with Extraluminal Device, Open Approach", "03VV0DZ": "Restriction of Left Thyroid Artery with Intraluminal Device, Open Approach", "03VV0ZZ": "Restriction of Left Thyroid Artery, Open Approach", "03VV3CZ": "Restriction of Left Thyroid Artery with Extraluminal Device, Percutaneous Approach", "03VV3DZ": "Restriction of Left Thyroid Artery with Intraluminal Device, Percutaneous Approach", "03VV3ZZ": "Restriction of Left Thyroid Artery, Percutaneous Approach", "03VV4CZ": "Restriction of Left Thyroid Artery with Extraluminal Device, Percutaneous Endoscopic Approach", "03VV4DZ": "Restriction of Left Thyroid Artery with Intraluminal Device, Percutaneous Endoscopic Approach", "03VV4ZZ": "Restriction of Left Thyroid Artery, Percutaneous Endoscopic Approach", "03VY0CZ": "Restriction of Upper Artery with Extraluminal Device, Open Approach", "03VY0DZ": "Restriction of Upper Artery with Intraluminal Device, Open Approach", "03VY0ZZ": "Restriction of Upper Artery, Open Approach", "03VY3CZ": "Restriction of Upper Artery with Extraluminal Device, Percutaneous Approach", "03VY3DZ": "Restriction of Upper Artery with Intraluminal Device, Percutaneous Approach", "03VY3ZZ": "Restriction of Upper Artery, Percutaneous Approach", "03VY4CZ": "Restriction of Upper Artery with Extraluminal Device, Percutaneous Endoscopic Approach", "03VY4DZ": "Restriction of Upper Artery with Intraluminal Device, Percutaneous Endoscopic Approach", "03VY4ZZ": "Restriction of Upper Artery, Percutaneous Endoscopic Approach"}