{"061": "Lower Veins, Bypass", "0610075": "Bypass Inferior Vena Cava to Superior Mesenteric Vein with Autologous Tissue Substitute, Open Approach", "0610076": "Bypass Inferior Vena Cava to Inferior Mesenteric Vein with Autologous Tissue Substitute, Open Approach", "061007P": "Bypass Inferior Vena Cava to Pulmonary Trunk with Autologous Tissue Substitute, Open Approach", "061007Q": "Bypass Inferior Vena Cava to Right Pulmonary Artery with Autologous Tissue Substitute, Open Approach", "061007R": "Bypass Inferior Vena Cava to Left Pulmonary Artery with Autologous Tissue Substitute, Open Approach", "061007Y": "Bypass Inferior Vena Cava to Lower Vein with Autologous Tissue Substitute, Open Approach", "0610095": "Bypass Inferior Vena Cava to Superior Mesenteric Vein with Autologous Venous Tissue, Open Approach", "0610096": "Bypass Inferior Vena Cava to Inferior Mesenteric Vein with Autologous Venous Tissue, Open Approach", "061009P": "Bypass Inferior Vena Cava to Pulmonary Trunk with Autologous Venous Tissue, Open Approach", "061009Q": "Bypass Inferior Vena Cava to Right Pulmonary Artery with Autologous Venous Tissue, Open Approach", "061009R": "Bypass Inferior Vena Cava to Left Pulmonary Artery with Autologous Venous Tissue, Open Approach", "061009Y": "Bypass Inferior Vena Cava to Lower Vein with Autologous Venous Tissue, Open Approach", "06100A5": "Bypass Inferior Vena Cava to Superior Mesenteric Vein with Autologous Arterial Tissue, Open Approach", "06100A6": "Bypass Inferior Vena Cava to Inferior Mesenteric Vein with Autologous Arterial Tissue, Open Approach", "06100AP": "Bypass Inferior Vena Cava to Pulmonary Trunk with Autologous Arterial Tissue, Open Approach", "06100AQ": "Bypass Inferior Vena Cava to Right Pulmonary Artery with Autologous Arterial Tissue, Open Approach", "06100AR": "Bypass Inferior Vena Cava to Left Pulmonary Artery with Autologous Arterial Tissue, Open Approach", "06100AY": "Bypass Inferior Vena Cava to Lower Vein with Autologous Arterial Tissue, Open Approach", "06100J5": "Bypass Inferior Vena Cava to Superior Mesenteric Vein with Synthetic Substitute, Open Approach", "06100J6": "Bypass Inferior Vena Cava to Inferior Mesenteric Vein with Synthetic Substitute, Open Approach", "06100JP": "Bypass Inferior Vena Cava to Pulmonary Trunk with Synthetic Substitute, Open Approach", "06100JQ": "Bypass Inferior Vena Cava to Right Pulmonary Artery with Synthetic Substitute, Open Approach", "06100JR": "Bypass Inferior Vena Cava to Left Pulmonary Artery with Synthetic Substitute, Open Approach", "06100JY": "Bypass Inferior Vena Cava to Lower Vein with Synthetic Substitute, Open Approach", "06100K5": "Bypass Inferior Vena Cava to Superior Mesenteric Vein with Nonautologous Tissue Substitute, Open Approach", "06100K6": "Bypass Inferior Vena Cava to Inferior Mesenteric Vein with Nonautologous Tissue Substitute, Open Approach", "06100KP": "Bypass Inferior Vena Cava to Pulmonary Trunk with Nonautologous Tissue Substitute, Open Approach", "06100KQ": "Bypass Inferior Vena Cava to Right Pulmonary Artery with Nonautologous Tissue Substitute, Open Approach", "06100KR": "Bypass Inferior Vena Cava to Left Pulmonary Artery with Nonautologous Tissue Substitute, Open Approach", "06100KY": "Bypass Inferior Vena Cava to Lower Vein with Nonautologous Tissue Substitute, Open Approach", "06100Z5": "Bypass Inferior Vena Cava to Superior Mesenteric Vein, Open Approach", "06100Z6": "Bypass Inferior Vena Cava to Inferior Mesenteric Vein, Open Approach", "06100ZP": "Bypass Inferior Vena Cava to Pulmonary Trunk, Open Approach", "06100ZQ": "Bypass Inferior Vena Cava to Right Pulmonary Artery, Open Approach", "06100ZR": "Bypass Inferior Vena Cava to Left Pulmonary Artery, Open Approach", "06100ZY": "Bypass Inferior Vena Cava to Lower Vein, Open Approach", "0610475": "Bypass Inferior Vena Cava to Superior Mesenteric Vein with Autologous Tissue Substitute, Percutaneous Endoscopic Approach", "0610476": "Bypass Inferior Vena Cava to Inferior Mesenteric Vein with Autologous Tissue Substitute, Percutaneous Endoscopic Approach", "061047P": "Bypass Inferior Vena Cava to Pulmonary Trunk with Autologous Tissue Substitute, Percutaneous Endoscopic Approach", "061047Q": "Bypass Inferior Vena Cava to Right Pulmonary Artery with Autologous Tissue Substitute, Percutaneous Endoscopic Approach", "061047R": "Bypass Inferior Vena Cava to Left Pulmonary Artery with Autologous Tissue Substitute, Percutaneous Endoscopic Approach", "061047Y": "Bypass Inferior Vena Cava to Lower Vein with Autologous Tissue Substitute, Percutaneous Endoscopic Approach", "0610495": "Bypass Inferior Vena Cava to Superior Mesenteric Vein with Autologous Venous Tissue, Percutaneous Endoscopic Approach", "0610496": "Bypass Inferior Vena Cava to Inferior Mesenteric Vein with Autologous Venous Tissue, Percutaneous Endoscopic Approach", "061049P": "Bypass Inferior Vena Cava to Pulmonary Trunk with Autologous Venous Tissue, Percutaneous Endoscopic Approach", "061049Q": "Bypass Inferior Vena Cava to Right Pulmonary Artery with Autologous Venous Tissue, Percutaneous Endoscopic Approach", "061049R": "Bypass Inferior Vena Cava to Left Pulmonary Artery with Autologous Venous Tissue, Percutaneous Endoscopic Approach", "061049Y": "Bypass Inferior Vena Cava to Lower Vein with Autologous Venous Tissue, Percutaneous Endoscopic Approach", "06104A5": "Bypass Inferior Vena Cava to Superior Mesenteric Vein with Autologous Arterial Tissue, Percutaneous Endoscopic Approach", "06104A6": "Bypass Inferior Vena Cava to Inferior Mesenteric Vein with Autologous Arterial Tissue, Percutaneous Endoscopic Approach", "06104AP": "Bypass Inferior Vena Cava to Pulmonary Trunk with Autologous Arterial Tissue, Percutaneous Endoscopic Approach", "06104AQ": "Bypass Inferior Vena Cava to Right Pulmonary Artery with Autologous Arterial Tissue, Percutaneous Endoscopic Approach", "06104AR": "Bypass Inferior Vena Cava to Left Pulmonary Artery with Autologous Arterial Tissue, Percutaneous Endoscopic Approach", "06104AY": "Bypass Inferior Vena Cava to Lower Vein with Autologous Arterial Tissue, Percutaneous Endoscopic Approach", "06104J5": "Bypass Inferior Vena Cava to Superior Mesenteric Vein with Synthetic Substitute, Percutaneous Endoscopic Approach", "06104J6": "Bypass Inferior Vena Cava to Inferior Mesenteric Vein with Synthetic Substitute, Percutaneous Endoscopic Approach", "06104JP": "Bypass Inferior Vena Cava to Pulmonary Trunk with Synthetic Substitute, Percutaneous Endoscopic Approach", "06104JQ": "Bypass Inferior Vena Cava to Right Pulmonary Artery with Synthetic Substitute, Percutaneous Endoscopic Approach", "06104JR": "Bypass Inferior Vena Cava to Left Pulmonary Artery with Synthetic Substitute, Percutaneous Endoscopic Approach", "06104JY": "Bypass Inferior Vena Cava to Lower Vein with Synthetic Substitute, Percutaneous Endoscopic Approach", "06104K5": "Bypass Inferior Vena Cava to Superior Mesenteric Vein with Nonautologous Tissue Substitute, Percutaneous Endoscopic Approach", "06104K6": "Bypass Inferior Vena Cava to Inferior Mesenteric Vein with Nonautologous Tissue Substitute, Percutaneous Endoscopic Approach", "06104KP": "Bypass Inferior Vena Cava to Pulmonary Trunk with Nonautologous Tissue Substitute, Percutaneous Endoscopic Approach", "06104KQ": "Bypass Inferior Vena Cava to Right Pulmonary Artery with Nonautologous Tissue Substitute, Percutaneous Endoscopic Approach", "06104KR": "Bypass Inferior Vena Cava to Left Pulmonary Artery with Nonautologous Tissue Substitute, Percutaneous Endoscopic Approach", "06104KY": "Bypass Inferior Vena Cava to Lower Vein with Nonautologous Tissue Substitute, Percutaneous Endoscopic Approach", "06104Z5": "Bypass Inferior Vena Cava to Superior Mesenteric Vein, Percutaneous Endoscopic Approach", "06104Z6": "Bypass Inferior Vena Cava to Inferior Mesenteric Vein, Percutaneous Endoscopic Approach", "06104ZP": "Bypass Inferior Vena Cava to Pulmonary Trunk, Percutaneous Endoscopic Approach", "06104ZQ": "Bypass Inferior Vena Cava to Right Pulmonary Artery, Percutaneous Endoscopic Approach", "06104ZR": "Bypass Inferior Vena Cava to Left Pulmonary Artery, Percutaneous Endoscopic Approach", "06104ZY": "Bypass Inferior Vena Cava to Lower Vein, Percutaneous Endoscopic Approach", "0611079": "Bypass Splenic Vein to Right Renal Vein with Autologous Tissue Substitute, Open Approach", "061107B": "Bypass Splenic Vein to Left Renal Vein with Autologous Tissue Substitute, Open Approach", "061107Y": "Bypass Splenic Vein to Lower Vein with Autologous Tissue Substitute, Open Approach", "0611099": "Bypass Splenic Vein to Right Renal Vein with Autologous Venous Tissue, Open Approach", "061109B": "Bypass Splenic Vein to Left Renal Vein with Autologous Venous Tissue, Open Approach", "061109Y": "Bypass Splenic Vein to Lower Vein with Autologous Venous Tissue, Open Approach", "06110A9": "Bypass Splenic Vein to Right Renal Vein with Autologous Arterial Tissue, Open Approach", "06110AB": "Bypass Splenic Vein to Left Renal Vein with Autologous Arterial Tissue, Open Approach", "06110AY": "Bypass Splenic Vein to Lower Vein with Autologous Arterial Tissue, Open Approach", "06110J9": "Bypass Splenic Vein to Right Renal Vein with Synthetic Substitute, Open Approach", "06110JB": "Bypass Splenic Vein to Left Renal Vein with Synthetic Substitute, Open Approach", "06110JY": "Bypass Splenic Vein to Lower Vein with Synthetic Substitute, Open Approach", "06110K9": "Bypass Splenic Vein to Right Renal Vein with Nonautologous Tissue Substitute, Open Approach", "06110KB": "Bypass Splenic Vein to Left Renal Vein with Nonautologous Tissue Substitute, Open Approach", "06110KY": "Bypass Splenic Vein to Lower Vein with Nonautologous Tissue Substitute, Open Approach", "06110Z9": "Bypass Splenic Vein to Right Renal Vein, Open Approach", "06110ZB": "Bypass Splenic Vein to Left Renal Vein, Open Approach", "06110ZY": "Bypass Splenic Vein to Lower Vein, Open Approach", "0611479": "Bypass Splenic Vein to Right Renal Vein with Autologous Tissue Substitute, Percutaneous Endoscopic Approach", "061147B": "Bypass Splenic Vein to Left Renal Vein with Autologous Tissue Substitute, Percutaneous Endoscopic Approach", "061147Y": "Bypass Splenic Vein to Lower Vein with Autologous Tissue Substitute, Percutaneous Endoscopic Approach", "0611499": "Bypass Splenic Vein to Right Renal Vein with Autologous Venous Tissue, Percutaneous Endoscopic Approach", "061149B": "Bypass Splenic Vein to Left Renal Vein with Autologous Venous Tissue, Percutaneous Endoscopic Approach", "061149Y": "Bypass Splenic Vein to Lower Vein with Autologous Venous Tissue, Percutaneous Endoscopic Approach", "06114A9": "Bypass Splenic Vein to Right Renal Vein with Autologous Arterial Tissue, Percutaneous Endoscopic Approach", "06114AB": "Bypass Splenic Vein to Left Renal Vein with Autologous Arterial Tissue, Percutaneous Endoscopic Approach", "06114AY": "Bypass Splenic Vein to Lower Vein with Autologous Arterial Tissue, Percutaneous Endoscopic Approach", "06114J9": "Bypass Splenic Vein to Right Renal Vein with Synthetic Substitute, Percutaneous Endoscopic Approach", "06114JB": "Bypass Splenic Vein to Left Renal Vein with Synthetic Substitute, Percutaneous Endoscopic Approach", "06114JY": "Bypass Splenic Vein to Lower Vein with Synthetic Substitute, Percutaneous Endoscopic Approach", "06114K9": "Bypass Splenic Vein to Right Renal Vein with Nonautologous Tissue Substitute, Percutaneous Endoscopic Approach", "06114KB": "Bypass Splenic Vein to Left Renal Vein with Nonautologous Tissue Substitute, Percutaneous Endoscopic Approach", "06114KY": "Bypass Splenic Vein to Lower Vein with Nonautologous Tissue Substitute, Percutaneous Endoscopic Approach", "06114Z9": "Bypass Splenic Vein to Right Renal Vein, Percutaneous Endoscopic Approach", "06114ZB": "Bypass Splenic Vein to Left Renal Vein, Percutaneous Endoscopic Approach", "06114ZY": "Bypass Splenic Vein to Lower Vein, Percutaneous Endoscopic Approach", "061207Y": "Bypass Gastric Vein to Lower Vein with Autologous Tissue Substitute, Open Approach", "061209Y": "Bypass Gastric Vein to Lower Vein with Autologous Venous Tissue, Open Approach", "06120AY": "Bypass Gastric Vein to Lower Vein with Autologous Arterial Tissue, Open Approach", "06120JY": "Bypass Gastric Vein to Lower Vein with Synthetic Substitute, Open Approach", "06120KY": "Bypass Gastric Vein to Lower Vein with Nonautologous Tissue Substitute, Open Approach", "06120ZY": "Bypass Gastric Vein to Lower Vein, Open Approach", "061247Y": "Bypass Gastric Vein to Lower Vein with Autologous Tissue Substitute, Percutaneous Endoscopic Approach", "061249Y": "Bypass Gastric Vein to Lower Vein with Autologous Venous Tissue, Percutaneous Endoscopic Approach", "06124AY": "Bypass Gastric Vein to Lower Vein with Autologous Arterial Tissue, Percutaneous Endoscopic Approach", "06124JY": "Bypass Gastric Vein to Lower Vein with Synthetic Substitute, Percutaneous Endoscopic Approach", "06124KY": "Bypass Gastric Vein to Lower Vein with Nonautologous Tissue Substitute, Percutaneous Endoscopic Approach", "06124ZY": "Bypass Gastric Vein to Lower Vein, Percutaneous Endoscopic Approach", "061307Y": "Bypass Esophageal Vein to Lower Vein with Autologous Tissue Substitute, Open Approach", "061309Y": "Bypass Esophageal Vein to Lower Vein with Autologous Venous Tissue, Open Approach", "06130AY": "Bypass Esophageal Vein to Lower Vein with Autologous Arterial Tissue, Open Approach", "06130JY": "Bypass Esophageal Vein to Lower Vein with Synthetic Substitute, Open Approach", "06130KY": "Bypass Esophageal Vein to Lower Vein with Nonautologous Tissue Substitute, Open Approach", "06130ZY": "Bypass Esophageal Vein to Lower Vein, Open Approach", "061347Y": "Bypass Esophageal Vein to Lower Vein with Autologous Tissue Substitute, Percutaneous Endoscopic Approach", "061349Y": "Bypass Esophageal Vein to Lower Vein with Autologous Venous Tissue, Percutaneous Endoscopic Approach", "06134AY": "Bypass Esophageal Vein to Lower Vein with Autologous Arterial Tissue, Percutaneous Endoscopic Approach", "06134JY": "Bypass Esophageal Vein to Lower Vein with Synthetic Substitute, Percutaneous Endoscopic Approach", "06134KY": "Bypass Esophageal Vein to Lower Vein with Nonautologous Tissue Substitute, Percutaneous Endoscopic Approach", "06134ZY": "Bypass Esophageal Vein to Lower Vein, Percutaneous Endoscopic Approach", "061407Y": "Bypass Hepatic Vein to Lower Vein with Autologous Tissue Substitute, Open Approach", "061409Y": "Bypass Hepatic Vein to Lower Vein with Autologous Venous Tissue, Open Approach", "06140AY": "Bypass Hepatic Vein to Lower Vein with Autologous Arterial Tissue, Open Approach", "06140JY": "Bypass Hepatic Vein to Lower Vein with Synthetic Substitute, Open Approach", "06140KY": "Bypass Hepatic Vein to Lower Vein with Nonautologous Tissue Substitute, Open Approach", "06140ZY": "Bypass Hepatic Vein to Lower Vein, Open Approach", "061447Y": "Bypass Hepatic Vein to Lower Vein with Autologous Tissue Substitute, Percutaneous Endoscopic Approach", "061449Y": "Bypass Hepatic Vein to Lower Vein with Autologous Venous Tissue, Percutaneous Endoscopic Approach", "06144AY": "Bypass Hepatic Vein to Lower Vein with Autologous Arterial Tissue, Percutaneous Endoscopic Approach", "06144JY": "Bypass Hepatic Vein to Lower Vein with Synthetic Substitute, Percutaneous Endoscopic Approach", "06144KY": "Bypass Hepatic Vein to Lower Vein with Nonautologous Tissue Substitute, Percutaneous Endoscopic Approach", "06144ZY": "Bypass Hepatic Vein to Lower Vein, Percutaneous Endoscopic Approach", "061507Y": "Bypass Superior Mesenteric Vein to Lower Vein with Autologous Tissue Substitute, Open Approach", "061509Y": "Bypass Superior Mesenteric Vein to Lower Vein with Autologous Venous Tissue, Open Approach", "06150AY": "Bypass Superior Mesenteric Vein to Lower Vein with Autologous Arterial Tissue, Open Approach", "06150JY": "Bypass Superior Mesenteric Vein to Lower Vein with Synthetic Substitute, Open Approach", "06150KY": "Bypass Superior Mesenteric Vein to Lower Vein with Nonautologous Tissue Substitute, Open Approach", "06150ZY": "Bypass Superior Mesenteric Vein to Lower Vein, Open Approach", "061547Y": "Bypass Superior Mesenteric Vein to Lower Vein with Autologous Tissue Substitute, Percutaneous Endoscopic Approach", "061549Y": "Bypass Superior Mesenteric Vein to Lower Vein with Autologous Venous Tissue, Percutaneous Endoscopic Approach", "06154AY": "Bypass Superior Mesenteric Vein to Lower Vein with Autologous Arterial Tissue, Percutaneous Endoscopic Approach", "06154JY": "Bypass Superior Mesenteric Vein to Lower Vein with Synthetic Substitute, Percutaneous Endoscopic Approach", "06154KY": "Bypass Superior Mesenteric Vein to Lower Vein with Nonautologous Tissue Substitute, Percutaneous Endoscopic Approach", "06154ZY": "Bypass Superior Mesenteric Vein to Lower Vein, Percutaneous Endoscopic Approach", "061607Y": "Bypass Inferior Mesenteric Vein to Lower Vein with Autologous Tissue Substitute, Open Approach", "061609Y": "Bypass Inferior Mesenteric Vein to Lower Vein with Autologous Venous Tissue, Open Approach", "06160AY": "Bypass Inferior Mesenteric Vein to Lower Vein with Autologous Arterial Tissue, Open Approach", "06160JY": "Bypass Inferior Mesenteric Vein to Lower Vein with Synthetic Substitute, Open Approach", "06160KY": "Bypass Inferior Mesenteric Vein to Lower Vein with Nonautologous Tissue Substitute, Open Approach", "06160ZY": "Bypass Inferior Mesenteric Vein to Lower Vein, Open Approach", "061647Y": "Bypass Inferior Mesenteric Vein to Lower Vein with Autologous Tissue Substitute, Percutaneous Endoscopic Approach", "061649Y": "Bypass Inferior Mesenteric Vein to Lower Vein with Autologous Venous Tissue, Percutaneous Endoscopic Approach", "06164AY": "Bypass Inferior Mesenteric Vein to Lower Vein with Autologous Arterial Tissue, Percutaneous Endoscopic Approach", "06164JY": "Bypass Inferior Mesenteric Vein to Lower Vein with Synthetic Substitute, Percutaneous Endoscopic Approach", "06164KY": "Bypass Inferior Mesenteric Vein to Lower Vein with Nonautologous Tissue Substitute, Percutaneous Endoscopic Approach", "06164ZY": "Bypass Inferior Mesenteric Vein to Lower Vein, Percutaneous Endoscopic Approach", "061707Y": "Bypass Colic Vein to Lower Vein with Autologous Tissue Substitute, Open Approach", "061709Y": "Bypass Colic Vein to Lower Vein with Autologous Venous Tissue, Open Approach", "06170AY": "Bypass Colic Vein to Lower Vein with Autologous Arterial Tissue, Open Approach", "06170JY": "Bypass Colic Vein to Lower Vein with Synthetic Substitute, Open Approach", "06170KY": "Bypass Colic Vein to Lower Vein with Nonautologous Tissue Substitute, Open Approach", "06170ZY": "Bypass Colic Vein to Lower Vein, Open Approach", "061747Y": "Bypass Colic Vein to Lower Vein with Autologous Tissue Substitute, Percutaneous Endoscopic Approach", "061749Y": "Bypass Colic Vein to Lower Vein with Autologous Venous Tissue, Percutaneous Endoscopic Approach", "06174AY": "Bypass Colic Vein to Lower Vein with Autologous Arterial Tissue, Percutaneous Endoscopic Approach", "06174JY": "Bypass Colic Vein to Lower Vein with Synthetic Substitute, Percutaneous Endoscopic Approach", "06174KY": "Bypass Colic Vein to Lower Vein with Nonautologous Tissue Substitute, Percutaneous Endoscopic Approach", "06174ZY": "Bypass Colic Vein to Lower Vein, Percutaneous Endoscopic Approach", "0618079": "Bypass Portal Vein to Right Renal Vein with Autologous Tissue Substitute, Open Approach", "061807B": "Bypass Portal Vein to Left Renal Vein with Autologous Tissue Substitute, Open Approach", "061807Y": "Bypass Portal Vein to Lower Vein with Autologous Tissue Substitute, Open Approach", "0618099": "Bypass Portal Vein to Right Renal Vein with Autologous Venous Tissue, Open Approach", "061809B": "Bypass Portal Vein to Left Renal Vein with Autologous Venous Tissue, Open Approach", "061809Y": "Bypass Portal Vein to Lower Vein with Autologous Venous Tissue, Open Approach", "06180A9": "Bypass Portal Vein to Right Renal Vein with Autologous Arterial Tissue, Open Approach", "06180AB": "Bypass Portal Vein to Left Renal Vein with Autologous Arterial Tissue, Open Approach", "06180AY": "Bypass Portal Vein to Lower Vein with Autologous Arterial Tissue, Open Approach", "06180J9": "Bypass Portal Vein to Right Renal Vein with Synthetic Substitute, Open Approach", "06180JB": "Bypass Portal Vein to Left Renal Vein with Synthetic Substitute, Open Approach", "06180JY": "Bypass Portal Vein to Lower Vein with Synthetic Substitute, Open Approach", "06180K9": "Bypass Portal Vein to Right Renal Vein with Nonautologous Tissue Substitute, Open Approach", "06180KB": "Bypass Portal Vein to Left Renal Vein with Nonautologous Tissue Substitute, Open Approach", "06180KY": "Bypass Portal Vein to Lower Vein with Nonautologous Tissue Substitute, Open Approach", "06180Z9": "Bypass Portal Vein to Right Renal Vein, Open Approach", "06180ZB": "Bypass Portal Vein to Left Renal Vein, Open Approach", "06180ZY": "Bypass Portal Vein to Lower Vein, Open Approach", "06183J4": "Bypass Portal Vein to Hepatic Vein with Synthetic Substitute, Percutaneous Approach", "06183JY": "Bypass Portal Vein to Lower Vein with Synthetic Substitute, Percutaneous Approach", "0618479": "Bypass Portal Vein to Right Renal Vein with Autologous Tissue Substitute, Percutaneous Endoscopic Approach", "061847B": "Bypass Portal Vein to Left Renal Vein with Autologous Tissue Substitute, Percutaneous Endoscopic Approach", "061847Y": "Bypass Portal Vein to Lower Vein with Autologous Tissue Substitute, Percutaneous Endoscopic Approach", "0618499": "Bypass Portal Vein to Right Renal Vein with Autologous Venous Tissue, Percutaneous Endoscopic Approach", "061849B": "Bypass Portal Vein to Left Renal Vein with Autologous Venous Tissue, Percutaneous Endoscopic Approach", "061849Y": "Bypass Portal Vein to Lower Vein with Autologous Venous Tissue, Percutaneous Endoscopic Approach", "06184A9": "Bypass Portal Vein to Right Renal Vein with Autologous Arterial Tissue, Percutaneous Endoscopic Approach", "06184AB": "Bypass Portal Vein to Left Renal Vein with Autologous Arterial Tissue, Percutaneous Endoscopic Approach", "06184AY": "Bypass Portal Vein to Lower Vein with Autologous Arterial Tissue, Percutaneous Endoscopic Approach", "06184J4": "Bypass Portal Vein to Hepatic Vein with Synthetic Substitute, Percutaneous Endoscopic Approach", "06184J9": "Bypass Portal Vein to Right Renal Vein with Synthetic Substitute, Percutaneous Endoscopic Approach", "06184JB": "Bypass Portal Vein to Left Renal Vein with Synthetic Substitute, Percutaneous Endoscopic Approach", "06184JY": "Bypass Portal Vein to Lower Vein with Synthetic Substitute, Percutaneous Endoscopic Approach", "06184K9": "Bypass Portal Vein to Right Renal Vein with Nonautologous Tissue Substitute, Percutaneous Endoscopic Approach", "06184KB": "Bypass Portal Vein to Left Renal Vein with Nonautologous Tissue Substitute, Percutaneous Endoscopic Approach", "06184KY": "Bypass Portal Vein to Lower Vein with Nonautologous Tissue Substitute, Percutaneous Endoscopic Approach", "06184Z9": "Bypass Portal Vein to Right Renal Vein, Percutaneous Endoscopic Approach", "06184ZB": "Bypass Portal Vein to Left Renal Vein, Percutaneous Endoscopic Approach", "06184ZY": "Bypass Portal Vein to Lower Vein, Percutaneous Endoscopic Approach", "061907Y": "Bypass Right Renal Vein to Lower Vein with Autologous Tissue Substitute, Open Approach", "061909Y": "Bypass Right Renal Vein to Lower Vein with Autologous Venous Tissue, Open Approach", "06190AY": "Bypass Right Renal Vein to Lower Vein with Autologous Arterial Tissue, Open Approach", "06190JY": "Bypass Right Renal Vein to Lower Vein with Synthetic Substitute, Open Approach", "06190KY": "Bypass Right Renal Vein to Lower Vein with Nonautologous Tissue Substitute, Open Approach", "06190ZY": "Bypass Right Renal Vein to Lower Vein, Open Approach", "061947Y": "Bypass Right Renal Vein to Lower Vein with Autologous Tissue Substitute, Percutaneous Endoscopic Approach", "061949Y": "Bypass Right Renal Vein to Lower Vein with Autologous Venous Tissue, Percutaneous Endoscopic Approach", "06194AY": "Bypass Right Renal Vein to Lower Vein with Autologous Arterial Tissue, Percutaneous Endoscopic Approach", "06194JY": "Bypass Right Renal Vein to Lower Vein with Synthetic Substitute, Percutaneous Endoscopic Approach", "06194KY": "Bypass Right Renal Vein to Lower Vein with Nonautologous Tissue Substitute, Percutaneous Endoscopic Approach", "06194ZY": "Bypass Right Renal Vein to Lower Vein, Percutaneous Endoscopic Approach", "061B07Y": "Bypass Left Renal Vein to Lower Vein with Autologous Tissue Substitute, Open Approach", "061B09Y": "Bypass Left Renal Vein to Lower Vein with Autologous Venous Tissue, Open Approach", "061B0AY": "Bypass Left Renal Vein to Lower Vein with Autologous Arterial Tissue, Open Approach", "061B0JY": "Bypass Left Renal Vein to Lower Vein with Synthetic Substitute, Open Approach", "061B0KY": "Bypass Left Renal Vein to Lower Vein with Nonautologous Tissue Substitute, Open Approach", "061B0ZY": "Bypass Left Renal Vein to Lower Vein, Open Approach", "061B47Y": "Bypass Left Renal Vein to Lower Vein with Autologous Tissue Substitute, Percutaneous Endoscopic Approach", "061B49Y": "Bypass Left Renal Vein to Lower Vein with Autologous Venous Tissue, Percutaneous Endoscopic Approach", "061B4AY": "Bypass Left Renal Vein to Lower Vein with Autologous Arterial Tissue, Percutaneous Endoscopic Approach", "061B4JY": "Bypass Left Renal Vein to Lower Vein with Synthetic Substitute, Percutaneous Endoscopic Approach", "061B4KY": "Bypass Left Renal Vein to Lower Vein with Nonautologous Tissue Substitute, Percutaneous Endoscopic Approach", "061B4ZY": "Bypass Left Renal Vein to Lower Vein, Percutaneous Endoscopic Approach", "061C07Y": "Bypass Right Common Iliac Vein to Lower Vein with Autologous Tissue Substitute, Open Approach", "061C09Y": "Bypass Right Common Iliac Vein to Lower Vein with Autologous Venous Tissue, Open Approach", "061C0AY": "Bypass Right Common Iliac Vein to Lower Vein with Autologous Arterial Tissue, Open Approach", "061C0JY": "Bypass Right Common Iliac Vein to Lower Vein with Synthetic Substitute, Open Approach", "061C0KY": "Bypass Right Common Iliac Vein to Lower Vein with Nonautologous Tissue Substitute, Open Approach", "061C0ZY": "Bypass Right Common Iliac Vein to Lower Vein, Open Approach", "061C47Y": "Bypass Right Common Iliac Vein to Lower Vein with Autologous Tissue Substitute, Percutaneous Endoscopic Approach", "061C49Y": "Bypass Right Common Iliac Vein to Lower Vein with Autologous Venous Tissue, Percutaneous Endoscopic Approach", "061C4AY": "Bypass Right Common Iliac Vein to Lower Vein with Autologous Arterial Tissue, Percutaneous Endoscopic Approach", "061C4JY": "Bypass Right Common Iliac Vein to Lower Vein with Synthetic Substitute, Percutaneous Endoscopic Approach", "061C4KY": "Bypass Right Common Iliac Vein to Lower Vein with Nonautologous Tissue Substitute, Percutaneous Endoscopic Approach", "061C4ZY": "Bypass Right Common Iliac Vein to Lower Vein, Percutaneous Endoscopic Approach", "061D07Y": "Bypass Left Common Iliac Vein to Lower Vein with Autologous Tissue Substitute, Open Approach", "061D09Y": "Bypass Left Common Iliac Vein to Lower Vein with Autologous Venous Tissue, Open Approach", "061D0AY": "Bypass Left Common Iliac Vein to Lower Vein with Autologous Arterial Tissue, Open Approach", "061D0JY": "Bypass Left Common Iliac Vein to Lower Vein with Synthetic Substitute, Open Approach", "061D0KY": "Bypass Left Common Iliac Vein to Lower Vein with Nonautologous Tissue Substitute, Open Approach", "061D0ZY": "Bypass Left Common Iliac Vein to Lower Vein, Open Approach", "061D47Y": "Bypass Left Common Iliac Vein to Lower Vein with Autologous Tissue Substitute, Percutaneous Endoscopic Approach", "061D49Y": "Bypass Left Common Iliac Vein to Lower Vein with Autologous Venous Tissue, Percutaneous Endoscopic Approach", "061D4AY": "Bypass Left Common Iliac Vein to Lower Vein with Autologous Arterial Tissue, Percutaneous Endoscopic Approach", "061D4JY": "Bypass Left Common Iliac Vein to Lower Vein with Synthetic Substitute, Percutaneous Endoscopic Approach", "061D4KY": "Bypass Left Common Iliac Vein to Lower Vein with Nonautologous Tissue Substitute, Percutaneous Endoscopic Approach", "061D4ZY": "Bypass Left Common Iliac Vein to Lower Vein, Percutaneous Endoscopic Approach", "061F07Y": "Bypass Right External Iliac Vein to Lower Vein with Autologous Tissue Substitute, Open Approach", "061F09Y": "Bypass Right External Iliac Vein to Lower Vein with Autologous Venous Tissue, Open Approach", "061F0AY": "Bypass Right External Iliac Vein to Lower Vein with Autologous Arterial Tissue, Open Approach", "061F0JY": "Bypass Right External Iliac Vein to Lower Vein with Synthetic Substitute, Open Approach", "061F0KY": "Bypass Right External Iliac Vein to Lower Vein with Nonautologous Tissue Substitute, Open Approach", "061F0ZY": "Bypass Right External Iliac Vein to Lower Vein, Open Approach", "061F47Y": "Bypass Right External Iliac Vein to Lower Vein with Autologous Tissue Substitute, Percutaneous Endoscopic Approach", "061F49Y": "Bypass Right External Iliac Vein to Lower Vein with Autologous Venous Tissue, Percutaneous Endoscopic Approach", "061F4AY": "Bypass Right External Iliac Vein to Lower Vein with Autologous Arterial Tissue, Percutaneous Endoscopic Approach", "061F4JY": "Bypass Right External Iliac Vein to Lower Vein with Synthetic Substitute, Percutaneous Endoscopic Approach", "061F4KY": "Bypass Right External Iliac Vein to Lower Vein with Nonautologous Tissue Substitute, Percutaneous Endoscopic Approach", "061F4ZY": "Bypass Right External Iliac Vein to Lower Vein, Percutaneous Endoscopic Approach", "061G07Y": "Bypass Left External Iliac Vein to Lower Vein with Autologous Tissue Substitute, Open Approach", "061G09Y": "Bypass Left External Iliac Vein to Lower Vein with Autologous Venous Tissue, Open Approach", "061G0AY": "Bypass Left External Iliac Vein to Lower Vein with Autologous Arterial Tissue, Open Approach", "061G0JY": "Bypass Left External Iliac Vein to Lower Vein with Synthetic Substitute, Open Approach", "061G0KY": "Bypass Left External Iliac Vein to Lower Vein with Nonautologous Tissue Substitute, Open Approach", "061G0ZY": "Bypass Left External Iliac Vein to Lower Vein, Open Approach", "061G47Y": "Bypass Left External Iliac Vein to Lower Vein with Autologous Tissue Substitute, Percutaneous Endoscopic Approach", "061G49Y": "Bypass Left External Iliac Vein to Lower Vein with Autologous Venous Tissue, Percutaneous Endoscopic Approach", "061G4AY": "Bypass Left External Iliac Vein to Lower Vein with Autologous Arterial Tissue, Percutaneous Endoscopic Approach", "061G4JY": "Bypass Left External Iliac Vein to Lower Vein with Synthetic Substitute, Percutaneous Endoscopic Approach", "061G4KY": "Bypass Left External Iliac Vein to Lower Vein with Nonautologous Tissue Substitute, Percutaneous Endoscopic Approach", "061G4ZY": "Bypass Left External Iliac Vein to Lower Vein, Percutaneous Endoscopic Approach", "061H07Y": "Bypass Right Hypogastric Vein to Lower Vein with Autologous Tissue Substitute, Open Approach", "061H09Y": "Bypass Right Hypogastric Vein to Lower Vein with Autologous Venous Tissue, Open Approach", "061H0AY": "Bypass Right Hypogastric Vein to Lower Vein with Autologous Arterial Tissue, Open Approach", "061H0JY": "Bypass Right Hypogastric Vein to Lower Vein with Synthetic Substitute, Open Approach", "061H0KY": "Bypass Right Hypogastric Vein to Lower Vein with Nonautologous Tissue Substitute, Open Approach", "061H0ZY": "Bypass Right Hypogastric Vein to Lower Vein, Open Approach", "061H47Y": "Bypass Right Hypogastric Vein to Lower Vein with Autologous Tissue Substitute, Percutaneous Endoscopic Approach", "061H49Y": "Bypass Right Hypogastric Vein to Lower Vein with Autologous Venous Tissue, Percutaneous Endoscopic Approach", "061H4AY": "Bypass Right Hypogastric Vein to Lower Vein with Autologous Arterial Tissue, Percutaneous Endoscopic Approach", "061H4JY": "Bypass Right Hypogastric Vein to Lower Vein with Synthetic Substitute, Percutaneous Endoscopic Approach", "061H4KY": "Bypass Right Hypogastric Vein to Lower Vein with Nonautologous Tissue Substitute, Percutaneous Endoscopic Approach", "061H4ZY": "Bypass Right Hypogastric Vein to Lower Vein, Percutaneous Endoscopic Approach", "061J07Y": "Bypass Left Hypogastric Vein to Lower Vein with Autologous Tissue Substitute, Open Approach", "061J09Y": "Bypass Left Hypogastric Vein to Lower Vein with Autologous Venous Tissue, Open Approach", "061J0AY": "Bypass Left Hypogastric Vein to Lower Vein with Autologous Arterial Tissue, Open Approach", "061J0JY": "Bypass Left Hypogastric Vein to Lower Vein with Synthetic Substitute, Open Approach", "061J0KY": "Bypass Left Hypogastric Vein to Lower Vein with Nonautologous Tissue Substitute, Open Approach", "061J0ZY": "Bypass Left Hypogastric Vein to Lower Vein, Open Approach", "061J47Y": "Bypass Left Hypogastric Vein to Lower Vein with Autologous Tissue Substitute, Percutaneous Endoscopic Approach", "061J49Y": "Bypass Left Hypogastric Vein to Lower Vein with Autologous Venous Tissue, Percutaneous Endoscopic Approach", "061J4AY": "Bypass Left Hypogastric Vein to Lower Vein with Autologous Arterial Tissue, Percutaneous Endoscopic Approach", "061J4JY": "Bypass Left Hypogastric Vein to Lower Vein with Synthetic Substitute, Percutaneous Endoscopic Approach", "061J4KY": "Bypass Left Hypogastric Vein to Lower Vein with Nonautologous Tissue Substitute, Percutaneous Endoscopic Approach", "061J4ZY": "Bypass Left Hypogastric Vein to Lower Vein, Percutaneous Endoscopic Approach", "061M07Y": "Bypass Right Femoral Vein to Lower Vein with Autologous Tissue Substitute, Open Approach", "061M09Y": "Bypass Right Femoral Vein to Lower Vein with Autologous Venous Tissue, Open Approach", "061M0AY": "Bypass Right Femoral Vein to Lower Vein with Autologous Arterial Tissue, Open Approach", "061M0JY": "Bypass Right Femoral Vein to Lower Vein with Synthetic Substitute, Open Approach", "061M0KY": "Bypass Right Femoral Vein to Lower Vein with Nonautologous Tissue Substitute, Open Approach", "061M0ZY": "Bypass Right Femoral Vein to Lower Vein, Open Approach", "061M47Y": "Bypass Right Femoral Vein to Lower Vein with Autologous Tissue Substitute, Percutaneous Endoscopic Approach", "061M49Y": "Bypass Right Femoral Vein to Lower Vein with Autologous Venous Tissue, Percutaneous Endoscopic Approach", "061M4AY": "Bypass Right Femoral Vein to Lower Vein with Autologous Arterial Tissue, Percutaneous Endoscopic Approach", "061M4JY": "Bypass Right Femoral Vein to Lower Vein with Synthetic Substitute, Percutaneous Endoscopic Approach", "061M4KY": "Bypass Right Femoral Vein to Lower Vein with Nonautologous Tissue Substitute, Percutaneous Endoscopic Approach", "061M4ZY": "Bypass Right Femoral Vein to Lower Vein, Percutaneous Endoscopic Approach", "061N07Y": "Bypass Left Femoral Vein to Lower Vein with Autologous Tissue Substitute, Open Approach", "061N09Y": "Bypass Left Femoral Vein to Lower Vein with Autologous Venous Tissue, Open Approach", "061N0AY": "Bypass Left Femoral Vein to Lower Vein with Autologous Arterial Tissue, Open Approach", "061N0JY": "Bypass Left Femoral Vein to Lower Vein with Synthetic Substitute, Open Approach", "061N0KY": "Bypass Left Femoral Vein to Lower Vein with Nonautologous Tissue Substitute, Open Approach", "061N0ZY": "Bypass Left Femoral Vein to Lower Vein, Open Approach", "061N47Y": "Bypass Left Femoral Vein to Lower Vein with Autologous Tissue Substitute, Percutaneous Endoscopic Approach", "061N49Y": "Bypass Left Femoral Vein to Lower Vein with Autologous Venous Tissue, Percutaneous Endoscopic Approach", "061N4AY": "Bypass Left Femoral Vein to Lower Vein with Autologous Arterial Tissue, Percutaneous Endoscopic Approach", "061N4JY": "Bypass Left Femoral Vein to Lower Vein with Synthetic Substitute, Percutaneous Endoscopic Approach", "061N4KY": "Bypass Left Femoral Vein to Lower Vein with Nonautologous Tissue Substitute, Percutaneous Endoscopic Approach", "061N4ZY": "Bypass Left Femoral Vein to Lower Vein, Percutaneous Endoscopic Approach", "061P07Y": "Bypass Right Saphenous Vein to Lower Vein with Autologous Tissue Substitute, Open Approach", "061P09Y": "Bypass Right Saphenous Vein to Lower Vein with Autologous Venous Tissue, Open Approach", "061P0AY": "Bypass Right Saphenous Vein to Lower Vein with Autologous Arterial Tissue, Open Approach", "061P0JY": "Bypass Right Saphenous Vein to Lower Vein with Synthetic Substitute, Open Approach", "061P0KY": "Bypass Right Saphenous Vein to Lower Vein with Nonautologous Tissue Substitute, Open Approach", "061P0ZY": "Bypass Right Saphenous Vein to Lower Vein, Open Approach", "061P47Y": "Bypass Right Saphenous Vein to Lower Vein with Autologous Tissue Substitute, Percutaneous Endoscopic Approach", "061P49Y": "Bypass Right Saphenous Vein to Lower Vein with Autologous Venous Tissue, Percutaneous Endoscopic Approach", "061P4AY": "Bypass Right Saphenous Vein to Lower Vein with Autologous Arterial Tissue, Percutaneous Endoscopic Approach", "061P4JY": "Bypass Right Saphenous Vein to Lower Vein with Synthetic Substitute, Percutaneous Endoscopic Approach", "061P4KY": "Bypass Right Saphenous Vein to Lower Vein with Nonautologous Tissue Substitute, Percutaneous Endoscopic Approach", "061P4ZY": "Bypass Right Saphenous Vein to Lower Vein, Percutaneous Endoscopic Approach", "061Q07Y": "Bypass Left Saphenous Vein to Lower Vein with Autologous Tissue Substitute, Open Approach", "061Q09Y": "Bypass Left Saphenous Vein to Lower Vein with Autologous Venous Tissue, Open Approach", "061Q0AY": "Bypass Left Saphenous Vein to Lower Vein with Autologous Arterial Tissue, Open Approach", "061Q0JY": "Bypass Left Saphenous Vein to Lower Vein with Synthetic Substitute, Open Approach", "061Q0KY": "Bypass Left Saphenous Vein to Lower Vein with Nonautologous Tissue Substitute, Open Approach", "061Q0ZY": "Bypass Left Saphenous Vein to Lower Vein, Open Approach", "061Q47Y": "Bypass Left Saphenous Vein to Lower Vein with Autologous Tissue Substitute, Percutaneous Endoscopic Approach", "061Q49Y": "Bypass Left Saphenous Vein to Lower Vein with Autologous Venous Tissue, Percutaneous Endoscopic Approach", "061Q4AY": "Bypass Left Saphenous Vein to Lower Vein with Autologous Arterial Tissue, Percutaneous Endoscopic Approach", "061Q4JY": "Bypass Left Saphenous Vein to Lower Vein with Synthetic Substitute, Percutaneous Endoscopic Approach", "061Q4KY": "Bypass Left Saphenous Vein to Lower Vein with Nonautologous Tissue Substitute, Percutaneous Endoscopic Approach", "061Q4ZY": "Bypass Left Saphenous Vein to Lower Vein, Percutaneous Endoscopic Approach", "061T07Y": "Bypass Right Foot Vein to Lower Vein with Autologous Tissue Substitute, Open Approach", "061T09Y": "Bypass Right Foot Vein to Lower Vein with Autologous Venous Tissue, Open Approach", "061T0AY": "Bypass Right Foot Vein to Lower Vein with Autologous Arterial Tissue, Open Approach", "061T0JY": "Bypass Right Foot Vein to Lower Vein with Synthetic Substitute, Open Approach", "061T0KY": "Bypass Right Foot Vein to Lower Vein with Nonautologous Tissue Substitute, Open Approach", "061T0ZY": "Bypass Right Foot Vein to Lower Vein, Open Approach", "061T47Y": "Bypass Right Foot Vein to Lower Vein with Autologous Tissue Substitute, Percutaneous Endoscopic Approach", "061T49Y": "Bypass Right Foot Vein to Lower Vein with Autologous Venous Tissue, Percutaneous Endoscopic Approach", "061T4AY": "Bypass Right Foot Vein to Lower Vein with Autologous Arterial Tissue, Percutaneous Endoscopic Approach", "061T4JY": "Bypass Right Foot Vein to Lower Vein with Synthetic Substitute, Percutaneous Endoscopic Approach", "061T4KY": "Bypass Right Foot Vein to Lower Vein with Nonautologous Tissue Substitute, Percutaneous Endoscopic Approach", "061T4ZY": "Bypass Right Foot Vein to Lower Vein, Percutaneous Endoscopic Approach", "061V07Y": "Bypass Left Foot Vein to Lower Vein with Autologous Tissue Substitute, Open Approach", "061V09Y": "Bypass Left Foot Vein to Lower Vein with Autologous Venous Tissue, Open Approach", "061V0AY": "Bypass Left Foot Vein to Lower Vein with Autologous Arterial Tissue, Open Approach", "061V0JY": "Bypass Left Foot Vein to Lower Vein with Synthetic Substitute, Open Approach", "061V0KY": "Bypass Left Foot Vein to Lower Vein with Nonautologous Tissue Substitute, Open Approach", "061V0ZY": "Bypass Left Foot Vein to Lower Vein, Open Approach", "061V47Y": "Bypass Left Foot Vein to Lower Vein with Autologous Tissue Substitute, Percutaneous Endoscopic Approach", "061V49Y": "Bypass Left Foot Vein to Lower Vein with Autologous Venous Tissue, Percutaneous Endoscopic Approach", "061V4AY": "Bypass Left Foot Vein to Lower Vein with Autologous Arterial Tissue, Percutaneous Endoscopic Approach", "061V4JY": "Bypass Left Foot Vein to Lower Vein with Synthetic Substitute, Percutaneous Endoscopic Approach", "061V4KY": "Bypass Left Foot Vein to Lower Vein with Nonautologous Tissue Substitute, Percutaneous Endoscopic Approach", "061V4ZY": "Bypass Left Foot Vein to Lower Vein, Percutaneous Endoscopic Approach"}