{"067": "Lower Veins, Dilation", "06700DZ": "Dilation of Inferior Vena Cava with Intraluminal Device, Open Approach", "06700ZZ": "Dilation of Inferior Vena Cava, Open Approach", "06703DZ": "Dilation of Inferior Vena Cava with Intraluminal Device, Percutaneous Approach", "06703ZZ": "Dilation of Inferior Vena Cava, Percutaneous Approach", "06704DZ": "Dilation of Inferior Vena Cava with Intraluminal Device, Percutaneous Endoscopic Approach", "06704ZZ": "Dilation of Inferior Vena Cava, Percutaneous Endoscopic Approach", "06710DZ": "Dilation of Splenic Vein with Intraluminal Device, Open Approach", "06710ZZ": "Dilation of Splenic Vein, Open Approach", "06713DZ": "Dilation of Splenic Vein with Intraluminal Device, Percutaneous Approach", "06713ZZ": "Dilation of Splenic Vein, Percutaneous Approach", "06714DZ": "Dilation of Splenic Vein with Intraluminal Device, Percutaneous Endoscopic Approach", "06714ZZ": "Dilation of Splenic Vein, Percutaneous Endoscopic Approach", "06720DZ": "Dilation of Gastric Vein with Intraluminal Device, Open Approach", "06720ZZ": "Dilation of Gastric Vein, Open Approach", "06723DZ": "Dilation of Gastric Vein with Intraluminal Device, Percutaneous Approach", "06723ZZ": "Dilation of Gastric Vein, Percutaneous Approach", "06724DZ": "Dilation of Gastric Vein with Intraluminal Device, Percutaneous Endoscopic Approach", "06724ZZ": "Dilation of Gastric Vein, Percutaneous Endoscopic Approach", "06730DZ": "Dilation of Esophageal Vein with Intraluminal Device, Open Approach", "06730ZZ": "Dilation of Esophageal Vein, Open Approach", "06733DZ": "Dilation of Esophageal Vein with Intraluminal Device, Percutaneous Approach", "06733ZZ": "Dilation of Esophageal Vein, Percutaneous Approach", "06734DZ": "Dilation of Esophageal Vein with Intraluminal Device, Percutaneous Endoscopic Approach", "06734ZZ": "Dilation of Esophageal Vein, Percutaneous Endoscopic Approach", "06740DZ": "Dilation of Hepatic Vein with Intraluminal Device, Open Approach", "06740ZZ": "Dilation of Hepatic Vein, Open Approach", "06743DZ": "Dilation of Hepatic Vein with Intraluminal Device, Percutaneous Approach", "06743ZZ": "Dilation of Hepatic Vein, Percutaneous Approach", "06744DZ": "Dilation of Hepatic Vein with Intraluminal Device, Percutaneous Endoscopic Approach", "06744ZZ": "Dilation of Hepatic Vein, Percutaneous Endoscopic Approach", "06750DZ": "Dilation of Superior Mesenteric Vein with Intraluminal Device, Open Approach", "06750ZZ": "Dilation of Superior Mesenteric Vein, Open Approach", "06753DZ": "Dilation of Superior Mesenteric Vein with Intraluminal Device, Percutaneous Approach", "06753ZZ": "Dilation of Superior Mesenteric Vein, Percutaneous Approach", "06754DZ": "Dilation of Superior Mesenteric Vein with Intraluminal Device, Percutaneous Endoscopic Approach", "06754ZZ": "Dilation of Superior Mesenteric Vein, Percutaneous Endoscopic Approach", "06760DZ": "Dilation of Inferior Mesenteric Vein with Intraluminal Device, Open Approach", "06760ZZ": "Dilation of Inferior Mesenteric Vein, Open Approach", "06763DZ": "Dilation of Inferior Mesenteric Vein with Intraluminal Device, Percutaneous Approach", "06763ZZ": "Dilation of Inferior Mesenteric Vein, Percutaneous Approach", "06764DZ": "Dilation of Inferior Mesenteric Vein with Intraluminal Device, Percutaneous Endoscopic Approach", "06764ZZ": "Dilation of Inferior Mesenteric Vein, Percutaneous Endoscopic Approach", "06770DZ": "Dilation of Colic Vein with Intraluminal Device, Open Approach", "06770ZZ": "Dilation of Colic Vein, Open Approach", "06773DZ": "Dilation of Colic Vein with Intraluminal Device, Percutaneous Approach", "06773ZZ": "Dilation of Colic Vein, Percutaneous Approach", "06774DZ": "Dilation of Colic Vein with Intraluminal Device, Percutaneous Endoscopic Approach", "06774ZZ": "Dilation of Colic Vein, Percutaneous Endoscopic Approach", "06780DZ": "Dilation of Portal Vein with Intraluminal Device, Open Approach", "06780ZZ": "Dilation of Portal Vein, Open Approach", "06783DZ": "Dilation of Portal Vein with Intraluminal Device, Percutaneous Approach", "06783ZZ": "Dilation of Portal Vein, Percutaneous Approach", "06784DZ": "Dilation of Portal Vein with Intraluminal Device, Percutaneous Endoscopic Approach", "06784ZZ": "Dilation of Portal Vein, Percutaneous Endoscopic Approach", "06790DZ": "Dilation of Right Renal Vein with Intraluminal Device, Open Approach", "06790ZZ": "Dilation of Right Renal Vein, Open Approach", "06793DZ": "Dilation of Right Renal Vein with Intraluminal Device, Percutaneous Approach", "06793ZZ": "Dilation of Right Renal Vein, Percutaneous Approach", "06794DZ": "Dilation of Right Renal Vein with Intraluminal Device, Percutaneous Endoscopic Approach", "06794ZZ": "Dilation of Right Renal Vein, Percutaneous Endoscopic Approach", "067B0DZ": "Dilation of Left Renal Vein with Intraluminal Device, Open Approach", "067B0ZZ": "Dilation of Left Renal Vein, Open Approach", "067B3DZ": "Dilation of Left Renal Vein with Intraluminal Device, Percutaneous Approach", "067B3ZZ": "Dilation of Left Renal Vein, Percutaneous Approach", "067B4DZ": "Dilation of Left Renal Vein with Intraluminal Device, Percutaneous Endoscopic Approach", "067B4ZZ": "Dilation of Left Renal Vein, Percutaneous Endoscopic Approach", "067C0DZ": "Dilation of Right Common Iliac Vein with Intraluminal Device, Open Approach", "067C0ZZ": "Dilation of Right Common Iliac Vein, Open Approach", "067C3DZ": "Dilation of Right Common Iliac Vein with Intraluminal Device, Percutaneous Approach", "067C3ZZ": "Dilation of Right Common Iliac Vein, Percutaneous Approach", "067C4DZ": "Dilation of Right Common Iliac Vein with Intraluminal Device, Percutaneous Endoscopic Approach", "067C4ZZ": "Dilation of Right Common Iliac Vein, Percutaneous Endoscopic Approach", "067D0DZ": "Dilation of Left Common Iliac Vein with Intraluminal Device, Open Approach", "067D0ZZ": "Dilation of Left Common Iliac Vein, Open Approach", "067D3DZ": "Dilation of Left Common Iliac Vein with Intraluminal Device, Percutaneous Approach", "067D3ZZ": "Dilation of Left Common Iliac Vein, Percutaneous Approach", "067D4DZ": "Dilation of Left Common Iliac Vein with Intraluminal Device, Percutaneous Endoscopic Approach", "067D4ZZ": "Dilation of Left Common Iliac Vein, Percutaneous Endoscopic Approach", "067F0DZ": "Dilation of Right External Iliac Vein with Intraluminal Device, Open Approach", "067F0ZZ": "Dilation of Right External Iliac Vein, Open Approach", "067F3DZ": "Dilation of Right External Iliac Vein with Intraluminal Device, Percutaneous Approach", "067F3ZZ": "Dilation of Right External Iliac Vein, Percutaneous Approach", "067F4DZ": "Dilation of Right External Iliac Vein with Intraluminal Device, Percutaneous Endoscopic Approach", "067F4ZZ": "Dilation of Right External Iliac Vein, Percutaneous Endoscopic Approach", "067G0DZ": "Dilation of Left External Iliac Vein with Intraluminal Device, Open Approach", "067G0ZZ": "Dilation of Left External Iliac Vein, Open Approach", "067G3DZ": "Dilation of Left External Iliac Vein with Intraluminal Device, Percutaneous Approach", "067G3ZZ": "Dilation of Left External Iliac Vein, Percutaneous Approach", "067G4DZ": "Dilation of Left External Iliac Vein with Intraluminal Device, Percutaneous Endoscopic Approach", "067G4ZZ": "Dilation of Left External Iliac Vein, Percutaneous Endoscopic Approach", "067H0DZ": "Dilation of Right Hypogastric Vein with Intraluminal Device, Open Approach", "067H0ZZ": "Dilation of Right Hypogastric Vein, Open Approach", "067H3DZ": "Dilation of Right Hypogastric Vein with Intraluminal Device, Percutaneous Approach", "067H3ZZ": "Dilation of Right Hypogastric Vein, Percutaneous Approach", "067H4DZ": "Dilation of Right Hypogastric Vein with Intraluminal Device, Percutaneous Endoscopic Approach", "067H4ZZ": "Dilation of Right Hypogastric Vein, Percutaneous Endoscopic Approach", "067J0DZ": "Dilation of Left Hypogastric Vein with Intraluminal Device, Open Approach", "067J0ZZ": "Dilation of Left Hypogastric Vein, Open Approach", "067J3DZ": "Dilation of Left Hypogastric Vein with Intraluminal Device, Percutaneous Approach", "067J3ZZ": "Dilation of Left Hypogastric Vein, Percutaneous Approach", "067J4DZ": "Dilation of Left Hypogastric Vein with Intraluminal Device, Percutaneous Endoscopic Approach", "067J4ZZ": "Dilation of Left Hypogastric Vein, Percutaneous Endoscopic Approach", "067M0DZ": "Dilation of Right Femoral Vein with Intraluminal Device, Open Approach", "067M0ZZ": "Dilation of Right Femoral Vein, Open Approach", "067M3DZ": "Dilation of Right Femoral Vein with Intraluminal Device, Percutaneous Approach", "067M3ZZ": "Dilation of Right Femoral Vein, Percutaneous Approach", "067M4DZ": "Dilation of Right Femoral Vein with Intraluminal Device, Percutaneous Endoscopic Approach", "067M4ZZ": "Dilation of Right Femoral Vein, Percutaneous Endoscopic Approach", "067N0DZ": "Dilation of Left Femoral Vein with Intraluminal Device, Open Approach", "067N0ZZ": "Dilation of Left Femoral Vein, Open Approach", "067N3DZ": "Dilation of Left Femoral Vein with Intraluminal Device, Percutaneous Approach", "067N3ZZ": "Dilation of Left Femoral Vein, Percutaneous Approach", "067N4DZ": "Dilation of Left Femoral Vein with Intraluminal Device, Percutaneous Endoscopic Approach", "067N4ZZ": "Dilation of Left Femoral Vein, Percutaneous Endoscopic Approach", "067P0DZ": "Dilation of Right Saphenous Vein with Intraluminal Device, Open Approach", "067P0ZZ": "Dilation of Right Saphenous Vein, Open Approach", "067P3DZ": "Dilation of Right Saphenous Vein with Intraluminal Device, Percutaneous Approach", "067P3ZZ": "Dilation of Right Saphenous Vein, Percutaneous Approach", "067P4DZ": "Dilation of Right Saphenous Vein with Intraluminal Device, Percutaneous Endoscopic Approach", "067P4ZZ": "Dilation of Right Saphenous Vein, Percutaneous Endoscopic Approach", "067Q0DZ": "Dilation of Left Saphenous Vein with Intraluminal Device, Open Approach", "067Q0ZZ": "Dilation of Left Saphenous Vein, Open Approach", "067Q3DZ": "Dilation of Left Saphenous Vein with Intraluminal Device, Percutaneous Approach", "067Q3ZZ": "Dilation of Left Saphenous Vein, Percutaneous Approach", "067Q4DZ": "Dilation of Left Saphenous Vein with Intraluminal Device, Percutaneous Endoscopic Approach", "067Q4ZZ": "Dilation of Left Saphenous Vein, Percutaneous Endoscopic Approach", "067T0DZ": "Dilation of Right Foot Vein with Intraluminal Device, Open Approach", "067T0ZZ": "Dilation of Right Foot Vein, Open Approach", "067T3DZ": "Dilation of Right Foot Vein with Intraluminal Device, Percutaneous Approach", "067T3ZZ": "Dilation of Right Foot Vein, Percutaneous Approach", "067T4DZ": "Dilation of Right Foot Vein with Intraluminal Device, Percutaneous Endoscopic Approach", "067T4ZZ": "Dilation of Right Foot Vein, Percutaneous Endoscopic Approach", "067V0DZ": "Dilation of Left Foot Vein with Intraluminal Device, Open Approach", "067V0ZZ": "Dilation of Left Foot Vein, Open Approach", "067V3DZ": "Dilation of Left Foot Vein with Intraluminal Device, Percutaneous Approach", "067V3ZZ": "Dilation of Left Foot Vein, Percutaneous Approach", "067V4DZ": "Dilation of Left Foot Vein with Intraluminal Device, Percutaneous Endoscopic Approach", "067V4ZZ": "Dilation of Left Foot Vein, Percutaneous Endoscopic Approach", "067Y0DZ": "Dilation of Lower Vein with Intraluminal Device, Open Approach", "067Y0ZZ": "Dilation of Lower Vein, Open Approach", "067Y3DZ": "Dilation of Lower Vein with Intraluminal Device, Percutaneous Approach", "067Y3ZZ": "Dilation of Lower Vein, Percutaneous Approach", "067Y4DZ": "Dilation of Lower Vein with Intraluminal Device, Percutaneous Endoscopic Approach", "067Y4ZZ": "Dilation of Lower Vein, Percutaneous Endoscopic Approach"}