{"06H": "Lower Veins, Insertion", "06H003T": "Insertion of Infusion Device, Via Umbilical Vein, into Inferior Vena Cava, Open Approach", "06H003Z": "Insertion of Infusion Device into Inferior Vena Cava, Open Approach", "06H00DZ": "Insertion of Intraluminal Device into Inferior Vena Cava, Open Approach", "06H033T": "Insertion of Infusion Device, Via Umbilical Vein, into Inferior Vena Cava, Percutaneous Approach", "06H033Z": "Insertion of Infusion Device into Inferior Vena Cava, Percutaneous Approach", "06H03DZ": "Insertion of Intraluminal Device into Inferior Vena Cava, Percutaneous Approach", "06H043Z": "Insertion of Infusion Device into Inferior Vena Cava, Percutaneous Endoscopic Approach", "06H04DZ": "Insertion of Intraluminal Device into Inferior Vena Cava, Percutaneous Endoscopic Approach", "06H103Z": "Insertion of Infusion Device into Splenic Vein, Open Approach", "06H10DZ": "Insertion of Intraluminal Device into Splenic Vein, Open Approach", "06H133Z": "Insertion of Infusion Device into Splenic Vein, Percutaneous Approach", "06H13DZ": "Insertion of Intraluminal Device into Splenic Vein, Percutaneous Approach", "06H143Z": "Insertion of Infusion Device into Splenic Vein, Percutaneous Endoscopic Approach", "06H14DZ": "Insertion of Intraluminal Device into Splenic Vein, Percutaneous Endoscopic Approach", "06H203Z": "Insertion of Infusion Device into Gastric Vein, Open Approach", "06H20DZ": "Insertion of Intraluminal Device into Gastric Vein, Open Approach", "06H233Z": "Insertion of Infusion Device into Gastric Vein, Percutaneous Approach", "06H23DZ": "Insertion of Intraluminal Device into Gastric Vein, Percutaneous Approach", "06H243Z": "Insertion of Infusion Device into Gastric Vein, Percutaneous Endoscopic Approach", "06H24DZ": "Insertion of Intraluminal Device into Gastric Vein, Percutaneous Endoscopic Approach", "06H303Z": "Insertion of Infusion Device into Esophageal Vein, Open Approach", "06H30DZ": "Insertion of Intraluminal Device into Esophageal Vein, Open Approach", "06H333Z": "Insertion of Infusion Device into Esophageal Vein, Percutaneous Approach", "06H33DZ": "Insertion of Intraluminal Device into Esophageal Vein, Percutaneous Approach", "06H343Z": "Insertion of Infusion Device into Esophageal Vein, Percutaneous Endoscopic Approach", "06H34DZ": "Insertion of Intraluminal Device into Esophageal Vein, Percutaneous Endoscopic Approach", "06H403Z": "Insertion of Infusion Device into Hepatic Vein, Open Approach", "06H40DZ": "Insertion of Intraluminal Device into Hepatic Vein, Open Approach", "06H433Z": "Insertion of Infusion Device into Hepatic Vein, Percutaneous Approach", "06H43DZ": "Insertion of Intraluminal Device into Hepatic Vein, Percutaneous Approach", "06H443Z": "Insertion of Infusion Device into Hepatic Vein, Percutaneous Endoscopic Approach", "06H44DZ": "Insertion of Intraluminal Device into Hepatic Vein, Percutaneous Endoscopic Approach", "06H503Z": "Insertion of Infusion Device into Superior Mesenteric Vein, Open Approach", "06H50DZ": "Insertion of Intraluminal Device into Superior Mesenteric Vein, Open Approach", "06H533Z": "Insertion of Infusion Device into Superior Mesenteric Vein, Percutaneous Approach", "06H53DZ": "Insertion of Intraluminal Device into Superior Mesenteric Vein, Percutaneous Approach", "06H543Z": "Insertion of Infusion Device into Superior Mesenteric Vein, Percutaneous Endoscopic Approach", "06H54DZ": "Insertion of Intraluminal Device into Superior Mesenteric Vein, Percutaneous Endoscopic Approach", "06H603Z": "Insertion of Infusion Device into Inferior Mesenteric Vein, Open Approach", "06H60DZ": "Insertion of Intraluminal Device into Inferior Mesenteric Vein, Open Approach", "06H633Z": "Insertion of Infusion Device into Inferior Mesenteric Vein, Percutaneous Approach", "06H63DZ": "Insertion of Intraluminal Device into Inferior Mesenteric Vein, Percutaneous Approach", "06H643Z": "Insertion of Infusion Device into Inferior Mesenteric Vein, Percutaneous Endoscopic Approach", "06H64DZ": "Insertion of Intraluminal Device into Inferior Mesenteric Vein, Percutaneous Endoscopic Approach", "06H703Z": "Insertion of Infusion Device into Colic Vein, Open Approach", "06H70DZ": "Insertion of Intraluminal Device into Colic Vein, Open Approach", "06H733Z": "Insertion of Infusion Device into Colic Vein, Percutaneous Approach", "06H73DZ": "Insertion of Intraluminal Device into Colic Vein, Percutaneous Approach", "06H743Z": "Insertion of Infusion Device into Colic Vein, Percutaneous Endoscopic Approach", "06H74DZ": "Insertion of Intraluminal Device into Colic Vein, Percutaneous Endoscopic Approach", "06H803Z": "Insertion of Infusion Device into Portal Vein, Open Approach", "06H80DZ": "Insertion of Intraluminal Device into Portal Vein, Open Approach", "06H833Z": "Insertion of Infusion Device into Portal Vein, Percutaneous Approach", "06H83DZ": "Insertion of Intraluminal Device into Portal Vein, Percutaneous Approach", "06H843Z": "Insertion of Infusion Device into Portal Vein, Percutaneous Endoscopic Approach", "06H84DZ": "Insertion of Intraluminal Device into Portal Vein, Percutaneous Endoscopic Approach", "06H903Z": "Insertion of Infusion Device into Right Renal Vein, Open Approach", "06H90DZ": "Insertion of Intraluminal Device into Right Renal Vein, Open Approach", "06H933Z": "Insertion of Infusion Device into Right Renal Vein, Percutaneous Approach", "06H93DZ": "Insertion of Intraluminal Device into Right Renal Vein, Percutaneous Approach", "06H943Z": "Insertion of Infusion Device into Right Renal Vein, Percutaneous Endoscopic Approach", "06H94DZ": "Insertion of Intraluminal Device into Right Renal Vein, Percutaneous Endoscopic Approach", "06HB03Z": "Insertion of Infusion Device into Left Renal Vein, Open Approach", "06HB0DZ": "Insertion of Intraluminal Device into Left Renal Vein, Open Approach", "06HB33Z": "Insertion of Infusion Device into Left Renal Vein, Percutaneous Approach", "06HB3DZ": "Insertion of Intraluminal Device into Left Renal Vein, Percutaneous Approach", "06HB43Z": "Insertion of Infusion Device into Left Renal Vein, Percutaneous Endoscopic Approach", "06HB4DZ": "Insertion of Intraluminal Device into Left Renal Vein, Percutaneous Endoscopic Approach", "06HC03Z": "Insertion of Infusion Device into Right Common Iliac Vein, Open Approach", "06HC0DZ": "Insertion of Intraluminal Device into Right Common Iliac Vein, Open Approach", "06HC33Z": "Insertion of Infusion Device into Right Common Iliac Vein, Percutaneous Approach", "06HC3DZ": "Insertion of Intraluminal Device into Right Common Iliac Vein, Percutaneous Approach", "06HC43Z": "Insertion of Infusion Device into Right Common Iliac Vein, Percutaneous Endoscopic Approach", "06HC4DZ": "Insertion of Intraluminal Device into Right Common Iliac Vein, Percutaneous Endoscopic Approach", "06HD03Z": "Insertion of Infusion Device into Left Common Iliac Vein, Open Approach", "06HD0DZ": "Insertion of Intraluminal Device into Left Common Iliac Vein, Open Approach", "06HD33Z": "Insertion of Infusion Device into Left Common Iliac Vein, Percutaneous Approach", "06HD3DZ": "Insertion of Intraluminal Device into Left Common Iliac Vein, Percutaneous Approach", "06HD43Z": "Insertion of Infusion Device into Left Common Iliac Vein, Percutaneous Endoscopic Approach", "06HD4DZ": "Insertion of Intraluminal Device into Left Common Iliac Vein, Percutaneous Endoscopic Approach", "06HF03Z": "Insertion of Infusion Device into Right External Iliac Vein, Open Approach", "06HF0DZ": "Insertion of Intraluminal Device into Right External Iliac Vein, Open Approach", "06HF33Z": "Insertion of Infusion Device into Right External Iliac Vein, Percutaneous Approach", "06HF3DZ": "Insertion of Intraluminal Device into Right External Iliac Vein, Percutaneous Approach", "06HF43Z": "Insertion of Infusion Device into Right External Iliac Vein, Percutaneous Endoscopic Approach", "06HF4DZ": "Insertion of Intraluminal Device into Right External Iliac Vein, Percutaneous Endoscopic Approach", "06HG03Z": "Insertion of Infusion Device into Left External Iliac Vein, Open Approach", "06HG0DZ": "Insertion of Intraluminal Device into Left External Iliac Vein, Open Approach", "06HG33Z": "Insertion of Infusion Device into Left External Iliac Vein, Percutaneous Approach", "06HG3DZ": "Insertion of Intraluminal Device into Left External Iliac Vein, Percutaneous Approach", "06HG43Z": "Insertion of Infusion Device into Left External Iliac Vein, Percutaneous Endoscopic Approach", "06HG4DZ": "Insertion of Intraluminal Device into Left External Iliac Vein, Percutaneous Endoscopic Approach", "06HH03Z": "Insertion of Infusion Device into Right Hypogastric Vein, Open Approach", "06HH0DZ": "Insertion of Intraluminal Device into Right Hypogastric Vein, Open Approach", "06HH33Z": "Insertion of Infusion Device into Right Hypogastric Vein, Percutaneous Approach", "06HH3DZ": "Insertion of Intraluminal Device into Right Hypogastric Vein, Percutaneous Approach", "06HH43Z": "Insertion of Infusion Device into Right Hypogastric Vein, Percutaneous Endoscopic Approach", "06HH4DZ": "Insertion of Intraluminal Device into Right Hypogastric Vein, Percutaneous Endoscopic Approach", "06HJ03Z": "Insertion of Infusion Device into Left Hypogastric Vein, Open Approach", "06HJ0DZ": "Insertion of Intraluminal Device into Left Hypogastric Vein, Open Approach", "06HJ33Z": "Insertion of Infusion Device into Left Hypogastric Vein, Percutaneous Approach", "06HJ3DZ": "Insertion of Intraluminal Device into Left Hypogastric Vein, Percutaneous Approach", "06HJ43Z": "Insertion of Infusion Device into Left Hypogastric Vein, Percutaneous Endoscopic Approach", "06HJ4DZ": "Insertion of Intraluminal Device into Left Hypogastric Vein, Percutaneous Endoscopic Approach", "06HM03Z": "Insertion of Infusion Device into Right Femoral Vein, Open Approach", "06HM0DZ": "Insertion of Intraluminal Device into Right Femoral Vein, Open Approach", "06HM33Z": "Insertion of Infusion Device into Right Femoral Vein, Percutaneous Approach", "06HM3DZ": "Insertion of Intraluminal Device into Right Femoral Vein, Percutaneous Approach", "06HM43Z": "Insertion of Infusion Device into Right Femoral Vein, Percutaneous Endoscopic Approach", "06HM4DZ": "Insertion of Intraluminal Device into Right Femoral Vein, Percutaneous Endoscopic Approach", "06HN03Z": "Insertion of Infusion Device into Left Femoral Vein, Open Approach", "06HN0DZ": "Insertion of Intraluminal Device into Left Femoral Vein, Open Approach", "06HN33Z": "Insertion of Infusion Device into Left Femoral Vein, Percutaneous Approach", "06HN3DZ": "Insertion of Intraluminal Device into Left Femoral Vein, Percutaneous Approach", "06HN43Z": "Insertion of Infusion Device into Left Femoral Vein, Percutaneous Endoscopic Approach", "06HN4DZ": "Insertion of Intraluminal Device into Left Femoral Vein, Percutaneous Endoscopic Approach", "06HP03Z": "Insertion of Infusion Device into Right Saphenous Vein, Open Approach", "06HP0DZ": "Insertion of Intraluminal Device into Right Saphenous Vein, Open Approach", "06HP33Z": "Insertion of Infusion Device into Right Saphenous Vein, Percutaneous Approach", "06HP3DZ": "Insertion of Intraluminal Device into Right Saphenous Vein, Percutaneous Approach", "06HP43Z": "Insertion of Infusion Device into Right Saphenous Vein, Percutaneous Endoscopic Approach", "06HP4DZ": "Insertion of Intraluminal Device into Right Saphenous Vein, Percutaneous Endoscopic Approach", "06HQ03Z": "Insertion of Infusion Device into Left Saphenous Vein, Open Approach", "06HQ0DZ": "Insertion of Intraluminal Device into Left Saphenous Vein, Open Approach", "06HQ33Z": "Insertion of Infusion Device into Left Saphenous Vein, Percutaneous Approach", "06HQ3DZ": "Insertion of Intraluminal Device into Left Saphenous Vein, Percutaneous Approach", "06HQ43Z": "Insertion of Infusion Device into Left Saphenous Vein, Percutaneous Endoscopic Approach", "06HQ4DZ": "Insertion of Intraluminal Device into Left Saphenous Vein, Percutaneous Endoscopic Approach", "06HT03Z": "Insertion of Infusion Device into Right Foot Vein, Open Approach", "06HT0DZ": "Insertion of Intraluminal Device into Right Foot Vein, Open Approach", "06HT33Z": "Insertion of Infusion Device into Right Foot Vein, Percutaneous Approach", "06HT3DZ": "Insertion of Intraluminal Device into Right Foot Vein, Percutaneous Approach", "06HT43Z": "Insertion of Infusion Device into Right Foot Vein, Percutaneous Endoscopic Approach", "06HT4DZ": "Insertion of Intraluminal Device into Right Foot Vein, Percutaneous Endoscopic Approach", "06HV03Z": "Insertion of Infusion Device into Left Foot Vein, Open Approach", "06HV0DZ": "Insertion of Intraluminal Device into Left Foot Vein, Open Approach", "06HV33Z": "Insertion of Infusion Device into Left Foot Vein, Percutaneous Approach", "06HV3DZ": "Insertion of Intraluminal Device into Left Foot Vein, Percutaneous Approach", "06HV43Z": "Insertion of Infusion Device into Left Foot Vein, Percutaneous Endoscopic Approach", "06HV4DZ": "Insertion of Intraluminal Device into Left Foot Vein, Percutaneous Endoscopic Approach", "06HY02Z": "Insertion of Monitoring Device into Lower Vein, Open Approach", "06HY03Z": "Insertion of Infusion Device into Lower Vein, Open Approach", "06HY0DZ": "Insertion of Intraluminal Device into Lower Vein, Open Approach", "06HY0YZ": "Insertion of Other Device into Lower Vein, Open Approach", "06HY32Z": "Insertion of Monitoring Device into Lower Vein, Percutaneous Approach", "06HY33Z": "Insertion of Infusion Device into Lower Vein, Percutaneous Approach", "06HY3DZ": "Insertion of Intraluminal Device into Lower Vein, Percutaneous Approach", "06HY3YZ": "Insertion of Other Device into Lower Vein, Percutaneous Approach", "06HY42Z": "Insertion of Monitoring Device into Lower Vein, Percutaneous Endoscopic Approach", "06HY43Z": "Insertion of Infusion Device into Lower Vein, Percutaneous Endoscopic Approach", "06HY4DZ": "Insertion of Intraluminal Device into Lower Vein, Percutaneous Endoscopic Approach", "06HY4YZ": "Insertion of Other Device into Lower Vein, Percutaneous Endoscopic Approach"}