{"06V": "Lower Veins, Restriction", "06V00CZ": "Restriction of Inferior Vena Cava with Extraluminal Device, Open Approach", "06V00DZ": "Restriction of Inferior Vena Cava with Intraluminal Device, Open Approach", "06V00ZZ": "Restriction of Inferior Vena Cava, Open Approach", "06V03CZ": "Restriction of Inferior Vena Cava with Extraluminal Device, Percutaneous Approach", "06V03DZ": "Restriction of Inferior Vena Cava with Intraluminal Device, Percutaneous Approach", "06V03ZZ": "Restriction of Inferior Vena Cava, Percutaneous Approach", "06V04CZ": "Restriction of Inferior Vena Cava with Extraluminal Device, Percutaneous Endoscopic Approach", "06V04DZ": "Restriction of Inferior Vena Cava with Intraluminal Device, Percutaneous Endoscopic Approach", "06V04ZZ": "Restriction of Inferior Vena Cava, Percutaneous Endoscopic Approach", "06V10CZ": "Restriction of Splenic Vein with Extraluminal Device, Open Approach", "06V10DZ": "Restriction of Splenic Vein with Intraluminal Device, Open Approach", "06V10ZZ": "Restriction of Splenic Vein, Open Approach", "06V13CZ": "Restriction of Splenic Vein with Extraluminal Device, Percutaneous Approach", "06V13DZ": "Restriction of Splenic Vein with Intraluminal Device, Percutaneous Approach", "06V13ZZ": "Restriction of Splenic Vein, Percutaneous Approach", "06V14CZ": "Restriction of Splenic Vein with Extraluminal Device, Percutaneous Endoscopic Approach", "06V14DZ": "Restriction of Splenic Vein with Intraluminal Device, Percutaneous Endoscopic Approach", "06V14ZZ": "Restriction of Splenic Vein, Percutaneous Endoscopic Approach", "06V20CZ": "Restriction of Gastric Vein with Extraluminal Device, Open Approach", "06V20DZ": "Restriction of Gastric Vein with Intraluminal Device, Open Approach", "06V20ZZ": "Restriction of Gastric Vein, Open Approach", "06V23CZ": "Restriction of Gastric Vein with Extraluminal Device, Percutaneous Approach", "06V23DZ": "Restriction of Gastric Vein with Intraluminal Device, Percutaneous Approach", "06V23ZZ": "Restriction of Gastric Vein, Percutaneous Approach", "06V24CZ": "Restriction of Gastric Vein with Extraluminal Device, Percutaneous Endoscopic Approach", "06V24DZ": "Restriction of Gastric Vein with Intraluminal Device, Percutaneous Endoscopic Approach", "06V24ZZ": "Restriction of Gastric Vein, Percutaneous Endoscopic Approach", "06V30CZ": "Restriction of Esophageal Vein with Extraluminal Device, Open Approach", "06V30DZ": "Restriction of Esophageal Vein with Intraluminal Device, Open Approach", "06V30ZZ": "Restriction of Esophageal Vein, Open Approach", "06V33CZ": "Restriction of Esophageal Vein with Extraluminal Device, Percutaneous Approach", "06V33DZ": "Restriction of Esophageal Vein with Intraluminal Device, Percutaneous Approach", "06V33ZZ": "Restriction of Esophageal Vein, Percutaneous Approach", "06V34CZ": "Restriction of Esophageal Vein with Extraluminal Device, Percutaneous Endoscopic Approach", "06V34DZ": "Restriction of Esophageal Vein with Intraluminal Device, Percutaneous Endoscopic Approach", "06V34ZZ": "Restriction of Esophageal Vein, Percutaneous Endoscopic Approach", "06V40CZ": "Restriction of Hepatic Vein with Extraluminal Device, Open Approach", "06V40DZ": "Restriction of Hepatic Vein with Intraluminal Device, Open Approach", "06V40ZZ": "Restriction of Hepatic Vein, Open Approach", "06V43CZ": "Restriction of Hepatic Vein with Extraluminal Device, Percutaneous Approach", "06V43DZ": "Restriction of Hepatic Vein with Intraluminal Device, Percutaneous Approach", "06V43ZZ": "Restriction of Hepatic Vein, Percutaneous Approach", "06V44CZ": "Restriction of Hepatic Vein with Extraluminal Device, Percutaneous Endoscopic Approach", "06V44DZ": "Restriction of Hepatic Vein with Intraluminal Device, Percutaneous Endoscopic Approach", "06V44ZZ": "Restriction of Hepatic Vein, Percutaneous Endoscopic Approach", "06V50CZ": "Restriction of Superior Mesenteric Vein with Extraluminal Device, Open Approach", "06V50DZ": "Restriction of Superior Mesenteric Vein with Intraluminal Device, Open Approach", "06V50ZZ": "Restriction of Superior Mesenteric Vein, Open Approach", "06V53CZ": "Restriction of Superior Mesenteric Vein with Extraluminal Device, Percutaneous Approach", "06V53DZ": "Restriction of Superior Mesenteric Vein with Intraluminal Device, Percutaneous Approach", "06V53ZZ": "Restriction of Superior Mesenteric Vein, Percutaneous Approach", "06V54CZ": "Restriction of Superior Mesenteric Vein with Extraluminal Device, Percutaneous Endoscopic Approach", "06V54DZ": "Restriction of Superior Mesenteric Vein with Intraluminal Device, Percutaneous Endoscopic Approach", "06V54ZZ": "Restriction of Superior Mesenteric Vein, Percutaneous Endoscopic Approach", "06V60CZ": "Restriction of Inferior Mesenteric Vein with Extraluminal Device, Open Approach", "06V60DZ": "Restriction of Inferior Mesenteric Vein with Intraluminal Device, Open Approach", "06V60ZZ": "Restriction of Inferior Mesenteric Vein, Open Approach", "06V63CZ": "Restriction of Inferior Mesenteric Vein with Extraluminal Device, Percutaneous Approach", "06V63DZ": "Restriction of Inferior Mesenteric Vein with Intraluminal Device, Percutaneous Approach", "06V63ZZ": "Restriction of Inferior Mesenteric Vein, Percutaneous Approach", "06V64CZ": "Restriction of Inferior Mesenteric Vein with Extraluminal Device, Percutaneous Endoscopic Approach", "06V64DZ": "Restriction of Inferior Mesenteric Vein with Intraluminal Device, Percutaneous Endoscopic Approach", "06V64ZZ": "Restriction of Inferior Mesenteric Vein, Percutaneous Endoscopic Approach", "06V70CZ": "Restriction of Colic Vein with Extraluminal Device, Open Approach", "06V70DZ": "Restriction of Colic Vein with Intraluminal Device, Open Approach", "06V70ZZ": "Restriction of Colic Vein, Open Approach", "06V73CZ": "Restriction of Colic Vein with Extraluminal Device, Percutaneous Approach", "06V73DZ": "Restriction of Colic Vein with Intraluminal Device, Percutaneous Approach", "06V73ZZ": "Restriction of Colic Vein, Percutaneous Approach", "06V74CZ": "Restriction of Colic Vein with Extraluminal Device, Percutaneous Endoscopic Approach", "06V74DZ": "Restriction of Colic Vein with Intraluminal Device, Percutaneous Endoscopic Approach", "06V74ZZ": "Restriction of Colic Vein, Percutaneous Endoscopic Approach", "06V80CZ": "Restriction of Portal Vein with Extraluminal Device, Open Approach", "06V80DZ": "Restriction of Portal Vein with Intraluminal Device, Open Approach", "06V80ZZ": "Restriction of Portal Vein, Open Approach", "06V83CZ": "Restriction of Portal Vein with Extraluminal Device, Percutaneous Approach", "06V83DZ": "Restriction of Portal Vein with Intraluminal Device, Percutaneous Approach", "06V83ZZ": "Restriction of Portal Vein, Percutaneous Approach", "06V84CZ": "Restriction of Portal Vein with Extraluminal Device, Percutaneous Endoscopic Approach", "06V84DZ": "Restriction of Portal Vein with Intraluminal Device, Percutaneous Endoscopic Approach", "06V84ZZ": "Restriction of Portal Vein, Percutaneous Endoscopic Approach", "06V90CZ": "Restriction of Right Renal Vein with Extraluminal Device, Open Approach", "06V90DZ": "Restriction of Right Renal Vein with Intraluminal Device, Open Approach", "06V90ZZ": "Restriction of Right Renal Vein, Open Approach", "06V93CZ": "Restriction of Right Renal Vein with Extraluminal Device, Percutaneous Approach", "06V93DZ": "Restriction of Right Renal Vein with Intraluminal Device, Percutaneous Approach", "06V93ZZ": "Restriction of Right Renal Vein, Percutaneous Approach", "06V94CZ": "Restriction of Right Renal Vein with Extraluminal Device, Percutaneous Endoscopic Approach", "06V94DZ": "Restriction of Right Renal Vein with Intraluminal Device, Percutaneous Endoscopic Approach", "06V94ZZ": "Restriction of Right Renal Vein, Percutaneous Endoscopic Approach", "06VB0CZ": "Restriction of Left Renal Vein with Extraluminal Device, Open Approach", "06VB0DZ": "Restriction of Left Renal Vein with Intraluminal Device, Open Approach", "06VB0ZZ": "Restriction of Left Renal Vein, Open Approach", "06VB3CZ": "Restriction of Left Renal Vein with Extraluminal Device, Percutaneous Approach", "06VB3DZ": "Restriction of Left Renal Vein with Intraluminal Device, Percutaneous Approach", "06VB3ZZ": "Restriction of Left Renal Vein, Percutaneous Approach", "06VB4CZ": "Restriction of Left Renal Vein with Extraluminal Device, Percutaneous Endoscopic Approach", "06VB4DZ": "Restriction of Left Renal Vein with Intraluminal Device, Percutaneous Endoscopic Approach", "06VB4ZZ": "Restriction of Left Renal Vein, Percutaneous Endoscopic Approach", "06VC0CZ": "Restriction of Right Common Iliac Vein with Extraluminal Device, Open Approach", "06VC0DZ": "Restriction of Right Common Iliac Vein with Intraluminal Device, Open Approach", "06VC0ZZ": "Restriction of Right Common Iliac Vein, Open Approach", "06VC3CZ": "Restriction of Right Common Iliac Vein with Extraluminal Device, Percutaneous Approach", "06VC3DZ": "Restriction of Right Common Iliac Vein with Intraluminal Device, Percutaneous Approach", "06VC3ZZ": "Restriction of Right Common Iliac Vein, Percutaneous Approach", "06VC4CZ": "Restriction of Right Common Iliac Vein with Extraluminal Device, Percutaneous Endoscopic Approach", "06VC4DZ": "Restriction of Right Common Iliac Vein with Intraluminal Device, Percutaneous Endoscopic Approach", "06VC4ZZ": "Restriction of Right Common Iliac Vein, Percutaneous Endoscopic Approach", "06VD0CZ": "Restriction of Left Common Iliac Vein with Extraluminal Device, Open Approach", "06VD0DZ": "Restriction of Left Common Iliac Vein with Intraluminal Device, Open Approach", "06VD0ZZ": "Restriction of Left Common Iliac Vein, Open Approach", "06VD3CZ": "Restriction of Left Common Iliac Vein with Extraluminal Device, Percutaneous Approach", "06VD3DZ": "Restriction of Left Common Iliac Vein with Intraluminal Device, Percutaneous Approach", "06VD3ZZ": "Restriction of Left Common Iliac Vein, Percutaneous Approach", "06VD4CZ": "Restriction of Left Common Iliac Vein with Extraluminal Device, Percutaneous Endoscopic Approach", "06VD4DZ": "Restriction of Left Common Iliac Vein with Intraluminal Device, Percutaneous Endoscopic Approach", "06VD4ZZ": "Restriction of Left Common Iliac Vein, Percutaneous Endoscopic Approach", "06VF0CZ": "Restriction of Right External Iliac Vein with Extraluminal Device, Open Approach", "06VF0DZ": "Restriction of Right External Iliac Vein with Intraluminal Device, Open Approach", "06VF0ZZ": "Restriction of Right External Iliac Vein, Open Approach", "06VF3CZ": "Restriction of Right External Iliac Vein with Extraluminal Device, Percutaneous Approach", "06VF3DZ": "Restriction of Right External Iliac Vein with Intraluminal Device, Percutaneous Approach", "06VF3ZZ": "Restriction of Right External Iliac Vein, Percutaneous Approach", "06VF4CZ": "Restriction of Right External Iliac Vein with Extraluminal Device, Percutaneous Endoscopic Approach", "06VF4DZ": "Restriction of Right External Iliac Vein with Intraluminal Device, Percutaneous Endoscopic Approach", "06VF4ZZ": "Restriction of Right External Iliac Vein, Percutaneous Endoscopic Approach", "06VG0CZ": "Restriction of Left External Iliac Vein with Extraluminal Device, Open Approach", "06VG0DZ": "Restriction of Left External Iliac Vein with Intraluminal Device, Open Approach", "06VG0ZZ": "Restriction of Left External Iliac Vein, Open Approach", "06VG3CZ": "Restriction of Left External Iliac Vein with Extraluminal Device, Percutaneous Approach", "06VG3DZ": "Restriction of Left External Iliac Vein with Intraluminal Device, Percutaneous Approach", "06VG3ZZ": "Restriction of Left External Iliac Vein, Percutaneous Approach", "06VG4CZ": "Restriction of Left External Iliac Vein with Extraluminal Device, Percutaneous Endoscopic Approach", "06VG4DZ": "Restriction of Left External Iliac Vein with Intraluminal Device, Percutaneous Endoscopic Approach", "06VG4ZZ": "Restriction of Left External Iliac Vein, Percutaneous Endoscopic Approach", "06VH0CZ": "Restriction of Right Hypogastric Vein with Extraluminal Device, Open Approach", "06VH0DZ": "Restriction of Right Hypogastric Vein with Intraluminal Device, Open Approach", "06VH0ZZ": "Restriction of Right Hypogastric Vein, Open Approach", "06VH3CZ": "Restriction of Right Hypogastric Vein with Extraluminal Device, Percutaneous Approach", "06VH3DZ": "Restriction of Right Hypogastric Vein with Intraluminal Device, Percutaneous Approach", "06VH3ZZ": "Restriction of Right Hypogastric Vein, Percutaneous Approach", "06VH4CZ": "Restriction of Right Hypogastric Vein with Extraluminal Device, Percutaneous Endoscopic Approach", "06VH4DZ": "Restriction of Right Hypogastric Vein with Intraluminal Device, Percutaneous Endoscopic Approach", "06VH4ZZ": "Restriction of Right Hypogastric Vein, Percutaneous Endoscopic Approach", "06VJ0CZ": "Restriction of Left Hypogastric Vein with Extraluminal Device, Open Approach", "06VJ0DZ": "Restriction of Left Hypogastric Vein with Intraluminal Device, Open Approach", "06VJ0ZZ": "Restriction of Left Hypogastric Vein, Open Approach", "06VJ3CZ": "Restriction of Left Hypogastric Vein with Extraluminal Device, Percutaneous Approach", "06VJ3DZ": "Restriction of Left Hypogastric Vein with Intraluminal Device, Percutaneous Approach", "06VJ3ZZ": "Restriction of Left Hypogastric Vein, Percutaneous Approach", "06VJ4CZ": "Restriction of Left Hypogastric Vein with Extraluminal Device, Percutaneous Endoscopic Approach", "06VJ4DZ": "Restriction of Left Hypogastric Vein with Intraluminal Device, Percutaneous Endoscopic Approach", "06VJ4ZZ": "Restriction of Left Hypogastric Vein, Percutaneous Endoscopic Approach", "06VM0CZ": "Restriction of Right Femoral Vein with Extraluminal Device, Open Approach", "06VM0DZ": "Restriction of Right Femoral Vein with Intraluminal Device, Open Approach", "06VM0ZZ": "Restriction of Right Femoral Vein, Open Approach", "06VM3CZ": "Restriction of Right Femoral Vein with Extraluminal Device, Percutaneous Approach", "06VM3DZ": "Restriction of Right Femoral Vein with Intraluminal Device, Percutaneous Approach", "06VM3ZZ": "Restriction of Right Femoral Vein, Percutaneous Approach", "06VM4CZ": "Restriction of Right Femoral Vein with Extraluminal Device, Percutaneous Endoscopic Approach", "06VM4DZ": "Restriction of Right Femoral Vein with Intraluminal Device, Percutaneous Endoscopic Approach", "06VM4ZZ": "Restriction of Right Femoral Vein, Percutaneous Endoscopic Approach", "06VN0CZ": "Restriction of Left Femoral Vein with Extraluminal Device, Open Approach", "06VN0DZ": "Restriction of Left Femoral Vein with Intraluminal Device, Open Approach", "06VN0ZZ": "Restriction of Left Femoral Vein, Open Approach", "06VN3CZ": "Restriction of Left Femoral Vein with Extraluminal Device, Percutaneous Approach", "06VN3DZ": "Restriction of Left Femoral Vein with Intraluminal Device, Percutaneous Approach", "06VN3ZZ": "Restriction of Left Femoral Vein, Percutaneous Approach", "06VN4CZ": "Restriction of Left Femoral Vein with Extraluminal Device, Percutaneous Endoscopic Approach", "06VN4DZ": "Restriction of Left Femoral Vein with Intraluminal Device, Percutaneous Endoscopic Approach", "06VN4ZZ": "Restriction of Left Femoral Vein, Percutaneous Endoscopic Approach", "06VP0CZ": "Restriction of Right Saphenous Vein with Extraluminal Device, Open Approach", "06VP0DZ": "Restriction of Right Saphenous Vein with Intraluminal Device, Open Approach", "06VP0ZZ": "Restriction of Right Saphenous Vein, Open Approach", "06VP3CZ": "Restriction of Right Saphenous Vein with Extraluminal Device, Percutaneous Approach", "06VP3DZ": "Restriction of Right Saphenous Vein with Intraluminal Device, Percutaneous Approach", "06VP3ZZ": "Restriction of Right Saphenous Vein, Percutaneous Approach", "06VP4CZ": "Restriction of Right Saphenous Vein with Extraluminal Device, Percutaneous Endoscopic Approach", "06VP4DZ": "Restriction of Right Saphenous Vein with Intraluminal Device, Percutaneous Endoscopic Approach", "06VP4ZZ": "Restriction of Right Saphenous Vein, Percutaneous Endoscopic Approach", "06VQ0CZ": "Restriction of Left Saphenous Vein with Extraluminal Device, Open Approach", "06VQ0DZ": "Restriction of Left Saphenous Vein with Intraluminal Device, Open Approach", "06VQ0ZZ": "Restriction of Left Saphenous Vein, Open Approach", "06VQ3CZ": "Restriction of Left Saphenous Vein with Extraluminal Device, Percutaneous Approach", "06VQ3DZ": "Restriction of Left Saphenous Vein with Intraluminal Device, Percutaneous Approach", "06VQ3ZZ": "Restriction of Left Saphenous Vein, Percutaneous Approach", "06VQ4CZ": "Restriction of Left Saphenous Vein with Extraluminal Device, Percutaneous Endoscopic Approach", "06VQ4DZ": "Restriction of Left Saphenous Vein with Intraluminal Device, Percutaneous Endoscopic Approach", "06VQ4ZZ": "Restriction of Left Saphenous Vein, Percutaneous Endoscopic Approach", "06VT0CZ": "Restriction of Right Foot Vein with Extraluminal Device, Open Approach", "06VT0DZ": "Restriction of Right Foot Vein with Intraluminal Device, Open Approach", "06VT0ZZ": "Restriction of Right Foot Vein, Open Approach", "06VT3CZ": "Restriction of Right Foot Vein with Extraluminal Device, Percutaneous Approach", "06VT3DZ": "Restriction of Right Foot Vein with Intraluminal Device, Percutaneous Approach", "06VT3ZZ": "Restriction of Right Foot Vein, Percutaneous Approach", "06VT4CZ": "Restriction of Right Foot Vein with Extraluminal Device, Percutaneous Endoscopic Approach", "06VT4DZ": "Restriction of Right Foot Vein with Intraluminal Device, Percutaneous Endoscopic Approach", "06VT4ZZ": "Restriction of Right Foot Vein, Percutaneous Endoscopic Approach", "06VV0CZ": "Restriction of Left Foot Vein with Extraluminal Device, Open Approach", "06VV0DZ": "Restriction of Left Foot Vein with Intraluminal Device, Open Approach", "06VV0ZZ": "Restriction of Left Foot Vein, Open Approach", "06VV3CZ": "Restriction of Left Foot Vein with Extraluminal Device, Percutaneous Approach", "06VV3DZ": "Restriction of Left Foot Vein with Intraluminal Device, Percutaneous Approach", "06VV3ZZ": "Restriction of Left Foot Vein, Percutaneous Approach", "06VV4CZ": "Restriction of Left Foot Vein with Extraluminal Device, Percutaneous Endoscopic Approach", "06VV4DZ": "Restriction of Left Foot Vein with Intraluminal Device, Percutaneous Endoscopic Approach", "06VV4ZZ": "Restriction of Left Foot Vein, Percutaneous Endoscopic Approach", "06VY0CZ": "Restriction of Lower Vein with Extraluminal Device, Open Approach", "06VY0DZ": "Restriction of Lower Vein with Intraluminal Device, Open Approach", "06VY0ZZ": "Restriction of Lower Vein, Open Approach", "06VY3CZ": "Restriction of Lower Vein with Extraluminal Device, Percutaneous Approach", "06VY3DZ": "Restriction of Lower Vein with Intraluminal Device, Percutaneous Approach", "06VY3ZZ": "Restriction of Lower Vein, Percutaneous Approach", "06VY4CZ": "Restriction of Lower Vein with Extraluminal Device, Percutaneous Endoscopic Approach", "06VY4DZ": "Restriction of Lower Vein with Intraluminal Device, Percutaneous Endoscopic Approach", "06VY4ZZ": "Restriction of Lower Vein, Percutaneous Endoscopic Approach"}