{"075": "Lymphatic and Hemic Systems, Destruction", "07500ZZ": "Destruction of Head Lymphatic, Open Approach", "07503ZZ": "Destruction of Head Lymphatic, Percutaneous Approach", "07504ZZ": "Destruction of Head Lymphatic, Percutaneous Endoscopic Approach", "07510ZZ": "Destruction of Right Neck Lymphatic, Open Approach", "07513ZZ": "Destruction of Right Neck Lymphatic, Percutaneous Approach", "07514ZZ": "Destruction of Right Neck Lymphatic, Percutaneous Endoscopic Approach", "07520ZZ": "Destruction of Left Neck Lymphatic, Open Approach", "07523ZZ": "Destruction of Left Neck Lymphatic, Percutaneous Approach", "07524ZZ": "Destruction of Left Neck Lymphatic, Percutaneous Endoscopic Approach", "07530ZZ": "Destruction of Right Upper Extremity Lymphatic, Open Approach", "07533ZZ": "Destruction of Right Upper Extremity Lymphatic, Percutaneous Approach", "07534ZZ": "Destruction of Right Upper Extremity Lymphatic, Percutaneous Endoscopic Approach", "07540ZZ": "Destruction of Left Upper Extremity Lymphatic, Open Approach", "07543ZZ": "Destruction of Left Upper Extremity Lymphatic, Percutaneous Approach", "07544ZZ": "Destruction of Left Upper Extremity Lymphatic, Percutaneous Endoscopic Approach", "07550ZZ": "Destruction of Right Axillary Lymphatic, Open Approach", "07553ZZ": "Destruction of Right Axillary Lymphatic, Percutaneous Approach", "07554ZZ": "Destruction of Right Axillary Lymphatic, Percutaneous Endoscopic Approach", "07560ZZ": "Destruction of Left Axillary Lymphatic, Open Approach", "07563ZZ": "Destruction of Left Axillary Lymphatic, Percutaneous Approach", "07564ZZ": "Destruction of Left Axillary Lymphatic, Percutaneous Endoscopic Approach", "07570ZZ": "Destruction of Thorax Lymphatic, Open Approach", "07573ZZ": "Destruction of Thorax Lymphatic, Percutaneous Approach", "07574ZZ": "Destruction of Thorax Lymphatic, Percutaneous Endoscopic Approach", "07580ZZ": "Destruction of Right Internal Mammary Lymphatic, Open Approach", "07583ZZ": "Destruction of Right Internal Mammary Lymphatic, Percutaneous Approach", "07584ZZ": "Destruction of Right Internal Mammary Lymphatic, Percutaneous Endoscopic Approach", "07590ZZ": "Destruction of Left Internal Mammary Lymphatic, Open Approach", "07593ZZ": "Destruction of Left Internal Mammary Lymphatic, Percutaneous Approach", "07594ZZ": "Destruction of Left Internal Mammary Lymphatic, Percutaneous Endoscopic Approach", "075B0ZZ": "Destruction of Mesenteric Lymphatic, Open Approach", "075B3ZZ": "Destruction of Mesenteric Lymphatic, Percutaneous Approach", "075B4ZZ": "Destruction of Mesenteric Lymphatic, Percutaneous Endoscopic Approach", "075C0ZZ": "Destruction of Pelvis Lymphatic, Open Approach", "075C3ZZ": "Destruction of Pelvis Lymphatic, Percutaneous Approach", "075C4ZZ": "Destruction of Pelvis Lymphatic, Percutaneous Endoscopic Approach", "075D0ZZ": "Destruction of Aortic Lymphatic, Open Approach", "075D3ZZ": "Destruction of Aortic Lymphatic, Percutaneous Approach", "075D4ZZ": "Destruction of Aortic Lymphatic, Percutaneous Endoscopic Approach", "075F0ZZ": "Destruction of Right Lower Extremity Lymphatic, Open Approach", "075F3ZZ": "Destruction of Right Lower Extremity Lymphatic, Percutaneous Approach", "075F4ZZ": "Destruction of Right Lower Extremity Lymphatic, Percutaneous Endoscopic Approach", "075G0ZZ": "Destruction of Left Lower Extremity Lymphatic, Open Approach", "075G3ZZ": "Destruction of Left Lower Extremity Lymphatic, Percutaneous Approach", "075G4ZZ": "Destruction of Left Lower Extremity Lymphatic, Percutaneous Endoscopic Approach", "075H0ZZ": "Destruction of Right Inguinal Lymphatic, Open Approach", "075H3ZZ": "Destruction of Right Inguinal Lymphatic, Percutaneous Approach", "075H4ZZ": "Destruction of Right Inguinal Lymphatic, Percutaneous Endoscopic Approach", "075J0ZZ": "Destruction of Left Inguinal Lymphatic, Open Approach", "075J3ZZ": "Destruction of Left Inguinal Lymphatic, Percutaneous Approach", "075J4ZZ": "Destruction of Left Inguinal Lymphatic, Percutaneous Endoscopic Approach", "075K0ZZ": "Destruction of Thoracic Duct, Open Approach", "075K3ZZ": "Destruction of Thoracic Duct, Percutaneous Approach", "075K4ZZ": "Destruction of Thoracic Duct, Percutaneous Endoscopic Approach", "075L0ZZ": "Destruction of Cisterna Chyli, Open Approach", "075L3ZZ": "Destruction of Cisterna Chyli, Percutaneous Approach", "075L4ZZ": "Destruction of Cisterna Chyli, Percutaneous Endoscopic Approach", "075M0ZZ": "Destruction of Thymus, Open Approach", "075M3ZZ": "Destruction of Thymus, Percutaneous Approach", "075M4ZZ": "Destruction of Thymus, Percutaneous Endoscopic Approach", "075P0ZZ": "Destruction of Spleen, Open Approach", "075P3ZZ": "Destruction of Spleen, Percutaneous Approach", "075P4ZZ": "Destruction of Spleen, Percutaneous Endoscopic Approach"}