{"07D": "Lymphatic and Hemic Systems, Extraction", "07D03ZX": "Extraction of Head Lymphatic, Percutaneous Approach, Diagnostic", "07D04ZX": "Extraction of Head Lymphatic, Percutaneous Endoscopic Approach, Diagnostic", "07D08ZX": "Extraction of Head Lymphatic, Via Natural or Artificial Opening Endoscopic, Diagnostic", "07D13ZX": "Extraction of Right Neck Lymphatic, Percutaneous Approach, Diagnostic", "07D14ZX": "Extraction of Right Neck Lymphatic, Percutaneous Endoscopic Approach, Diagnostic", "07D18ZX": "Extraction of Right Neck Lymphatic, Via Natural or Artificial Opening Endoscopic, Diagnostic", "07D23ZX": "Extraction of Left Neck Lymphatic, Percutaneous Approach, Diagnostic", "07D24ZX": "Extraction of Left Neck Lymphatic, Percutaneous Endoscopic Approach, Diagnostic", "07D28ZX": "Extraction of Left Neck Lymphatic, Via Natural or Artificial Opening Endoscopic, Diagnostic", "07D33ZX": "Extraction of Right Upper Extremity Lymphatic, Percutaneous Approach, Diagnostic", "07D34ZX": "Extraction of Right Upper Extremity Lymphatic, Percutaneous Endoscopic Approach, Diagnostic", "07D38ZX": "Extraction of Right Upper Extremity Lymphatic, Via Natural or Artificial Opening Endoscopic, Diagnostic", "07D43ZX": "Extraction of Left Upper Extremity Lymphatic, Percutaneous Approach, Diagnostic", "07D44ZX": "Extraction of Left Upper Extremity Lymphatic, Percutaneous Endoscopic Approach, Diagnostic", "07D48ZX": "Extraction of Left Upper Extremity Lymphatic, Via Natural or Artificial Opening Endoscopic, Diagnostic", "07D53ZX": "Extraction of Right Axillary Lymphatic, Percutaneous Approach, Diagnostic", "07D54ZX": "Extraction of Right Axillary Lymphatic, Percutaneous Endoscopic Approach, Diagnostic", "07D58ZX": "Extraction of Right Axillary Lymphatic, Via Natural or Artificial Opening Endoscopic, Diagnostic", "07D63ZX": "Extraction of Left Axillary Lymphatic, Percutaneous Approach, Diagnostic", "07D64ZX": "Extraction of Left Axillary Lymphatic, Percutaneous Endoscopic Approach, Diagnostic", "07D68ZX": "Extraction of Left Axillary Lymphatic, Via Natural or Artificial Opening Endoscopic, Diagnostic", "07D73ZX": "Extraction of Thorax Lymphatic, Percutaneous Approach, Diagnostic", "07D74ZX": "Extraction of Thorax Lymphatic, Percutaneous Endoscopic Approach, Diagnostic", "07D78ZX": "Extraction of Thorax Lymphatic, Via Natural or Artificial Opening Endoscopic, Diagnostic", "07D83ZX": "Extraction of Right Internal Mammary Lymphatic, Percutaneous Approach, Diagnostic", "07D84ZX": "Extraction of Right Internal Mammary Lymphatic, Percutaneous Endoscopic Approach, Diagnostic", "07D88ZX": "Extraction of Right Internal Mammary Lymphatic, Via Natural or Artificial Opening Endoscopic, Diagnostic", "07D93ZX": "Extraction of Left Internal Mammary Lymphatic, Percutaneous Approach, Diagnostic", "07D94ZX": "Extraction of Left Internal Mammary Lymphatic, Percutaneous Endoscopic Approach, Diagnostic", "07D98ZX": "Extraction of Left Internal Mammary Lymphatic, Via Natural or Artificial Opening Endoscopic, Diagnostic", "07DB3ZX": "Extraction of Mesenteric Lymphatic, Percutaneous Approach, Diagnostic", "07DB4ZX": "Extraction of Mesenteric Lymphatic, Percutaneous Endoscopic Approach, Diagnostic", "07DB8ZX": "Extraction of Mesenteric Lymphatic, Via Natural or Artificial Opening Endoscopic, Diagnostic", "07DC3ZX": "Extraction of Pelvis Lymphatic, Percutaneous Approach, Diagnostic", "07DC4ZX": "Extraction of Pelvis Lymphatic, Percutaneous Endoscopic Approach, Diagnostic", "07DC8ZX": "Extraction of Pelvis Lymphatic, Via Natural or Artificial Opening Endoscopic, Diagnostic", "07DD3ZX": "Extraction of Aortic Lymphatic, Percutaneous Approach, Diagnostic", "07DD4ZX": "Extraction of Aortic Lymphatic, Percutaneous Endoscopic Approach, Diagnostic", "07DD8ZX": "Extraction of Aortic Lymphatic, Via Natural or Artificial Opening Endoscopic, Diagnostic", "07DF3ZX": "Extraction of Right Lower Extremity Lymphatic, Percutaneous Approach, Diagnostic", "07DF4ZX": "Extraction of Right Lower Extremity Lymphatic, Percutaneous Endoscopic Approach, Diagnostic", "07DF8ZX": "Extraction of Right Lower Extremity Lymphatic, Via Natural or Artificial Opening Endoscopic, Diagnostic", "07DG3ZX": "Extraction of Left Lower Extremity Lymphatic, Percutaneous Approach, Diagnostic", "07DG4ZX": "Extraction of Left Lower Extremity Lymphatic, Percutaneous Endoscopic Approach, Diagnostic", "07DG8ZX": "Extraction of Left Lower Extremity Lymphatic, Via Natural or Artificial Opening Endoscopic, Diagnostic", "07DH3ZX": "Extraction of Right Inguinal Lymphatic, Percutaneous Approach, Diagnostic", "07DH4ZX": "Extraction of Right Inguinal Lymphatic, Percutaneous Endoscopic Approach, Diagnostic", "07DH8ZX": "Extraction of Right Inguinal Lymphatic, Via Natural or Artificial Opening Endoscopic, Diagnostic", "07DJ3ZX": "Extraction of Left Inguinal Lymphatic, Percutaneous Approach, Diagnostic", "07DJ4ZX": "Extraction of Left Inguinal Lymphatic, Percutaneous Endoscopic Approach, Diagnostic", "07DJ8ZX": "Extraction of Left Inguinal Lymphatic, Via Natural or Artificial Opening Endoscopic, Diagnostic", "07DK3ZX": "Extraction of Thoracic Duct, Percutaneous Approach, Diagnostic", "07DK4ZX": "Extraction of Thoracic Duct, Percutaneous Endoscopic Approach, Diagnostic", "07DK8ZX": "Extraction of Thoracic Duct, Via Natural or Artificial Opening Endoscopic, Diagnostic", "07DL3ZX": "Extraction of Cisterna Chyli, Percutaneous Approach, Diagnostic", "07DL4ZX": "Extraction of Cisterna Chyli, Percutaneous Endoscopic Approach, Diagnostic", "07DL8ZX": "Extraction of Cisterna Chyli, Via Natural or Artificial Opening Endoscopic, Diagnostic", "07DM3ZX": "Extraction of Thymus, Percutaneous Approach, Diagnostic", "07DM4ZX": "Extraction of Thymus, Percutaneous Endoscopic Approach, Diagnostic", "07DP3ZX": "Extraction of Spleen, Percutaneous Approach, Diagnostic", "07DP4ZX": "Extraction of Spleen, Percutaneous Endoscopic Approach, Diagnostic", "07DQ0ZX": "Extraction of Sternum Bone Marrow, Open Approach, Diagnostic", "07DQ0ZZ": "Extraction of Sternum Bone Marrow, Open Approach", "07DQ3ZX": "Extraction of Sternum Bone Marrow, Percutaneous Approach, Diagnostic", "07DQ3ZZ": "Extraction of Sternum Bone Marrow, Percutaneous Approach", "07DR0ZX": "Extraction of Iliac Bone Marrow, Open Approach, Diagnostic", "07DR0ZZ": "Extraction of Iliac Bone Marrow, Open Approach", "07DR3ZX": "Extraction of Iliac Bone Marrow, Percutaneous Approach, Diagnostic", "07DR3ZZ": "Extraction of Iliac Bone Marrow, Percutaneous Approach", "07DS0ZX": "Extraction of Vertebral Bone Marrow, Open Approach, Diagnostic", "07DS0ZZ": "Extraction of Vertebral Bone Marrow, Open Approach", "07DS3ZX": "Extraction of Vertebral Bone Marrow, Percutaneous Approach, Diagnostic", "07DS3ZZ": "Extraction of Vertebral Bone Marrow, Percutaneous Approach"}