{"07J": "Lymphatic and Hemic Systems, Inspection", "07JK0ZZ": "Inspection of Thoracic Duct, Open Approach", "07JK3ZZ": "Inspection of Thoracic Duct, Percutaneous Approach", "07JK4ZZ": "Inspection of Thoracic Duct, Percutaneous Endoscopic Approach", "07JL0ZZ": "Inspection of Cisterna Chyli, Open Approach", "07JL3ZZ": "Inspection of Cisterna Chyli, Percutaneous Approach", "07JL4ZZ": "Inspection of Cisterna Chyli, Percutaneous Endoscopic Approach", "07JM0ZZ": "Inspection of Thymus, Open Approach", "07JM3ZZ": "Inspection of Thymus, Percutaneous Approach", "07JM4ZZ": "Inspection of Thymus, Percutaneous Endoscopic Approach", "07JN0ZZ": "Inspection of Lymphatic, Open Approach", "07JN3ZZ": "Inspection of Lymphatic, Percutaneous Approach", "07JN4ZZ": "Inspection of Lymphatic, Percutaneous Endoscopic Approach", "07JN8ZZ": "Inspection of Lymphatic, Via Natural or Artificial Opening Endoscopic", "07JNXZZ": "Inspection of Lymphatic, External Approach", "07JP0ZZ": "Inspection of Spleen, Open Approach", "07JP3ZZ": "Inspection of Spleen, Percutaneous Approach", "07JP4ZZ": "Inspection of Spleen, Percutaneous Endoscopic Approach", "07JPXZZ": "Inspection of Spleen, External Approach", "07JT0ZZ": "Inspection of Bone Marrow, Open Approach", "07JT3ZZ": "Inspection of Bone Marrow, Percutaneous Approach", "07JT4ZZ": "Inspection of Bone Marrow, Percutaneous Endoscopic Approach"}