{"07W": "Lymphatic and Hemic Systems, Revision", "07WK00Z": "Revision of Drainage Device in Thoracic Duct, Open Approach", "07WK03Z": "Revision of Infusion Device in Thoracic Duct, Open Approach", "07WK07Z": "Revision of Autologous Tissue Substitute in Thoracic Duct, Open Approach", "07WK0CZ": "Revision of Extraluminal Device in Thoracic Duct, Open Approach", "07WK0DZ": "Revision of Intraluminal Device in Thoracic Duct, Open Approach", "07WK0JZ": "Revision of Synthetic Substitute in Thoracic Duct, Open Approach", "07WK0KZ": "Revision of Nonautologous Tissue Substitute in Thoracic Duct, Open Approach", "07WK0YZ": "Revision of Other Device in Thoracic Duct, Open Approach", "07WK30Z": "Revision of Drainage Device in Thoracic Duct, Percutaneous Approach", "07WK33Z": "Revision of Infusion Device in Thoracic Duct, Percutaneous Approach", "07WK37Z": "Revision of Autologous Tissue Substitute in Thoracic Duct, Percutaneous Approach", "07WK3CZ": "Revision of Extraluminal Device in Thoracic Duct, Percutaneous Approach", "07WK3DZ": "Revision of Intraluminal Device in Thoracic Duct, Percutaneous Approach", "07WK3JZ": "Revision of Synthetic Substitute in Thoracic Duct, Percutaneous Approach", "07WK3KZ": "Revision of Nonautologous Tissue Substitute in Thoracic Duct, Percutaneous Approach", "07WK3YZ": "Revision of Other Device in Thoracic Duct, Percutaneous Approach", "07WK40Z": "Revision of Drainage Device in Thoracic Duct, Percutaneous Endoscopic Approach", "07WK43Z": "Revision of Infusion Device in Thoracic Duct, Percutaneous Endoscopic Approach", "07WK47Z": "Revision of Autologous Tissue Substitute in Thoracic Duct, Percutaneous Endoscopic Approach", "07WK4CZ": "Revision of Extraluminal Device in Thoracic Duct, Percutaneous Endoscopic Approach", "07WK4DZ": "Revision of Intraluminal Device in Thoracic Duct, Percutaneous Endoscopic Approach", "07WK4JZ": "Revision of Synthetic Substitute in Thoracic Duct, Percutaneous Endoscopic Approach", "07WK4KZ": "Revision of Nonautologous Tissue Substitute in Thoracic Duct, Percutaneous Endoscopic Approach", "07WK4YZ": "Revision of Other Device in Thoracic Duct, Percutaneous Endoscopic Approach", "07WKX0Z": "Revision of Drainage Device in Thoracic Duct, External Approach", "07WKX3Z": "Revision of Infusion Device in Thoracic Duct, External Approach", "07WKX7Z": "Revision of Autologous Tissue Substitute in Thoracic Duct, External Approach", "07WKXCZ": "Revision of Extraluminal Device in Thoracic Duct, External Approach", "07WKXDZ": "Revision of Intraluminal Device in Thoracic Duct, External Approach", "07WKXJZ": "Revision of Synthetic Substitute in Thoracic Duct, External Approach", "07WKXKZ": "Revision of Nonautologous Tissue Substitute in Thoracic Duct, External Approach", "07WL00Z": "Revision of Drainage Device in Cisterna Chyli, Open Approach", "07WL03Z": "Revision of Infusion Device in Cisterna Chyli, Open Approach", "07WL07Z": "Revision of Autologous Tissue Substitute in Cisterna Chyli, Open Approach", "07WL0CZ": "Revision of Extraluminal Device in Cisterna Chyli, Open Approach", "07WL0DZ": "Revision of Intraluminal Device in Cisterna Chyli, Open Approach", "07WL0JZ": "Revision of Synthetic Substitute in Cisterna Chyli, Open Approach", "07WL0KZ": "Revision of Nonautologous Tissue Substitute in Cisterna Chyli, Open Approach", "07WL0YZ": "Revision of Other Device in Cisterna Chyli, Open Approach", "07WL30Z": "Revision of Drainage Device in Cisterna Chyli, Percutaneous Approach", "07WL33Z": "Revision of Infusion Device in Cisterna Chyli, Percutaneous Approach", "07WL37Z": "Revision of Autologous Tissue Substitute in Cisterna Chyli, Percutaneous Approach", "07WL3CZ": "Revision of Extraluminal Device in Cisterna Chyli, Percutaneous Approach", "07WL3DZ": "Revision of Intraluminal Device in Cisterna Chyli, Percutaneous Approach", "07WL3JZ": "Revision of Synthetic Substitute in Cisterna Chyli, Percutaneous Approach", "07WL3KZ": "Revision of Nonautologous Tissue Substitute in Cisterna Chyli, Percutaneous Approach", "07WL3YZ": "Revision of Other Device in Cisterna Chyli, Percutaneous Approach", "07WL40Z": "Revision of Drainage Device in Cisterna Chyli, Percutaneous Endoscopic Approach", "07WL43Z": "Revision of Infusion Device in Cisterna Chyli, Percutaneous Endoscopic Approach", "07WL47Z": "Revision of Autologous Tissue Substitute in Cisterna Chyli, Percutaneous Endoscopic Approach", "07WL4CZ": "Revision of Extraluminal Device in Cisterna Chyli, Percutaneous Endoscopic Approach", "07WL4DZ": "Revision of Intraluminal Device in Cisterna Chyli, Percutaneous Endoscopic Approach", "07WL4JZ": "Revision of Synthetic Substitute in Cisterna Chyli, Percutaneous Endoscopic Approach", "07WL4KZ": "Revision of Nonautologous Tissue Substitute in Cisterna Chyli, Percutaneous Endoscopic Approach", "07WL4YZ": "Revision of Other Device in Cisterna Chyli, Percutaneous Endoscopic Approach", "07WLX0Z": "Revision of Drainage Device in Cisterna Chyli, External Approach", "07WLX3Z": "Revision of Infusion Device in Cisterna Chyli, External Approach", "07WLX7Z": "Revision of Autologous Tissue Substitute in Cisterna Chyli, External Approach", "07WLXCZ": "Revision of Extraluminal Device in Cisterna Chyli, External Approach", "07WLXDZ": "Revision of Intraluminal Device in Cisterna Chyli, External Approach", "07WLXJZ": "Revision of Synthetic Substitute in Cisterna Chyli, External Approach", "07WLXKZ": "Revision of Nonautologous Tissue Substitute in Cisterna Chyli, External Approach", "07WM00Z": "Revision of Drainage Device in Thymus, Open Approach", "07WM03Z": "Revision of Infusion Device in Thymus, Open Approach", "07WM0YZ": "Revision of Other Device in Thymus, Open Approach", "07WM30Z": "Revision of Drainage Device in Thymus, Percutaneous Approach", "07WM33Z": "Revision of Infusion Device in Thymus, Percutaneous Approach", "07WM3YZ": "Revision of Other Device in Thymus, Percutaneous Approach", "07WM40Z": "Revision of Drainage Device in Thymus, Percutaneous Endoscopic Approach", "07WM43Z": "Revision of Infusion Device in Thymus, Percutaneous Endoscopic Approach", "07WM4YZ": "Revision of Other Device in Thymus, Percutaneous Endoscopic Approach", "07WMX0Z": "Revision of Drainage Device in Thymus, External Approach", "07WMX3Z": "Revision of Infusion Device in Thymus, External Approach", "07WN00Z": "Revision of Drainage Device in Lymphatic, Open Approach", "07WN03Z": "Revision of Infusion Device in Lymphatic, Open Approach", "07WN07Z": "Revision of Autologous Tissue Substitute in Lymphatic, Open Approach", "07WN0CZ": "Revision of Extraluminal Device in Lymphatic, Open Approach", "07WN0DZ": "Revision of Intraluminal Device in Lymphatic, Open Approach", "07WN0JZ": "Revision of Synthetic Substitute in Lymphatic, Open Approach", "07WN0KZ": "Revision of Nonautologous Tissue Substitute in Lymphatic, Open Approach", "07WN0YZ": "Revision of Other Device in Lymphatic, Open Approach", "07WN30Z": "Revision of Drainage Device in Lymphatic, Percutaneous Approach", "07WN33Z": "Revision of Infusion Device in Lymphatic, Percutaneous Approach", "07WN37Z": "Revision of Autologous Tissue Substitute in Lymphatic, Percutaneous Approach", "07WN3CZ": "Revision of Extraluminal Device in Lymphatic, Percutaneous Approach", "07WN3DZ": "Revision of Intraluminal Device in Lymphatic, Percutaneous Approach", "07WN3JZ": "Revision of Synthetic Substitute in Lymphatic, Percutaneous Approach", "07WN3KZ": "Revision of Nonautologous Tissue Substitute in Lymphatic, Percutaneous Approach", "07WN3YZ": "Revision of Other Device in Lymphatic, Percutaneous Approach", "07WN40Z": "Revision of Drainage Device in Lymphatic, Percutaneous Endoscopic Approach", "07WN43Z": "Revision of Infusion Device in Lymphatic, Percutaneous Endoscopic Approach", "07WN47Z": "Revision of Autologous Tissue Substitute in Lymphatic, Percutaneous Endoscopic Approach", "07WN4CZ": "Revision of Extraluminal Device in Lymphatic, Percutaneous Endoscopic Approach", "07WN4DZ": "Revision of Intraluminal Device in Lymphatic, Percutaneous Endoscopic Approach", "07WN4JZ": "Revision of Synthetic Substitute in Lymphatic, Percutaneous Endoscopic Approach", "07WN4KZ": "Revision of Nonautologous Tissue Substitute in Lymphatic, Percutaneous Endoscopic Approach", "07WN4YZ": "Revision of Other Device in Lymphatic, Percutaneous Endoscopic Approach", "07WNX0Z": "Revision of Drainage Device in Lymphatic, External Approach", "07WNX3Z": "Revision of Infusion Device in Lymphatic, External Approach", "07WNX7Z": "Revision of Autologous Tissue Substitute in Lymphatic, External Approach", "07WNXCZ": "Revision of Extraluminal Device in Lymphatic, External Approach", "07WNXDZ": "Revision of Intraluminal Device in Lymphatic, External Approach", "07WNXJZ": "Revision of Synthetic Substitute in Lymphatic, External Approach", "07WNXKZ": "Revision of Nonautologous Tissue Substitute in Lymphatic, External Approach", "07WP00Z": "Revision of Drainage Device in Spleen, Open Approach", "07WP03Z": "Revision of Infusion Device in Spleen, Open Approach", "07WP0YZ": "Revision of Other Device in Spleen, Open Approach", "07WP30Z": "Revision of Drainage Device in Spleen, Percutaneous Approach", "07WP33Z": "Revision of Infusion Device in Spleen, Percutaneous Approach", "07WP3YZ": "Revision of Other Device in Spleen, Percutaneous Approach", "07WP40Z": "Revision of Drainage Device in Spleen, Percutaneous Endoscopic Approach", "07WP43Z": "Revision of Infusion Device in Spleen, Percutaneous Endoscopic Approach", "07WP4YZ": "Revision of Other Device in Spleen, Percutaneous Endoscopic Approach", "07WPX0Z": "Revision of Drainage Device in Spleen, External Approach", "07WPX3Z": "Revision of Infusion Device in Spleen, External Approach", "07WT00Z": "Revision of Drainage Device in Bone Marrow, Open Approach", "07WT30Z": "Revision of Drainage Device in Bone Marrow, Percutaneous Approach", "07WT40Z": "Revision of Drainage Device in Bone Marrow, Percutaneous Endoscopic Approach", "07WTX0Z": "Revision of Drainage Device in Bone Marrow, External Approach"}