{"0H5": "Skin and Breast, Destruction", "0H50XZD": "Destruction of Scalp Skin, Multiple, External Approach", "0H50XZZ": "Destruction of Scalp Skin, External Approach", "0H51XZD": "Destruction of Face Skin, Multiple, External Approach", "0H51XZZ": "Destruction of Face Skin, External Approach", "0H52XZD": "Destruction of Right Ear Skin, Multiple, External Approach", "0H52XZZ": "Destruction of Right Ear Skin, External Approach", "0H53XZD": "Destruction of Left Ear Skin, Multiple, External Approach", "0H53XZZ": "Destruction of Left Ear Skin, External Approach", "0H54XZD": "Destruction of Neck Skin, Multiple, External Approach", "0H54XZZ": "Destruction of Neck Skin, External Approach", "0H55XZD": "Destruction of Chest Skin, Multiple, External Approach", "0H55XZZ": "Destruction of Chest Skin, External Approach", "0H56XZD": "Destruction of Back Skin, Multiple, External Approach", "0H56XZZ": "Destruction of Back Skin, External Approach", "0H57XZD": "Destruction of Abdomen Skin, Multiple, External Approach", "0H57XZZ": "Destruction of Abdomen Skin, External Approach", "0H58XZD": "Destruction of Buttock Skin, Multiple, External Approach", "0H58XZZ": "Destruction of Buttock Skin, External Approach", "0H59XZD": "Destruction of Perineum Skin, Multiple, External Approach", "0H59XZZ": "Destruction of Perineum Skin, External Approach", "0H5AXZD": "Destruction of Inguinal Skin, Multiple, External Approach", "0H5AXZZ": "Destruction of Inguinal Skin, External Approach", "0H5BXZD": "Destruction of Right Upper Arm Skin, Multiple, External Approach", "0H5BXZZ": "Destruction of Right Upper Arm Skin, External Approach", "0H5CXZD": "Destruction of Left Upper Arm Skin, Multiple, External Approach", "0H5CXZZ": "Destruction of Left Upper Arm Skin, External Approach", "0H5DXZD": "Destruction of Right Lower Arm Skin, Multiple, External Approach", "0H5DXZZ": "Destruction of Right Lower Arm Skin, External Approach", "0H5EXZD": "Destruction of Left Lower Arm Skin, Multiple, External Approach", "0H5EXZZ": "Destruction of Left Lower Arm Skin, External Approach", "0H5FXZD": "Destruction of Right Hand Skin, Multiple, External Approach", "0H5FXZZ": "Destruction of Right Hand Skin, External Approach", "0H5GXZD": "Destruction of Left Hand Skin, Multiple, External Approach", "0H5GXZZ": "Destruction of Left Hand Skin, External Approach", "0H5HXZD": "Destruction of Right Upper Leg Skin, Multiple, External Approach", "0H5HXZZ": "Destruction of Right Upper Leg Skin, External Approach", "0H5JXZD": "Destruction of Left Upper Leg Skin, Multiple, External Approach", "0H5JXZZ": "Destruction of Left Upper Leg Skin, External Approach", "0H5KXZD": "Destruction of Right Lower Leg Skin, Multiple, External Approach", "0H5KXZZ": "Destruction of Right Lower Leg Skin, External Approach", "0H5LXZD": "Destruction of Left Lower Leg Skin, Multiple, External Approach", "0H5LXZZ": "Destruction of Left Lower Leg Skin, External Approach", "0H5MXZD": "Destruction of Right Foot Skin, Multiple, External Approach", "0H5MXZZ": "Destruction of Right Foot Skin, External Approach", "0H5NXZD": "Destruction of Left Foot Skin, Multiple, External Approach", "0H5NXZZ": "Destruction of Left Foot Skin, External Approach", "0H5QXZZ": "Destruction of Finger Nail, External Approach", "0H5RXZZ": "Destruction of Toe Nail, External Approach", "0H5T0ZZ": "Destruction of Right Breast, Open Approach", "0H5T3ZZ": "Destruction of Right Breast, Percutaneous Approach", "0H5T7ZZ": "Destruction of Right Breast, Via Natural or Artificial Opening", "0H5T8ZZ": "Destruction of Right Breast, Via Natural or Artificial Opening Endoscopic", "0H5U0ZZ": "Destruction of Left Breast, Open Approach", "0H5U3ZZ": "Destruction of Left Breast, Percutaneous Approach", "0H5U7ZZ": "Destruction of Left Breast, Via Natural or Artificial Opening", "0H5U8ZZ": "Destruction of Left Breast, Via Natural or Artificial Opening Endoscopic", "0H5V0ZZ": "Destruction of Bilateral Breast, Open Approach", "0H5V3ZZ": "Destruction of Bilateral Breast, Percutaneous Approach", "0H5V7ZZ": "Destruction of Bilateral Breast, Via Natural or Artificial Opening", "0H5V8ZZ": "Destruction of Bilateral Breast, Via Natural or Artificial Opening Endoscopic", "0H5W0ZZ": "Destruction of Right Nipple, Open Approach", "0H5W3ZZ": "Destruction of Right Nipple, Percutaneous Approach", "0H5W7ZZ": "Destruction of Right Nipple, Via Natural or Artificial Opening", "0H5W8ZZ": "Destruction of Right Nipple, Via Natural or Artificial Opening Endoscopic", "0H5WXZZ": "Destruction of Right Nipple, External Approach", "0H5X0ZZ": "Destruction of Left Nipple, Open Approach", "0H5X3ZZ": "Destruction of Left Nipple, Percutaneous Approach", "0H5X7ZZ": "Destruction of Left Nipple, Via Natural or Artificial Opening", "0H5X8ZZ": "Destruction of Left Nipple, Via Natural or Artificial Opening Endoscopic", "0H5XXZZ": "Destruction of Left Nipple, External Approach"}