{"0HB": "Skin and Breast, Excision", "0HB0XZX": "Excision of Scalp Skin, External Approach, Diagnostic", "0HB0XZZ": "Excision of Scalp Skin, External Approach", "0HB1XZX": "Excision of Face Skin, External Approach, Diagnostic", "0HB1XZZ": "Excision of Face Skin, External Approach", "0HB2XZX": "Excision of Right Ear Skin, External Approach, Diagnostic", "0HB2XZZ": "Excision of Right Ear Skin, External Approach", "0HB3XZX": "Excision of Left Ear Skin, External Approach, Diagnostic", "0HB3XZZ": "Excision of Left Ear Skin, External Approach", "0HB4XZX": "Excision of Neck Skin, External Approach, Diagnostic", "0HB4XZZ": "Excision of Neck Skin, External Approach", "0HB5XZX": "Excision of Chest Skin, External Approach, Diagnostic", "0HB5XZZ": "Excision of Chest Skin, External Approach", "0HB6XZX": "Excision of Back Skin, External Approach, Diagnostic", "0HB6XZZ": "Excision of Back Skin, External Approach", "0HB7XZX": "Excision of Abdomen Skin, External Approach, Diagnostic", "0HB7XZZ": "Excision of Abdomen Skin, External Approach", "0HB8XZX": "Excision of Buttock Skin, External Approach, Diagnostic", "0HB8XZZ": "Excision of Buttock Skin, External Approach", "0HB9XZX": "Excision of Perineum Skin, External Approach, Diagnostic", "0HB9XZZ": "Excision of Perineum Skin, External Approach", "0HBAXZX": "Excision of Inguinal Skin, External Approach, Diagnostic", "0HBAXZZ": "Excision of Inguinal Skin, External Approach", "0HBBXZX": "Excision of Right Upper Arm Skin, External Approach, Diagnostic", "0HBBXZZ": "Excision of Right Upper Arm Skin, External Approach", "0HBCXZX": "Excision of Left Upper Arm Skin, External Approach, Diagnostic", "0HBCXZZ": "Excision of Left Upper Arm Skin, External Approach", "0HBDXZX": "Excision of Right Lower Arm Skin, External Approach, Diagnostic", "0HBDXZZ": "Excision of Right Lower Arm Skin, External Approach", "0HBEXZX": "Excision of Left Lower Arm Skin, External Approach, Diagnostic", "0HBEXZZ": "Excision of Left Lower Arm Skin, External Approach", "0HBFXZX": "Excision of Right Hand Skin, External Approach, Diagnostic", "0HBFXZZ": "Excision of Right Hand Skin, External Approach", "0HBGXZX": "Excision of Left Hand Skin, External Approach, Diagnostic", "0HBGXZZ": "Excision of Left Hand Skin, External Approach", "0HBHXZX": "Excision of Right Upper Leg Skin, External Approach, Diagnostic", "0HBHXZZ": "Excision of Right Upper Leg Skin, External Approach", "0HBJXZX": "Excision of Left Upper Leg Skin, External Approach, Diagnostic", "0HBJXZZ": "Excision of Left Upper Leg Skin, External Approach", "0HBKXZX": "Excision of Right Lower Leg Skin, External Approach, Diagnostic", "0HBKXZZ": "Excision of Right Lower Leg Skin, External Approach", "0HBLXZX": "Excision of Left Lower Leg Skin, External Approach, Diagnostic", "0HBLXZZ": "Excision of Left Lower Leg Skin, External Approach", "0HBMXZX": "Excision of Right Foot Skin, External Approach, Diagnostic", "0HBMXZZ": "Excision of Right Foot Skin, External Approach", "0HBNXZX": "Excision of Left Foot Skin, External Approach, Diagnostic", "0HBNXZZ": "Excision of Left Foot Skin, External Approach", "0HBQXZX": "Excision of Finger Nail, External Approach, Diagnostic", "0HBQXZZ": "Excision of Finger Nail, External Approach", "0HBRXZX": "Excision of Toe Nail, External Approach, Diagnostic", "0HBRXZZ": "Excision of Toe Nail, External Approach", "0HBT0ZX": "Excision of Right Breast, Open Approach, Diagnostic", "0HBT0ZZ": "Excision of Right Breast, Open Approach", "0HBT3ZX": "Excision of Right Breast, Percutaneous Approach, Diagnostic", "0HBT3ZZ": "Excision of Right Breast, Percutaneous Approach", "0HBT7ZX": "Excision of Right Breast, Via Natural or Artificial Opening, Diagnostic", "0HBT7ZZ": "Excision of Right Breast, Via Natural or Artificial Opening", "0HBT8ZX": "Excision of Right Breast, Via Natural or Artificial Opening Endoscopic, Diagnostic", "0HBT8ZZ": "Excision of Right Breast, Via Natural or Artificial Opening Endoscopic", "0HBU0ZX": "Excision of Left Breast, Open Approach, Diagnostic", "0HBU0ZZ": "Excision of Left Breast, Open Approach", "0HBU3ZX": "Excision of Left Breast, Percutaneous Approach, Diagnostic", "0HBU3ZZ": "Excision of Left Breast, Percutaneous Approach", "0HBU7ZX": "Excision of Left Breast, Via Natural or Artificial Opening, Diagnostic", "0HBU7ZZ": "Excision of Left Breast, Via Natural or Artificial Opening", "0HBU8ZX": "Excision of Left Breast, Via Natural or Artificial Opening Endoscopic, Diagnostic", "0HBU8ZZ": "Excision of Left Breast, Via Natural or Artificial Opening Endoscopic", "0HBV0ZX": "Excision of Bilateral Breast, Open Approach, Diagnostic", "0HBV0ZZ": "Excision of Bilateral Breast, Open Approach", "0HBV3ZX": "Excision of Bilateral Breast, Percutaneous Approach, Diagnostic", "0HBV3ZZ": "Excision of Bilateral Breast, Percutaneous Approach", "0HBV7ZX": "Excision of Bilateral Breast, Via Natural or Artificial Opening, Diagnostic", "0HBV7ZZ": "Excision of Bilateral Breast, Via Natural or Artificial Opening", "0HBV8ZX": "Excision of Bilateral Breast, Via Natural or Artificial Opening Endoscopic, Diagnostic", "0HBV8ZZ": "Excision of Bilateral Breast, Via Natural or Artificial Opening Endoscopic", "0HBW0ZX": "Excision of Right Nipple, Open Approach, Diagnostic", "0HBW0ZZ": "Excision of Right Nipple, Open Approach", "0HBW3ZX": "Excision of Right Nipple, Percutaneous Approach, Diagnostic", "0HBW3ZZ": "Excision of Right Nipple, Percutaneous Approach", "0HBW7ZX": "Excision of Right Nipple, Via Natural or Artificial Opening, Diagnostic", "0HBW7ZZ": "Excision of Right Nipple, Via Natural or Artificial Opening", "0HBW8ZX": "Excision of Right Nipple, Via Natural or Artificial Opening Endoscopic, Diagnostic", "0HBW8ZZ": "Excision of Right Nipple, Via Natural or Artificial Opening Endoscopic", "0HBWXZX": "Excision of Right Nipple, External Approach, Diagnostic", "0HBWXZZ": "Excision of Right Nipple, External Approach", "0HBX0ZX": "Excision of Left Nipple, Open Approach, Diagnostic", "0HBX0ZZ": "Excision of Left Nipple, Open Approach", "0HBX3ZX": "Excision of Left Nipple, Percutaneous Approach, Diagnostic", "0HBX3ZZ": "Excision of Left Nipple, Percutaneous Approach", "0HBX7ZX": "Excision of Left Nipple, Via Natural or Artificial Opening, Diagnostic", "0HBX7ZZ": "Excision of Left Nipple, Via Natural or Artificial Opening", "0HBX8ZX": "Excision of Left Nipple, Via Natural or Artificial Opening Endoscopic, Diagnostic", "0HBX8ZZ": "Excision of Left Nipple, Via Natural or Artificial Opening Endoscopic", "0HBXXZX": "Excision of Left Nipple, External Approach, Diagnostic", "0HBXXZZ": "Excision of Left Nipple, External Approach", "0HBY0ZX": "Excision of Supernumerary Breast, Open Approach, Diagnostic", "0HBY0ZZ": "Excision of Supernumerary Breast, Open Approach", "0HBY3ZX": "Excision of Supernumerary Breast, Percutaneous Approach, Diagnostic", "0HBY3ZZ": "Excision of Supernumerary Breast, Percutaneous Approach", "0HBY7ZX": "Excision of Supernumerary Breast, Via Natural or Artificial Opening, Diagnostic", "0HBY7ZZ": "Excision of Supernumerary Breast, Via Natural or Artificial Opening", "0HBY8ZX": "Excision of Supernumerary Breast, Via Natural or Artificial Opening Endoscopic, Diagnostic", "0HBY8ZZ": "Excision of Supernumerary Breast, Via Natural or Artificial Opening Endoscopic"}