{"0HD": "Skin and Breast, Extraction", "0HD0XZZ": "Extraction of Scalp Skin, External Approach", "0HD1XZZ": "Extraction of Face Skin, External Approach", "0HD2XZZ": "Extraction of Right Ear Skin, External Approach", "0HD3XZZ": "Extraction of Left Ear Skin, External Approach", "0HD4XZZ": "Extraction of Neck Skin, External Approach", "0HD5XZZ": "Extraction of Chest Skin, External Approach", "0HD6XZZ": "Extraction of Back Skin, External Approach", "0HD7XZZ": "Extraction of Abdomen Skin, External Approach", "0HD8XZZ": "Extraction of Buttock Skin, External Approach", "0HD9XZZ": "Extraction of Perineum Skin, External Approach", "0HDAXZZ": "Extraction of Inguinal Skin, External Approach", "0HDBXZZ": "Extraction of Right Upper Arm Skin, External Approach", "0HDCXZZ": "Extraction of Left Upper Arm Skin, External Approach", "0HDDXZZ": "Extraction of Right Lower Arm Skin, External Approach", "0HDEXZZ": "Extraction of Left Lower Arm Skin, External Approach", "0HDFXZZ": "Extraction of Right Hand Skin, External Approach", "0HDGXZZ": "Extraction of Left Hand Skin, External Approach", "0HDHXZZ": "Extraction of Right Upper Leg Skin, External Approach", "0HDJXZZ": "Extraction of Left Upper Leg Skin, External Approach", "0HDKXZZ": "Extraction of Right Lower Leg Skin, External Approach", "0HDLXZZ": "Extraction of Left Lower Leg Skin, External Approach", "0HDMXZZ": "Extraction of Right Foot Skin, External Approach", "0HDNXZZ": "Extraction of Left Foot Skin, External Approach", "0HDQXZZ": "Extraction of Finger Nail, External Approach", "0HDRXZZ": "Extraction of Toe Nail, External Approach", "0HDSXZZ": "Extraction of Hair, External Approach", "0HDT0ZZ": "Extraction of Right Breast, Open Approach", "0HDU0ZZ": "Extraction of Left Breast, Open Approach", "0HDV0ZZ": "Extraction of Bilateral Breast, Open Approach", "0HDY0ZZ": "Extraction of Supernumerary Breast, Open Approach"}