{"0HJ": "Skin and Breast, Inspection", "0HJPXZZ": "Inspection of Skin, External Approach", "0HJQXZZ": "Inspection of Finger Nail, External Approach", "0HJRXZZ": "Inspection of Toe Nail, External Approach", "0HJT0ZZ": "Inspection of Right Breast, Open Approach", "0HJT3ZZ": "Inspection of Right Breast, Percutaneous Approach", "0HJT7ZZ": "Inspection of Right Breast, Via Natural or Artificial Opening", "0HJT8ZZ": "Inspection of Right Breast, Via Natural or Artificial Opening Endoscopic", "0HJU0ZZ": "Inspection of Left Breast, Open Approach", "0HJU3ZZ": "Inspection of Left Breast, Percutaneous Approach", "0HJU7ZZ": "Inspection of Left Breast, Via Natural or Artificial Opening", "0HJU8ZZ": "Inspection of Left Breast, Via Natural or Artificial Opening Endoscopic"}