{"0HQ": "Skin and Breast, Repair", "0HQ0XZZ": "Repair Scalp Skin, External Approach", "0HQ1XZZ": "Repair Face Skin, External Approach", "0HQ2XZZ": "Repair Right Ear Skin, External Approach", "0HQ3XZZ": "Repair Left Ear Skin, External Approach", "0HQ4XZZ": "Repair Neck Skin, External Approach", "0HQ5XZZ": "Repair Chest Skin, External Approach", "0HQ6XZZ": "Repair Back Skin, External Approach", "0HQ7XZZ": "Repair Abdomen Skin, External Approach", "0HQ8XZZ": "Repair Buttock Skin, External Approach", "0HQ9XZZ": "Repair Perineum Skin, External Approach", "0HQAXZZ": "Repair Inguinal Skin, External Approach", "0HQBXZZ": "Repair Right Upper Arm Skin, External Approach", "0HQCXZZ": "Repair Left Upper Arm Skin, External Approach", "0HQDXZZ": "Repair Right Lower Arm Skin, External Approach", "0HQEXZZ": "Repair Left Lower Arm Skin, External Approach", "0HQFXZZ": "Repair Right Hand Skin, External Approach", "0HQGXZZ": "Repair Left Hand Skin, External Approach", "0HQHXZZ": "Repair Right Upper Leg Skin, External Approach", "0HQJXZZ": "Repair Left Upper Leg Skin, External Approach", "0HQKXZZ": "Repair Right Lower Leg Skin, External Approach", "0HQLXZZ": "Repair Left Lower Leg Skin, External Approach", "0HQMXZZ": "Repair Right Foot Skin, External Approach", "0HQNXZZ": "Repair Left Foot Skin, External Approach", "0HQQXZZ": "Repair Finger Nail, External Approach", "0HQRXZZ": "Repair Toe Nail, External Approach", "0HQT0ZZ": "Repair Right Breast, Open Approach", "0HQT3ZZ": "Repair Right Breast, Percutaneous Approach", "0HQT7ZZ": "Repair Right Breast, Via Natural or Artificial Opening", "0HQT8ZZ": "Repair Right Breast, Via Natural or Artificial Opening Endoscopic", "0HQU0ZZ": "Repair Left Breast, Open Approach", "0HQU3ZZ": "Repair Left Breast, Percutaneous Approach", "0HQU7ZZ": "Repair Left Breast, Via Natural or Artificial Opening", "0HQU8ZZ": "Repair Left Breast, Via Natural or Artificial Opening Endoscopic", "0HQV0ZZ": "Repair Bilateral Breast, Open Approach", "0HQV3ZZ": "Repair Bilateral Breast, Percutaneous Approach", "0HQV7ZZ": "Repair Bilateral Breast, Via Natural or Artificial Opening", "0HQV8ZZ": "Repair Bilateral Breast, Via Natural or Artificial Opening Endoscopic", "0HQW0ZZ": "Repair Right Nipple, Open Approach", "0HQW3ZZ": "Repair Right Nipple, Percutaneous Approach", "0HQW7ZZ": "Repair Right Nipple, Via Natural or Artificial Opening", "0HQW8ZZ": "Repair Right Nipple, Via Natural or Artificial Opening Endoscopic", "0HQWXZZ": "Repair Right Nipple, External Approach", "0HQX0ZZ": "Repair Left Nipple, Open Approach", "0HQX3ZZ": "Repair Left Nipple, Percutaneous Approach", "0HQX7ZZ": "Repair Left Nipple, Via Natural or Artificial Opening", "0HQX8ZZ": "Repair Left Nipple, Via Natural or Artificial Opening Endoscopic", "0HQXXZZ": "Repair Left Nipple, External Approach", "0HQY0ZZ": "Repair Supernumerary Breast, Open Approach", "0HQY3ZZ": "Repair Supernumerary Breast, Percutaneous Approach", "0HQY7ZZ": "Repair Supernumerary Breast, Via Natural or Artificial Opening", "0HQY8ZZ": "Repair Supernumerary Breast, Via Natural or Artificial Opening Endoscopic"}