{"0HX": "Skin and Breast, Transfer", "0HX0XZZ": "Transfer Scalp Skin, External Approach", "0HX1XZZ": "Transfer Face Skin, External Approach", "0HX2XZZ": "Transfer Right Ear Skin, External Approach", "0HX3XZZ": "Transfer Left Ear Skin, External Approach", "0HX4XZZ": "Transfer Neck Skin, External Approach", "0HX5XZZ": "Transfer Chest Skin, External Approach", "0HX6XZZ": "Transfer Back Skin, External Approach", "0HX7XZZ": "Transfer Abdomen Skin, External Approach", "0HX8XZZ": "Transfer Buttock Skin, External Approach", "0HX9XZZ": "Transfer Perineum Skin, External Approach", "0HXAXZZ": "Transfer Inguinal Skin, External Approach", "0HXBXZZ": "Transfer Right Upper Arm Skin, External Approach", "0HXCXZZ": "Transfer Left Upper Arm Skin, External Approach", "0HXDXZZ": "Transfer Right Lower Arm Skin, External Approach", "0HXEXZZ": "Transfer Left Lower Arm Skin, External Approach", "0HXFXZZ": "Transfer Right Hand Skin, External Approach", "0HXGXZZ": "Transfer Left Hand Skin, External Approach", "0HXHXZZ": "Transfer Right Upper Leg Skin, External Approach", "0HXJXZZ": "Transfer Left Upper Leg Skin, External Approach", "0HXKXZZ": "Transfer Right Lower Leg Skin, External Approach", "0HXLXZZ": "Transfer Left Lower Leg Skin, External Approach", "0HXMXZZ": "Transfer Right Foot Skin, External Approach", "0HXNXZZ": "Transfer Left Foot Skin, External Approach"}