{"00H": "Central Nervous System and Cranial Nerves, Insertion", "00H001Z": "Insertion of Radioactive Element into Brain, Open Approach", "00H002Z": "Insertion of Monitoring Device into Brain, Open Approach", "00H003Z": "Insertion of Infusion Device into Brain, Open Approach", "00H004Z": "Insertion of Radioactive Element, Cesium-131 Collagen Implant into Brain, Open Approach", "00H00MZ": "Insertion of Neurostimulator Lead into Brain, Open Approach", "00H00YZ": "Insertion of Other Device into Brain, Open Approach", "00H031Z": "Insertion of Radioactive Element into Brain, Percutaneous Approach", "00H032Z": "Insertion of Monitoring Device into Brain, Percutaneous Approach", "00H033Z": "Insertion of Infusion Device into Brain, Percutaneous Approach", "00H03MZ": "Insertion of Neurostimulator Lead into Brain, Percutaneous Approach", "00H03YZ": "Insertion of Other Device into Brain, Percutaneous Approach", "00H041Z": "Insertion of Radioactive Element into Brain, Percutaneous Endoscopic Approach", "00H042Z": "Insertion of Monitoring Device into Brain, Percutaneous Endoscopic Approach", "00H043Z": "Insertion of Infusion Device into Brain, Percutaneous Endoscopic Approach", "00H04MZ": "Insertion of Neurostimulator Lead into Brain, Percutaneous Endoscopic Approach", "00H04YZ": "Insertion of Other Device into Brain, Percutaneous Endoscopic Approach", "00H601Z": "Insertion of Radioactive Element into Cerebral Ventricle, Open Approach", "00H602Z": "Insertion of Monitoring Device into Cerebral Ventricle, Open Approach", "00H603Z": "Insertion of Infusion Device into Cerebral Ventricle, Open Approach", "00H60MZ": "Insertion of Neurostimulator Lead into Cerebral Ventricle, Open Approach", "00H60YZ": "Insertion of Other Device into Cerebral Ventricle, Open Approach", "00H631Z": "Insertion of Radioactive Element into Cerebral Ventricle, Percutaneous Approach", "00H632Z": "Insertion of Monitoring Device into Cerebral Ventricle, Percutaneous Approach", "00H633Z": "Insertion of Infusion Device into Cerebral Ventricle, Percutaneous Approach", "00H63MZ": "Insertion of Neurostimulator Lead into Cerebral Ventricle, Percutaneous Approach", "00H63YZ": "Insertion of Other Device into Cerebral Ventricle, Percutaneous Approach", "00H641Z": "Insertion of Radioactive Element into Cerebral Ventricle, Percutaneous Endoscopic Approach", "00H642Z": "Insertion of Monitoring Device into Cerebral Ventricle, Percutaneous Endoscopic Approach", "00H643Z": "Insertion of Infusion Device into Cerebral Ventricle, Percutaneous Endoscopic Approach", "00H64MZ": "Insertion of Neurostimulator Lead into Cerebral Ventricle, Percutaneous Endoscopic Approach", "00H64YZ": "Insertion of Other Device into Cerebral Ventricle, Percutaneous Endoscopic Approach", "00HE01Z": "Insertion of Radioactive Element into Cranial Nerve, Open Approach", "00HE02Z": "Insertion of Monitoring Device into Cranial Nerve, Open Approach", "00HE03Z": "Insertion of Infusion Device into Cranial Nerve, Open Approach", "00HE0MZ": "Insertion of Neurostimulator Lead into Cranial Nerve, Open Approach", "00HE0YZ": "Insertion of Other Device into Cranial Nerve, Open Approach", "00HE31Z": "Insertion of Radioactive Element into Cranial Nerve, Percutaneous Approach", "00HE32Z": "Insertion of Monitoring Device into Cranial Nerve, Percutaneous Approach", "00HE33Z": "Insertion of Infusion Device into Cranial Nerve, Percutaneous Approach", "00HE3MZ": "Insertion of Neurostimulator Lead into Cranial Nerve, Percutaneous Approach", "00HE3YZ": "Insertion of Other Device into Cranial Nerve, Percutaneous Approach", "00HE41Z": "Insertion of Radioactive Element into Cranial Nerve, Percutaneous Endoscopic Approach", "00HE42Z": "Insertion of Monitoring Device into Cranial Nerve, Percutaneous Endoscopic Approach", "00HE43Z": "Insertion of Infusion Device into Cranial Nerve, Percutaneous Endoscopic Approach", "00HE4MZ": "Insertion of Neurostimulator Lead into Cranial Nerve, Percutaneous Endoscopic Approach", "00HE4YZ": "Insertion of Other Device into Cranial Nerve, Percutaneous Endoscopic Approach", "00HU01Z": "Insertion of Radioactive Element into Spinal Canal, Open Approach", "00HU02Z": "Insertion of Monitoring Device into Spinal Canal, Open Approach", "00HU03Z": "Insertion of Infusion Device into Spinal Canal, Open Approach", "00HU0MZ": "Insertion of Neurostimulator Lead into Spinal Canal, Open Approach", "00HU0YZ": "Insertion of Other Device into Spinal Canal, Open Approach", "00HU31Z": "Insertion of Radioactive Element into Spinal Canal, Percutaneous Approach", "00HU32Z": "Insertion of Monitoring Device into Spinal Canal, Percutaneous Approach", "00HU33Z": "Insertion of Infusion Device into Spinal Canal, Percutaneous Approach", "00HU3MZ": "Insertion of Neurostimulator Lead into Spinal Canal, Percutaneous Approach", "00HU3YZ": "Insertion of Other Device into Spinal Canal, Percutaneous Approach", "00HU41Z": "Insertion of Radioactive Element into Spinal Canal, Percutaneous Endoscopic Approach", "00HU42Z": "Insertion of Monitoring Device into Spinal Canal, Percutaneous Endoscopic Approach", "00HU43Z": "Insertion of Infusion Device into Spinal Canal, Percutaneous Endoscopic Approach", "00HU4MZ": "Insertion of Neurostimulator Lead into Spinal Canal, Percutaneous Endoscopic Approach", "00HU4YZ": "Insertion of Other Device into Spinal Canal, Percutaneous Endoscopic Approach", "00HV01Z": "Insertion of Radioactive Element into Spinal Cord, Open Approach", "00HV02Z": "Insertion of Monitoring Device into Spinal Cord, Open Approach", "00HV03Z": "Insertion of Infusion Device into Spinal Cord, Open Approach", "00HV0MZ": "Insertion of Neurostimulator Lead into Spinal Cord, Open Approach", "00HV0YZ": "Insertion of Other Device into Spinal Cord, Open Approach", "00HV31Z": "Insertion of Radioactive Element into Spinal Cord, Percutaneous Approach", "00HV32Z": "Insertion of Monitoring Device into Spinal Cord, Percutaneous Approach", "00HV33Z": "Insertion of Infusion Device into Spinal Cord, Percutaneous Approach", "00HV3MZ": "Insertion of Neurostimulator Lead into Spinal Cord, Percutaneous Approach", "00HV3YZ": "Insertion of Other Device into Spinal Cord, Percutaneous Approach", "00HV41Z": "Insertion of Radioactive Element into Spinal Cord, Percutaneous Endoscopic Approach", "00HV42Z": "Insertion of Monitoring Device into Spinal Cord, Percutaneous Endoscopic Approach", "00HV43Z": "Insertion of Infusion Device into Spinal Cord, Percutaneous Endoscopic Approach", "00HV4MZ": "Insertion of Neurostimulator Lead into Spinal Cord, Percutaneous Endoscopic Approach", "00HV4YZ": "Insertion of Other Device into Spinal Cord, Percutaneous Endoscopic Approach"}