{"00K": "Central Nervous System and Cranial Nerves, Map", "00K00ZZ": "Map Brain, Open Approach", "00K03ZZ": "Map Brain, Percutaneous Approach", "00K04ZZ": "Map Brain, Percutaneous Endoscopic Approach", "00K70ZZ": "Map Cerebral Hemisphere, Open Approach", "00K73ZZ": "Map Cerebral Hemisphere, Percutaneous Approach", "00K74ZZ": "Map Cerebral Hemisphere, Percutaneous Endoscopic Approach", "00K80ZZ": "Map Basal Ganglia, Open Approach", "00K83ZZ": "Map Basal Ganglia, Percutaneous Approach", "00K84ZZ": "Map Basal Ganglia, Percutaneous Endoscopic Approach", "00K90ZZ": "Map Thalamus, Open Approach", "00K93ZZ": "Map Thalamus, Percutaneous Approach", "00K94ZZ": "Map Thalamus, Percutaneous Endoscopic Approach", "00KA0ZZ": "Map Hypothalamus, Open Approach", "00KA3ZZ": "Map Hypothalamus, Percutaneous Approach", "00KA4ZZ": "Map Hypothalamus, Percutaneous Endoscopic Approach", "00KB0ZZ": "Map Pons, Open Approach", "00KB3ZZ": "Map Pons, Percutaneous Approach", "00KB4ZZ": "Map Pons, Percutaneous Endoscopic Approach", "00KC0ZZ": "Map Cerebellum, Open Approach", "00KC3ZZ": "Map Cerebellum, Percutaneous Approach", "00KC4ZZ": "Map Cerebellum, Percutaneous Endoscopic Approach", "00KD0ZZ": "Map Medulla Oblongata, Open Approach", "00KD3ZZ": "Map Medulla Oblongata, Percutaneous Approach", "00KD4ZZ": "Map Medulla Oblongata, Percutaneous Endoscopic Approach"}