{"00U": "Central Nervous System and Cranial Nerves, Supplement", "00U107Z": "Supplement Cerebral Meninges with Autologous Tissue Substitute, Open Approach", "00U10JZ": "Supplement Cerebral Meninges with Synthetic Substitute, Open Approach", "00U10KZ": "Supplement Cerebral Meninges with Nonautologous Tissue Substitute, Open Approach", "00U137Z": "Supplement Cerebral Meninges with Autologous Tissue Substitute, Percutaneous Approach", "00U13JZ": "Supplement Cerebral Meninges with Synthetic Substitute, Percutaneous Approach", "00U13KZ": "Supplement Cerebral Meninges with Nonautologous Tissue Substitute, Percutaneous Approach", "00U147Z": "Supplement Cerebral Meninges with Autologous Tissue Substitute, Percutaneous Endoscopic Approach", "00U14JZ": "Supplement Cerebral Meninges with Synthetic Substitute, Percutaneous Endoscopic Approach", "00U14KZ": "Supplement Cerebral Meninges with Nonautologous Tissue Substitute, Percutaneous Endoscopic Approach", "00U207Z": "Supplement Dura Mater with Autologous Tissue Substitute, Open Approach", "00U20JZ": "Supplement Dura Mater with Synthetic Substitute, Open Approach", "00U20KZ": "Supplement Dura Mater with Nonautologous Tissue Substitute, Open Approach", "00U237Z": "Supplement Dura Mater with Autologous Tissue Substitute, Percutaneous Approach", "00U23JZ": "Supplement Dura Mater with Synthetic Substitute, Percutaneous Approach", "00U23KZ": "Supplement Dura Mater with Nonautologous Tissue Substitute, Percutaneous Approach", "00U247Z": "Supplement Dura Mater with Autologous Tissue Substitute, Percutaneous Endoscopic Approach", "00U24JZ": "Supplement Dura Mater with Synthetic Substitute, Percutaneous Endoscopic Approach", "00U24KZ": "Supplement Dura Mater with Nonautologous Tissue Substitute, Percutaneous Endoscopic Approach", "00U607Z": "Supplement Cerebral Ventricle with Autologous Tissue Substitute, Open Approach", "00U60JZ": "Supplement Cerebral Ventricle with Synthetic Substitute, Open Approach", "00U60KZ": "Supplement Cerebral Ventricle with Nonautologous Tissue Substitute, Open Approach", "00U637Z": "Supplement Cerebral Ventricle with Autologous Tissue Substitute, Percutaneous Approach", "00U63JZ": "Supplement Cerebral Ventricle with Synthetic Substitute, Percutaneous Approach", "00U63KZ": "Supplement Cerebral Ventricle with Nonautologous Tissue Substitute, Percutaneous Approach", "00U647Z": "Supplement Cerebral Ventricle with Autologous Tissue Substitute, Percutaneous Endoscopic Approach", "00U64JZ": "Supplement Cerebral Ventricle with Synthetic Substitute, Percutaneous Endoscopic Approach", "00U64KZ": "Supplement Cerebral Ventricle with Nonautologous Tissue Substitute, Percutaneous Endoscopic Approach", "00UF07Z": "Supplement Olfactory Nerve with Autologous Tissue Substitute, Open Approach", "00UF0JZ": "Supplement Olfactory Nerve with Synthetic Substitute, Open Approach", "00UF0KZ": "Supplement Olfactory Nerve with Nonautologous Tissue Substitute, Open Approach", "00UF37Z": "Supplement Olfactory Nerve with Autologous Tissue Substitute, Percutaneous Approach", "00UF3JZ": "Supplement Olfactory Nerve with Synthetic Substitute, Percutaneous Approach", "00UF3KZ": "Supplement Olfactory Nerve with Nonautologous Tissue Substitute, Percutaneous Approach", "00UF47Z": "Supplement Olfactory Nerve with Autologous Tissue Substitute, Percutaneous Endoscopic Approach", "00UF4JZ": "Supplement Olfactory Nerve with Synthetic Substitute, Percutaneous Endoscopic Approach", "00UF4KZ": "Supplement Olfactory Nerve with Nonautologous Tissue Substitute, Percutaneous Endoscopic Approach", "00UG07Z": "Supplement Optic Nerve with Autologous Tissue Substitute, Open Approach", "00UG0JZ": "Supplement Optic Nerve with Synthetic Substitute, Open Approach", "00UG0KZ": "Supplement Optic Nerve with Nonautologous Tissue Substitute, Open Approach", "00UG37Z": "Supplement Optic Nerve with Autologous Tissue Substitute, Percutaneous Approach", "00UG3JZ": "Supplement Optic Nerve with Synthetic Substitute, Percutaneous Approach", "00UG3KZ": "Supplement Optic Nerve with Nonautologous Tissue Substitute, Percutaneous Approach", "00UG47Z": "Supplement Optic Nerve with Autologous Tissue Substitute, Percutaneous Endoscopic Approach", "00UG4JZ": "Supplement Optic Nerve with Synthetic Substitute, Percutaneous Endoscopic Approach", "00UG4KZ": "Supplement Optic Nerve with Nonautologous Tissue Substitute, Percutaneous Endoscopic Approach", "00UH07Z": "Supplement Oculomotor Nerve with Autologous Tissue Substitute, Open Approach", "00UH0JZ": "Supplement Oculomotor Nerve with Synthetic Substitute, Open Approach", "00UH0KZ": "Supplement Oculomotor Nerve with Nonautologous Tissue Substitute, Open Approach", "00UH37Z": "Supplement Oculomotor Nerve with Autologous Tissue Substitute, Percutaneous Approach", "00UH3JZ": "Supplement Oculomotor Nerve with Synthetic Substitute, Percutaneous Approach", "00UH3KZ": "Supplement Oculomotor Nerve with Nonautologous Tissue Substitute, Percutaneous Approach", "00UH47Z": "Supplement Oculomotor Nerve with Autologous Tissue Substitute, Percutaneous Endoscopic Approach", "00UH4JZ": "Supplement Oculomotor Nerve with Synthetic Substitute, Percutaneous Endoscopic Approach", "00UH4KZ": "Supplement Oculomotor Nerve with Nonautologous Tissue Substitute, Percutaneous Endoscopic Approach", "00UJ07Z": "Supplement Trochlear Nerve with Autologous Tissue Substitute, Open Approach", "00UJ0JZ": "Supplement Trochlear Nerve with Synthetic Substitute, Open Approach", "00UJ0KZ": "Supplement Trochlear Nerve with Nonautologous Tissue Substitute, Open Approach", "00UJ37Z": "Supplement Trochlear Nerve with Autologous Tissue Substitute, Percutaneous Approach", "00UJ3JZ": "Supplement Trochlear Nerve with Synthetic Substitute, Percutaneous Approach", "00UJ3KZ": "Supplement Trochlear Nerve with Nonautologous Tissue Substitute, Percutaneous Approach", "00UJ47Z": "Supplement Trochlear Nerve with Autologous Tissue Substitute, Percutaneous Endoscopic Approach", "00UJ4JZ": "Supplement Trochlear Nerve with Synthetic Substitute, Percutaneous Endoscopic Approach", "00UJ4KZ": "Supplement Trochlear Nerve with Nonautologous Tissue Substitute, Percutaneous Endoscopic Approach", "00UK07Z": "Supplement Trigeminal Nerve with Autologous Tissue Substitute, Open Approach", "00UK0JZ": "Supplement Trigeminal Nerve with Synthetic Substitute, Open Approach", "00UK0KZ": "Supplement Trigeminal Nerve with Nonautologous Tissue Substitute, Open Approach", "00UK37Z": "Supplement Trigeminal Nerve with Autologous Tissue Substitute, Percutaneous Approach", "00UK3JZ": "Supplement Trigeminal Nerve with Synthetic Substitute, Percutaneous Approach", "00UK3KZ": "Supplement Trigeminal Nerve with Nonautologous Tissue Substitute, Percutaneous Approach", "00UK47Z": "Supplement Trigeminal Nerve with Autologous Tissue Substitute, Percutaneous Endoscopic Approach", "00UK4JZ": "Supplement Trigeminal Nerve with Synthetic Substitute, Percutaneous Endoscopic Approach", "00UK4KZ": "Supplement Trigeminal Nerve with Nonautologous Tissue Substitute, Percutaneous Endoscopic Approach", "00UL07Z": "Supplement Abducens Nerve with Autologous Tissue Substitute, Open Approach", "00UL0JZ": "Supplement Abducens Nerve with Synthetic Substitute, Open Approach", "00UL0KZ": "Supplement Abducens Nerve with Nonautologous Tissue Substitute, Open Approach", "00UL37Z": "Supplement Abducens Nerve with Autologous Tissue Substitute, Percutaneous Approach", "00UL3JZ": "Supplement Abducens Nerve with Synthetic Substitute, Percutaneous Approach", "00UL3KZ": "Supplement Abducens Nerve with Nonautologous Tissue Substitute, Percutaneous Approach", "00UL47Z": "Supplement Abducens Nerve with Autologous Tissue Substitute, Percutaneous Endoscopic Approach", "00UL4JZ": "Supplement Abducens Nerve with Synthetic Substitute, Percutaneous Endoscopic Approach", "00UL4KZ": "Supplement Abducens Nerve with Nonautologous Tissue Substitute, Percutaneous Endoscopic Approach", "00UM07Z": "Supplement Facial Nerve with Autologous Tissue Substitute, Open Approach", "00UM0JZ": "Supplement Facial Nerve with Synthetic Substitute, Open Approach", "00UM0KZ": "Supplement Facial Nerve with Nonautologous Tissue Substitute, Open Approach", "00UM37Z": "Supplement Facial Nerve with Autologous Tissue Substitute, Percutaneous Approach", "00UM3JZ": "Supplement Facial Nerve with Synthetic Substitute, Percutaneous Approach", "00UM3KZ": "Supplement Facial Nerve with Nonautologous Tissue Substitute, Percutaneous Approach", "00UM47Z": "Supplement Facial Nerve with Autologous Tissue Substitute, Percutaneous Endoscopic Approach", "00UM4JZ": "Supplement Facial Nerve with Synthetic Substitute, Percutaneous Endoscopic Approach", "00UM4KZ": "Supplement Facial Nerve with Nonautologous Tissue Substitute, Percutaneous Endoscopic Approach", "00UN07Z": "Supplement Acoustic Nerve with Autologous Tissue Substitute, Open Approach", "00UN0JZ": "Supplement Acoustic Nerve with Synthetic Substitute, Open Approach", "00UN0KZ": "Supplement Acoustic Nerve with Nonautologous Tissue Substitute, Open Approach", "00UN37Z": "Supplement Acoustic Nerve with Autologous Tissue Substitute, Percutaneous Approach", "00UN3JZ": "Supplement Acoustic Nerve with Synthetic Substitute, Percutaneous Approach", "00UN3KZ": "Supplement Acoustic Nerve with Nonautologous Tissue Substitute, Percutaneous Approach", "00UN47Z": "Supplement Acoustic Nerve with Autologous Tissue Substitute, Percutaneous Endoscopic Approach", "00UN4JZ": "Supplement Acoustic Nerve with Synthetic Substitute, Percutaneous Endoscopic Approach", "00UN4KZ": "Supplement Acoustic Nerve with Nonautologous Tissue Substitute, Percutaneous Endoscopic Approach", "00UP07Z": "Supplement Glossopharyngeal Nerve with Autologous Tissue Substitute, Open Approach", "00UP0JZ": "Supplement Glossopharyngeal Nerve with Synthetic Substitute, Open Approach", "00UP0KZ": "Supplement Glossopharyngeal Nerve with Nonautologous Tissue Substitute, Open Approach", "00UP37Z": "Supplement Glossopharyngeal Nerve with Autologous Tissue Substitute, Percutaneous Approach", "00UP3JZ": "Supplement Glossopharyngeal Nerve with Synthetic Substitute, Percutaneous Approach", "00UP3KZ": "Supplement Glossopharyngeal Nerve with Nonautologous Tissue Substitute, Percutaneous Approach", "00UP47Z": "Supplement Glossopharyngeal Nerve with Autologous Tissue Substitute, Percutaneous Endoscopic Approach", "00UP4JZ": "Supplement Glossopharyngeal Nerve with Synthetic Substitute, Percutaneous Endoscopic Approach", "00UP4KZ": "Supplement Glossopharyngeal Nerve with Nonautologous Tissue Substitute, Percutaneous Endoscopic Approach", "00UQ07Z": "Supplement Vagus Nerve with Autologous Tissue Substitute, Open Approach", "00UQ0JZ": "Supplement Vagus Nerve with Synthetic Substitute, Open Approach", "00UQ0KZ": "Supplement Vagus Nerve with Nonautologous Tissue Substitute, Open Approach", "00UQ37Z": "Supplement Vagus Nerve with Autologous Tissue Substitute, Percutaneous Approach", "00UQ3JZ": "Supplement Vagus Nerve with Synthetic Substitute, Percutaneous Approach", "00UQ3KZ": "Supplement Vagus Nerve with Nonautologous Tissue Substitute, Percutaneous Approach", "00UQ47Z": "Supplement Vagus Nerve with Autologous Tissue Substitute, Percutaneous Endoscopic Approach", "00UQ4JZ": "Supplement Vagus Nerve with Synthetic Substitute, Percutaneous Endoscopic Approach", "00UQ4KZ": "Supplement Vagus Nerve with Nonautologous Tissue Substitute, Percutaneous Endoscopic Approach", "00UR07Z": "Supplement Accessory Nerve with Autologous Tissue Substitute, Open Approach", "00UR0JZ": "Supplement Accessory Nerve with Synthetic Substitute, Open Approach", "00UR0KZ": "Supplement Accessory Nerve with Nonautologous Tissue Substitute, Open Approach", "00UR37Z": "Supplement Accessory Nerve with Autologous Tissue Substitute, Percutaneous Approach", "00UR3JZ": "Supplement Accessory Nerve with Synthetic Substitute, Percutaneous Approach", "00UR3KZ": "Supplement Accessory Nerve with Nonautologous Tissue Substitute, Percutaneous Approach", "00UR47Z": "Supplement Accessory Nerve with Autologous Tissue Substitute, Percutaneous Endoscopic Approach", "00UR4JZ": "Supplement Accessory Nerve with Synthetic Substitute, Percutaneous Endoscopic Approach", "00UR4KZ": "Supplement Accessory Nerve with Nonautologous Tissue Substitute, Percutaneous Endoscopic Approach", "00US07Z": "Supplement Hypoglossal Nerve with Autologous Tissue Substitute, Open Approach", "00US0JZ": "Supplement Hypoglossal Nerve with Synthetic Substitute, Open Approach", "00US0KZ": "Supplement Hypoglossal Nerve with Nonautologous Tissue Substitute, Open Approach", "00US37Z": "Supplement Hypoglossal Nerve with Autologous Tissue Substitute, Percutaneous Approach", "00US3JZ": "Supplement Hypoglossal Nerve with Synthetic Substitute, Percutaneous Approach", "00US3KZ": "Supplement Hypoglossal Nerve with Nonautologous Tissue Substitute, Percutaneous Approach", "00US47Z": "Supplement Hypoglossal Nerve with Autologous Tissue Substitute, Percutaneous Endoscopic Approach", "00US4JZ": "Supplement Hypoglossal Nerve with Synthetic Substitute, Percutaneous Endoscopic Approach", "00US4KZ": "Supplement Hypoglossal Nerve with Nonautologous Tissue Substitute, Percutaneous Endoscopic Approach", "00UT07Z": "Supplement Spinal Meninges with Autologous Tissue Substitute, Open Approach", "00UT0JZ": "Supplement Spinal Meninges with Synthetic Substitute, Open Approach", "00UT0KZ": "Supplement Spinal Meninges with Nonautologous Tissue Substitute, Open Approach", "00UT37Z": "Supplement Spinal Meninges with Autologous Tissue Substitute, Percutaneous Approach", "00UT3JZ": "Supplement Spinal Meninges with Synthetic Substitute, Percutaneous Approach", "00UT3KZ": "Supplement Spinal Meninges with Nonautologous Tissue Substitute, Percutaneous Approach", "00UT47Z": "Supplement Spinal Meninges with Autologous Tissue Substitute, Percutaneous Endoscopic Approach", "00UT4JZ": "Supplement Spinal Meninges with Synthetic Substitute, Percutaneous Endoscopic Approach", "00UT4KZ": "Supplement Spinal Meninges with Nonautologous Tissue Substitute, Percutaneous Endoscopic Approach"}