{"0P9": "Upper Bones, Drainage", "0P9000Z": "Drainage of Sternum with Drainage Device, Open Approach", "0P900ZX": "Drainage of Sternum, Open Approach, Diagnostic", "0P900ZZ": "Drainage of Sternum, Open Approach", "0P9030Z": "Drainage of Sternum with Drainage Device, Percutaneous Approach", "0P903ZX": "Drainage of Sternum, Percutaneous Approach, Diagnostic", "0P903ZZ": "Drainage of Sternum, Percutaneous Approach", "0P9040Z": "Drainage of Sternum with Drainage Device, Percutaneous Endoscopic Approach", "0P904ZX": "Drainage of Sternum, Percutaneous Endoscopic Approach, Diagnostic", "0P904ZZ": "Drainage of Sternum, Percutaneous Endoscopic Approach", "0P9100Z": "Drainage of 1 to 2 Ribs with Drainage Device, Open Approach", "0P910ZX": "Drainage of 1 to 2 Ribs, Open Approach, Diagnostic", "0P910ZZ": "Drainage of 1 to 2 Ribs, Open Approach", "0P9130Z": "Drainage of 1 to 2 Ribs with Drainage Device, Percutaneous Approach", "0P913ZX": "Drainage of 1 to 2 Ribs, Percutaneous Approach, Diagnostic", "0P913ZZ": "Drainage of 1 to 2 Ribs, Percutaneous Approach", "0P9140Z": "Drainage of 1 to 2 Ribs with Drainage Device, Percutaneous Endoscopic Approach", "0P914ZX": "Drainage of 1 to 2 Ribs, Percutaneous Endoscopic Approach, Diagnostic", "0P914ZZ": "Drainage of 1 to 2 Ribs, Percutaneous Endoscopic Approach", "0P9200Z": "Drainage of 3 or More Ribs with Drainage Device, Open Approach", "0P920ZX": "Drainage of 3 or More Ribs, Open Approach, Diagnostic", "0P920ZZ": "Drainage of 3 or More Ribs, Open Approach", "0P9230Z": "Drainage of 3 or More Ribs with Drainage Device, Percutaneous Approach", "0P923ZX": "Drainage of 3 or More Ribs, Percutaneous Approach, Diagnostic", "0P923ZZ": "Drainage of 3 or More Ribs, Percutaneous Approach", "0P9240Z": "Drainage of 3 or More Ribs with Drainage Device, Percutaneous Endoscopic Approach", "0P924ZX": "Drainage of 3 or More Ribs, Percutaneous Endoscopic Approach, Diagnostic", "0P924ZZ": "Drainage of 3 or More Ribs, Percutaneous Endoscopic Approach", "0P9300Z": "Drainage of Cervical Vertebra with Drainage Device, Open Approach", "0P930ZX": "Drainage of Cervical Vertebra, Open Approach, Diagnostic", "0P930ZZ": "Drainage of Cervical Vertebra, Open Approach", "0P9330Z": "Drainage of Cervical Vertebra with Drainage Device, Percutaneous Approach", "0P933ZX": "Drainage of Cervical Vertebra, Percutaneous Approach, Diagnostic", "0P933ZZ": "Drainage of Cervical Vertebra, Percutaneous Approach", "0P9340Z": "Drainage of Cervical Vertebra with Drainage Device, Percutaneous Endoscopic Approach", "0P934ZX": "Drainage of Cervical Vertebra, Percutaneous Endoscopic Approach, Diagnostic", "0P934ZZ": "Drainage of Cervical Vertebra, Percutaneous Endoscopic Approach", "0P9400Z": "Drainage of Thoracic Vertebra with Drainage Device, Open Approach", "0P940ZX": "Drainage of Thoracic Vertebra, Open Approach, Diagnostic", "0P940ZZ": "Drainage of Thoracic Vertebra, Open Approach", "0P9430Z": "Drainage of Thoracic Vertebra with Drainage Device, Percutaneous Approach", "0P943ZX": "Drainage of Thoracic Vertebra, Percutaneous Approach, Diagnostic", "0P943ZZ": "Drainage of Thoracic Vertebra, Percutaneous Approach", "0P9440Z": "Drainage of Thoracic Vertebra with Drainage Device, Percutaneous Endoscopic Approach", "0P944ZX": "Drainage of Thoracic Vertebra, Percutaneous Endoscopic Approach, Diagnostic", "0P944ZZ": "Drainage of Thoracic Vertebra, Percutaneous Endoscopic Approach", "0P9500Z": "Drainage of Right Scapula with Drainage Device, Open Approach", "0P950ZX": "Drainage of Right Scapula, Open Approach, Diagnostic", "0P950ZZ": "Drainage of Right Scapula, Open Approach", "0P9530Z": "Drainage of Right Scapula with Drainage Device, Percutaneous Approach", "0P953ZX": "Drainage of Right Scapula, Percutaneous Approach, Diagnostic", "0P953ZZ": "Drainage of Right Scapula, Percutaneous Approach", "0P9540Z": "Drainage of Right Scapula with Drainage Device, Percutaneous Endoscopic Approach", "0P954ZX": "Drainage of Right Scapula, Percutaneous Endoscopic Approach, Diagnostic", "0P954ZZ": "Drainage of Right Scapula, Percutaneous Endoscopic Approach", "0P9600Z": "Drainage of Left Scapula with Drainage Device, Open Approach", "0P960ZX": "Drainage of Left Scapula, Open Approach, Diagnostic", "0P960ZZ": "Drainage of Left Scapula, Open Approach", "0P9630Z": "Drainage of Left Scapula with Drainage Device, Percutaneous Approach", "0P963ZX": "Drainage of Left Scapula, Percutaneous Approach, Diagnostic", "0P963ZZ": "Drainage of Left Scapula, Percutaneous Approach", "0P9640Z": "Drainage of Left Scapula with Drainage Device, Percutaneous Endoscopic Approach", "0P964ZX": "Drainage of Left Scapula, Percutaneous Endoscopic Approach, Diagnostic", "0P964ZZ": "Drainage of Left Scapula, Percutaneous Endoscopic Approach", "0P9700Z": "Drainage of Right Glenoid Cavity with Drainage Device, Open Approach", "0P970ZX": "Drainage of Right Glenoid Cavity, Open Approach, Diagnostic", "0P970ZZ": "Drainage of Right Glenoid Cavity, Open Approach", "0P9730Z": "Drainage of Right Glenoid Cavity with Drainage Device, Percutaneous Approach", "0P973ZX": "Drainage of Right Glenoid Cavity, Percutaneous Approach, Diagnostic", "0P973ZZ": "Drainage of Right Glenoid Cavity, Percutaneous Approach", "0P9740Z": "Drainage of Right Glenoid Cavity with Drainage Device, Percutaneous Endoscopic Approach", "0P974ZX": "Drainage of Right Glenoid Cavity, Percutaneous Endoscopic Approach, Diagnostic", "0P974ZZ": "Drainage of Right Glenoid Cavity, Percutaneous Endoscopic Approach", "0P9800Z": "Drainage of Left Glenoid Cavity with Drainage Device, Open Approach", "0P980ZX": "Drainage of Left Glenoid Cavity, Open Approach, Diagnostic", "0P980ZZ": "Drainage of Left Glenoid Cavity, Open Approach", "0P9830Z": "Drainage of Left Glenoid Cavity with Drainage Device, Percutaneous Approach", "0P983ZX": "Drainage of Left Glenoid Cavity, Percutaneous Approach, Diagnostic", "0P983ZZ": "Drainage of Left Glenoid Cavity, Percutaneous Approach", "0P9840Z": "Drainage of Left Glenoid Cavity with Drainage Device, Percutaneous Endoscopic Approach", "0P984ZX": "Drainage of Left Glenoid Cavity, Percutaneous Endoscopic Approach, Diagnostic", "0P984ZZ": "Drainage of Left Glenoid Cavity, Percutaneous Endoscopic Approach", "0P9900Z": "Drainage of Right Clavicle with Drainage Device, Open Approach", "0P990ZX": "Drainage of Right Clavicle, Open Approach, Diagnostic", "0P990ZZ": "Drainage of Right Clavicle, Open Approach", "0P9930Z": "Drainage of Right Clavicle with Drainage Device, Percutaneous Approach", "0P993ZX": "Drainage of Right Clavicle, Percutaneous Approach, Diagnostic", "0P993ZZ": "Drainage of Right Clavicle, Percutaneous Approach", "0P9940Z": "Drainage of Right Clavicle with Drainage Device, Percutaneous Endoscopic Approach", "0P994ZX": "Drainage of Right Clavicle, Percutaneous Endoscopic Approach, Diagnostic", "0P994ZZ": "Drainage of Right Clavicle, Percutaneous Endoscopic Approach", "0P9B00Z": "Drainage of Left Clavicle with Drainage Device, Open Approach", "0P9B0ZX": "Drainage of Left Clavicle, Open Approach, Diagnostic", "0P9B0ZZ": "Drainage of Left Clavicle, Open Approach", "0P9B30Z": "Drainage of Left Clavicle with Drainage Device, Percutaneous Approach", "0P9B3ZX": "Drainage of Left Clavicle, Percutaneous Approach, Diagnostic", "0P9B3ZZ": "Drainage of Left Clavicle, Percutaneous Approach", "0P9B40Z": "Drainage of Left Clavicle with Drainage Device, Percutaneous Endoscopic Approach", "0P9B4ZX": "Drainage of Left Clavicle, Percutaneous Endoscopic Approach, Diagnostic", "0P9B4ZZ": "Drainage of Left Clavicle, Percutaneous Endoscopic Approach", "0P9C00Z": "Drainage of Right Humeral Head with Drainage Device, Open Approach", "0P9C0ZX": "Drainage of Right Humeral Head, Open Approach, Diagnostic", "0P9C0ZZ": "Drainage of Right Humeral Head, Open Approach", "0P9C30Z": "Drainage of Right Humeral Head with Drainage Device, Percutaneous Approach", "0P9C3ZX": "Drainage of Right Humeral Head, Percutaneous Approach, Diagnostic", "0P9C3ZZ": "Drainage of Right Humeral Head, Percutaneous Approach", "0P9C40Z": "Drainage of Right Humeral Head with Drainage Device, Percutaneous Endoscopic Approach", "0P9C4ZX": "Drainage of Right Humeral Head, Percutaneous Endoscopic Approach, Diagnostic", "0P9C4ZZ": "Drainage of Right Humeral Head, Percutaneous Endoscopic Approach", "0P9D00Z": "Drainage of Left Humeral Head with Drainage Device, Open Approach", "0P9D0ZX": "Drainage of Left Humeral Head, Open Approach, Diagnostic", "0P9D0ZZ": "Drainage of Left Humeral Head, Open Approach", "0P9D30Z": "Drainage of Left Humeral Head with Drainage Device, Percutaneous Approach", "0P9D3ZX": "Drainage of Left Humeral Head, Percutaneous Approach, Diagnostic", "0P9D3ZZ": "Drainage of Left Humeral Head, Percutaneous Approach", "0P9D40Z": "Drainage of Left Humeral Head with Drainage Device, Percutaneous Endoscopic Approach", "0P9D4ZX": "Drainage of Left Humeral Head, Percutaneous Endoscopic Approach, Diagnostic", "0P9D4ZZ": "Drainage of Left Humeral Head, Percutaneous Endoscopic Approach", "0P9F00Z": "Drainage of Right Humeral Shaft with Drainage Device, Open Approach", "0P9F0ZX": "Drainage of Right Humeral Shaft, Open Approach, Diagnostic", "0P9F0ZZ": "Drainage of Right Humeral Shaft, Open Approach", "0P9F30Z": "Drainage of Right Humeral Shaft with Drainage Device, Percutaneous Approach", "0P9F3ZX": "Drainage of Right Humeral Shaft, Percutaneous Approach, Diagnostic", "0P9F3ZZ": "Drainage of Right Humeral Shaft, Percutaneous Approach", "0P9F40Z": "Drainage of Right Humeral Shaft with Drainage Device, Percutaneous Endoscopic Approach", "0P9F4ZX": "Drainage of Right Humeral Shaft, Percutaneous Endoscopic Approach, Diagnostic", "0P9F4ZZ": "Drainage of Right Humeral Shaft, Percutaneous Endoscopic Approach", "0P9G00Z": "Drainage of Left Humeral Shaft with Drainage Device, Open Approach", "0P9G0ZX": "Drainage of Left Humeral Shaft, Open Approach, Diagnostic", "0P9G0ZZ": "Drainage of Left Humeral Shaft, Open Approach", "0P9G30Z": "Drainage of Left Humeral Shaft with Drainage Device, Percutaneous Approach", "0P9G3ZX": "Drainage of Left Humeral Shaft, Percutaneous Approach, Diagnostic", "0P9G3ZZ": "Drainage of Left Humeral Shaft, Percutaneous Approach", "0P9G40Z": "Drainage of Left Humeral Shaft with Drainage Device, Percutaneous Endoscopic Approach", "0P9G4ZX": "Drainage of Left Humeral Shaft, Percutaneous Endoscopic Approach, Diagnostic", "0P9G4ZZ": "Drainage of Left Humeral Shaft, Percutaneous Endoscopic Approach", "0P9H00Z": "Drainage of Right Radius with Drainage Device, Open Approach", "0P9H0ZX": "Drainage of Right Radius, Open Approach, Diagnostic", "0P9H0ZZ": "Drainage of Right Radius, Open Approach", "0P9H30Z": "Drainage of Right Radius with Drainage Device, Percutaneous Approach", "0P9H3ZX": "Drainage of Right Radius, Percutaneous Approach, Diagnostic", "0P9H3ZZ": "Drainage of Right Radius, Percutaneous Approach", "0P9H40Z": "Drainage of Right Radius with Drainage Device, Percutaneous Endoscopic Approach", "0P9H4ZX": "Drainage of Right Radius, Percutaneous Endoscopic Approach, Diagnostic", "0P9H4ZZ": "Drainage of Right Radius, Percutaneous Endoscopic Approach", "0P9J00Z": "Drainage of Left Radius with Drainage Device, Open Approach", "0P9J0ZX": "Drainage of Left Radius, Open Approach, Diagnostic", "0P9J0ZZ": "Drainage of Left Radius, Open Approach", "0P9J30Z": "Drainage of Left Radius with Drainage Device, Percutaneous Approach", "0P9J3ZX": "Drainage of Left Radius, Percutaneous Approach, Diagnostic", "0P9J3ZZ": "Drainage of Left Radius, Percutaneous Approach", "0P9J40Z": "Drainage of Left Radius with Drainage Device, Percutaneous Endoscopic Approach", "0P9J4ZX": "Drainage of Left Radius, Percutaneous Endoscopic Approach, Diagnostic", "0P9J4ZZ": "Drainage of Left Radius, Percutaneous Endoscopic Approach", "0P9K00Z": "Drainage of Right Ulna with Drainage Device, Open Approach", "0P9K0ZX": "Drainage of Right Ulna, Open Approach, Diagnostic", "0P9K0ZZ": "Drainage of Right Ulna, Open Approach", "0P9K30Z": "Drainage of Right Ulna with Drainage Device, Percutaneous Approach", "0P9K3ZX": "Drainage of Right Ulna, Percutaneous Approach, Diagnostic", "0P9K3ZZ": "Drainage of Right Ulna, Percutaneous Approach", "0P9K40Z": "Drainage of Right Ulna with Drainage Device, Percutaneous Endoscopic Approach", "0P9K4ZX": "Drainage of Right Ulna, Percutaneous Endoscopic Approach, Diagnostic", "0P9K4ZZ": "Drainage of Right Ulna, Percutaneous Endoscopic Approach", "0P9L00Z": "Drainage of Left Ulna with Drainage Device, Open Approach", "0P9L0ZX": "Drainage of Left Ulna, Open Approach, Diagnostic", "0P9L0ZZ": "Drainage of Left Ulna, Open Approach", "0P9L30Z": "Drainage of Left Ulna with Drainage Device, Percutaneous Approach", "0P9L3ZX": "Drainage of Left Ulna, Percutaneous Approach, Diagnostic", "0P9L3ZZ": "Drainage of Left Ulna, Percutaneous Approach", "0P9L40Z": "Drainage of Left Ulna with Drainage Device, Percutaneous Endoscopic Approach", "0P9L4ZX": "Drainage of Left Ulna, Percutaneous Endoscopic Approach, Diagnostic", "0P9L4ZZ": "Drainage of Left Ulna, Percutaneous Endoscopic Approach", "0P9M00Z": "Drainage of Right Carpal with Drainage Device, Open Approach", "0P9M0ZX": "Drainage of Right Carpal, Open Approach, Diagnostic", "0P9M0ZZ": "Drainage of Right Carpal, Open Approach", "0P9M30Z": "Drainage of Right Carpal with Drainage Device, Percutaneous Approach", "0P9M3ZX": "Drainage of Right Carpal, Percutaneous Approach, Diagnostic", "0P9M3ZZ": "Drainage of Right Carpal, Percutaneous Approach", "0P9M40Z": "Drainage of Right Carpal with Drainage Device, Percutaneous Endoscopic Approach", "0P9M4ZX": "Drainage of Right Carpal, Percutaneous Endoscopic Approach, Diagnostic", "0P9M4ZZ": "Drainage of Right Carpal, Percutaneous Endoscopic Approach", "0P9N00Z": "Drainage of Left Carpal with Drainage Device, Open Approach", "0P9N0ZX": "Drainage of Left Carpal, Open Approach, Diagnostic", "0P9N0ZZ": "Drainage of Left Carpal, Open Approach", "0P9N30Z": "Drainage of Left Carpal with Drainage Device, Percutaneous Approach", "0P9N3ZX": "Drainage of Left Carpal, Percutaneous Approach, Diagnostic", "0P9N3ZZ": "Drainage of Left Carpal, Percutaneous Approach", "0P9N40Z": "Drainage of Left Carpal with Drainage Device, Percutaneous Endoscopic Approach", "0P9N4ZX": "Drainage of Left Carpal, Percutaneous Endoscopic Approach, Diagnostic", "0P9N4ZZ": "Drainage of Left Carpal, Percutaneous Endoscopic Approach", "0P9P00Z": "Drainage of Right Metacarpal with Drainage Device, Open Approach", "0P9P0ZX": "Drainage of Right Metacarpal, Open Approach, Diagnostic", "0P9P0ZZ": "Drainage of Right Metacarpal, Open Approach", "0P9P30Z": "Drainage of Right Metacarpal with Drainage Device, Percutaneous Approach", "0P9P3ZX": "Drainage of Right Metacarpal, Percutaneous Approach, Diagnostic", "0P9P3ZZ": "Drainage of Right Metacarpal, Percutaneous Approach", "0P9P40Z": "Drainage of Right Metacarpal with Drainage Device, Percutaneous Endoscopic Approach", "0P9P4ZX": "Drainage of Right Metacarpal, Percutaneous Endoscopic Approach, Diagnostic", "0P9P4ZZ": "Drainage of Right Metacarpal, Percutaneous Endoscopic Approach", "0P9Q00Z": "Drainage of Left Metacarpal with Drainage Device, Open Approach", "0P9Q0ZX": "Drainage of Left Metacarpal, Open Approach, Diagnostic", "0P9Q0ZZ": "Drainage of Left Metacarpal, Open Approach", "0P9Q30Z": "Drainage of Left Metacarpal with Drainage Device, Percutaneous Approach", "0P9Q3ZX": "Drainage of Left Metacarpal, Percutaneous Approach, Diagnostic", "0P9Q3ZZ": "Drainage of Left Metacarpal, Percutaneous Approach", "0P9Q40Z": "Drainage of Left Metacarpal with Drainage Device, Percutaneous Endoscopic Approach", "0P9Q4ZX": "Drainage of Left Metacarpal, Percutaneous Endoscopic Approach, Diagnostic", "0P9Q4ZZ": "Drainage of Left Metacarpal, Percutaneous Endoscopic Approach", "0P9R00Z": "Drainage of Right Thumb Phalanx with Drainage Device, Open Approach", "0P9R0ZX": "Drainage of Right Thumb Phalanx, Open Approach, Diagnostic", "0P9R0ZZ": "Drainage of Right Thumb Phalanx, Open Approach", "0P9R30Z": "Drainage of Right Thumb Phalanx with Drainage Device, Percutaneous Approach", "0P9R3ZX": "Drainage of Right Thumb Phalanx, Percutaneous Approach, Diagnostic", "0P9R3ZZ": "Drainage of Right Thumb Phalanx, Percutaneous Approach", "0P9R40Z": "Drainage of Right Thumb Phalanx with Drainage Device, Percutaneous Endoscopic Approach", "0P9R4ZX": "Drainage of Right Thumb Phalanx, Percutaneous Endoscopic Approach, Diagnostic", "0P9R4ZZ": "Drainage of Right Thumb Phalanx, Percutaneous Endoscopic Approach", "0P9S00Z": "Drainage of Left Thumb Phalanx with Drainage Device, Open Approach", "0P9S0ZX": "Drainage of Left Thumb Phalanx, Open Approach, Diagnostic", "0P9S0ZZ": "Drainage of Left Thumb Phalanx, Open Approach", "0P9S30Z": "Drainage of Left Thumb Phalanx with Drainage Device, Percutaneous Approach", "0P9S3ZX": "Drainage of Left Thumb Phalanx, Percutaneous Approach, Diagnostic", "0P9S3ZZ": "Drainage of Left Thumb Phalanx, Percutaneous Approach", "0P9S40Z": "Drainage of Left Thumb Phalanx with Drainage Device, Percutaneous Endoscopic Approach", "0P9S4ZX": "Drainage of Left Thumb Phalanx, Percutaneous Endoscopic Approach, Diagnostic", "0P9S4ZZ": "Drainage of Left Thumb Phalanx, Percutaneous Endoscopic Approach", "0P9T00Z": "Drainage of Right Finger Phalanx with Drainage Device, Open Approach", "0P9T0ZX": "Drainage of Right Finger Phalanx, Open Approach, Diagnostic", "0P9T0ZZ": "Drainage of Right Finger Phalanx, Open Approach", "0P9T30Z": "Drainage of Right Finger Phalanx with Drainage Device, Percutaneous Approach", "0P9T3ZX": "Drainage of Right Finger Phalanx, Percutaneous Approach, Diagnostic", "0P9T3ZZ": "Drainage of Right Finger Phalanx, Percutaneous Approach", "0P9T40Z": "Drainage of Right Finger Phalanx with Drainage Device, Percutaneous Endoscopic Approach", "0P9T4ZX": "Drainage of Right Finger Phalanx, Percutaneous Endoscopic Approach, Diagnostic", "0P9T4ZZ": "Drainage of Right Finger Phalanx, Percutaneous Endoscopic Approach", "0P9V00Z": "Drainage of Left Finger Phalanx with Drainage Device, Open Approach", "0P9V0ZX": "Drainage of Left Finger Phalanx, Open Approach, Diagnostic", "0P9V0ZZ": "Drainage of Left Finger Phalanx, Open Approach", "0P9V30Z": "Drainage of Left Finger Phalanx with Drainage Device, Percutaneous Approach", "0P9V3ZX": "Drainage of Left Finger Phalanx, Percutaneous Approach, Diagnostic", "0P9V3ZZ": "Drainage of Left Finger Phalanx, Percutaneous Approach", "0P9V40Z": "Drainage of Left Finger Phalanx with Drainage Device, Percutaneous Endoscopic Approach", "0P9V4ZX": "Drainage of Left Finger Phalanx, Percutaneous Endoscopic Approach, Diagnostic", "0P9V4ZZ": "Drainage of Left Finger Phalanx, Percutaneous Endoscopic Approach"}