{"0PB": "Upper Bones, Excision", "0PB00ZX": "Excision of Sternum, Open Approach, Diagnostic", "0PB00ZZ": "Excision of Sternum, Open Approach", "0PB03ZX": "Excision of Sternum, Percutaneous Approach, Diagnostic", "0PB03ZZ": "Excision of Sternum, Percutaneous Approach", "0PB04ZX": "Excision of Sternum, Percutaneous Endoscopic Approach, Diagnostic", "0PB04ZZ": "Excision of Sternum, Percutaneous Endoscopic Approach", "0PB10ZX": "Excision of 1 to 2 Ribs, Open Approach, Diagnostic", "0PB10ZZ": "Excision of 1 to 2 Ribs, Open Approach", "0PB13ZX": "Excision of 1 to 2 Ribs, Percutaneous Approach, Diagnostic", "0PB13ZZ": "Excision of 1 to 2 Ribs, Percutaneous Approach", "0PB14ZX": "Excision of 1 to 2 Ribs, Percutaneous Endoscopic Approach, Diagnostic", "0PB14ZZ": "Excision of 1 to 2 Ribs, Percutaneous Endoscopic Approach", "0PB20ZX": "Excision of 3 or More Ribs, Open Approach, Diagnostic", "0PB20ZZ": "Excision of 3 or More Ribs, Open Approach", "0PB23ZX": "Excision of 3 or More Ribs, Percutaneous Approach, Diagnostic", "0PB23ZZ": "Excision of 3 or More Ribs, Percutaneous Approach", "0PB24ZX": "Excision of 3 or More Ribs, Percutaneous Endoscopic Approach, Diagnostic", "0PB24ZZ": "Excision of 3 or More Ribs, Percutaneous Endoscopic Approach", "0PB30ZX": "Excision of Cervical Vertebra, Open Approach, Diagnostic", "0PB30ZZ": "Excision of Cervical Vertebra, Open Approach", "0PB33ZX": "Excision of Cervical Vertebra, Percutaneous Approach, Diagnostic", "0PB33ZZ": "Excision of Cervical Vertebra, Percutaneous Approach", "0PB34ZX": "Excision of Cervical Vertebra, Percutaneous Endoscopic Approach, Diagnostic", "0PB34ZZ": "Excision of Cervical Vertebra, Percutaneous Endoscopic Approach", "0PB40ZX": "Excision of Thoracic Vertebra, Open Approach, Diagnostic", "0PB40ZZ": "Excision of Thoracic Vertebra, Open Approach", "0PB43ZX": "Excision of Thoracic Vertebra, Percutaneous Approach, Diagnostic", "0PB43ZZ": "Excision of Thoracic Vertebra, Percutaneous Approach", "0PB44ZX": "Excision of Thoracic Vertebra, Percutaneous Endoscopic Approach, Diagnostic", "0PB44ZZ": "Excision of Thoracic Vertebra, Percutaneous Endoscopic Approach", "0PB50ZX": "Excision of Right Scapula, Open Approach, Diagnostic", "0PB50ZZ": "Excision of Right Scapula, Open Approach", "0PB53ZX": "Excision of Right Scapula, Percutaneous Approach, Diagnostic", "0PB53ZZ": "Excision of Right Scapula, Percutaneous Approach", "0PB54ZX": "Excision of Right Scapula, Percutaneous Endoscopic Approach, Diagnostic", "0PB54ZZ": "Excision of Right Scapula, Percutaneous Endoscopic Approach", "0PB60ZX": "Excision of Left Scapula, Open Approach, Diagnostic", "0PB60ZZ": "Excision of Left Scapula, Open Approach", "0PB63ZX": "Excision of Left Scapula, Percutaneous Approach, Diagnostic", "0PB63ZZ": "Excision of Left Scapula, Percutaneous Approach", "0PB64ZX": "Excision of Left Scapula, Percutaneous Endoscopic Approach, Diagnostic", "0PB64ZZ": "Excision of Left Scapula, Percutaneous Endoscopic Approach", "0PB70ZX": "Excision of Right Glenoid Cavity, Open Approach, Diagnostic", "0PB70ZZ": "Excision of Right Glenoid Cavity, Open Approach", "0PB73ZX": "Excision of Right Glenoid Cavity, Percutaneous Approach, Diagnostic", "0PB73ZZ": "Excision of Right Glenoid Cavity, Percutaneous Approach", "0PB74ZX": "Excision of Right Glenoid Cavity, Percutaneous Endoscopic Approach, Diagnostic", "0PB74ZZ": "Excision of Right Glenoid Cavity, Percutaneous Endoscopic Approach", "0PB80ZX": "Excision of Left Glenoid Cavity, Open Approach, Diagnostic", "0PB80ZZ": "Excision of Left Glenoid Cavity, Open Approach", "0PB83ZX": "Excision of Left Glenoid Cavity, Percutaneous Approach, Diagnostic", "0PB83ZZ": "Excision of Left Glenoid Cavity, Percutaneous Approach", "0PB84ZX": "Excision of Left Glenoid Cavity, Percutaneous Endoscopic Approach, Diagnostic", "0PB84ZZ": "Excision of Left Glenoid Cavity, Percutaneous Endoscopic Approach", "0PB90ZX": "Excision of Right Clavicle, Open Approach, Diagnostic", "0PB90ZZ": "Excision of Right Clavicle, Open Approach", "0PB93ZX": "Excision of Right Clavicle, Percutaneous Approach, Diagnostic", "0PB93ZZ": "Excision of Right Clavicle, Percutaneous Approach", "0PB94ZX": "Excision of Right Clavicle, Percutaneous Endoscopic Approach, Diagnostic", "0PB94ZZ": "Excision of Right Clavicle, Percutaneous Endoscopic Approach", "0PBB0ZX": "Excision of Left Clavicle, Open Approach, Diagnostic", "0PBB0ZZ": "Excision of Left Clavicle, Open Approach", "0PBB3ZX": "Excision of Left Clavicle, Percutaneous Approach, Diagnostic", "0PBB3ZZ": "Excision of Left Clavicle, Percutaneous Approach", "0PBB4ZX": "Excision of Left Clavicle, Percutaneous Endoscopic Approach, Diagnostic", "0PBB4ZZ": "Excision of Left Clavicle, Percutaneous Endoscopic Approach", "0PBC0ZX": "Excision of Right Humeral Head, Open Approach, Diagnostic", "0PBC0ZZ": "Excision of Right Humeral Head, Open Approach", "0PBC3ZX": "Excision of Right Humeral Head, Percutaneous Approach, Diagnostic", "0PBC3ZZ": "Excision of Right Humeral Head, Percutaneous Approach", "0PBC4ZX": "Excision of Right Humeral Head, Percutaneous Endoscopic Approach, Diagnostic", "0PBC4ZZ": "Excision of Right Humeral Head, Percutaneous Endoscopic Approach", "0PBD0ZX": "Excision of Left Humeral Head, Open Approach, Diagnostic", "0PBD0ZZ": "Excision of Left Humeral Head, Open Approach", "0PBD3ZX": "Excision of Left Humeral Head, Percutaneous Approach, Diagnostic", "0PBD3ZZ": "Excision of Left Humeral Head, Percutaneous Approach", "0PBD4ZX": "Excision of Left Humeral Head, Percutaneous Endoscopic Approach, Diagnostic", "0PBD4ZZ": "Excision of Left Humeral Head, Percutaneous Endoscopic Approach", "0PBF0ZX": "Excision of Right Humeral Shaft, Open Approach, Diagnostic", "0PBF0ZZ": "Excision of Right Humeral Shaft, Open Approach", "0PBF3ZX": "Excision of Right Humeral Shaft, Percutaneous Approach, Diagnostic", "0PBF3ZZ": "Excision of Right Humeral Shaft, Percutaneous Approach", "0PBF4ZX": "Excision of Right Humeral Shaft, Percutaneous Endoscopic Approach, Diagnostic", "0PBF4ZZ": "Excision of Right Humeral Shaft, Percutaneous Endoscopic Approach", "0PBG0ZX": "Excision of Left Humeral Shaft, Open Approach, Diagnostic", "0PBG0ZZ": "Excision of Left Humeral Shaft, Open Approach", "0PBG3ZX": "Excision of Left Humeral Shaft, Percutaneous Approach, Diagnostic", "0PBG3ZZ": "Excision of Left Humeral Shaft, Percutaneous Approach", "0PBG4ZX": "Excision of Left Humeral Shaft, Percutaneous Endoscopic Approach, Diagnostic", "0PBG4ZZ": "Excision of Left Humeral Shaft, Percutaneous Endoscopic Approach", "0PBH0ZX": "Excision of Right Radius, Open Approach, Diagnostic", "0PBH0ZZ": "Excision of Right Radius, Open Approach", "0PBH3ZX": "Excision of Right Radius, Percutaneous Approach, Diagnostic", "0PBH3ZZ": "Excision of Right Radius, Percutaneous Approach", "0PBH4ZX": "Excision of Right Radius, Percutaneous Endoscopic Approach, Diagnostic", "0PBH4ZZ": "Excision of Right Radius, Percutaneous Endoscopic Approach", "0PBJ0ZX": "Excision of Left Radius, Open Approach, Diagnostic", "0PBJ0ZZ": "Excision of Left Radius, Open Approach", "0PBJ3ZX": "Excision of Left Radius, Percutaneous Approach, Diagnostic", "0PBJ3ZZ": "Excision of Left Radius, Percutaneous Approach", "0PBJ4ZX": "Excision of Left Radius, Percutaneous Endoscopic Approach, Diagnostic", "0PBJ4ZZ": "Excision of Left Radius, Percutaneous Endoscopic Approach", "0PBK0ZX": "Excision of Right Ulna, Open Approach, Diagnostic", "0PBK0ZZ": "Excision of Right Ulna, Open Approach", "0PBK3ZX": "Excision of Right Ulna, Percutaneous Approach, Diagnostic", "0PBK3ZZ": "Excision of Right Ulna, Percutaneous Approach", "0PBK4ZX": "Excision of Right Ulna, Percutaneous Endoscopic Approach, Diagnostic", "0PBK4ZZ": "Excision of Right Ulna, Percutaneous Endoscopic Approach", "0PBL0ZX": "Excision of Left Ulna, Open Approach, Diagnostic", "0PBL0ZZ": "Excision of Left Ulna, Open Approach", "0PBL3ZX": "Excision of Left Ulna, Percutaneous Approach, Diagnostic", "0PBL3ZZ": "Excision of Left Ulna, Percutaneous Approach", "0PBL4ZX": "Excision of Left Ulna, Percutaneous Endoscopic Approach, Diagnostic", "0PBL4ZZ": "Excision of Left Ulna, Percutaneous Endoscopic Approach", "0PBM0ZX": "Excision of Right Carpal, Open Approach, Diagnostic", "0PBM0ZZ": "Excision of Right Carpal, Open Approach", "0PBM3ZX": "Excision of Right Carpal, Percutaneous Approach, Diagnostic", "0PBM3ZZ": "Excision of Right Carpal, Percutaneous Approach", "0PBM4ZX": "Excision of Right Carpal, Percutaneous Endoscopic Approach, Diagnostic", "0PBM4ZZ": "Excision of Right Carpal, Percutaneous Endoscopic Approach", "0PBN0ZX": "Excision of Left Carpal, Open Approach, Diagnostic", "0PBN0ZZ": "Excision of Left Carpal, Open Approach", "0PBN3ZX": "Excision of Left Carpal, Percutaneous Approach, Diagnostic", "0PBN3ZZ": "Excision of Left Carpal, Percutaneous Approach", "0PBN4ZX": "Excision of Left Carpal, Percutaneous Endoscopic Approach, Diagnostic", "0PBN4ZZ": "Excision of Left Carpal, Percutaneous Endoscopic Approach", "0PBP0ZX": "Excision of Right Metacarpal, Open Approach, Diagnostic", "0PBP0ZZ": "Excision of Right Metacarpal, Open Approach", "0PBP3ZX": "Excision of Right Metacarpal, Percutaneous Approach, Diagnostic", "0PBP3ZZ": "Excision of Right Metacarpal, Percutaneous Approach", "0PBP4ZX": "Excision of Right Metacarpal, Percutaneous Endoscopic Approach, Diagnostic", "0PBP4ZZ": "Excision of Right Metacarpal, Percutaneous Endoscopic Approach", "0PBQ0ZX": "Excision of Left Metacarpal, Open Approach, Diagnostic", "0PBQ0ZZ": "Excision of Left Metacarpal, Open Approach", "0PBQ3ZX": "Excision of Left Metacarpal, Percutaneous Approach, Diagnostic", "0PBQ3ZZ": "Excision of Left Metacarpal, Percutaneous Approach", "0PBQ4ZX": "Excision of Left Metacarpal, Percutaneous Endoscopic Approach, Diagnostic", "0PBQ4ZZ": "Excision of Left Metacarpal, Percutaneous Endoscopic Approach", "0PBR0ZX": "Excision of Right Thumb Phalanx, Open Approach, Diagnostic", "0PBR0ZZ": "Excision of Right Thumb Phalanx, Open Approach", "0PBR3ZX": "Excision of Right Thumb Phalanx, Percutaneous Approach, Diagnostic", "0PBR3ZZ": "Excision of Right Thumb Phalanx, Percutaneous Approach", "0PBR4ZX": "Excision of Right Thumb Phalanx, Percutaneous Endoscopic Approach, Diagnostic", "0PBR4ZZ": "Excision of Right Thumb Phalanx, Percutaneous Endoscopic Approach", "0PBS0ZX": "Excision of Left Thumb Phalanx, Open Approach, Diagnostic", "0PBS0ZZ": "Excision of Left Thumb Phalanx, Open Approach", "0PBS3ZX": "Excision of Left Thumb Phalanx, Percutaneous Approach, Diagnostic", "0PBS3ZZ": "Excision of Left Thumb Phalanx, Percutaneous Approach", "0PBS4ZX": "Excision of Left Thumb Phalanx, Percutaneous Endoscopic Approach, Diagnostic", "0PBS4ZZ": "Excision of Left Thumb Phalanx, Percutaneous Endoscopic Approach", "0PBT0ZX": "Excision of Right Finger Phalanx, Open Approach, Diagnostic", "0PBT0ZZ": "Excision of Right Finger Phalanx, Open Approach", "0PBT3ZX": "Excision of Right Finger Phalanx, Percutaneous Approach, Diagnostic", "0PBT3ZZ": "Excision of Right Finger Phalanx, Percutaneous Approach", "0PBT4ZX": "Excision of Right Finger Phalanx, Percutaneous Endoscopic Approach, Diagnostic", "0PBT4ZZ": "Excision of Right Finger Phalanx, Percutaneous Endoscopic Approach", "0PBV0ZX": "Excision of Left Finger Phalanx, Open Approach, Diagnostic", "0PBV0ZZ": "Excision of Left Finger Phalanx, Open Approach", "0PBV3ZX": "Excision of Left Finger Phalanx, Percutaneous Approach, Diagnostic", "0PBV3ZZ": "Excision of Left Finger Phalanx, Percutaneous Approach", "0PBV4ZX": "Excision of Left Finger Phalanx, Percutaneous Endoscopic Approach, Diagnostic", "0PBV4ZZ": "Excision of Left Finger Phalanx, Percutaneous Endoscopic Approach"}