{"0PQ": "Upper Bones, Repair", "0PQ00ZZ": "Repair Sternum, Open Approach", "0PQ03ZZ": "Repair Sternum, Percutaneous Approach", "0PQ04ZZ": "Repair Sternum, Percutaneous Endoscopic Approach", "0PQ0XZZ": "Repair Sternum, External Approach", "0PQ10ZZ": "Repair 1 to 2 Ribs, Open Approach", "0PQ13ZZ": "Repair 1 to 2 Ribs, Percutaneous Approach", "0PQ14ZZ": "Repair 1 to 2 Ribs, Percutaneous Endoscopic Approach", "0PQ1XZZ": "Repair 1 to 2 Ribs, External Approach", "0PQ20ZZ": "Repair 3 or More Ribs, Open Approach", "0PQ23ZZ": "Repair 3 or More Ribs, Percutaneous Approach", "0PQ24ZZ": "Repair 3 or More Ribs, Percutaneous Endoscopic Approach", "0PQ2XZZ": "Repair 3 or More Ribs, External Approach", "0PQ30ZZ": "Repair Cervical Vertebra, Open Approach", "0PQ33ZZ": "Repair Cervical Vertebra, Percutaneous Approach", "0PQ34ZZ": "Repair Cervical Vertebra, Percutaneous Endoscopic Approach", "0PQ3XZZ": "Repair Cervical Vertebra, External Approach", "0PQ40ZZ": "Repair Thoracic Vertebra, Open Approach", "0PQ43ZZ": "Repair Thoracic Vertebra, Percutaneous Approach", "0PQ44ZZ": "Repair Thoracic Vertebra, Percutaneous Endoscopic Approach", "0PQ4XZZ": "Repair Thoracic Vertebra, External Approach", "0PQ50ZZ": "Repair Right Scapula, Open Approach", "0PQ53ZZ": "Repair Right Scapula, Percutaneous Approach", "0PQ54ZZ": "Repair Right Scapula, Percutaneous Endoscopic Approach", "0PQ5XZZ": "Repair Right Scapula, External Approach", "0PQ60ZZ": "Repair Left Scapula, Open Approach", "0PQ63ZZ": "Repair Left Scapula, Percutaneous Approach", "0PQ64ZZ": "Repair Left Scapula, Percutaneous Endoscopic Approach", "0PQ6XZZ": "Repair Left Scapula, External Approach", "0PQ70ZZ": "Repair Right Glenoid Cavity, Open Approach", "0PQ73ZZ": "Repair Right Glenoid Cavity, Percutaneous Approach", "0PQ74ZZ": "Repair Right Glenoid Cavity, Percutaneous Endoscopic Approach", "0PQ7XZZ": "Repair Right Glenoid Cavity, External Approach", "0PQ80ZZ": "Repair Left Glenoid Cavity, Open Approach", "0PQ83ZZ": "Repair Left Glenoid Cavity, Percutaneous Approach", "0PQ84ZZ": "Repair Left Glenoid Cavity, Percutaneous Endoscopic Approach", "0PQ8XZZ": "Repair Left Glenoid Cavity, External Approach", "0PQ90ZZ": "Repair Right Clavicle, Open Approach", "0PQ93ZZ": "Repair Right Clavicle, Percutaneous Approach", "0PQ94ZZ": "Repair Right Clavicle, Percutaneous Endoscopic Approach", "0PQ9XZZ": "Repair Right Clavicle, External Approach", "0PQB0ZZ": "Repair Left Clavicle, Open Approach", "0PQB3ZZ": "Repair Left Clavicle, Percutaneous Approach", "0PQB4ZZ": "Repair Left Clavicle, Percutaneous Endoscopic Approach", "0PQBXZZ": "Repair Left Clavicle, External Approach", "0PQC0ZZ": "Repair Right Humeral Head, Open Approach", "0PQC3ZZ": "Repair Right Humeral Head, Percutaneous Approach", "0PQC4ZZ": "Repair Right Humeral Head, Percutaneous Endoscopic Approach", "0PQCXZZ": "Repair Right Humeral Head, External Approach", "0PQD0ZZ": "Repair Left Humeral Head, Open Approach", "0PQD3ZZ": "Repair Left Humeral Head, Percutaneous Approach", "0PQD4ZZ": "Repair Left Humeral Head, Percutaneous Endoscopic Approach", "0PQDXZZ": "Repair Left Humeral Head, External Approach", "0PQF0ZZ": "Repair Right Humeral Shaft, Open Approach", "0PQF3ZZ": "Repair Right Humeral Shaft, Percutaneous Approach", "0PQF4ZZ": "Repair Right Humeral Shaft, Percutaneous Endoscopic Approach", "0PQFXZZ": "Repair Right Humeral Shaft, External Approach", "0PQG0ZZ": "Repair Left Humeral Shaft, Open Approach", "0PQG3ZZ": "Repair Left Humeral Shaft, Percutaneous Approach", "0PQG4ZZ": "Repair Left Humeral Shaft, Percutaneous Endoscopic Approach", "0PQGXZZ": "Repair Left Humeral Shaft, External Approach", "0PQH0ZZ": "Repair Right Radius, Open Approach", "0PQH3ZZ": "Repair Right Radius, Percutaneous Approach", "0PQH4ZZ": "Repair Right Radius, Percutaneous Endoscopic Approach", "0PQHXZZ": "Repair Right Radius, External Approach", "0PQJ0ZZ": "Repair Left Radius, Open Approach", "0PQJ3ZZ": "Repair Left Radius, Percutaneous Approach", "0PQJ4ZZ": "Repair Left Radius, Percutaneous Endoscopic Approach", "0PQJXZZ": "Repair Left Radius, External Approach", "0PQK0ZZ": "Repair Right Ulna, Open Approach", "0PQK3ZZ": "Repair Right Ulna, Percutaneous Approach", "0PQK4ZZ": "Repair Right Ulna, Percutaneous Endoscopic Approach", "0PQKXZZ": "Repair Right Ulna, External Approach", "0PQL0ZZ": "Repair Left Ulna, Open Approach", "0PQL3ZZ": "Repair Left Ulna, Percutaneous Approach", "0PQL4ZZ": "Repair Left Ulna, Percutaneous Endoscopic Approach", "0PQLXZZ": "Repair Left Ulna, External Approach", "0PQM0ZZ": "Repair Right Carpal, Open Approach", "0PQM3ZZ": "Repair Right Carpal, Percutaneous Approach", "0PQM4ZZ": "Repair Right Carpal, Percutaneous Endoscopic Approach", "0PQMXZZ": "Repair Right Carpal, External Approach", "0PQN0ZZ": "Repair Left Carpal, Open Approach", "0PQN3ZZ": "Repair Left Carpal, Percutaneous Approach", "0PQN4ZZ": "Repair Left Carpal, Percutaneous Endoscopic Approach", "0PQNXZZ": "Repair Left Carpal, External Approach", "0PQP0ZZ": "Repair Right Metacarpal, Open Approach", "0PQP3ZZ": "Repair Right Metacarpal, Percutaneous Approach", "0PQP4ZZ": "Repair Right Metacarpal, Percutaneous Endoscopic Approach", "0PQPXZZ": "Repair Right Metacarpal, External Approach", "0PQQ0ZZ": "Repair Left Metacarpal, Open Approach", "0PQQ3ZZ": "Repair Left Metacarpal, Percutaneous Approach", "0PQQ4ZZ": "Repair Left Metacarpal, Percutaneous Endoscopic Approach", "0PQQXZZ": "Repair Left Metacarpal, External Approach", "0PQR0ZZ": "Repair Right Thumb Phalanx, Open Approach", "0PQR3ZZ": "Repair Right Thumb Phalanx, Percutaneous Approach", "0PQR4ZZ": "Repair Right Thumb Phalanx, Percutaneous Endoscopic Approach", "0PQRXZZ": "Repair Right Thumb Phalanx, External Approach", "0PQS0ZZ": "Repair Left Thumb Phalanx, Open Approach", "0PQS3ZZ": "Repair Left Thumb Phalanx, Percutaneous Approach", "0PQS4ZZ": "Repair Left Thumb Phalanx, Percutaneous Endoscopic Approach", "0PQSXZZ": "Repair Left Thumb Phalanx, External Approach", "0PQT0ZZ": "Repair Right Finger Phalanx, Open Approach", "0PQT3ZZ": "Repair Right Finger Phalanx, Percutaneous Approach", "0PQT4ZZ": "Repair Right Finger Phalanx, Percutaneous Endoscopic Approach", "0PQTXZZ": "Repair Right Finger Phalanx, External Approach", "0PQV0ZZ": "Repair Left Finger Phalanx, Open Approach", "0PQV3ZZ": "Repair Left Finger Phalanx, Percutaneous Approach", "0PQV4ZZ": "Repair Left Finger Phalanx, Percutaneous Endoscopic Approach", "0PQVXZZ": "Repair Left Finger Phalanx, External Approach"}