{"0PS": "Upper Bones, Reposition", "0PS000Z": "Reposition Sternum with Rigid Plate Internal Fixation Device, Open Approach", "0PS004Z": "Reposition Sternum with Internal Fixation Device, Open Approach", "0PS00ZZ": "Reposition Sternum, Open Approach", "0PS030Z": "Reposition Sternum with Rigid Plate Internal Fixation Device, Percutaneous Approach", "0PS034Z": "Reposition Sternum with Internal Fixation Device, Percutaneous Approach", "0PS03ZZ": "Reposition Sternum, Percutaneous Approach", "0PS040Z": "Reposition Sternum with Rigid Plate Internal Fixation Device, Percutaneous Endoscopic Approach", "0PS044Z": "Reposition Sternum with Internal Fixation Device, Percutaneous Endoscopic Approach", "0PS04ZZ": "Reposition Sternum, Percutaneous Endoscopic Approach", "0PS0XZZ": "Reposition Sternum, External Approach", "0PS104Z": "Reposition 1 to 2 Ribs with Internal Fixation Device, Open Approach", "0PS10ZZ": "Reposition 1 to 2 Ribs, Open Approach", "0PS134Z": "Reposition 1 to 2 Ribs with Internal Fixation Device, Percutaneous Approach", "0PS13ZZ": "Reposition 1 to 2 Ribs, Percutaneous Approach", "0PS144Z": "Reposition 1 to 2 Ribs with Internal Fixation Device, Percutaneous Endoscopic Approach", "0PS14ZZ": "Reposition 1 to 2 Ribs, Percutaneous Endoscopic Approach", "0PS1XZZ": "Reposition 1 to 2 Ribs, External Approach", "0PS204Z": "Reposition 3 or More Ribs with Internal Fixation Device, Open Approach", "0PS20ZZ": "Reposition 3 or More Ribs, Open Approach", "0PS234Z": "Reposition 3 or More Ribs with Internal Fixation Device, Percutaneous Approach", "0PS23ZZ": "Reposition 3 or More Ribs, Percutaneous Approach", "0PS244Z": "Reposition 3 or More Ribs with Internal Fixation Device, Percutaneous Endoscopic Approach", "0PS24ZZ": "Reposition 3 or More Ribs, Percutaneous Endoscopic Approach", "0PS2XZZ": "Reposition 3 or More Ribs, External Approach", "0PS304Z": "Reposition Cervical Vertebra with Internal Fixation Device, Open Approach", "0PS30ZZ": "Reposition Cervical Vertebra, Open Approach", "0PS334Z": "Reposition Cervical Vertebra with Internal Fixation Device, Percutaneous Approach", "0PS33ZZ": "Reposition Cervical Vertebra, Percutaneous Approach", "0PS344Z": "Reposition Cervical Vertebra with Internal Fixation Device, Percutaneous Endoscopic Approach", "0PS34ZZ": "Reposition Cervical Vertebra, Percutaneous Endoscopic Approach", "0PS3XZZ": "Reposition Cervical Vertebra, External Approach", "0PS404Z": "Reposition Thoracic Vertebra with Internal Fixation Device, Open Approach", "0PS40ZZ": "Reposition Thoracic Vertebra, Open Approach", "0PS434Z": "Reposition Thoracic Vertebra with Internal Fixation Device, Percutaneous Approach", "0PS43ZZ": "Reposition Thoracic Vertebra, Percutaneous Approach", "0PS444Z": "Reposition Thoracic Vertebra with Internal Fixation Device, Percutaneous Endoscopic Approach", "0PS44ZZ": "Reposition Thoracic Vertebra, Percutaneous Endoscopic Approach", "0PS4XZZ": "Reposition Thoracic Vertebra, External Approach", "0PS504Z": "Reposition Right Scapula with Internal Fixation Device, Open Approach", "0PS50ZZ": "Reposition Right Scapula, Open Approach", "0PS534Z": "Reposition Right Scapula with Internal Fixation Device, Percutaneous Approach", "0PS53ZZ": "Reposition Right Scapula, Percutaneous Approach", "0PS544Z": "Reposition Right Scapula with Internal Fixation Device, Percutaneous Endoscopic Approach", "0PS54ZZ": "Reposition Right Scapula, Percutaneous Endoscopic Approach", "0PS5XZZ": "Reposition Right Scapula, External Approach", "0PS604Z": "Reposition Left Scapula with Internal Fixation Device, Open Approach", "0PS60ZZ": "Reposition Left Scapula, Open Approach", "0PS634Z": "Reposition Left Scapula with Internal Fixation Device, Percutaneous Approach", "0PS63ZZ": "Reposition Left Scapula, Percutaneous Approach", "0PS644Z": "Reposition Left Scapula with Internal Fixation Device, Percutaneous Endoscopic Approach", "0PS64ZZ": "Reposition Left Scapula, Percutaneous Endoscopic Approach", "0PS6XZZ": "Reposition Left Scapula, External Approach", "0PS704Z": "Reposition Right Glenoid Cavity with Internal Fixation Device, Open Approach", "0PS70ZZ": "Reposition Right Glenoid Cavity, Open Approach", "0PS734Z": "Reposition Right Glenoid Cavity with Internal Fixation Device, Percutaneous Approach", "0PS73ZZ": "Reposition Right Glenoid Cavity, Percutaneous Approach", "0PS744Z": "Reposition Right Glenoid Cavity with Internal Fixation Device, Percutaneous Endoscopic Approach", "0PS74ZZ": "Reposition Right Glenoid Cavity, Percutaneous Endoscopic Approach", "0PS7XZZ": "Reposition Right Glenoid Cavity, External Approach", "0PS804Z": "Reposition Left Glenoid Cavity with Internal Fixation Device, Open Approach", "0PS80ZZ": "Reposition Left Glenoid Cavity, Open Approach", "0PS834Z": "Reposition Left Glenoid Cavity with Internal Fixation Device, Percutaneous Approach", "0PS83ZZ": "Reposition Left Glenoid Cavity, Percutaneous Approach", "0PS844Z": "Reposition Left Glenoid Cavity with Internal Fixation Device, Percutaneous Endoscopic Approach", "0PS84ZZ": "Reposition Left Glenoid Cavity, Percutaneous Endoscopic Approach", "0PS8XZZ": "Reposition Left Glenoid Cavity, External Approach", "0PS904Z": "Reposition Right Clavicle with Internal Fixation Device, Open Approach", "0PS90ZZ": "Reposition Right Clavicle, Open Approach", "0PS934Z": "Reposition Right Clavicle with Internal Fixation Device, Percutaneous Approach", "0PS93ZZ": "Reposition Right Clavicle, Percutaneous Approach", "0PS944Z": "Reposition Right Clavicle with Internal Fixation Device, Percutaneous Endoscopic Approach", "0PS94ZZ": "Reposition Right Clavicle, Percutaneous Endoscopic Approach", "0PS9XZZ": "Reposition Right Clavicle, External Approach", "0PSB04Z": "Reposition Left Clavicle with Internal Fixation Device, Open Approach", "0PSB0ZZ": "Reposition Left Clavicle, Open Approach", "0PSB34Z": "Reposition Left Clavicle with Internal Fixation Device, Percutaneous Approach", "0PSB3ZZ": "Reposition Left Clavicle, Percutaneous Approach", "0PSB44Z": "Reposition Left Clavicle with Internal Fixation Device, Percutaneous Endoscopic Approach", "0PSB4ZZ": "Reposition Left Clavicle, Percutaneous Endoscopic Approach", "0PSBXZZ": "Reposition Left Clavicle, External Approach", "0PSC04Z": "Reposition Right Humeral Head with Internal Fixation Device, Open Approach", "0PSC05Z": "Reposition Right Humeral Head with External Fixation Device, Open Approach", "0PSC06Z": "Reposition Right Humeral Head with Intramedullary Internal Fixation Device, Open Approach", "0PSC0BZ": "Reposition Right Humeral Head with Monoplanar External Fixation Device, Open Approach", "0PSC0CZ": "Reposition Right Humeral Head with Ring External Fixation Device, Open Approach", "0PSC0DZ": "Reposition Right Humeral Head with Hybrid External Fixation Device, Open Approach", "0PSC0ZZ": "Reposition Right Humeral Head, Open Approach", "0PSC34Z": "Reposition Right Humeral Head with Internal Fixation Device, Percutaneous Approach", "0PSC35Z": "Reposition Right Humeral Head with External Fixation Device, Percutaneous Approach", "0PSC36Z": "Reposition Right Humeral Head with Intramedullary Internal Fixation Device, Percutaneous Approach", "0PSC3BZ": "Reposition Right Humeral Head with Monoplanar External Fixation Device, Percutaneous Approach", "0PSC3CZ": "Reposition Right Humeral Head with Ring External Fixation Device, Percutaneous Approach", "0PSC3DZ": "Reposition Right Humeral Head with Hybrid External Fixation Device, Percutaneous Approach", "0PSC3ZZ": "Reposition Right Humeral Head, Percutaneous Approach", "0PSC44Z": "Reposition Right Humeral Head with Internal Fixation Device, Percutaneous Endoscopic Approach", "0PSC45Z": "Reposition Right Humeral Head with External Fixation Device, Percutaneous Endoscopic Approach", "0PSC46Z": "Reposition Right Humeral Head with Intramedullary Internal Fixation Device, Percutaneous Endoscopic Approach", "0PSC4BZ": "Reposition Right Humeral Head with Monoplanar External Fixation Device, Percutaneous Endoscopic Approach", "0PSC4CZ": "Reposition Right Humeral Head with Ring External Fixation Device, Percutaneous Endoscopic Approach", "0PSC4DZ": "Reposition Right Humeral Head with Hybrid External Fixation Device, Percutaneous Endoscopic Approach", "0PSC4ZZ": "Reposition Right Humeral Head, Percutaneous Endoscopic Approach", "0PSCXZZ": "Reposition Right Humeral Head, External Approach", "0PSD04Z": "Reposition Left Humeral Head with Internal Fixation Device, Open Approach", "0PSD05Z": "Reposition Left Humeral Head with External Fixation Device, Open Approach", "0PSD06Z": "Reposition Left Humeral Head with Intramedullary Internal Fixation Device, Open Approach", "0PSD0BZ": "Reposition Left Humeral Head with Monoplanar External Fixation Device, Open Approach", "0PSD0CZ": "Reposition Left Humeral Head with Ring External Fixation Device, Open Approach", "0PSD0DZ": "Reposition Left Humeral Head with Hybrid External Fixation Device, Open Approach", "0PSD0ZZ": "Reposition Left Humeral Head, Open Approach", "0PSD34Z": "Reposition Left Humeral Head with Internal Fixation Device, Percutaneous Approach", "0PSD35Z": "Reposition Left Humeral Head with External Fixation Device, Percutaneous Approach", "0PSD36Z": "Reposition Left Humeral Head with Intramedullary Internal Fixation Device, Percutaneous Approach", "0PSD3BZ": "Reposition Left Humeral Head with Monoplanar External Fixation Device, Percutaneous Approach", "0PSD3CZ": "Reposition Left Humeral Head with Ring External Fixation Device, Percutaneous Approach", "0PSD3DZ": "Reposition Left Humeral Head with Hybrid External Fixation Device, Percutaneous Approach", "0PSD3ZZ": "Reposition Left Humeral Head, Percutaneous Approach", "0PSD44Z": "Reposition Left Humeral Head with Internal Fixation Device, Percutaneous Endoscopic Approach", "0PSD45Z": "Reposition Left Humeral Head with External Fixation Device, Percutaneous Endoscopic Approach", "0PSD46Z": "Reposition Left Humeral Head with Intramedullary Internal Fixation Device, Percutaneous Endoscopic Approach", "0PSD4BZ": "Reposition Left Humeral Head with Monoplanar External Fixation Device, Percutaneous Endoscopic Approach", "0PSD4CZ": "Reposition Left Humeral Head with Ring External Fixation Device, Percutaneous Endoscopic Approach", "0PSD4DZ": "Reposition Left Humeral Head with Hybrid External Fixation Device, Percutaneous Endoscopic Approach", "0PSD4ZZ": "Reposition Left Humeral Head, Percutaneous Endoscopic Approach", "0PSDXZZ": "Reposition Left Humeral Head, External Approach", "0PSF04Z": "Reposition Right Humeral Shaft with Internal Fixation Device, Open Approach", "0PSF05Z": "Reposition Right Humeral Shaft with External Fixation Device, Open Approach", "0PSF06Z": "Reposition Right Humeral Shaft with Intramedullary Internal Fixation Device, Open Approach", "0PSF0BZ": "Reposition Right Humeral Shaft with Monoplanar External Fixation Device, Open Approach", "0PSF0CZ": "Reposition Right Humeral Shaft with Ring External Fixation Device, Open Approach", "0PSF0DZ": "Reposition Right Humeral Shaft with Hybrid External Fixation Device, Open Approach", "0PSF0ZZ": "Reposition Right Humeral Shaft, Open Approach", "0PSF34Z": "Reposition Right Humeral Shaft with Internal Fixation Device, Percutaneous Approach", "0PSF35Z": "Reposition Right Humeral Shaft with External Fixation Device, Percutaneous Approach", "0PSF36Z": "Reposition Right Humeral Shaft with Intramedullary Internal Fixation Device, Percutaneous Approach", "0PSF3BZ": "Reposition Right Humeral Shaft with Monoplanar External Fixation Device, Percutaneous Approach", "0PSF3CZ": "Reposition Right Humeral Shaft with Ring External Fixation Device, Percutaneous Approach", "0PSF3DZ": "Reposition Right Humeral Shaft with Hybrid External Fixation Device, Percutaneous Approach", "0PSF3ZZ": "Reposition Right Humeral Shaft, Percutaneous Approach", "0PSF44Z": "Reposition Right Humeral Shaft with Internal Fixation Device, Percutaneous Endoscopic Approach", "0PSF45Z": "Reposition Right Humeral Shaft with External Fixation Device, Percutaneous Endoscopic Approach", "0PSF46Z": "Reposition Right Humeral Shaft with Intramedullary Internal Fixation Device, Percutaneous Endoscopic Approach", "0PSF4BZ": "Reposition Right Humeral Shaft with Monoplanar External Fixation Device, Percutaneous Endoscopic Approach", "0PSF4CZ": "Reposition Right Humeral Shaft with Ring External Fixation Device, Percutaneous Endoscopic Approach", "0PSF4DZ": "Reposition Right Humeral Shaft with Hybrid External Fixation Device, Percutaneous Endoscopic Approach", "0PSF4ZZ": "Reposition Right Humeral Shaft, Percutaneous Endoscopic Approach", "0PSFXZZ": "Reposition Right Humeral Shaft, External Approach", "0PSG04Z": "Reposition Left Humeral Shaft with Internal Fixation Device, Open Approach", "0PSG05Z": "Reposition Left Humeral Shaft with External Fixation Device, Open Approach", "0PSG06Z": "Reposition Left Humeral Shaft with Intramedullary Internal Fixation Device, Open Approach", "0PSG0BZ": "Reposition Left Humeral Shaft with Monoplanar External Fixation Device, Open Approach", "0PSG0CZ": "Reposition Left Humeral Shaft with Ring External Fixation Device, Open Approach", "0PSG0DZ": "Reposition Left Humeral Shaft with Hybrid External Fixation Device, Open Approach", "0PSG0ZZ": "Reposition Left Humeral Shaft, Open Approach", "0PSG34Z": "Reposition Left Humeral Shaft with Internal Fixation Device, Percutaneous Approach", "0PSG35Z": "Reposition Left Humeral Shaft with External Fixation Device, Percutaneous Approach", "0PSG36Z": "Reposition Left Humeral Shaft with Intramedullary Internal Fixation Device, Percutaneous Approach", "0PSG3BZ": "Reposition Left Humeral Shaft with Monoplanar External Fixation Device, Percutaneous Approach", "0PSG3CZ": "Reposition Left Humeral Shaft with Ring External Fixation Device, Percutaneous Approach", "0PSG3DZ": "Reposition Left Humeral Shaft with Hybrid External Fixation Device, Percutaneous Approach", "0PSG3ZZ": "Reposition Left Humeral Shaft, Percutaneous Approach", "0PSG44Z": "Reposition Left Humeral Shaft with Internal Fixation Device, Percutaneous Endoscopic Approach", "0PSG45Z": "Reposition Left Humeral Shaft with External Fixation Device, Percutaneous Endoscopic Approach", "0PSG46Z": "Reposition Left Humeral Shaft with Intramedullary Internal Fixation Device, Percutaneous Endoscopic Approach", "0PSG4BZ": "Reposition Left Humeral Shaft with Monoplanar External Fixation Device, Percutaneous Endoscopic Approach", "0PSG4CZ": "Reposition Left Humeral Shaft with Ring External Fixation Device, Percutaneous Endoscopic Approach", "0PSG4DZ": "Reposition Left Humeral Shaft with Hybrid External Fixation Device, Percutaneous Endoscopic Approach", "0PSG4ZZ": "Reposition Left Humeral Shaft, Percutaneous Endoscopic Approach", "0PSGXZZ": "Reposition Left Humeral Shaft, External Approach", "0PSH04Z": "Reposition Right Radius with Internal Fixation Device, Open Approach", "0PSH05Z": "Reposition Right Radius with External Fixation Device, Open Approach", "0PSH06Z": "Reposition Right Radius with Intramedullary Internal Fixation Device, Open Approach", "0PSH0BZ": "Reposition Right Radius with Monoplanar External Fixation Device, Open Approach", "0PSH0CZ": "Reposition Right Radius with Ring External Fixation Device, Open Approach", "0PSH0DZ": "Reposition Right Radius with Hybrid External Fixation Device, Open Approach", "0PSH0ZZ": "Reposition Right Radius, Open Approach", "0PSH34Z": "Reposition Right Radius with Internal Fixation Device, Percutaneous Approach", "0PSH35Z": "Reposition Right Radius with External Fixation Device, Percutaneous Approach", "0PSH36Z": "Reposition Right Radius with Intramedullary Internal Fixation Device, Percutaneous Approach", "0PSH3BZ": "Reposition Right Radius with Monoplanar External Fixation Device, Percutaneous Approach", "0PSH3CZ": "Reposition Right Radius with Ring External Fixation Device, Percutaneous Approach", "0PSH3DZ": "Reposition Right Radius with Hybrid External Fixation Device, Percutaneous Approach", "0PSH3ZZ": "Reposition Right Radius, Percutaneous Approach", "0PSH44Z": "Reposition Right Radius with Internal Fixation Device, Percutaneous Endoscopic Approach", "0PSH45Z": "Reposition Right Radius with External Fixation Device, Percutaneous Endoscopic Approach", "0PSH46Z": "Reposition Right Radius with Intramedullary Internal Fixation Device, Percutaneous Endoscopic Approach", "0PSH4BZ": "Reposition Right Radius with Monoplanar External Fixation Device, Percutaneous Endoscopic Approach", "0PSH4CZ": "Reposition Right Radius with Ring External Fixation Device, Percutaneous Endoscopic Approach", "0PSH4DZ": "Reposition Right Radius with Hybrid External Fixation Device, Percutaneous Endoscopic Approach", "0PSH4ZZ": "Reposition Right Radius, Percutaneous Endoscopic Approach", "0PSHXZZ": "Reposition Right Radius, External Approach", "0PSJ04Z": "Reposition Left Radius with Internal Fixation Device, Open Approach", "0PSJ05Z": "Reposition Left Radius with External Fixation Device, Open Approach", "0PSJ06Z": "Reposition Left Radius with Intramedullary Internal Fixation Device, Open Approach", "0PSJ0BZ": "Reposition Left Radius with Monoplanar External Fixation Device, Open Approach", "0PSJ0CZ": "Reposition Left Radius with Ring External Fixation Device, Open Approach", "0PSJ0DZ": "Reposition Left Radius with Hybrid External Fixation Device, Open Approach", "0PSJ0ZZ": "Reposition Left Radius, Open Approach", "0PSJ34Z": "Reposition Left Radius with Internal Fixation Device, Percutaneous Approach", "0PSJ35Z": "Reposition Left Radius with External Fixation Device, Percutaneous Approach", "0PSJ36Z": "Reposition Left Radius with Intramedullary Internal Fixation Device, Percutaneous Approach", "0PSJ3BZ": "Reposition Left Radius with Monoplanar External Fixation Device, Percutaneous Approach", "0PSJ3CZ": "Reposition Left Radius with Ring External Fixation Device, Percutaneous Approach", "0PSJ3DZ": "Reposition Left Radius with Hybrid External Fixation Device, Percutaneous Approach", "0PSJ3ZZ": "Reposition Left Radius, Percutaneous Approach", "0PSJ44Z": "Reposition Left Radius with Internal Fixation Device, Percutaneous Endoscopic Approach", "0PSJ45Z": "Reposition Left Radius with External Fixation Device, Percutaneous Endoscopic Approach", "0PSJ46Z": "Reposition Left Radius with Intramedullary Internal Fixation Device, Percutaneous Endoscopic Approach", "0PSJ4BZ": "Reposition Left Radius with Monoplanar External Fixation Device, Percutaneous Endoscopic Approach", "0PSJ4CZ": "Reposition Left Radius with Ring External Fixation Device, Percutaneous Endoscopic Approach", "0PSJ4DZ": "Reposition Left Radius with Hybrid External Fixation Device, Percutaneous Endoscopic Approach", "0PSJ4ZZ": "Reposition Left Radius, Percutaneous Endoscopic Approach", "0PSJXZZ": "Reposition Left Radius, External Approach", "0PSK04Z": "Reposition Right Ulna with Internal Fixation Device, Open Approach", "0PSK05Z": "Reposition Right Ulna with External Fixation Device, Open Approach", "0PSK06Z": "Reposition Right Ulna with Intramedullary Internal Fixation Device, Open Approach", "0PSK0BZ": "Reposition Right Ulna with Monoplanar External Fixation Device, Open Approach", "0PSK0CZ": "Reposition Right Ulna with Ring External Fixation Device, Open Approach", "0PSK0DZ": "Reposition Right Ulna with Hybrid External Fixation Device, Open Approach", "0PSK0ZZ": "Reposition Right Ulna, Open Approach", "0PSK34Z": "Reposition Right Ulna with Internal Fixation Device, Percutaneous Approach", "0PSK35Z": "Reposition Right Ulna with External Fixation Device, Percutaneous Approach", "0PSK36Z": "Reposition Right Ulna with Intramedullary Internal Fixation Device, Percutaneous Approach", "0PSK3BZ": "Reposition Right Ulna with Monoplanar External Fixation Device, Percutaneous Approach", "0PSK3CZ": "Reposition Right Ulna with Ring External Fixation Device, Percutaneous Approach", "0PSK3DZ": "Reposition Right Ulna with Hybrid External Fixation Device, Percutaneous Approach", "0PSK3ZZ": "Reposition Right Ulna, Percutaneous Approach", "0PSK44Z": "Reposition Right Ulna with Internal Fixation Device, Percutaneous Endoscopic Approach", "0PSK45Z": "Reposition Right Ulna with External Fixation Device, Percutaneous Endoscopic Approach", "0PSK46Z": "Reposition Right Ulna with Intramedullary Internal Fixation Device, Percutaneous Endoscopic Approach", "0PSK4BZ": "Reposition Right Ulna with Monoplanar External Fixation Device, Percutaneous Endoscopic Approach", "0PSK4CZ": "Reposition Right Ulna with Ring External Fixation Device, Percutaneous Endoscopic Approach", "0PSK4DZ": "Reposition Right Ulna with Hybrid External Fixation Device, Percutaneous Endoscopic Approach", "0PSK4ZZ": "Reposition Right Ulna, Percutaneous Endoscopic Approach", "0PSKXZZ": "Reposition Right Ulna, External Approach", "0PSL04Z": "Reposition Left Ulna with Internal Fixation Device, Open Approach", "0PSL05Z": "Reposition Left Ulna with External Fixation Device, Open Approach", "0PSL06Z": "Reposition Left Ulna with Intramedullary Internal Fixation Device, Open Approach", "0PSL0BZ": "Reposition Left Ulna with Monoplanar External Fixation Device, Open Approach", "0PSL0CZ": "Reposition Left Ulna with Ring External Fixation Device, Open Approach", "0PSL0DZ": "Reposition Left Ulna with Hybrid External Fixation Device, Open Approach", "0PSL0ZZ": "Reposition Left Ulna, Open Approach", "0PSL34Z": "Reposition Left Ulna with Internal Fixation Device, Percutaneous Approach", "0PSL35Z": "Reposition Left Ulna with External Fixation Device, Percutaneous Approach", "0PSL36Z": "Reposition Left Ulna with Intramedullary Internal Fixation Device, Percutaneous Approach", "0PSL3BZ": "Reposition Left Ulna with Monoplanar External Fixation Device, Percutaneous Approach", "0PSL3CZ": "Reposition Left Ulna with Ring External Fixation Device, Percutaneous Approach", "0PSL3DZ": "Reposition Left Ulna with Hybrid External Fixation Device, Percutaneous Approach", "0PSL3ZZ": "Reposition Left Ulna, Percutaneous Approach", "0PSL44Z": "Reposition Left Ulna with Internal Fixation Device, Percutaneous Endoscopic Approach", "0PSL45Z": "Reposition Left Ulna with External Fixation Device, Percutaneous Endoscopic Approach", "0PSL46Z": "Reposition Left Ulna with Intramedullary Internal Fixation Device, Percutaneous Endoscopic Approach", "0PSL4BZ": "Reposition Left Ulna with Monoplanar External Fixation Device, Percutaneous Endoscopic Approach", "0PSL4CZ": "Reposition Left Ulna with Ring External Fixation Device, Percutaneous Endoscopic Approach", "0PSL4DZ": "Reposition Left Ulna with Hybrid External Fixation Device, Percutaneous Endoscopic Approach", "0PSL4ZZ": "Reposition Left Ulna, Percutaneous Endoscopic Approach", "0PSLXZZ": "Reposition Left Ulna, External Approach", "0PSM04Z": "Reposition Right Carpal with Internal Fixation Device, Open Approach", "0PSM05Z": "Reposition Right Carpal with External Fixation Device, Open Approach", "0PSM0ZZ": "Reposition Right Carpal, Open Approach", "0PSM34Z": "Reposition Right Carpal with Internal Fixation Device, Percutaneous Approach", "0PSM35Z": "Reposition Right Carpal with External Fixation Device, Percutaneous Approach", "0PSM3ZZ": "Reposition Right Carpal, Percutaneous Approach", "0PSM44Z": "Reposition Right Carpal with Internal Fixation Device, Percutaneous Endoscopic Approach", "0PSM45Z": "Reposition Right Carpal with External Fixation Device, Percutaneous Endoscopic Approach", "0PSM4ZZ": "Reposition Right Carpal, Percutaneous Endoscopic Approach", "0PSMXZZ": "Reposition Right Carpal, External Approach", "0PSN04Z": "Reposition Left Carpal with Internal Fixation Device, Open Approach", "0PSN05Z": "Reposition Left Carpal with External Fixation Device, Open Approach", "0PSN0ZZ": "Reposition Left Carpal, Open Approach", "0PSN34Z": "Reposition Left Carpal with Internal Fixation Device, Percutaneous Approach", "0PSN35Z": "Reposition Left Carpal with External Fixation Device, Percutaneous Approach", "0PSN3ZZ": "Reposition Left Carpal, Percutaneous Approach", "0PSN44Z": "Reposition Left Carpal with Internal Fixation Device, Percutaneous Endoscopic Approach", "0PSN45Z": "Reposition Left Carpal with External Fixation Device, Percutaneous Endoscopic Approach", "0PSN4ZZ": "Reposition Left Carpal, Percutaneous Endoscopic Approach", "0PSNXZZ": "Reposition Left Carpal, External Approach", "0PSP04Z": "Reposition Right Metacarpal with Internal Fixation Device, Open Approach", "0PSP05Z": "Reposition Right Metacarpal with External Fixation Device, Open Approach", "0PSP0ZZ": "Reposition Right Metacarpal, Open Approach", "0PSP34Z": "Reposition Right Metacarpal with Internal Fixation Device, Percutaneous Approach", "0PSP35Z": "Reposition Right Metacarpal with External Fixation Device, Percutaneous Approach", "0PSP3ZZ": "Reposition Right Metacarpal, Percutaneous Approach", "0PSP44Z": "Reposition Right Metacarpal with Internal Fixation Device, Percutaneous Endoscopic Approach", "0PSP45Z": "Reposition Right Metacarpal with External Fixation Device, Percutaneous Endoscopic Approach", "0PSP4ZZ": "Reposition Right Metacarpal, Percutaneous Endoscopic Approach", "0PSPXZZ": "Reposition Right Metacarpal, External Approach", "0PSQ04Z": "Reposition Left Metacarpal with Internal Fixation Device, Open Approach", "0PSQ05Z": "Reposition Left Metacarpal with External Fixation Device, Open Approach", "0PSQ0ZZ": "Reposition Left Metacarpal, Open Approach", "0PSQ34Z": "Reposition Left Metacarpal with Internal Fixation Device, Percutaneous Approach", "0PSQ35Z": "Reposition Left Metacarpal with External Fixation Device, Percutaneous Approach", "0PSQ3ZZ": "Reposition Left Metacarpal, Percutaneous Approach", "0PSQ44Z": "Reposition Left Metacarpal with Internal Fixation Device, Percutaneous Endoscopic Approach", "0PSQ45Z": "Reposition Left Metacarpal with External Fixation Device, Percutaneous Endoscopic Approach", "0PSQ4ZZ": "Reposition Left Metacarpal, Percutaneous Endoscopic Approach", "0PSQXZZ": "Reposition Left Metacarpal, External Approach", "0PSR04Z": "Reposition Right Thumb Phalanx with Internal Fixation Device, Open Approach", "0PSR05Z": "Reposition Right Thumb Phalanx with External Fixation Device, Open Approach", "0PSR0ZZ": "Reposition Right Thumb Phalanx, Open Approach", "0PSR34Z": "Reposition Right Thumb Phalanx with Internal Fixation Device, Percutaneous Approach", "0PSR35Z": "Reposition Right Thumb Phalanx with External Fixation Device, Percutaneous Approach", "0PSR3ZZ": "Reposition Right Thumb Phalanx, Percutaneous Approach", "0PSR44Z": "Reposition Right Thumb Phalanx with Internal Fixation Device, Percutaneous Endoscopic Approach", "0PSR45Z": "Reposition Right Thumb Phalanx with External Fixation Device, Percutaneous Endoscopic Approach", "0PSR4ZZ": "Reposition Right Thumb Phalanx, Percutaneous Endoscopic Approach", "0PSRXZZ": "Reposition Right Thumb Phalanx, External Approach", "0PSS04Z": "Reposition Left Thumb Phalanx with Internal Fixation Device, Open Approach", "0PSS05Z": "Reposition Left Thumb Phalanx with External Fixation Device, Open Approach", "0PSS0ZZ": "Reposition Left Thumb Phalanx, Open Approach", "0PSS34Z": "Reposition Left Thumb Phalanx with Internal Fixation Device, Percutaneous Approach", "0PSS35Z": "Reposition Left Thumb Phalanx with External Fixation Device, Percutaneous Approach", "0PSS3ZZ": "Reposition Left Thumb Phalanx, Percutaneous Approach", "0PSS44Z": "Reposition Left Thumb Phalanx with Internal Fixation Device, Percutaneous Endoscopic Approach", "0PSS45Z": "Reposition Left Thumb Phalanx with External Fixation Device, Percutaneous Endoscopic Approach", "0PSS4ZZ": "Reposition Left Thumb Phalanx, Percutaneous Endoscopic Approach", "0PSSXZZ": "Reposition Left Thumb Phalanx, External Approach", "0PST04Z": "Reposition Right Finger Phalanx with Internal Fixation Device, Open Approach", "0PST05Z": "Reposition Right Finger Phalanx with External Fixation Device, Open Approach", "0PST0ZZ": "Reposition Right Finger Phalanx, Open Approach", "0PST34Z": "Reposition Right Finger Phalanx with Internal Fixation Device, Percutaneous Approach", "0PST35Z": "Reposition Right Finger Phalanx with External Fixation Device, Percutaneous Approach", "0PST3ZZ": "Reposition Right Finger Phalanx, Percutaneous Approach", "0PST44Z": "Reposition Right Finger Phalanx with Internal Fixation Device, Percutaneous Endoscopic Approach", "0PST45Z": "Reposition Right Finger Phalanx with External Fixation Device, Percutaneous Endoscopic Approach", "0PST4ZZ": "Reposition Right Finger Phalanx, Percutaneous Endoscopic Approach", "0PSTXZZ": "Reposition Right Finger Phalanx, External Approach", "0PSV04Z": "Reposition Left Finger Phalanx with Internal Fixation Device, Open Approach", "0PSV05Z": "Reposition Left Finger Phalanx with External Fixation Device, Open Approach", "0PSV0ZZ": "Reposition Left Finger Phalanx, Open Approach", "0PSV34Z": "Reposition Left Finger Phalanx with Internal Fixation Device, Percutaneous Approach", "0PSV35Z": "Reposition Left Finger Phalanx with External Fixation Device, Percutaneous Approach", "0PSV3ZZ": "Reposition Left Finger Phalanx, Percutaneous Approach", "0PSV44Z": "Reposition Left Finger Phalanx with Internal Fixation Device, Percutaneous Endoscopic Approach", "0PSV45Z": "Reposition Left Finger Phalanx with External Fixation Device, Percutaneous Endoscopic Approach", "0PSV4ZZ": "Reposition Left Finger Phalanx, Percutaneous Endoscopic Approach", "0PSVXZZ": "Reposition Left Finger Phalanx, External Approach"}