{"0JU": "Subcutaneous Tissue and Fascia, Supplement", "0JU007Z": "Supplement of Scalp Subcutaneous Tissue and Fascia with Autologous Tissue Substitute, Open Approach", "0JU00JZ": "Supplement of Scalp Subcutaneous Tissue and Fascia with Synthetic Substitute, Open Approach", "0JU00KZ": "Supplement of Scalp Subcutaneous Tissue and Fascia with Nonautologous Tissue Substitute, Open Approach", "0JU037Z": "Supplement of Scalp Subcutaneous Tissue and Fascia with Autologous Tissue Substitute, Percutaneous Approach", "0JU03JZ": "Supplement of Scalp Subcutaneous Tissue and Fascia with Synthetic Substitute, Percutaneous Approach", "0JU03KZ": "Supplement of Scalp Subcutaneous Tissue and Fascia with Nonautologous Tissue Substitute, Percutaneous Approach", "0JU107Z": "Supplement of Face Subcutaneous Tissue and Fascia with Autologous Tissue Substitute, Open Approach", "0JU10JZ": "Supplement of Face Subcutaneous Tissue and Fascia with Synthetic Substitute, Open Approach", "0JU10KZ": "Supplement of Face Subcutaneous Tissue and Fascia with Nonautologous Tissue Substitute, Open Approach", "0JU137Z": "Supplement of Face Subcutaneous Tissue and Fascia with Autologous Tissue Substitute, Percutaneous Approach", "0JU13JZ": "Supplement of Face Subcutaneous Tissue and Fascia with Synthetic Substitute, Percutaneous Approach", "0JU13KZ": "Supplement of Face Subcutaneous Tissue and Fascia with Nonautologous Tissue Substitute, Percutaneous Approach", "0JU407Z": "Supplement of Right Neck Subcutaneous Tissue and Fascia with Autologous Tissue Substitute, Open Approach", "0JU40JZ": "Supplement of Right Neck Subcutaneous Tissue and Fascia with Synthetic Substitute, Open Approach", "0JU40KZ": "Supplement of Right Neck Subcutaneous Tissue and Fascia with Nonautologous Tissue Substitute, Open Approach", "0JU437Z": "Supplement of Right Neck Subcutaneous Tissue and Fascia with Autologous Tissue Substitute, Percutaneous Approach", "0JU43JZ": "Supplement of Right Neck Subcutaneous Tissue and Fascia with Synthetic Substitute, Percutaneous Approach", "0JU43KZ": "Supplement of Right Neck Subcutaneous Tissue and Fascia with Nonautologous Tissue Substitute, Percutaneous Approach", "0JU507Z": "Supplement of Left Neck Subcutaneous Tissue and Fascia with Autologous Tissue Substitute, Open Approach", "0JU50JZ": "Supplement of Left Neck Subcutaneous Tissue and Fascia with Synthetic Substitute, Open Approach", "0JU50KZ": "Supplement of Left Neck Subcutaneous Tissue and Fascia with Nonautologous Tissue Substitute, Open Approach", "0JU537Z": "Supplement of Left Neck Subcutaneous Tissue and Fascia with Autologous Tissue Substitute, Percutaneous Approach", "0JU53JZ": "Supplement of Left Neck Subcutaneous Tissue and Fascia with Synthetic Substitute, Percutaneous Approach", "0JU53KZ": "Supplement of Left Neck Subcutaneous Tissue and Fascia with Nonautologous Tissue Substitute, Percutaneous Approach", "0JU607Z": "Supplement of Chest Subcutaneous Tissue and Fascia with Autologous Tissue Substitute, Open Approach", "0JU60JZ": "Supplement of Chest Subcutaneous Tissue and Fascia with Synthetic Substitute, Open Approach", "0JU60KZ": "Supplement of Chest Subcutaneous Tissue and Fascia with Nonautologous Tissue Substitute, Open Approach", "0JU637Z": "Supplement of Chest Subcutaneous Tissue and Fascia with Autologous Tissue Substitute, Percutaneous Approach", "0JU63JZ": "Supplement of Chest Subcutaneous Tissue and Fascia with Synthetic Substitute, Percutaneous Approach", "0JU63KZ": "Supplement of Chest Subcutaneous Tissue and Fascia with Nonautologous Tissue Substitute, Percutaneous Approach", "0JU707Z": "Supplement of Back Subcutaneous Tissue and Fascia with Autologous Tissue Substitute, Open Approach", "0JU70JZ": "Supplement of Back Subcutaneous Tissue and Fascia with Synthetic Substitute, Open Approach", "0JU70KZ": "Supplement of Back Subcutaneous Tissue and Fascia with Nonautologous Tissue Substitute, Open Approach", "0JU737Z": "Supplement of Back Subcutaneous Tissue and Fascia with Autologous Tissue Substitute, Percutaneous Approach", "0JU73JZ": "Supplement of Back Subcutaneous Tissue and Fascia with Synthetic Substitute, Percutaneous Approach", "0JU73KZ": "Supplement of Back Subcutaneous Tissue and Fascia with Nonautologous Tissue Substitute, Percutaneous Approach", "0JU807Z": "Supplement of Abdomen Subcutaneous Tissue and Fascia with Autologous Tissue Substitute, Open Approach", "0JU80JZ": "Supplement of Abdomen Subcutaneous Tissue and Fascia with Synthetic Substitute, Open Approach", "0JU80KZ": "Supplement of Abdomen Subcutaneous Tissue and Fascia with Nonautologous Tissue Substitute, Open Approach", "0JU837Z": "Supplement of Abdomen Subcutaneous Tissue and Fascia with Autologous Tissue Substitute, Percutaneous Approach", "0JU83JZ": "Supplement of Abdomen Subcutaneous Tissue and Fascia with Synthetic Substitute, Percutaneous Approach", "0JU83KZ": "Supplement of Abdomen Subcutaneous Tissue and Fascia with Nonautologous Tissue Substitute, Percutaneous Approach", "0JU907Z": "Supplement of Buttock Subcutaneous Tissue and Fascia with Autologous Tissue Substitute, Open Approach", "0JU90JZ": "Supplement of Buttock Subcutaneous Tissue and Fascia with Synthetic Substitute, Open Approach", "0JU90KZ": "Supplement of Buttock Subcutaneous Tissue and Fascia with Nonautologous Tissue Substitute, Open Approach", "0JU937Z": "Supplement of Buttock Subcutaneous Tissue and Fascia with Autologous Tissue Substitute, Percutaneous Approach", "0JU93JZ": "Supplement of Buttock Subcutaneous Tissue and Fascia with Synthetic Substitute, Percutaneous Approach", "0JU93KZ": "Supplement of Buttock Subcutaneous Tissue and Fascia with Nonautologous Tissue Substitute, Percutaneous Approach", "0JUB07Z": "Supplement of Perineum Subcutaneous Tissue and Fascia with Autologous Tissue Substitute, Open Approach", "0JUB0JZ": "Supplement of Perineum Subcutaneous Tissue and Fascia with Synthetic Substitute, Open Approach", "0JUB0KZ": "Supplement of Perineum Subcutaneous Tissue and Fascia with Nonautologous Tissue Substitute, Open Approach", "0JUB37Z": "Supplement of Perineum Subcutaneous Tissue and Fascia with Autologous Tissue Substitute, Percutaneous Approach", "0JUB3JZ": "Supplement of Perineum Subcutaneous Tissue and Fascia with Synthetic Substitute, Percutaneous Approach", "0JUB3KZ": "Supplement of Perineum Subcutaneous Tissue and Fascia with Nonautologous Tissue Substitute, Percutaneous Approach", "0JUC07Z": "Supplement of Pelvic Region Subcutaneous Tissue and Fascia with Autologous Tissue Substitute, Open Approach", "0JUC0JZ": "Supplement of Pelvic Region Subcutaneous Tissue and Fascia with Synthetic Substitute, Open Approach", "0JUC0KZ": "Supplement of Pelvic Region Subcutaneous Tissue and Fascia with Nonautologous Tissue Substitute, Open Approach", "0JUC37Z": "Supplement of Pelvic Region Subcutaneous Tissue and Fascia with Autologous Tissue Substitute, Percutaneous Approach", "0JUC3JZ": "Supplement of Pelvic Region Subcutaneous Tissue and Fascia with Synthetic Substitute, Percutaneous Approach", "0JUC3KZ": "Supplement of Pelvic Region Subcutaneous Tissue and Fascia with Nonautologous Tissue Substitute, Percutaneous Approach", "0JUD07Z": "Supplement of Right Upper Arm Subcutaneous Tissue and Fascia with Autologous Tissue Substitute, Open Approach", "0JUD0JZ": "Supplement of Right Upper Arm Subcutaneous Tissue and Fascia with Synthetic Substitute, Open Approach", "0JUD0KZ": "Supplement of Right Upper Arm Subcutaneous Tissue and Fascia with Nonautologous Tissue Substitute, Open Approach", "0JUD37Z": "Supplement of Right Upper Arm Subcutaneous Tissue and Fascia with Autologous Tissue Substitute, Percutaneous Approach", "0JUD3JZ": "Supplement of Right Upper Arm Subcutaneous Tissue and Fascia with Synthetic Substitute, Percutaneous Approach", "0JUD3KZ": "Supplement of Right Upper Arm Subcutaneous Tissue and Fascia with Nonautologous Tissue Substitute, Percutaneous Approach", "0JUF07Z": "Supplement of Left Upper Arm Subcutaneous Tissue and Fascia with Autologous Tissue Substitute, Open Approach", "0JUF0JZ": "Supplement of Left Upper Arm Subcutaneous Tissue and Fascia with Synthetic Substitute, Open Approach", "0JUF0KZ": "Supplement of Left Upper Arm Subcutaneous Tissue and Fascia with Nonautologous Tissue Substitute, Open Approach", "0JUF37Z": "Supplement of Left Upper Arm Subcutaneous Tissue and Fascia with Autologous Tissue Substitute, Percutaneous Approach", "0JUF3JZ": "Supplement of Left Upper Arm Subcutaneous Tissue and Fascia with Synthetic Substitute, Percutaneous Approach", "0JUF3KZ": "Supplement of Left Upper Arm Subcutaneous Tissue and Fascia with Nonautologous Tissue Substitute, Percutaneous Approach", "0JUG07Z": "Supplement of Right Lower Arm Subcutaneous Tissue and Fascia with Autologous Tissue Substitute, Open Approach", "0JUG0JZ": "Supplement of Right Lower Arm Subcutaneous Tissue and Fascia with Synthetic Substitute, Open Approach", "0JUG0KZ": "Supplement of Right Lower Arm Subcutaneous Tissue and Fascia with Nonautologous Tissue Substitute, Open Approach", "0JUG37Z": "Supplement of Right Lower Arm Subcutaneous Tissue and Fascia with Autologous Tissue Substitute, Percutaneous Approach", "0JUG3JZ": "Supplement of Right Lower Arm Subcutaneous Tissue and Fascia with Synthetic Substitute, Percutaneous Approach", "0JUG3KZ": "Supplement of Right Lower Arm Subcutaneous Tissue and Fascia with Nonautologous Tissue Substitute, Percutaneous Approach", "0JUH07Z": "Supplement of Left Lower Arm Subcutaneous Tissue and Fascia with Autologous Tissue Substitute, Open Approach", "0JUH0JZ": "Supplement of Left Lower Arm Subcutaneous Tissue and Fascia with Synthetic Substitute, Open Approach", "0JUH0KZ": "Supplement of Left Lower Arm Subcutaneous Tissue and Fascia with Nonautologous Tissue Substitute, Open Approach", "0JUH37Z": "Supplement of Left Lower Arm Subcutaneous Tissue and Fascia with Autologous Tissue Substitute, Percutaneous Approach", "0JUH3JZ": "Supplement of Left Lower Arm Subcutaneous Tissue and Fascia with Synthetic Substitute, Percutaneous Approach", "0JUH3KZ": "Supplement of Left Lower Arm Subcutaneous Tissue and Fascia with Nonautologous Tissue Substitute, Percutaneous Approach", "0JUJ07Z": "Supplement of Right Hand Subcutaneous Tissue and Fascia with Autologous Tissue Substitute, Open Approach", "0JUJ0JZ": "Supplement of Right Hand Subcutaneous Tissue and Fascia with Synthetic Substitute, Open Approach", "0JUJ0KZ": "Supplement of Right Hand Subcutaneous Tissue and Fascia with Nonautologous Tissue Substitute, Open Approach", "0JUJ37Z": "Supplement of Right Hand Subcutaneous Tissue and Fascia with Autologous Tissue Substitute, Percutaneous Approach", "0JUJ3JZ": "Supplement of Right Hand Subcutaneous Tissue and Fascia with Synthetic Substitute, Percutaneous Approach", "0JUJ3KZ": "Supplement of Right Hand Subcutaneous Tissue and Fascia with Nonautologous Tissue Substitute, Percutaneous Approach", "0JUK07Z": "Supplement of Left Hand Subcutaneous Tissue and Fascia with Autologous Tissue Substitute, Open Approach", "0JUK0JZ": "Supplement of Left Hand Subcutaneous Tissue and Fascia with Synthetic Substitute, Open Approach", "0JUK0KZ": "Supplement of Left Hand Subcutaneous Tissue and Fascia with Nonautologous Tissue Substitute, Open Approach", "0JUK37Z": "Supplement of Left Hand Subcutaneous Tissue and Fascia with Autologous Tissue Substitute, Percutaneous Approach", "0JUK3JZ": "Supplement of Left Hand Subcutaneous Tissue and Fascia with Synthetic Substitute, Percutaneous Approach", "0JUK3KZ": "Supplement of Left Hand Subcutaneous Tissue and Fascia with Nonautologous Tissue Substitute, Percutaneous Approach", "0JUL07Z": "Supplement of Right Upper Leg Subcutaneous Tissue and Fascia with Autologous Tissue Substitute, Open Approach", "0JUL0JZ": "Supplement of Right Upper Leg Subcutaneous Tissue and Fascia with Synthetic Substitute, Open Approach", "0JUL0KZ": "Supplement of Right Upper Leg Subcutaneous Tissue and Fascia with Nonautologous Tissue Substitute, Open Approach", "0JUL37Z": "Supplement of Right Upper Leg Subcutaneous Tissue and Fascia with Autologous Tissue Substitute, Percutaneous Approach", "0JUL3JZ": "Supplement of Right Upper Leg Subcutaneous Tissue and Fascia with Synthetic Substitute, Percutaneous Approach", "0JUL3KZ": "Supplement of Right Upper Leg Subcutaneous Tissue and Fascia with Nonautologous Tissue Substitute, Percutaneous Approach", "0JUM07Z": "Supplement of Left Upper Leg Subcutaneous Tissue and Fascia with Autologous Tissue Substitute, Open Approach", "0JUM0JZ": "Supplement of Left Upper Leg Subcutaneous Tissue and Fascia with Synthetic Substitute, Open Approach", "0JUM0KZ": "Supplement of Left Upper Leg Subcutaneous Tissue and Fascia with Nonautologous Tissue Substitute, Open Approach", "0JUM37Z": "Supplement of Left Upper Leg Subcutaneous Tissue and Fascia with Autologous Tissue Substitute, Percutaneous Approach", "0JUM3JZ": "Supplement of Left Upper Leg Subcutaneous Tissue and Fascia with Synthetic Substitute, Percutaneous Approach", "0JUM3KZ": "Supplement of Left Upper Leg Subcutaneous Tissue and Fascia with Nonautologous Tissue Substitute, Percutaneous Approach", "0JUN07Z": "Supplement of Right Lower Leg Subcutaneous Tissue and Fascia with Autologous Tissue Substitute, Open Approach", "0JUN0JZ": "Supplement of Right Lower Leg Subcutaneous Tissue and Fascia with Synthetic Substitute, Open Approach", "0JUN0KZ": "Supplement of Right Lower Leg Subcutaneous Tissue and Fascia with Nonautologous Tissue Substitute, Open Approach", "0JUN37Z": "Supplement of Right Lower Leg Subcutaneous Tissue and Fascia with Autologous Tissue Substitute, Percutaneous Approach", "0JUN3JZ": "Supplement of Right Lower Leg Subcutaneous Tissue and Fascia with Synthetic Substitute, Percutaneous Approach", "0JUN3KZ": "Supplement of Right Lower Leg Subcutaneous Tissue and Fascia with Nonautologous Tissue Substitute, Percutaneous Approach", "0JUP07Z": "Supplement of Left Lower Leg Subcutaneous Tissue and Fascia with Autologous Tissue Substitute, Open Approach", "0JUP0JZ": "Supplement of Left Lower Leg Subcutaneous Tissue and Fascia with Synthetic Substitute, Open Approach", "0JUP0KZ": "Supplement of Left Lower Leg Subcutaneous Tissue and Fascia with Nonautologous Tissue Substitute, Open Approach", "0JUP37Z": "Supplement of Left Lower Leg Subcutaneous Tissue and Fascia with Autologous Tissue Substitute, Percutaneous Approach", "0JUP3JZ": "Supplement of Left Lower Leg Subcutaneous Tissue and Fascia with Synthetic Substitute, Percutaneous Approach", "0JUP3KZ": "Supplement of Left Lower Leg Subcutaneous Tissue and Fascia with Nonautologous Tissue Substitute, Percutaneous Approach", "0JUQ07Z": "Supplement of Right Foot Subcutaneous Tissue and Fascia with Autologous Tissue Substitute, Open Approach", "0JUQ0JZ": "Supplement of Right Foot Subcutaneous Tissue and Fascia with Synthetic Substitute, Open Approach", "0JUQ0KZ": "Supplement of Right Foot Subcutaneous Tissue and Fascia with Nonautologous Tissue Substitute, Open Approach", "0JUQ37Z": "Supplement of Right Foot Subcutaneous Tissue and Fascia with Autologous Tissue Substitute, Percutaneous Approach", "0JUQ3JZ": "Supplement of Right Foot Subcutaneous Tissue and Fascia with Synthetic Substitute, Percutaneous Approach", "0JUQ3KZ": "Supplement of Right Foot Subcutaneous Tissue and Fascia with Nonautologous Tissue Substitute, Percutaneous Approach", "0JUR07Z": "Supplement of Left Foot Subcutaneous Tissue and Fascia with Autologous Tissue Substitute, Open Approach", "0JUR0JZ": "Supplement of Left Foot Subcutaneous Tissue and Fascia with Synthetic Substitute, Open Approach", "0JUR0KZ": "Supplement of Left Foot Subcutaneous Tissue and Fascia with Nonautologous Tissue Substitute, Open Approach", "0JUR37Z": "Supplement of Left Foot Subcutaneous Tissue and Fascia with Autologous Tissue Substitute, Percutaneous Approach", "0JUR3JZ": "Supplement of Left Foot Subcutaneous Tissue and Fascia with Synthetic Substitute, Percutaneous Approach", "0JUR3KZ": "Supplement of Left Foot Subcutaneous Tissue and Fascia with Nonautologous Tissue Substitute, Percutaneous Approach"}